contrast_index,new_model,old_model,group,u_bin,gamma_bin,parameter,quantity,probability,units,n,mean,median,std_between_datasets,empirical_p05,empirical_p25,empirical_p75,empirical_p95,minimum,maximum,both_parameter_PIT_functions_resolved,both_LOW_cut_CDF_precision,all_bin_datasets_retained
0,A_CN,A0_CN,all500,-1,-1,u,quantile,0.05,fraction_prior_width,500,0.003738486132351344,0.0010799393269264844,0.0214388580836335,-0.014541972716663017,-0.0037884558425761578,0.005393399095879348,0.034383362333212375,-0.07134641917229256,0.20656110021081414,487,500,True
0,A_CN,A0_CN,all500,-1,-1,u,quantile,0.5,fraction_prior_width,500,0.00630984352445626,0.0032121366206189494,0.061857516084020105,-0.08932592255987316,-0.018730464909217856,0.031584322662941214,0.10547080315614768,-0.3215562191217072,0.21024400751661004,487,497,True
0,A_CN,A0_CN,all500,-1,-1,u,quantile,0.9,fraction_prior_width,500,0.0024178249067401615,0.0009817290669352219,0.04271628501142763,-0.04687081334189059,-0.006467675859164579,0.012939350666363647,0.061280335561796365,-0.30021052819979355,0.1791113609974686,487,500,True
0,A_CN,A0_CN,all500,-1,-1,u,quantile,0.95,fraction_prior_width,500,0.0012962663978084094,0.0005919115158981025,0.03034297415338968,-0.02525603754155127,-0.003265329882939899,0.006921916236850428,0.03758506921645516,-0.24740197041814516,0.11332125339595411,487,500,True
0,A_CN,A0_CN,all500,-1,-1,u,central90_width,,fraction_prior_width,500,-0.002442219734542932,-7.490924531011744e-05,0.02993109256455532,-0.029986158572790116,-0.0025806369970040877,0.0025332876614374,0.02953771208101453,-0.23492118457851807,0.1107829606091073,487,500,True
0,A_CN,A0_CN,all500,-1,-1,log10_Agw,quantile,0.05,fraction_prior_width,500,-0.0185465129698369,-0.0004329674492977737,0.12254032065625875,-0.29641481104207595,-0.020438990927965223,0.021052150015592908,0.12494640589776308,-0.5743209992686733,0.5114330411135269,484,495,True
0,A_CN,A0_CN,all500,-1,-1,log10_Agw,quantile,0.5,fraction_prior_width,500,0.007315893162383416,-0.001013170796959506,0.09801373385264392,-0.12634171730990054,-0.041616199810679814,0.042183869395697335,0.19975871443929535,-0.3948076073081398,0.48860484686316585,484,492,True
0,A_CN,A0_CN,all500,-1,-1,log10_Agw,quantile,0.9,fraction_prior_width,500,0.004127523313087041,-0.0029214933924716358,0.07359996935847399,-0.0969877337899729,-0.038488012449298364,0.033150194182922435,0.1485808956577846,-0.1944476129818451,0.3478145423997993,484,499,True
0,A_CN,A0_CN,all500,-1,-1,log10_Agw,quantile,0.95,fraction_prior_width,500,0.00219041690711171,-0.003814247498132417,0.06785327852817989,-0.08758279737904918,-0.036608006775599805,0.029120518699560727,0.13439967463530544,-0.1860079054655438,0.350384627941727,484,499,True
0,A_CN,A0_CN,all500,-1,-1,log10_Agw,central90_width,,fraction_prior_width,500,0.020736929876948616,-0.005764757596396525,0.11694642610452526,-0.10204976802235725,-0.0399524449710191,0.047265377962606964,0.28282946137710374,-0.42391672858471285,0.5164976800877912,484,494,True
0,A_CN,A0_CN,all500,-1,-1,gamma_gw,quantile,0.05,fraction_prior_width,500,0.001284024050839167,-0.0011447288462939718,0.06463481800648972,-0.08144263468280924,-0.011780637829387054,0.006387263527978075,0.0982785907933873,-0.30184202232852214,0.41094193491526304,486,499,True
0,A_CN,A0_CN,all500,-1,-1,gamma_gw,quantile,0.5,fraction_prior_width,500,-0.0151747725078929,-0.007294653766262482,0.09249052825228037,-0.17986224014086058,-0.053854449475608066,0.029906339209544927,0.11917231662424944,-0.4349857173954861,0.4377278253595438,486,498,True
0,A_CN,A0_CN,all500,-1,-1,gamma_gw,quantile,0.9,fraction_prior_width,500,-0.020952673176102252,-0.004300122639403492,0.0773502252824185,-0.19795411461198775,-0.0345216207021502,0.013622761112710963,0.06249187515733859,-0.5830916851018393,0.2845290578513363,486,499,True
0,A_CN,A0_CN,all500,-1,-1,gamma_gw,quantile,0.95,fraction_prior_width,500,-0.0188498604026921,-0.002482045168406999,0.06779519991733683,-0.15294438375782743,-0.02079746158420423,0.007479808861875742,0.03829908924007531,-0.5320079851664654,0.2989741970189511,486,499,True
0,A_CN,A0_CN,all500,-1,-1,gamma_gw,central90_width,,fraction_prior_width,500,-0.020133884453531266,-0.001983812284394648,0.0791780903276112,-0.1685748338930085,-0.02496629368908579,0.007828464480174852,0.06650197177002504,-0.4744561704668431,0.2913216340813537,486,498,True
0,A_CN,A0_CN,all500,-1,-1,log10_Ar,quantile,0.05,fraction_prior_width,500,-0.011965573673154506,-0.0005894334765459731,0.13623987685917674,-0.18389927397096695,-0.008283369735248847,0.006312998836435017,0.08044515928992832,-0.8668208186093663,0.6140254518079507,486,500,True
0,A_CN,A0_CN,all500,-1,-1,log10_Ar,quantile,0.5,fraction_prior_width,500,-0.000988423710329455,-0.0031568466640196913,0.15565650198835224,-0.28522125126419023,-0.05005910943368165,0.050102148909770786,0.2605990521710655,-0.4921897627539408,0.5653772119528162,486,494,True
0,A_CN,A0_CN,all500,-1,-1,log10_Ar,quantile,0.9,fraction_prior_width,500,0.004491320040591215,-0.0037207490135727217,0.07375332633231034,-0.11269294834025391,-0.03903203804028671,0.03842941260443322,0.14739018586422117,-0.21918851905159176,0.3309267576409487,486,496,True
0,A_CN,A0_CN,all500,-1,-1,log10_Ar,quantile,0.95,fraction_prior_width,500,-0.0002227790879942233,-0.005175497229230663,0.060237838457400786,-0.09360673943672883,-0.03742636913558295,0.026289542294448687,0.10913133603973117,-0.19321991397756189,0.28643003693862445,486,496,True
0,A_CN,A0_CN,all500,-1,-1,log10_Ar,central90_width,,fraction_prior_width,500,0.01174279458516028,-0.0002878115046232588,0.13334497195185135,-0.09289481351864262,-0.03061243432232974,0.03579383438888206,0.1545361539680379,-0.6266286449648504,0.832125810188076,486,496,True
0,A_CN,A0_CN,all500,-1,-1,log10_EFAC,quantile,0.05,fraction_prior_width,500,0.0148934997341828,0.011533711476179456,0.050516820580071946,-0.07336365536012512,-0.01327734118655063,0.0489999764168349,0.0955227580082688,-0.14633681632099826,0.21762989795971338,486,500,True
0,A_CN,A0_CN,all500,-1,-1,log10_EFAC,quantile,0.5,fraction_prior_width,500,-0.02389219591102752,-0.022747098319492925,0.04854548916163892,-0.11031177105378182,-0.05293731757451199,0.01088827402170972,0.0470878601688304,-0.15945391701431477,0.12515369311641683,486,496,True
0,A_CN,A0_CN,all500,-1,-1,log10_EFAC,quantile,0.9,fraction_prior_width,500,-0.05282552112187768,-0.050646136850446055,0.04959126784227755,-0.14315061888145955,-0.08169304317590623,-0.01588190832039718,0.017701994063577805,-0.23956910998947414,0.06649558013313173,486,499,True
0,A_CN,A0_CN,all500,-1,-1,log10_EFAC,quantile,0.95,fraction_prior_width,500,-0.060151227862330306,-0.05859160163162114,0.050405423291068376,-0.14682966454416818,-0.08986257573286595,-0.02255257230981711,0.008377453201113919,-0.2569848857660012,0.055981448891320174,486,500,True
0,A_CN,A0_CN,all500,-1,-1,log10_EFAC,central90_width,,fraction_prior_width,500,-0.07504472759651311,-0.07208987098358319,0.03396884914107264,-0.13549951906507865,-0.08869150781407978,-0.060195712435140845,-0.026134967696578207,-0.22871648858406834,0.05224396930359643,486,500,True
0,A_CN,A0_CN,u,0,-1,u,quantile,0.05,fraction_prior_width,243,0.003898025724770639,0.0010381796918009292,0.01912031335808274,-0.012651585170385688,-0.003854388250545477,0.005865122535673244,0.03648110696934937,-0.07134641917229256,0.15980000773046335,236,243,True
0,A_CN,A0_CN,u,0,-1,u,quantile,0.5,fraction_prior_width,243,0.009269758039580167,0.00327104292232272,0.062355500943686644,-0.08485224469167328,-0.020710192734416738,0.03889851899898916,0.12096337840781371,-0.21835330657600882,0.21024400751661004,236,242,True
0,A_CN,A0_CN,u,0,-1,u,quantile,0.9,fraction_prior_width,243,0.004860649827001318,0.0009594922260135474,0.04431605011735782,-0.05424464756194777,-0.006725261884995115,0.01591575465149797,0.07166294206776468,-0.23354353708856257,0.1791113609974686,236,243,True
0,A_CN,A0_CN,u,0,-1,u,quantile,0.95,fraction_prior_width,243,0.0029038136519849,0.0005490463504671528,0.03312252276486219,-0.036005740423662315,-0.003265855277880869,0.007932899440940722,0.04644695369605578,-0.24740197041814516,0.11332125339595411,236,243,True
0,A_CN,A0_CN,u,0,-1,u,central90_width,,fraction_prior_width,243,-0.000994212072785736,-0.000224801714184375,0.03098871076541152,-0.031062048583374878,-0.0028713828808216157,0.002520603684720013,0.03807611429504484,-0.23492118457851807,0.1107829606091073,236,243,True
0,A_CN,A0_CN,u,0,-1,log10_Agw,quantile,0.05,fraction_prior_width,243,-0.020752794040603612,0.00032480398655332365,0.1271240458375525,-0.2962545826984152,-0.024843640359291642,0.02058943230030401,0.13000187684088582,-0.5534827505420403,0.5114330411135269,234,240,True
0,A_CN,A0_CN,u,0,-1,log10_Agw,quantile,0.5,fraction_prior_width,243,0.007127181342335154,0.0002853077023297068,0.10340420681103513,-0.12179777722062969,-0.04604670877690081,0.04180585295818967,0.20289681626330364,-0.3948076073081398,0.48860484686316585,234,237,True
0,A_CN,A0_CN,u,0,-1,log10_Agw,quantile,0.9,fraction_prior_width,243,0.001919742873006077,-0.0037600706849680865,0.0736170015837824,-0.09824467586584601,-0.038950294566659466,0.027921943012123,0.13759642079229994,-0.16524698597976617,0.3478145423997993,234,242,True
0,A_CN,A0_CN,u,0,-1,log10_Agw,quantile,0.95,fraction_prior_width,243,-0.0003176092362130232,-0.006015396321438549,0.06707760503199531,-0.08999837136978422,-0.03694344006419581,0.024659697075428477,0.12049788555832876,-0.15168017649795767,0.350384627941727,234,242,True
0,A_CN,A0_CN,u,0,-1,log10_Agw,central90_width,,fraction_prior_width,243,0.020435184804390587,-0.0056295639067514,0.1186886024634277,-0.10950287716966686,-0.03776244651679708,0.047339384514591576,0.2751189485440883,-0.42391672858471285,0.5164976800877912,234,239,True
0,A_CN,A0_CN,u,0,-1,gamma_gw,quantile,0.05,fraction_prior_width,243,0.0002297673110452013,-0.0011992326892628358,0.06633996220660401,-0.09075672658349568,-0.014181138039434747,0.00582145432551775,0.0995762051310184,-0.2776210385486628,0.3947084685566885,235,242,True
0,A_CN,A0_CN,u,0,-1,gamma_gw,quantile,0.5,fraction_prior_width,243,-0.01567013351127762,-0.00762823770733434,0.09253432648672091,-0.179087640929479,-0.05358650932908118,0.03185624627760991,0.13880998720394455,-0.32527488004907856,0.3040795958359903,235,241,True
0,A_CN,A0_CN,u,0,-1,gamma_gw,quantile,0.9,fraction_prior_width,243,-0.02086036619206935,-0.004040669361414118,0.07526740031512805,-0.1813046929390684,-0.035644704118869885,0.01591743718887184,0.06330352418356949,-0.3860927755507133,0.15000208555210526,235,242,True
0,A_CN,A0_CN,u,0,-1,gamma_gw,quantile,0.95,fraction_prior_width,243,-0.01839599099683417,-0.0025674734565354074,0.06400196815243957,-0.1519420163911221,-0.020578495716868817,0.008881596198984876,0.03969046490797279,-0.3852063839612298,0.10001139898988942,235,242,True
0,A_CN,A0_CN,u,0,-1,gamma_gw,central90_width,,fraction_prior_width,243,-0.018625758307879374,-0.0007860322959598598,0.078345115221614,-0.16761363208462854,-0.026805587776325968,0.00835989984758767,0.07747081685852802,-0.3777936296286376,0.27876276759596785,235,241,True
0,A_CN,A0_CN,u,0,-1,log10_Ar,quantile,0.05,fraction_prior_width,243,-0.00998536819865307,-0.0005418225024774494,0.12056192591724431,-0.1801495279139822,-0.007304015108416207,0.00839936643046913,0.048929556768156995,-0.7962906139871271,0.5367397038581547,235,243,True
0,A_CN,A0_CN,u,0,-1,log10_Ar,quantile,0.5,fraction_prior_width,243,0.0024482977141412334,0.0023081159435014986,0.15892979698004653,-0.2742649825635275,-0.057171228165762755,0.06431346865664125,0.30314830492598155,-0.4921897627539408,0.5653772119528162,235,239,True
0,A_CN,A0_CN,u,0,-1,log10_Ar,quantile,0.9,fraction_prior_width,243,0.006618941926923543,-0.0007084726572504918,0.07602249768082446,-0.11469488716955255,-0.040777839756222733,0.04088337344521914,0.14920126130661,-0.15850550926706553,0.3309267576409487,235,241,True
0,A_CN,A0_CN,u,0,-1,log10_Ar,quantile,0.95,fraction_prior_width,243,0.0008746902619019682,-0.003666133819345996,0.06138157760652463,-0.09304727170399144,-0.040017288761845404,0.029586948248046585,0.10778012269000602,-0.1298377875030391,0.28643003693862445,235,241,True
0,A_CN,A0_CN,u,0,-1,log10_Ar,central90_width,,fraction_prior_width,243,0.010860058460555039,0.0027469921824876398,0.11962511591513292,-0.08482606814864035,-0.030475129392049605,0.039122456688984675,0.14092345182454702,-0.5642036621990048,0.7904105973577056,235,241,True
0,A_CN,A0_CN,u,0,-1,log10_EFAC,quantile,0.05,fraction_prior_width,243,0.014208525078720502,0.01200026749410404,0.05138876634484354,-0.0729011078051754,-0.015148584582278777,0.04384978295733721,0.08806271134341581,-0.14633681632099826,0.21762989795971338,236,243,True
0,A_CN,A0_CN,u,0,-1,log10_EFAC,quantile,0.5,fraction_prior_width,243,-0.025417420879914922,-0.023368527356830704,0.0506208450690275,-0.11570691655290305,-0.05559008890890496,0.011158526659047596,0.04529016505714762,-0.15945391701431477,0.12515369311641683,236,242,True
0,A_CN,A0_CN,u,0,-1,log10_EFAC,quantile,0.9,fraction_prior_width,243,-0.05456667407010845,-0.04716699086649154,0.05235167921619043,-0.14812633382564594,-0.0890884499084316,-0.013020450032400072,0.013111772829903936,-0.23956910998947414,0.06114033081462067,236,242,True
0,A_CN,A0_CN,u,0,-1,log10_EFAC,quantile,0.95,fraction_prior_width,243,-0.06194246846172506,-0.05520352644582116,0.053344499740663215,-0.15827500723989646,-0.09908046769707812,-0.020938394338511357,0.006967176556936776,-0.2569848857660012,0.05105735955401253,236,243,True
0,A_CN,A0_CN,u,0,-1,log10_EFAC,central90_width,,fraction_prior_width,243,-0.07615099354044556,-0.07153668502775312,0.034879914272649776,-0.13783672311839368,-0.08897701683519474,-0.0606106742851297,-0.022592067957762346,-0.22871648858406834,0.01847267137747388,236,243,True
0,A_CN,A0_CN,u,1,-1,u,quantile,0.05,fraction_prior_width,208,0.0030654458131170372,0.00126274555585109,0.023295014818991943,-0.01929792943070985,-0.003523221312605445,0.00508794741114214,0.03239504476053432,-0.06225025724680738,0.20656110021081414,202,208,True
0,A_CN,A0_CN,u,1,-1,u,quantile,0.5,fraction_prior_width,208,0.001307293707349554,0.003464511425281036,0.06419547513170576,-0.09856068353429907,-0.019967306816276828,0.03126622776478588,0.08239900181718766,-0.3215562191217072,0.19971397300049115,202,206,True
0,A_CN,A0_CN,u,1,-1,u,quantile,0.9,fraction_prior_width,208,-0.0008790861794696064,0.001120486647152974,0.045115427103435295,-0.04261631172400436,-0.00627279905588507,0.01247366831818994,0.04009877846592299,-0.30021052819979355,0.14034598417830657,202,208,True
0,A_CN,A0_CN,u,1,-1,u,quantile,0.95,fraction_prior_width,208,-0.0008136556955763041,0.000649476413992045,0.030255146437788427,-0.024660642830217305,-0.003457013421420796,0.006535501926335313,0.02297773324752141,-0.20831855190522286,0.10023789939690186,202,208,True
0,A_CN,A0_CN,u,1,-1,u,central90_width,,fraction_prior_width,208,-0.003879101508693341,0.00014540698863130253,0.030695357644481634,-0.030172232898360966,-0.002244959506541022,0.002645419504214347,0.019688605273349574,-0.20003780381895753,0.08386311295524396,202,208,True
0,A_CN,A0_CN,u,1,-1,log10_Agw,quantile,0.05,fraction_prior_width,208,-0.021625762422402495,-0.0015605063891353356,0.126327876280434,-0.32667603296011005,-0.02366616806398235,0.021192312173426132,0.12506848121594205,-0.5743209992686733,0.2706228295477002,202,206,True
0,A_CN,A0_CN,u,1,-1,log10_Agw,quantile,0.5,fraction_prior_width,208,0.005576339982695713,-0.0058666124742453515,0.09743207962676384,-0.13546856579196576,-0.038382369090747166,0.03960976018418583,0.20195581048789898,-0.28416540654481054,0.38973569496628463,202,207,True
0,A_CN,A0_CN,u,1,-1,log10_Agw,quantile,0.9,fraction_prior_width,208,0.005224754948935457,-0.003313300986825529,0.076038873947548,-0.09697977325849268,-0.037284064398604905,0.0368354807226679,0.16352251972191936,-0.1944476129818451,0.30812997960787925,202,208,True
0,A_CN,A0_CN,u,1,-1,log10_Agw,quantile,0.95,fraction_prior_width,208,0.003630847103165249,-0.0022923266708546886,0.070336513656975,-0.0899820528876908,-0.03588825965953063,0.02957833319846688,0.1517645326805979,-0.1860079054655438,0.27361439900728113,202,208,True
0,A_CN,A0_CN,u,1,-1,log10_Agw,central90_width,,fraction_prior_width,208,0.025256609525567745,-0.004805889562336824,0.12150908655113055,-0.10092221375180038,-0.03855871585402017,0.05055819304304607,0.30772213316222796,-0.2533412315874455,0.5133164598660864,202,206,True
0,A_CN,A0_CN,u,1,-1,gamma_gw,quantile,0.05,fraction_prior_width,208,0.0031021820268008825,-0.0011332439068026338,0.0681572809081226,-0.07251250968738478,-0.01065571916304158,0.007220883518374584,0.09647989813745234,-0.30184202232852214,0.41094193491526304,202,208,True
0,A_CN,A0_CN,u,1,-1,gamma_gw,quantile,0.5,fraction_prior_width,208,-0.013398708125049088,-0.007488421844769638,0.09251517811569203,-0.16010069523857878,-0.056507991685207065,0.028694439885706483,0.11716063566905544,-0.4174210054629141,0.4377278253595438,202,208,True
0,A_CN,A0_CN,u,1,-1,gamma_gw,quantile,0.9,fraction_prior_width,208,-0.017994187617074633,-0.005926290369300757,0.07195300937165922,-0.1901269361349583,-0.03416659636739003,0.01225943753193448,0.06647218820518168,-0.2995264334413058,0.2845290578513363,202,208,True
0,A_CN,A0_CN,u,1,-1,gamma_gw,quantile,0.95,fraction_prior_width,208,-0.016628872039108844,-0.0032984981447716777,0.0654796702815912,-0.15293812263736625,-0.02078219546387075,0.0068166426019983795,0.04038925031049741,-0.2868114103189099,0.2989741970189511,202,208,True
0,A_CN,A0_CN,u,1,-1,gamma_gw,central90_width,,fraction_prior_width,208,-0.019731054065909727,-0.0029434648647271855,0.07901605464309339,-0.16421568006189788,-0.024298794900119686,0.008407146034236562,0.061334677518444215,-0.3858577559998134,0.2913216340813537,202,208,True
0,A_CN,A0_CN,u,1,-1,log10_Ar,quantile,0.05,fraction_prior_width,208,-0.014954730840736789,-0.0006637712226961086,0.16255068266355005,-0.19396294510260378,-0.010675887157483183,0.005341058350337291,0.13738850110805045,-0.8668208186093663,0.6140254518079507,202,208,True
0,A_CN,A0_CN,u,1,-1,log10_Ar,quantile,0.5,fraction_prior_width,208,-0.0031403031501929545,-0.005844759640343478,0.1581187394094423,-0.3068026878217688,-0.048726208393810574,0.0440183166067282,0.26877729481827833,-0.44532674763705804,0.49819574438298353,202,206,True
0,A_CN,A0_CN,u,1,-1,log10_Ar,quantile,0.9,fraction_prior_width,208,0.0029174840173752433,-0.005532901621731923,0.07168900027772315,-0.11042895794739505,-0.03903203804028671,0.03842941260443322,0.1439431103891757,-0.21918851905159176,0.24002836335545064,202,206,True
0,A_CN,A0_CN,u,1,-1,log10_Ar,quantile,0.95,fraction_prior_width,208,-0.0009932374802509116,-0.010326963104587306,0.059203082814082146,-0.09121360471535449,-0.035135116314937764,0.026239815087972324,0.11056021586518539,-0.19321991397756189,0.19340821854786405,202,206,True
0,A_CN,A0_CN,u,1,-1,log10_Ar,central90_width,,fraction_prior_width,208,0.01396149336048588,-0.004847639832227524,0.1578505223470401,-0.10808238691766187,-0.03037801147652705,0.034037466493628404,0.17200634200936538,-0.6266286449648504,0.832125810188076,202,206,True
0,A_CN,A0_CN,u,1,-1,log10_EFAC,quantile,0.05,fraction_prior_width,208,0.015773988049550602,0.012683846202368093,0.049321157629785756,-0.06796748017723424,-0.008763692221657628,0.05055260534337159,0.09801964551039276,-0.11350077339606376,0.15812194890419196,201,208,True
0,A_CN,A0_CN,u,1,-1,log10_EFAC,quantile,0.5,fraction_prior_width,208,-0.02240442274056339,-0.02153216841315278,0.04555480778744328,-0.10556616348687631,-0.048144696353263856,0.010377184096815498,0.048248957289937465,-0.14496559826519967,0.09959685894851478,201,205,True
0,A_CN,A0_CN,u,1,-1,log10_EFAC,quantile,0.9,fraction_prior_width,208,-0.05165781266941253,-0.050842278717070255,0.046477145460362496,-0.13534352150726683,-0.07654436911496794,-0.01919580120762685,0.01943304251887052,-0.18659515908076235,0.06649558013313173,201,208,True
0,A_CN,A0_CN,u,1,-1,log10_EFAC,quantile,0.95,fraction_prior_width,208,-0.05908626308950475,-0.05922213518332217,0.04718928046813115,-0.14486778314712415,-0.0866205132029752,-0.025077823998166326,0.011475039950423673,-0.19977863493636341,0.055981448891320174,201,208,True
0,A_CN,A0_CN,u,1,-1,log10_EFAC,central90_width,,fraction_prior_width,208,-0.07486025113905535,-0.07256360487155601,0.03412588260940732,-0.13788155593557522,-0.09027331482065638,-0.058067502586124836,-0.02658854321116328,-0.22388416902422992,0.04577339581556217,201,208,True
0,A_CN,A0_CN,u,2,-1,u,quantile,0.05,fraction_prior_width,49,0.005804287467919649,-0.0002941615825383867,0.024256067445377418,-0.009555034892757917,-0.0033890878280272013,0.005416099014034198,0.03152630964484206,-0.03296831476486484,0.14951125583830555,49,49,True
0,A_CN,A0_CN,u,2,-1,u,quantile,0.5,fraction_prior_width,49,0.012866397295539643,-0.001867077837674036,0.04697149807499523,-0.04384637538525589,-0.01364677285816307,0.02296298710442457,0.09326799065434567,-0.05090864613081725,0.1913014001785741,49,49,True
0,A_CN,A0_CN,u,2,-1,u,quantile,0.9,fraction_prior_width,49,0.004298458586498747,0.0004422958325863702,0.014460160821489203,-0.012664203110998095,-0.004156239577343901,0.006077917657005272,0.033761098688111536,-0.02094881848881014,0.044507768429495664,49,49,True
0,A_CN,A0_CN,u,2,-1,u,quantile,0.95,fraction_prior_width,49,0.0022805482888111272,0.0005562606865251452,0.007698729009932315,-0.006774792143619845,-0.001961417802063936,0.00341536445198376,0.018256151165027427,-0.011393392039150796,0.02221334622111215,49,49,True
0,A_CN,A0_CN,u,2,-1,u,central90_width,,fraction_prior_width,49,-0.0035237391791085133,0.0005911079681274467,0.01969239524280456,-0.019501658384817898,-0.002565164375995299,0.0017160889226827125,0.006638835636861202,-0.12729790961719345,0.02889521132406314,49,49,True
0,A_CN,A0_CN,u,2,-1,log10_Agw,quantile,0.05,fraction_prior_width,49,0.005465939812407051,0.004619147533871444,0.07178330337830331,-0.12085109720467452,-0.008477674653066692,0.03142988251904533,0.0980138793087659,-0.23608041890402318,0.25600584372508034,48,49,True
0,A_CN,A0_CN,u,2,-1,log10_Agw,quantile,0.5,fraction_prior_width,49,0.01563597548170525,0.011250882513486493,0.07028040982225509,-0.08668645792386205,-0.03493830096719697,0.06446410443088502,0.1166498543197463,-0.1424088583195735,0.19733133089985622,48,48,True
0,A_CN,A0_CN,u,2,-1,log10_Agw,quantile,0.9,fraction_prior_width,49,0.010418675694376912,0.003704368864052676,0.06313363798350334,-0.06871849799889639,-0.02582440125426977,0.038686090626998904,0.11895358194230897,-0.13496746846130026,0.18278447802070452,48,49,True
0,A_CN,A0_CN,u,2,-1,log10_Agw,quantile,0.95,fraction_prior_width,49,0.00851370001014792,0.0009497174602860481,0.06133560351365668,-0.06684612123188728,-0.025169858553846014,0.03583465690826415,0.11894169252566357,-0.12887724116233912,0.19288990886197743,48,49,True
0,A_CN,A0_CN,u,2,-1,log10_Agw,central90_width,,fraction_prior_width,49,0.003047760197740875,-0.008943485701790155,0.08412048696252887,-0.09552999216251504,-0.04779639688796128,0.04262071568651615,0.15073044927452073,-0.18556472411785513,0.2909393908164707,48,49,True
0,A_CN,A0_CN,u,2,-1,gamma_gw,quantile,0.05,fraction_prior_width,49,-0.0012056182191629435,4.4828037810952515e-05,0.03438452541122642,-0.05368389376984168,-0.008342188653279344,0.005310659863559136,0.03993443299988693,-0.07742860794737594,0.14186733571522583,49,49,True
0,A_CN,A0_CN,u,2,-1,gamma_gw,quantile,0.5,fraction_prior_width,49,-0.020257398381546457,-0.002085649753798713,0.09385696336441822,-0.18419116164062993,-0.047518102975695475,0.027129454492266558,0.0896958733979638,-0.4349857173954861,0.1226594901621908,49,49,True
0,A_CN,A0_CN,u,2,-1,gamma_gw,quantile,0.9,fraction_prior_width,49,-0.033968909776056155,-0.0021587309946444755,0.10535254361234879,-0.20581024098420714,-0.037362087148265055,0.013564437533218343,0.03769851726762525,-0.5830916851018393,0.04876663211381138,49,49,True
0,A_CN,A0_CN,u,2,-1,gamma_gw,quantile,0.95,fraction_prior_width,49,-0.030528551122055228,-0.0014910842464892493,0.09207284018589514,-0.1838341305451919,-0.025358175897997492,0.006805888067028976,0.020600844741600864,-0.5320079851664654,0.033644511411764055,49,49,True
0,A_CN,A0_CN,u,2,-1,gamma_gw,central90_width,,fraction_prior_width,49,-0.029322932902892295,-0.001667554830046769,0.08487664329738771,-0.17355158395837678,-0.018662397240853057,0.0035287990454168083,0.027694934931049055,-0.4744561704668431,0.06878764998045966,49,49,True
0,A_CN,A0_CN,u,2,-1,log10_Ar,quantile,0.05,fraction_prior_width,49,-0.009097109172067437,-0.0008970581039886016,0.07525777452793248,-0.11997562703525068,-0.010889002327903342,0.004321334870449833,0.027693262372431412,-0.3200872925071619,0.28960684944845627,49,49,True
0,A_CN,A0_CN,u,2,-1,log10_Ar,quantile,0.5,fraction_prior_width,49,-0.008897247846141087,-0.00552311653720694,0.12872998516357814,-0.18875735514272957,-0.04588055839688987,0.018098311757221208,0.176140610364314,-0.36508571862353756,0.5402341298121176,49,49,True
0,A_CN,A0_CN,u,2,-1,log10_Ar,quantile,0.9,fraction_prior_width,49,0.0006208256416150281,-0.005733008620427138,0.07210096092260604,-0.10315807555595899,-0.037041290564386764,0.017885615581521797,0.12340239036533134,-0.1382646619539547,0.2689124033372855,49,49,True
0,A_CN,A0_CN,u,2,-1,log10_Ar,quantile,0.95,fraction_prior_width,49,-0.00239481391320613,-0.006992307425475741,0.059983279823207114,-0.09378686747318574,-0.03870146115365902,0.01426441081500851,0.10465696640325926,-0.11425615814799739,0.21835386313879213,49,49,True
0,A_CN,A0_CN,u,2,-1,log10_Ar,central90_width,,fraction_prior_width,49,0.006702295258861309,-0.0004115415162645464,0.07207721168659532,-0.09170376940919803,-0.030575032639957644,0.022459671929484393,0.1011833826380543,-0.11681221838831946,0.30954790219006106,49,49,True
0,A_CN,A0_CN,u,2,-1,log10_EFAC,quantile,0.05,fraction_prior_width,49,0.014552831809301883,0.009893855567174703,0.0521463164633616,-0.06971177094103514,-0.015324482028447384,0.055069215318563125,0.09326882791747762,-0.11642167537665521,0.10575861959252751,49,49,True
0,A_CN,A0_CN,u,2,-1,log10_EFAC,quantile,0.5,fraction_prior_width,49,-0.022643770441984658,-0.025789115172691168,0.05106797231101033,-0.09752739823275441,-0.05604962812423431,0.01269777383957793,0.052374408584681176,-0.1548470501150575,0.09485962922842317,49,49,True
0,A_CN,A0_CN,u,2,-1,log10_EFAC,quantile,0.9,fraction_prior_width,49,-0.04914762707478942,-0.052648313184296636,0.048970576591708316,-0.13043541463021163,-0.08358765458840489,-0.007145675016433484,0.024040389179827298,-0.16548599535089592,0.04190265136411381,49,49,True
0,A_CN,A0_CN,u,2,-1,log10_EFAC,quantile,0.95,fraction_prior_width,49,-0.055788803517326124,-0.06198055251682133,0.04921620937250647,-0.14034061964603003,-0.09001484205868482,-0.004164555041457629,0.015326609838602734,-0.16848310383931364,0.02678064867566654,49,49,True
0,A_CN,A0_CN,u,2,-1,log10_EFAC,central90_width,,fraction_prior_width,49,-0.070341635326628,-0.07211567067043212,0.02847247546760162,-0.10359988774289475,-0.08354610682072516,-0.0632329108975187,-0.03547545835688631,-0.13076947549959006,0.05224396930359643,49,49,True
0,A_CN,A0_CN,gamma,-1,0,u,quantile,0.05,fraction_prior_width,233,0.005773988639556848,0.0009701205026817622,0.026301664306317443,-0.011975756921637593,-0.0031633395521455665,0.00526267685808391,0.037839890156372846,-0.06225025724680738,0.20656110021081414,226,233,True
0,A_CN,A0_CN,gamma,-1,0,u,quantile,0.5,fraction_prior_width,233,0.00958657309401265,0.003031939517837534,0.05653510153954096,-0.05943559606131303,-0.013426690755657944,0.026401385912643127,0.11125440044401799,-0.2914222368657274,0.19971397300049115,226,231,True
0,A_CN,A0_CN,gamma,-1,0,u,quantile,0.9,fraction_prior_width,233,0.0034005420756019742,0.0006873047099344998,0.030157452898554198,-0.022108591453051284,-0.004696654363674502,0.009518180287047207,0.042251831806235415,-0.30021052819979355,0.1330803230158304,226,233,True
0,A_CN,A0_CN,gamma,-1,0,u,quantile,0.95,fraction_prior_width,233,0.0019759210479040174,0.0005144917908517233,0.019054955724864674,-0.011856561325142944,-0.0021965695817414144,0.0057783583123593996,0.022754611096347827,-0.20831855190522286,0.09031838496374056,226,233,True
0,A_CN,A0_CN,gamma,-1,0,u,central90_width,,fraction_prior_width,233,-0.003798067591652827,-2.441608686631902e-05,0.026029165499533304,-0.021812079705774944,-0.002360387620446769,0.0021306747086305977,0.01098629411135318,-0.20003780381895753,0.06434766152054827,226,233,True
0,A_CN,A0_CN,gamma,-1,0,log10_Agw,quantile,0.05,fraction_prior_width,233,-0.007721991715251449,0.0005136255284348828,0.12070468943460737,-0.23812397333267976,-0.012393045357950383,0.021011446639500386,0.15830965043234244,-0.5743209992686733,0.5114330411135269,223,229,True
0,A_CN,A0_CN,gamma,-1,0,log10_Agw,quantile,0.5,fraction_prior_width,233,0.014197631632397553,0.004434246693481997,0.10129405346264574,-0.12666905430164432,-0.0336395384108778,0.05491740115067545,0.20253019560236768,-0.3948076073081398,0.48860484686316585,223,226,True
0,A_CN,A0_CN,gamma,-1,0,log10_Agw,quantile,0.9,fraction_prior_width,233,0.009888986767965163,0.001194087487058848,0.0740352905409752,-0.09695115281919695,-0.03479767168229364,0.04130294222338238,0.15095727535643605,-0.15597677367315388,0.30812997960787925,223,232,True
0,A_CN,A0_CN,gamma,-1,0,log10_Agw,quantile,0.95,fraction_prior_width,233,0.007387446603553912,0.00019485950738562519,0.06850857318442262,-0.08717756726143414,-0.03462359660750636,0.034162256407417546,0.13530330297878662,-0.15168017649795767,0.2797662872083325,223,232,True
0,A_CN,A0_CN,gamma,-1,0,log10_Agw,central90_width,,fraction_prior_width,233,0.015109438318805362,-0.00021367603035737925,0.11632991949598732,-0.12140577219396678,-0.04561585609790997,0.04606895363879138,0.24762353304087795,-0.42391672858471285,0.5164976800877912,223,228,True
0,A_CN,A0_CN,gamma,-1,0,gamma_gw,quantile,0.05,fraction_prior_width,233,0.000791262432405913,-0.001049236391576799,0.04216790157913008,-0.04546942231319643,-0.00888820091151838,0.004687547729611826,0.05282924969809067,-0.17773468751337176,0.41094193491526304,225,232,True
0,A_CN,A0_CN,gamma,-1,0,gamma_gw,quantile,0.5,fraction_prior_width,233,-0.015407270146486938,-0.0070277853739837415,0.09022596303030665,-0.17169813673310436,-0.05346904508395062,0.026237145662814876,0.11431742657269801,-0.4349857173954861,0.4377278253595438,225,232,True
0,A_CN,A0_CN,gamma,-1,0,gamma_gw,quantile,0.9,fraction_prior_width,233,-0.024014785696607418,-0.006618808986860625,0.08797949302927324,-0.20851470651397022,-0.0424007813200572,0.016520999771167055,0.07242169722365728,-0.5830916851018393,0.2845290578513363,225,233,True
0,A_CN,A0_CN,gamma,-1,0,gamma_gw,quantile,0.95,fraction_prior_width,233,-0.02257561840190199,-0.004169470787313112,0.08001721684687903,-0.19845374843870411,-0.0279443533383541,0.010007147327405708,0.04471337491965043,-0.5320079851664654,0.2989741970189511,225,233,True
0,A_CN,A0_CN,gamma,-1,0,gamma_gw,central90_width,,fraction_prior_width,233,-0.023366880834307897,-0.0016404010724245799,0.07835003010096386,-0.18566752356375482,-0.024417556781313743,0.007375742458089696,0.03746024490109776,-0.4744561704668431,0.24185737273305274,225,232,True
0,A_CN,A0_CN,gamma,-1,0,log10_Ar,quantile,0.05,fraction_prior_width,233,-0.015164315680333237,-0.0008986728578039664,0.14366085234192486,-0.1814147154192415,-0.010889002327903342,0.005913033369515895,0.06767489454370809,-0.8441309530484207,0.6070946911940168,225,233,True
0,A_CN,A0_CN,gamma,-1,0,log10_Ar,quantile,0.5,fraction_prior_width,233,-0.011090839202048385,-0.006864747054897036,0.1630858217451687,-0.3290715909748002,-0.06869676183893059,0.0473832034983267,0.2565607264500017,-0.4921897627539408,0.5402341298121176,225,229,True
0,A_CN,A0_CN,gamma,-1,0,log10_Ar,quantile,0.9,fraction_prior_width,233,-0.0010827411138623353,-0.007962364818626777,0.07734731417335917,-0.12011511731005191,-0.053779676001511456,0.040619834434751034,0.14813592281108717,-0.15850550926706553,0.2689124033372855,225,229,True
0,A_CN,A0_CN,gamma,-1,0,log10_Ar,quantile,0.95,fraction_prior_width,233,-0.004892155079393523,-0.00872962984141512,0.06362890120446973,-0.10180821325103966,-0.0506996894512467,0.02936345878760216,0.11484934125020273,-0.1348450785647235,0.21835386313879213,225,229,True
0,A_CN,A0_CN,gamma,-1,0,log10_Ar,central90_width,,fraction_prior_width,233,0.010272160600939715,-0.005396964089563694,0.13949893665855237,-0.09563075870817973,-0.035298627312631226,0.038441899717720274,0.1459534712332314,-0.6051296023792342,0.8081545670630897,225,229,True
0,A_CN,A0_CN,gamma,-1,0,log10_EFAC,quantile,0.05,fraction_prior_width,233,0.008794472741697996,0.0062346952946968764,0.04710093370562657,-0.07461369751892614,-0.015677972782502797,0.03591100394404623,0.08716932188236624,-0.1288186713424962,0.1419025669077415,225,233,True
0,A_CN,A0_CN,gamma,-1,0,log10_EFAC,quantile,0.5,fraction_prior_width,233,-0.027969226856464476,-0.025789115172691168,0.047620215691121015,-0.11058191671916444,-0.054842099718081905,0.004226399036761308,0.04552135658018871,-0.14496559826519967,0.09959685894851478,225,230,True
0,A_CN,A0_CN,gamma,-1,0,log10_EFAC,quantile,0.9,fraction_prior_width,233,-0.055708011304024564,-0.052648313184296636,0.048929335906613844,-0.14398031375680062,-0.08127521851042868,-0.021374464092219325,0.01675306506662888,-0.20575426330664343,0.06649558013313173,225,233,True
0,A_CN,A0_CN,gamma,-1,0,log10_EFAC,quantile,0.95,fraction_prior_width,233,-0.06291870422392837,-0.0590990618249736,0.04966463878967345,-0.14864196460265988,-0.0885097771218345,-0.028998930081990393,0.00759149455176335,-0.22459430561902874,0.055981448891320174,225,233,True
0,A_CN,A0_CN,gamma,-1,0,log10_EFAC,central90_width,,fraction_prior_width,233,-0.07171317696562636,-0.07015220684702117,0.03124811841895745,-0.12430580934151858,-0.08475838234945854,-0.060443832234807204,-0.02535343466875543,-0.20519903974815945,0.05224396930359643,225,233,True
0,A_CN,A0_CN,gamma,-1,1,u,quantile,0.05,fraction_prior_width,267,0.0019621861916064662,0.0013639154076654364,0.015876931690208745,-0.017637476804769413,-0.004242498199197413,0.0055926729130371285,0.023851402091920076,-0.07134641917229256,0.09695159999291143,261,267,True
0,A_CN,A0_CN,gamma,-1,1,u,quantile,0.5,fraction_prior_width,267,0.0034503753982141686,0.0033882836303238406,0.06612651453850875,-0.10552068561322066,-0.023061543592684364,0.0376660233943544,0.09636003826232582,-0.3215562191217072,0.21024400751661004,261,266,True
0,A_CN,A0_CN,gamma,-1,1,u,quantile,0.9,fraction_prior_width,267,0.001560247751890714,0.0011730994218456248,0.05126581720819931,-0.07803228290579123,-0.008737582157930607,0.015851451263249883,0.07413945070036854,-0.2560312002056019,0.1791113609974686,261,267,True
0,A_CN,A0_CN,gamma,-1,1,u,quantile,0.95,fraction_prior_width,267,0.0007031595308710436,0.0006790489850359016,0.03754639235070629,-0.04653964513775964,-0.0040747428763242,0.009303393135073668,0.0467979711519523,-0.24740197041814516,0.11332125339595411,261,267,True
0,A_CN,A0_CN,gamma,-1,1,u,central90_width,,fraction_prior_width,267,-0.0012590266607354205,-0.00011214201891940334,0.0329646151097801,-0.03624263676003956,-0.003096761828749961,0.0031742721616098146,0.03998586739504729,-0.23492118457851807,0.1107829606091073,261,267,True
0,A_CN,A0_CN,gamma,-1,1,log10_Agw,quantile,0.05,fraction_prior_width,267,-0.02799263076878226,-0.0011212055900013968,0.12357110819600256,-0.3099442762032,-0.029217115268669516,0.021044873847361353,0.10531065741566153,-0.5044837679789661,0.2955541007989219,261,266,True
0,A_CN,A0_CN,gamma,-1,1,log10_Agw,quantile,0.5,fraction_prior_width,267,0.0013104809394871879,-0.008771406656059494,0.09484143672158372,-0.11973821307450516,-0.048198111001044375,0.03459716028099952,0.15208086493343861,-0.294216905629659,0.43640091379148793,261,266,True
0,A_CN,A0_CN,gamma,-1,1,log10_Agw,quantile,0.9,fraction_prior_width,267,-0.0009002706381736406,-0.006672005344749321,0.07298503911960647,-0.09608280675353709,-0.03946968983304322,0.02671366764423158,0.14532762477428565,-0.1944476129818451,0.3478145423997993,261,267,True
0,A_CN,A0_CN,gamma,-1,1,log10_Agw,quantile,0.95,fraction_prior_width,267,-0.002344818745588789,-0.007800178494438814,0.06707560126356417,-0.08919518985538545,-0.038180502035618374,0.021969843268513645,0.1305637853690884,-0.1860079054655438,0.350384627941727,261,267,True
0,A_CN,A0_CN,gamma,-1,1,log10_Agw,central90_width,,fraction_prior_width,267,0.025647812023193474,-0.00931691857983552,0.11747922563743378,-0.08337662516722284,-0.03674443658601312,0.04885127608553255,0.3118719097887174,-0.20361092302917028,0.490776634113513,261,266,True
0,A_CN,A0_CN,gamma,-1,1,gamma_gw,quantile,0.05,fraction_prior_width,267,0.001714036998760321,-0.0017901113934424562,0.07928296227425616,-0.10256932012823874,-0.01946580066762968,0.009560988940458232,0.12396800030954004,-0.30184202232852214,0.41002154847136546,261,267,True
0,A_CN,A0_CN,gamma,-1,1,gamma_gw,quantile,0.5,fraction_prior_width,267,-0.014971881310168515,-0.008122069363063977,0.09459098262935323,-0.18595449290064264,-0.05393050304602229,0.03448727054308684,0.1215622516357502,-0.4174210054629141,0.3040795958359903,261,266,True
0,A_CN,A0_CN,gamma,-1,1,gamma_gw,quantile,0.9,fraction_prior_width,267,-0.01828049258704719,-0.002964235982620078,0.06676419064370542,-0.1715747303005352,-0.028475902403554798,0.012247542876164419,0.054920193357839195,-0.36985408539048853,0.12293128983270563,261,266,True
0,A_CN,A0_CN,gamma,-1,1,gamma_gw,quantile,0.95,fraction_prior_width,267,-0.01559854349701456,-0.0019667087488882684,0.05490944043741164,-0.14074820271141686,-0.01731212470178889,0.0066291596605640435,0.03525231490266826,-0.3418515966199862,0.07523551900272707,261,266,True
0,A_CN,A0_CN,gamma,-1,1,gamma_gw,central90_width,,fraction_prior_width,267,-0.01731258049577488,-0.002239020808673109,0.07993348919713573,-0.16116593744746946,-0.026822070550108157,0.009970844007117285,0.08182660776278124,-0.3858577559998134,0.2913216340813537,261,266,True
0,A_CN,A0_CN,gamma,-1,1,log10_Ar,quantile,0.05,fraction_prior_width,267,-0.009174162108837484,0.00026981931633618395,0.12962508142787932,-0.19319929990374043,-0.006978264789397472,0.006404229432940389,0.09657764960998536,-0.8668208186093663,0.6140254518079507,261,267,True
0,A_CN,A0_CN,gamma,-1,1,log10_Ar,quantile,0.5,fraction_prior_width,267,0.007827541868586316,0.003250483489128597,0.14861784906815276,-0.22168117287402817,-0.045524565180185494,0.0514651094782993,0.30143374013258883,-0.44532674763705804,0.5653772119528162,261,265,True
0,A_CN,A0_CN,gamma,-1,1,log10_Ar,quantile,0.9,fraction_prior_width,267,0.00935557565477727,-0.001375081059732275,0.07025237437407089,-0.08972707468357334,-0.02765111901813394,0.037989952616302336,0.1443881501433728,-0.21918851905159176,0.3309267576409487,261,267,True
0,A_CN,A0_CN,gamma,-1,1,log10_Ar,quantile,0.95,fraction_prior_width,267,0.003851994717234379,-0.0016064715279565656,0.05692208328586624,-0.07812405611265408,-0.027682211335764262,0.025371211150940043,0.10656798927452349,-0.19321991397756189,0.28643003693862445,261,267,True
0,A_CN,A0_CN,gamma,-1,1,log10_Ar,central90_width,,fraction_prior_width,267,0.01302615682607186,0.0027469921824876398,0.12798330248990658,-0.08751552953244139,-0.02665442838135723,0.03187734266225056,0.17053580652619232,-0.6266286449648504,0.832125810188076,261,267,True
0,A_CN,A0_CN,gamma,-1,1,log10_EFAC,quantile,0.05,fraction_prior_width,267,0.020215871604029087,0.0170094934114855,0.052833276601307454,-0.06230716571314251,-0.010123550713910587,0.05709251922193952,0.10030742969648317,-0.14633681632099826,0.21762989795971338,261,267,True
0,A_CN,A0_CN,gamma,-1,1,log10_EFAC,quantile,0.5,fraction_prior_width,267,-0.02033433744553384,-0.020254603593195863,0.04915144381992049,-0.10874990204346821,-0.0506215208788775,0.015845356649390935,0.04841077370278833,-0.15945391701431477,0.12515369311641683,261,266,True
0,A_CN,A0_CN,gamma,-1,1,log10_EFAC,quantile,0.9,fraction_prior_width,267,-0.05031008961461092,-0.04682461621325873,0.05011774618165387,-0.1391678409397982,-0.08265935500415791,-0.0119461983628385,0.017064537985175664,-0.23956910998947414,0.06114033081462067,261,266,True
0,A_CN,A0_CN,gamma,-1,1,log10_EFAC,quantile,0.95,fraction_prior_width,267,-0.05773616422093575,-0.053667063226877226,0.051013234086110054,-0.14647404895271302,-0.09095421216628816,-0.018865923771068938,0.008880846748132264,-0.2569848857660012,0.05105735955401253,261,267,True
0,A_CN,A0_CN,gamma,-1,1,log10_EFAC,central90_width,,fraction_prior_width,267,-0.07795203582496484,-0.07353110987620831,0.03598293941478769,-0.14342624896897585,-0.09288475390608515,-0.060139250129681174,-0.026541003263329088,-0.22871648858406834,0.01847267137747388,261,267,True
0,A_CN,A0_CN,u_x_gamma,0,0,u,quantile,0.05,fraction_prior_width,117,0.004969602777991887,0.0008813712229797308,0.020964141637646656,-0.011727304463955935,-0.002073215141210852,0.005457893870123402,0.03572375986078141,-0.05845743964659737,0.15980000773046335,113,117,True
0,A_CN,A0_CN,u_x_gamma,0,0,u,quantile,0.5,fraction_prior_width,117,0.010396488553085425,0.0024283844884686046,0.05398477156068361,-0.05539316909822038,-0.012402910531681743,0.031672833305947945,0.11085868664480374,-0.21247311721089795,0.16765237916551073,113,116,True
0,A_CN,A0_CN,u_x_gamma,0,0,u,quantile,0.9,fraction_prior_width,117,0.004868588636272182,0.0005112284890435026,0.023439760099874415,-0.02015412433489325,-0.005457236860574199,0.012445026646730084,0.044590244141279614,-0.07106409089574217,0.1330803230158304,113,117,True
0,A_CN,A0_CN,u_x_gamma,0,0,u,quantile,0.95,fraction_prior_width,117,0.00315723331330376,0.0004279743718993423,0.013874124231208046,-0.010719910574784296,-0.0029749727403031168,0.006924694378894425,0.02809573165592895,-0.036489694953460106,0.09031838496374056,113,117,True
0,A_CN,A0_CN,u_x_gamma,0,0,u,central90_width,,fraction_prior_width,117,-0.0018123694646881264,-3.650510786312733e-05,0.018246064090006255,-0.019451090183833505,-0.0022419099021279143,0.0019256434246788245,0.00913230598516543,-0.14601607215243606,0.06434766152054827,113,117,True
0,A_CN,A0_CN,u_x_gamma,0,0,log10_Agw,quantile,0.05,fraction_prior_width,117,-0.009160307700840399,0.001337589234931203,0.12434889299525341,-0.24760200760769135,-0.013016998112261889,0.02321232618767301,0.1294210330931689,-0.5534827505420403,0.5114330411135269,111,115,True
0,A_CN,A0_CN,u_x_gamma,0,0,log10_Agw,quantile,0.5,fraction_prior_width,117,0.011870140725428127,0.007227112166399707,0.10391571638264473,-0.12319921516179766,-0.03486621877381191,0.049694236183811524,0.1754429615325131,-0.3948076073081398,0.48860484686316585,111,112,True
0,A_CN,A0_CN,u_x_gamma,0,0,log10_Agw,quantile,0.9,fraction_prior_width,117,0.0065351338074437154,0.001194087487058848,0.06962970818818125,-0.09996698511962396,-0.029703500945752692,0.039818388367661495,0.12375363900917309,-0.15597677367315388,0.287628674937491,111,116,True
0,A_CN,A0_CN,u_x_gamma,0,0,log10_Agw,quantile,0.95,fraction_prior_width,117,0.0038276530755500635,0.00019485950738562519,0.06408073885186659,-0.08708985475145921,-0.03132661544839477,0.03269719033892149,0.1127683018854737,-0.15168017649795767,0.2797662872083325,111,116,True
0,A_CN,A0_CN,u_x_gamma,0,0,log10_Agw,central90_width,,fraction_prior_width,117,0.01298796077639045,0.003209421508479915,0.11715302719700064,-0.11872140006165512,-0.040372934343056,0.040768869668287744,0.24693525278938497,-0.42391672858471285,0.5164976800877912,111,114,True
0,A_CN,A0_CN,u_x_gamma,0,0,gamma_gw,quantile,0.05,fraction_prior_width,117,-0.0038574813789006373,-0.0010853318358624159,0.028557144724823652,-0.04516864654580796,-0.009659301781682127,0.0035696332476995996,0.040367711952799465,-0.11400874836565515,0.11033781625547245,112,116,True
0,A_CN,A0_CN,u_x_gamma,0,0,gamma_gw,quantile,0.5,fraction_prior_width,117,-0.019799758717532524,-0.0070277853739837415,0.08837521597183519,-0.17607818827835925,-0.04921083050942915,0.019084848541293886,0.11706364386328363,-0.31983041494771547,0.19972677470075106,112,116,True
0,A_CN,A0_CN,u_x_gamma,0,0,gamma_gw,quantile,0.9,fraction_prior_width,117,-0.027839781841527238,-0.0054618184727748265,0.0876580712795228,-0.21993827109605957,-0.04581726796699259,0.016894925387544335,0.07206292571516636,-0.3860927755507133,0.15000208555210526,112,117,True
0,A_CN,A0_CN,u_x_gamma,0,0,gamma_gw,quantile,0.95,fraction_prior_width,117,-0.025107544970539217,-0.003076186484685439,0.07633190173364499,-0.19743679071546738,-0.028967942642116218,0.010007147327405708,0.04276776154660916,-0.3852063839612298,0.10001139898988942,112,117,True
0,A_CN,A0_CN,u_x_gamma,0,0,gamma_gw,central90_width,,fraction_prior_width,117,-0.021250063591638568,0.00029403305863329177,0.06856716837210632,-0.1866687808218599,-0.022204645832789582,0.007904351475213511,0.03708867339806415,-0.30385748836861154,0.09940606931998142,112,116,True
0,A_CN,A0_CN,u_x_gamma,0,0,log10_Ar,quantile,0.05,fraction_prior_width,117,-0.004723096385083011,-0.000557837814324981,0.10582911270678831,-0.12093228054928842,-0.01140765499415753,0.008388424244471962,0.03828446680830478,-0.4443005747851935,0.5367397038581547,112,117,True
0,A_CN,A0_CN,u_x_gamma,0,0,log10_Ar,quantile,0.5,fraction_prior_width,117,-0.008770305747488725,-0.0050058229066526905,0.16029960624246378,-0.30847540378283383,-0.0963256971623554,0.05539427941550068,0.23593431098833204,-0.4921897627539408,0.49004067712057425,112,114,True
0,A_CN,A0_CN,u_x_gamma,0,0,log10_Ar,quantile,0.9,fraction_prior_width,117,4.920881046487614e-05,-0.006158047145554013,0.07731804067397662,-0.11961456986732452,-0.06094519563734091,0.040945767994631344,0.1510509038274292,-0.15850550926706553,0.19990363198831684,112,115,True
0,A_CN,A0_CN,u_x_gamma,0,0,log10_Ar,quantile,0.95,fraction_prior_width,117,-0.004542352861655961,-0.006568708830208991,0.06231034870426563,-0.09399950430059978,-0.05353972897836623,0.02936345878760216,0.10923978869313387,-0.12918408240860824,0.1689981522284678,112,115,True
0,A_CN,A0_CN,u_x_gamma,0,0,log10_Ar,central90_width,,fraction_prior_width,117,0.0001807435234270551,-0.005124476951945178,0.10319715262189262,-0.08785055809445268,-0.035298627312631226,0.03276433578582394,0.13172614915312586,-0.5642036621990048,0.3700315140897876,112,115,True
0,A_CN,A0_CN,u_x_gamma,0,0,log10_EFAC,quantile,0.05,fraction_prior_width,117,0.004903863204851031,0.00297132315658577,0.04433851495382454,-0.07610351348387276,-0.017081773724466953,0.031398619957682894,0.0848674173555966,-0.1288186713424962,0.12331416662077699,113,117,True
0,A_CN,A0_CN,u_x_gamma,0,0,log10_EFAC,quantile,0.5,fraction_prior_width,117,-0.03326354669606453,-0.029993985884943952,0.04640501105703395,-0.11727123071642395,-0.06309884566670057,-0.0015311825800542467,0.03722410902831009,-0.143652585253909,0.054447075033598746,113,117,True
0,A_CN,A0_CN,u_x_gamma,0,0,log10_EFAC,quantile,0.9,fraction_prior_width,117,-0.06068221109377404,-0.054843013988499,0.04883305102635708,-0.14876475173873038,-0.09190709712045592,-0.029214936456050472,0.006818435529834126,-0.20575426330664343,0.02220373722200314,113,117,True
0,A_CN,A0_CN,u_x_gamma,0,0,log10_EFAC,quantile,0.95,fraction_prior_width,117,-0.06772413900120036,-0.05984429326424234,0.049966684041098865,-0.15864182869378898,-0.101133843768758,-0.033330881304183824,0.0006524282359786841,-0.22459430561902874,0.013795672607033294,113,117,True
0,A_CN,A0_CN,u_x_gamma,0,0,log10_EFAC,central90_width,,fraction_prior_width,117,-0.07262800220605138,-0.06873113247200136,0.031112179244504875,-0.12655761433865148,-0.08415162199835391,-0.06058284120136165,-0.02116088500990443,-0.20519903974815945,0.006995257616626449,113,117,True
0,A_CN,A0_CN,u_x_gamma,0,1,u,quantile,0.05,fraction_prior_width,126,0.0029029898896366234,0.0016184449965461443,0.017258356088922476,-0.013934572807703695,-0.0043444513492987,0.005902090601907806,0.035969779803562765,-0.07134641917229256,0.08383255929611827,123,126,True
0,A_CN,A0_CN,u_x_gamma,0,1,u,quantile,0.5,fraction_prior_width,126,0.008223508277039568,0.005970664353188659,0.06943167882143884,-0.10275631179299476,-0.023580879928065165,0.04045223621234505,0.13710132663672353,-0.21835330657600882,0.21024400751661004,123,126,True
0,A_CN,A0_CN,u_x_gamma,0,1,u,quantile,0.9,fraction_prior_width,126,0.004853278075535516,0.0017745338977583347,0.057378307321519106,-0.08207510184039393,-0.009258281798061443,0.02120305915962495,0.10070477572877559,-0.23354353708856257,0.1791113609974686,123,126,True
0,A_CN,A0_CN,u_x_gamma,0,1,u,quantile,0.95,fraction_prior_width,126,0.002668495395045959,0.0009165275435714104,0.04410488243677089,-0.05284426747733331,-0.0044455986321262075,0.012968176088382133,0.07652896748884364,-0.24740197041814516,0.11332125339595411,123,126,True
0,A_CN,A0_CN,u_x_gamma,0,1,u,central90_width,,fraction_prior_width,126,-0.00023449449459065898,-0.0005213096450013555,0.03935713595820242,-0.0409974276850914,-0.005042805821542318,0.004778949376215924,0.06438447203456388,-0.23492118457851807,0.1107829606091073,123,126,True
0,A_CN,A0_CN,u_x_gamma,0,1,log10_Agw,quantile,0.05,fraction_prior_width,126,-0.031517245641812325,-0.0011250182510031967,0.1292085544263021,-0.30804268334808466,-0.037850443036441285,0.01660192662764748,0.12809189183376374,-0.5044837679789661,0.2955541007989219,123,125,True
0,A_CN,A0_CN,u_x_gamma,0,1,log10_Agw,quantile,0.5,fraction_prior_width,126,0.0027230047723202553,-0.010236270860358734,0.1031452894482102,-0.11032055168214977,-0.049541785393861115,0.027063188419153672,0.2036707872556958,-0.294216905629659,0.43640091379148793,123,125,True
0,A_CN,A0_CN,u_x_gamma,0,1,log10_Agw,quantile,0.9,fraction_prior_width,126,-0.002365977280400301,-0.011395518380728165,0.07716481344062498,-0.09623334627642083,-0.0401742530165063,0.019687329703896694,0.1491220469892883,-0.16524698597976617,0.3478145423997993,123,126,True
0,A_CN,A0_CN,u_x_gamma,0,1,log10_Agw,quantile,0.95,fraction_prior_width,126,-0.004166781382850174,-0.011067751371300949,0.06977926342537097,-0.09304749125268044,-0.04028265327655066,0.015763242595442567,0.12367824491302673,-0.14987566435326527,0.350384627941727,123,126,True
0,A_CN,A0_CN,u_x_gamma,0,1,log10_Agw,central90_width,,fraction_prior_width,126,0.02735046425896214,-0.00957730884769159,0.12014841874336461,-0.09202780571630909,-0.03557596558942262,0.0600685082969403,0.3042400513337053,-0.20361092302917028,0.4474203155217905,123,125,True
0,A_CN,A0_CN,u_x_gamma,0,1,gamma_gw,quantile,0.05,fraction_prior_width,126,0.004025069665994909,-0.002525979049067168,0.08793957026301695,-0.12903203649887784,-0.017495265002335128,0.010768619643457223,0.14854731693919127,-0.2776210385486628,0.3947084685566885,123,126,True
0,A_CN,A0_CN,u_x_gamma,0,1,gamma_gw,quantile,0.5,fraction_prior_width,126,-0.011835481534040926,-0.009052691986420808,0.09642907330251155,-0.17707235343902397,-0.05383455975796596,0.04158579639657489,0.1399530232087734,-0.32527488004907856,0.3040795958359903,123,125,True
0,A_CN,A0_CN,u_x_gamma,0,1,gamma_gw,quantile,0.9,fraction_prior_width,126,-0.01437948023185845,-0.0032129850290636974,0.061230425122882674,-0.13324273931006927,-0.028947639216907656,0.015328498318747774,0.057534920434758136,-0.36985408539048853,0.12293128983270563,123,125,True
0,A_CN,A0_CN,u_x_gamma,0,1,gamma_gw,quantile,0.95,fraction_prior_width,126,-0.012163833735536636,-0.0022060239745697596,0.049416436448159434,-0.1062402200248505,-0.018422980387253263,0.007781343430340926,0.035551898833807105,-0.3418515966199862,0.07291351015907999,123,125,True
0,A_CN,A0_CN,u_x_gamma,0,1,gamma_gw,central90_width,,fraction_prior_width,126,-0.016188903401531552,-0.002488826938537858,0.08664699198851102,-0.1613248579534152,-0.03273390291184841,0.01137321902003055,0.09865210366715582,-0.3777936296286376,0.27876276759596785,123,125,True
0,A_CN,A0_CN,u_x_gamma,0,1,log10_Ar,quantile,0.05,fraction_prior_width,126,-0.014871763454110974,5.044395528229148e-05,0.13302895185559382,-0.24374967112556503,-0.005431019120597418,0.008455050976863242,0.061475231191514094,-0.7962906139871271,0.5149434312483416,123,126,True
0,A_CN,A0_CN,u_x_gamma,0,1,log10_Ar,quantile,0.5,fraction_prior_width,126,0.01286557235708334,0.006017778836854393,0.15756827359143366,-0.25001087138976386,-0.04142969829346997,0.07198865707365572,0.3405076232812795,-0.43756806560083916,0.5653772119528162,123,125,True
0,A_CN,A0_CN,u_x_gamma,0,1,log10_Ar,quantile,0.9,fraction_prior_width,126,0.012719408392206593,0.0023826771531076374,0.07458811729003782,-0.1108580301911686,-0.02519739293838158,0.040345537482824045,0.14439012036771467,-0.149879512226194,0.3309267576409487,123,126,True
0,A_CN,A0_CN,u_x_gamma,0,1,log10_Ar,quantile,0.95,fraction_prior_width,126,0.005904801733777189,0.003445324647071202,0.060317981397331626,-0.08600534719915462,-0.02876785053235628,0.028910331440864107,0.10659548655813272,-0.1298377875030391,0.28643003693862445,123,126,True
0,A_CN,A0_CN,u_x_gamma,0,1,log10_Ar,central90_width,,fraction_prior_width,126,0.020776565187888164,0.005743442663114995,0.13272428596380642,-0.08021681411816406,-0.026707256970570303,0.04272493135164393,0.1571840006416106,-0.5211592125230341,0.7904105973577056,123,126,True
0,A_CN,A0_CN,u_x_gamma,0,1,log10_EFAC,quantile,0.05,fraction_prior_width,126,0.022848568247313586,0.020750880986773967,0.055963889035171105,-0.057601679946345075,-0.013298850601750036,0.05764059685739545,0.10253316948513547,-0.14633681632099826,0.21762989795971338,123,126,True
0,A_CN,A0_CN,u_x_gamma,0,1,log10_EFAC,quantile,0.5,fraction_prior_width,126,-0.01813173262206171,-0.01721570053733018,0.05339883651144551,-0.1081483265539302,-0.05127860937452636,0.018380458866544658,0.05158096991617181,-0.15945391701431477,0.12515369311641683,123,125,True
0,A_CN,A0_CN,u_x_gamma,0,1,log10_EFAC,quantile,0.9,fraction_prior_width,126,-0.04888796111956183,-0.03903634772883896,0.05500462811588382,-0.14563175045303683,-0.0875780156304908,-0.007808082338452871,0.01883629516990315,-0.23956910998947414,0.06114033081462067,123,125,True
0,A_CN,A0_CN,u_x_gamma,0,1,log10_EFAC,quantile,0.95,fraction_prior_width,126,-0.05657377438935512,-0.04526022212014642,0.05596337654913252,-0.15372562842380377,-0.0977269634934961,-0.011094583507926026,0.009384921275294222,-0.2569848857660012,0.05105735955401253,123,126,True
0,A_CN,A0_CN,u_x_gamma,0,1,log10_EFAC,central90_width,,fraction_prior_width,126,-0.0794223426366687,-0.07359547864231275,0.03787710924344638,-0.15307296984606855,-0.0929524767489317,-0.061319182406022424,-0.02856559646676684,-0.22871648858406834,0.01847267137747388,123,126,True
0,A_CN,A0_CN,u_x_gamma,1,0,u,quantile,0.05,fraction_prior_width,92,0.006371740626850435,0.001472764848230005,0.030220842015265155,-0.011952088259027016,-0.0028303096078449164,0.004697634757114063,0.03761401202470081,-0.06225025724680738,0.20656110021081414,89,92,True
0,A_CN,A0_CN,u_x_gamma,1,0,u,quantile,0.5,fraction_prior_width,92,0.007838344589347604,0.004262979679998002,0.060506464236386774,-0.0661919280301727,-0.012598139676152476,0.025431625771809005,0.11677187190340449,-0.2914222368657274,0.19971397300049115,89,91,True
0,A_CN,A0_CN,u_x_gamma,1,0,u,quantile,0.9,fraction_prior_width,92,0.001320878312059639,0.0012360077919856272,0.039412088127630196,-0.027728926277580102,-0.0036813457594429555,0.008774001678825666,0.03996503309625333,-0.30021052819979355,0.11624531046177089,89,92,True
0,A_CN,A0_CN,u_x_gamma,1,0,u,quantile,0.95,fraction_prior_width,92,0.00039498049899145576,0.0007269445106989347,0.02569221776619402,-0.015920652944334462,-0.0019540067759407087,0.004278718203683668,0.022788301919329592,-0.20831855190522286,0.06895289343240929,89,92,True
0,A_CN,A0_CN,u_x_gamma,1,0,u,central90_width,,fraction_prior_width,92,-0.005976760127858977,-0.00015560096360567321,0.0330958684033559,-0.02455018994211294,-0.002710881669253762,0.0019050424368480257,0.0102784655092289,-0.20003780381895753,0.05299881986630828,89,92,True
0,A_CN,A0_CN,u_x_gamma,1,0,log10_Agw,quantile,0.05,fraction_prior_width,92,-0.006179645825616167,-0.00037572182618090134,0.12470176531415549,-0.2320612165129674,-0.01194104462830042,0.02139079270086576,0.19166320659615005,-0.5743209992686733,0.2706228295477002,89,90,True
0,A_CN,A0_CN,u_x_gamma,1,0,log10_Agw,quantile,0.5,fraction_prior_width,92,0.01808626890327545,0.002447421270699149,0.1043036988112719,-0.1303257869435001,-0.031025401196991154,0.05281430396619255,0.24709993744948566,-0.22805174962715835,0.38973569496628463,89,91,True
0,A_CN,A0_CN,u_x_gamma,1,0,log10_Agw,quantile,0.9,fraction_prior_width,92,0.012867181523325062,0.0007032015192845464,0.07898003412693877,-0.09461800548325135,-0.0364315664806175,0.04001253398590114,0.1749649467555403,-0.13363464467062036,0.30812997960787925,89,92,True
0,A_CN,A0_CN,u_x_gamma,1,0,log10_Agw,quantile,0.95,fraction_prior_width,92,0.010081044486455385,0.0001379569566579142,0.0720223146133848,-0.08804857980924073,-0.03594538030361319,0.03176899933732295,0.1507773171589736,-0.12448424949658438,0.27361439900728113,89,92,True
0,A_CN,A0_CN,u_x_gamma,1,0,log10_Agw,central90_width,,fraction_prior_width,92,0.016260690312071554,-0.0007465299842426831,0.11922080526640369,-0.11758268615487791,-0.05186943594864887,0.04864075468068707,0.26354968839090376,-0.2533412315874455,0.5133164598660864,89,90,True
0,A_CN,A0_CN,u_x_gamma,1,0,gamma_gw,quantile,0.05,fraction_prior_width,92,0.006669917183148743,-0.0010911344215922608,0.05563926978005807,-0.035761694399938516,-0.0070351101438479845,0.006505792173448183,0.07779537545597451,-0.17773468751337176,0.41094193491526304,89,92,True
0,A_CN,A0_CN,u_x_gamma,1,0,gamma_gw,quantile,0.5,fraction_prior_width,92,-0.004813536171699832,-0.007699417114603424,0.0860168883036613,-0.12589810163798493,-0.05467423374605959,0.028457250346868912,0.11720692411224529,-0.2847073797123213,0.4377278253595438,89,92,True
0,A_CN,A0_CN,u_x_gamma,1,0,gamma_gw,quantile,0.9,fraction_prior_width,92,-0.013009560045390679,-0.011701963419157746,0.07266795374605373,-0.15169569242815029,-0.036882432672241394,0.017052934966647726,0.0765703683455091,-0.25196865255470835,0.2845290578513363,89,92,True
0,A_CN,A0_CN,u_x_gamma,1,0,gamma_gw,quantile,0.95,fraction_prior_width,92,-0.013604968536208528,-0.007455019627023052,0.07114285336438467,-0.16064955412796733,-0.02504548597203568,0.010463841916242889,0.04774858657867483,-0.28454009006047243,0.2989741970189511,89,92,True
0,A_CN,A0_CN,u_x_gamma,1,0,gamma_gw,central90_width,,fraction_prior_width,92,-0.02027488571935727,-0.0041146451171685805,0.08108914206831762,-0.162409050483211,-0.022254402715107036,0.007577454186850546,0.043821881941112986,-0.3526783109211258,0.24185737273305274,89,92,True
0,A_CN,A0_CN,u_x_gamma,1,0,log10_Ar,quantile,0.05,fraction_prior_width,92,-0.0345876232657815,-0.0013973186376310034,0.1912860662506932,-0.3395309039656176,-0.013596889100990056,0.004221494970014187,0.07729061624218002,-0.8441309530484207,0.6070946911940168,89,92,True
0,A_CN,A0_CN,u_x_gamma,1,0,log10_Ar,quantile,0.5,fraction_prior_width,92,-0.022880779715023992,-0.012927916647359108,0.17312913524196433,-0.3421417959827963,-0.07407403737428533,0.04224652785330346,0.2655495404067449,-0.42688449935643236,0.45426713498532445,89,91,True
0,A_CN,A0_CN,u_x_gamma,1,0,log10_Ar,quantile,0.9,fraction_prior_width,92,-0.00578800836949208,-0.01487461970618803,0.07465257275446038,-0.12023581485494711,-0.054007684112130555,0.03777973927730757,0.12940951446541912,-0.15441387077818242,0.2261614272108553,89,90,True
0,A_CN,A0_CN,u_x_gamma,1,0,log10_Ar,quantile,0.95,fraction_prior_width,92,-0.008222341679122393,-0.014592699030245793,0.06290890951109467,-0.10489953125598708,-0.04959432823302237,0.025096840902550238,0.10536941480706041,-0.1348450785647235,0.1822531180390995,89,90,True
0,A_CN,A0_CN,u_x_gamma,1,0,log10_Ar,central90_width,,fraction_prior_width,92,0.0263652815866591,-0.00801600860726348,0.18661797192012414,-0.1085776214711286,-0.0333774600942357,0.03880342048688126,0.2984288699959406,-0.6051296023792342,0.8081545670630897,89,90,True
0,A_CN,A0_CN,u_x_gamma,1,0,log10_EFAC,quantile,0.05,fraction_prior_width,92,0.011932989296934555,0.009710537713419367,0.04933615125850186,-0.06700507304739672,-0.00981368775257338,0.04277360445946268,0.08760183449903093,-0.11350077339606376,0.1419025669077415,88,92,True
0,A_CN,A0_CN,u_x_gamma,1,0,log10_EFAC,quantile,0.5,fraction_prior_width,92,-0.02357173454901013,-0.02280288101335004,0.048404548561021596,-0.10180656234757211,-0.04869635230415457,0.009550573116270847,0.048693956780292647,-0.14496559826519967,0.09959685894851478,88,89,True
0,A_CN,A0_CN,u_x_gamma,1,0,log10_EFAC,quantile,0.9,fraction_prior_width,92,-0.05199734381989261,-0.05064234426533376,0.04967510627257867,-0.13620273171199362,-0.07706058323427567,-0.017955169850331854,0.02080709513665766,-0.18659515908076235,0.06649558013313173,88,92,True
0,A_CN,A0_CN,u_x_gamma,1,0,log10_EFAC,quantile,0.95,fraction_prior_width,92,-0.05948078578978416,-0.05825622321963045,0.05013394390660058,-0.14599724571493292,-0.08736542794067129,-0.02322579928450702,0.012682851517157367,-0.19977863493636341,0.055981448891320174,88,92,True
0,A_CN,A0_CN,u_x_gamma,1,0,log10_EFAC,central90_width,,fraction_prior_width,92,-0.07141377508671871,-0.07072933001933823,0.030759372781333238,-0.12065035056716435,-0.08533671397318093,-0.0590577970452523,-0.03160286405195747,-0.170184084288128,0.04577339581556217,88,92,True
0,A_CN,A0_CN,u_x_gamma,1,1,u,quantile,0.05,fraction_prior_width,116,0.0004432119953284807,0.0010799393269264844,0.015440369693187793,-0.020243636018397855,-0.005024520156840044,0.005172404765219955,0.019597211976338298,-0.05176328648500367,0.09695159999291143,113,116,True
0,A_CN,A0_CN,u_x_gamma,1,1,u,quantile,0.5,fraction_prior_width,116,-0.0038725052680282103,0.0028439465189221136,0.06678119657122313,-0.10642363065507884,-0.02665084828963117,0.0369526255610729,0.07824528824893895,-0.3215562191217072,0.15206683479944977,113,115,True
0,A_CN,A0_CN,u_x_gamma,1,1,u,quantile,0.9,fraction_prior_width,116,-0.0026238856037859044,0.0010543346187427138,0.04927106062266539,-0.06783984308787147,-0.00945327377745031,0.015063137473414562,0.039348105951146795,-0.2560312002056019,0.14034598417830657,113,116,True
0,A_CN,A0_CN,u_x_gamma,1,1,u,quantile,0.95,fraction_prior_width,116,-0.00177222922919901,0.000649476413992045,0.033514852987430406,-0.03967224479648221,-0.0045754034849999625,0.008076297972336638,0.023782586650262866,-0.16795573350384962,0.10023789939690186,113,116,True
0,A_CN,A0_CN,u_x_gamma,1,1,u,central90_width,,fraction_prior_width,116,-0.0022154412245274924,0.0004300603793775948,0.028686450742701663,-0.03417697570137798,-0.0020754158799274613,0.0042326480218971285,0.024279020475378138,-0.13584288801162048,0.08386311295524396,113,116,True
0,A_CN,A0_CN,u_x_gamma,1,1,log10_Agw,quantile,0.05,fraction_prior_width,116,-0.033876130757784756,-0.0018377644959856748,0.12680013194738218,-0.34155145147500565,-0.03231359484248497,0.02077950263464793,0.08762300310290574,-0.4907907728187045,0.2583409699476459,113,116,True
0,A_CN,A0_CN,u_x_gamma,1,1,log10_Agw,quantile,0.5,fraction_prior_width,116,-0.004345327781902009,-0.010172060298448887,0.09085217176664459,-0.14359781512557698,-0.05094245718328494,0.031236033519486228,0.13941440328757962,-0.28416540654481054,0.3541668816595263,113,116,True
0,A_CN,A0_CN,u_x_gamma,1,1,log10_Agw,quantile,0.9,fraction_prior_width,116,-0.0008364799204080219,-0.007176714469698642,0.07340041386687948,-0.10150138775007206,-0.03846219520108053,0.032804757576307436,0.1512355041201226,-0.1944476129818451,0.2422533614253245,113,116,True
0,A_CN,A0_CN,u_x_gamma,1,1,log10_Agw,quantile,0.95,fraction_prior_width,116,-0.0014848266835820994,-0.007692645279147814,0.0688524416396956,-0.09061589007042672,-0.03588825965953063,0.02328175382876034,0.1510480577331381,-0.1860079054655438,0.22399451521687008,113,116,True
0,A_CN,A0_CN,u_x_gamma,1,1,log10_Agw,central90_width,,fraction_prior_width,116,0.03239130407420265,-0.007761094539244673,0.12333958426256356,-0.0743053539342182,-0.035413892814855435,0.05099032713763471,0.3245301199545266,-0.17563631846842087,0.490776634113513,113,116,True
0,A_CN,A0_CN,u_x_gamma,1,1,gamma_gw,quantile,0.05,fraction_prior_width,116,0.00027259897176637335,-0.0012756605181241092,0.07677124752995723,-0.1007252153242826,-0.020162317534770095,0.0076230714147408375,0.11913118581038117,-0.30184202232852214,0.41002154847136546,113,116,True
0,A_CN,A0_CN,u_x_gamma,1,1,gamma_gw,quantile,0.5,fraction_prior_width,116,-0.020207637605291602,-0.00641965987493856,0.09718945502024325,-0.19760253753108942,-0.0644699145396046,0.028694439885706483,0.11505618682524597,-0.4174210054629141,0.23362717439428232,113,116,True
0,A_CN,A0_CN,u_x_gamma,1,1,gamma_gw,quantile,0.9,fraction_prior_width,116,-0.021947512932548117,-0.0024923359311631588,0.0714478512211384,-0.20419176660412997,-0.029149682372688807,0.009857398988590393,0.05126475317462115,-0.2995264334413058,0.11138303320752663,113,116,True
0,A_CN,A0_CN,u_x_gamma,1,1,gamma_gw,quantile,0.95,fraction_prior_width,116,-0.019027140334512544,-0.0022238965440098957,0.06082357258456382,-0.1515492411453027,-0.016228865731176323,0.005656561874356758,0.03641090482622408,-0.2868114103189099,0.07523551900272707,113,116,True
0,A_CN,A0_CN,u_x_gamma,1,1,gamma_gw,central90_width,,fraction_prior_width,116,-0.01929973930627892,-0.002761118160518272,0.07768372287689639,-0.16075042472185663,-0.024907447141485684,0.010114378181582478,0.06347813304438399,-0.3858577559998134,0.2913216340813537,113,116,True
0,A_CN,A0_CN,u_x_gamma,1,1,log10_Ar,quantile,0.05,fraction_prior_width,116,0.0006161838411952136,0.0006492008544154819,0.13436469647296215,-0.09378677299581734,-0.007256111954172655,0.005615949789323281,0.15177969979496705,-0.8668208186093663,0.6140254518079507,113,116,True
0,A_CN,A0_CN,u_x_gamma,1,1,log10_Ar,quantile,0.5,fraction_prior_width,116,0.012515936883983388,0.003400059657195781,0.14396335916696992,-0.1743766327971179,-0.042894574786650236,0.04687996997464444,0.260601457120596,-0.44532674763705804,0.49819574438298353,113,115,True
0,A_CN,A0_CN,u_x_gamma,1,1,log10_Ar,quantile,0.9,fraction_prior_width,116,0.009821840048338986,-0.0018709403556390614,0.0687903006844581,-0.07791437198852141,-0.027039008976649986,0.03842941260443322,0.1569476379284027,-0.21918851905159176,0.24002836335545064,113,116,True
0,A_CN,A0_CN,u_x_gamma,1,1,log10_Ar,quantile,0.95,fraction_prior_width,116,0.004740189987819573,-0.0030204069971137004,0.05569947601369958,-0.06359271822886697,-0.026596808362175012,0.02624727416416725,0.10962963596322622,-0.19321991397756189,0.19340821854786405,113,116,True
0,A_CN,A0_CN,u_x_gamma,1,1,log10_Ar,central90_width,,fraction_prior_width,116,0.004124006146624354,-0.002422286472870905,0.13065733667272747,-0.09769206047873621,-0.02682915998794161,0.026934921961050212,0.1197037883874659,-0.6266286449648504,0.832125810188076,113,116,True
0,A_CN,A0_CN,u_x_gamma,1,1,log10_EFAC,quantile,0.05,fraction_prior_width,116,0.018820297405073672,0.015548264961537389,0.04930918367205054,-0.06661276402431401,-0.0053234993638436885,0.052008192850711496,0.09960869896459199,-0.10004093954925974,0.15812194890419196,113,116,True
0,A_CN,A0_CN,u_x_gamma,1,1,log10_EFAC,quantile,0.5,fraction_prior_width,116,-0.021478623720071144,-0.020295691468172797,0.043352646181325644,-0.10738337992143013,-0.04559541959110594,0.010377184096815498,0.04750278705467756,-0.13369549033911743,0.07413366903650653,113,116,True
0,A_CN,A0_CN,u_x_gamma,1,1,log10_EFAC,quantile,0.9,fraction_prior_width,116,-0.05138852934316971,-0.050842278717070255,0.043993457542560226,-0.1319797763546552,-0.07534334595356576,-0.01935783229561211,0.01449644589237576,-0.16783748345737448,0.041120885851555405,113,116,True
0,A_CN,A0_CN,u_x_gamma,1,1,log10_EFAC,quantile,0.95,fraction_prior_width,116,-0.058773365775490055,-0.06036810372258122,0.044935435498922496,-0.1412373048317635,-0.08595849321761428,-0.02535044233955197,0.005993847025740018,-0.17868990198043921,0.035820619272696946,113,116,True
0,A_CN,A0_CN,u_x_gamma,1,1,log10_EFAC,central90_width,,fraction_prior_width,116,-0.07759366318056374,-0.07352165593104545,0.03647620553954147,-0.14438058999431666,-0.09476286573159476,-0.057322405751304234,-0.025651784177594585,-0.22388416902422992,0.016282890554442958,113,116,True
0,A_CN,A0_CN,u_x_gamma,2,0,u,quantile,0.05,fraction_prior_width,24,0.007403987096727275,-0.0009374204802252116,0.03376927254037902,-0.011608304240144078,-0.005935832228938594,0.004741368840782124,0.03718343429767488,-0.03296831476486484,0.14951125583830555,24,24,True
0,A_CN,A0_CN,u_x_gamma,2,0,u,quantile,0.5,fraction_prior_width,24,0.012339777832248879,-0.0025905424732053373,0.05507444782458993,-0.04415090595066295,-0.018067599836299977,0.024581324418083292,0.10075938447141439,-0.04523080462558282,0.1913014001785741,24,24,True
0,A_CN,A0_CN,u_x_gamma,2,0,u,quantile,0.9,fraction_prior_width,24,0.004215859519246999,-0.0013793551117534109,0.01510404546100405,-0.01235681935962682,-0.0034156313180889186,0.007492091324970002,0.03250385890998028,-0.014676700816136923,0.044507768429495664,24,24,True
0,A_CN,A0_CN,u_x_gamma,2,0,u,quantile,0.95,fraction_prior_width,24,0.002277295858245094,-0.00030863003926179244,0.00792521143948057,-0.006742167571935148,-0.001756102102781626,0.004231889856760762,0.01738463307225204,-0.007103756607452549,0.02221334622111215,24,24,True
0,A_CN,A0_CN,u_x_gamma,2,0,u,central90_width,,fraction_prior_width,24,-0.005126691238482167,0.0012935596776513791,0.027935833189055494,-0.022814799768069032,-0.0011787898676020037,0.0027610232794507417,0.011963032656830044,-0.12729790961719345,0.02889521132406314,24,24,True
0,A_CN,A0_CN,u_x_gamma,2,0,log10_Agw,quantile,0.05,fraction_prior_width,24,-0.006622527195773917,-0.0013833868034796686,0.08619923306338921,-0.14427731725201928,-0.008684651462826702,0.012517741074835834,0.060921074973990845,-0.23608041890402318,0.25600584372508034,23,24,True
0,A_CN,A0_CN,u_x_gamma,2,0,log10_Agw,quantile,0.5,fraction_prior_width,24,0.010637706932174903,0.0024144894490800706,0.07674559983445542,-0.0963505581170071,-0.03545219046408623,0.07199907915649707,0.11218652852387101,-0.1424088583195735,0.19733133089985622,23,23,True
0,A_CN,A0_CN,u_x_gamma,2,0,log10_Agw,quantile,0.9,fraction_prior_width,24,0.014822606721627586,-0.0019685591645555167,0.07770665440805948,-0.0676672346545292,-0.030637619864108498,0.06475027731457375,0.16299453202165648,-0.13496746846130026,0.18278447802070452,23,24,True
0,A_CN,A0_CN,u_x_gamma,2,0,log10_Agw,quantile,0.95,fraction_prior_width,24,0.014415981501450383,0.0003057080093012421,0.07722545615952332,-0.0711294052240418,-0.029217924016108565,0.05491188790457252,0.16867901778772026,-0.12887724116233912,0.19288990886197743,23,24,True
0,A_CN,A0_CN,u_x_gamma,2,0,log10_Agw,central90_width,,fraction_prior_width,24,0.021038508697224307,-0.0031994126878109874,0.10479057987581956,-0.09531042588597412,-0.045325533259714765,0.07083159018678961,0.1776326052748115,-0.18556472411785513,0.2909393908164707,23,24,True
0,A_CN,A0_CN,u_x_gamma,2,0,gamma_gw,quantile,0.05,fraction_prior_width,24,0.0009190453013445005,0.0001258293224027443,0.036420168944846405,-0.0452855669959643,-0.0068767965817798215,0.005245324226727708,0.043505549946321484,-0.05755181469962237,0.14186733571522583,24,24,True
0,A_CN,A0_CN,u_x_gamma,2,0,gamma_gw,quantile,0.5,fraction_prior_width,24,-0.034603201932656945,-0.004268606328739544,0.11188912472305275,-0.19893234859087705,-0.04814235414761467,0.009880613929721671,0.07031750951929282,-0.4349857173954861,0.11636606449399733,24,24,True
0,A_CN,A0_CN,u_x_gamma,2,0,gamma_gw,quantile,0.9,fraction_prior_width,24,-0.04755462781978742,-0.006133326722267907,0.1315035469777022,-0.20685247328707945,-0.04741789760842771,0.005494157287283724,0.044549257756229685,-0.5830916851018393,0.04876663211381138,24,24,True
0,A_CN,A0_CN,u_x_gamma,2,0,gamma_gw,quantile,0.95,fraction_prior_width,24,-0.044619967531620446,-0.0040058749080127964,0.11963042337105774,-0.21928354214260437,-0.03286753968988465,0.0022646188311289672,0.02889086648751395,-0.5320079851664654,0.033644511411764055,24,24,True
0,A_CN,A0_CN,u_x_gamma,2,0,gamma_gw,central90_width,,fraction_prior_width,24,-0.04553901283296496,-0.0031180545540550053,0.10779360032125546,-0.1813986188615315,-0.03301448227968534,0.003173558920340297,0.0235268966130406,-0.4744561704668431,0.028420965730646786,24,24,True
0,A_CN,A0_CN,u_x_gamma,2,0,log10_Ar,quantile,0.05,fraction_prior_width,24,0.008390752666206907,-0.0006401171282413957,0.0654213092673394,-0.01745174210610626,-0.005205802946352851,0.0055299600151306,0.029324159670966576,-0.11627864960887287,0.28960684944845627,24,24,True
0,A_CN,A0_CN,u_x_gamma,2,0,log10_Ar,quantile,0.5,fraction_prior_width,24,0.02279133217337977,-0.0030388765617041236,0.13532440852012767,-0.12933868291673084,-0.034022885089451005,0.0187411725666059,0.19275111691449726,-0.16035221409865685,0.5402341298121176,24,24,True
0,A_CN,A0_CN,u_x_gamma,2,0,log10_Ar,quantile,0.9,fraction_prior_width,24,0.011435860818289881,-0.002556463293153566,0.0888124774569495,-0.10709300522604742,-0.04023133510273469,0.03847529066445354,0.14846070295339736,-0.1382646619539547,0.2689124033372855,24,24,True
0,A_CN,A0_CN,u_x_gamma,2,0,log10_Ar,quantile,0.95,fraction_prior_width,24,0.00616827440809653,-0.003420176518561413,0.0736615810594241,-0.09975582761985052,-0.04122453037117832,0.036971996292636033,0.12275354033859584,-0.10984967550173852,0.21835386313879213,24,24,True
0,A_CN,A0_CN,u_x_gamma,2,0,log10_Ar,central90_width,,fraction_prior_width,24,-0.0022224782581103755,-0.00303436918613037,0.05543132976528181,-0.08821139967220515,-0.042647990384446416,0.033791492665559114,0.09070642114844234,-0.09203690844611001,0.10246054498805157,24,24,True
0,A_CN,A0_CN,u_x_gamma,2,0,log10_EFAC,quantile,0.05,fraction_prior_width,24,0.01573021410542015,0.011857149096204604,0.05163241634152538,-0.07343453861767903,-0.009183670612958758,0.04190336305384993,0.10233943721434488,-0.11078703329654183,0.10575861959252751,24,24,True
0,A_CN,A0_CN,u_x_gamma,2,0,log10_EFAC,quantile,0.5,fraction_prior_width,24,-0.019016471483655865,-0.02175950959843212,0.04939210814673261,-0.07657612285203173,-0.039931318322093734,0.00105428951450115,0.05589042457689144,-0.13189900216987255,0.09485962922842317,24,24,True
0,A_CN,A0_CN,u_x_gamma,2,0,log10_EFAC,quantile,0.9,fraction_prior_width,24,-0.045683012684835066,-0.05211655403839391,0.045529947572206006,-0.11857285409556946,-0.0657451046234528,-0.020654507865113143,0.02621944162354442,-0.14303364003724828,0.04190265136411381,24,24,True
0,A_CN,A0_CN,u_x_gamma,2,0,log10_EFAC,quantile,0.95,fraction_prior_width,24,-0.05267089701561354,-0.06046285071533594,0.0454934029509581,-0.13093102825700806,-0.07425783373901035,-0.026857128444423256,0.018240114504803936,-0.14607341315356637,0.02678064867566654,24,24,True
0,A_CN,A0_CN,u_x_gamma,2,0,log10_EFAC,central90_width,,fraction_prior_width,24,-0.0684011111210337,-0.0705615018906729,0.03475559078473811,-0.11785527565974736,-0.08430028044850962,-0.06277351112275141,-0.035357284294472706,-0.13076947549959006,0.05224396930359643,24,24,True
0,A_CN,A0_CN,u_x_gamma,2,1,u,quantile,0.05,fraction_prior_width,25,0.004268575824264328,0.0015833940933211027,0.008879712195244907,-0.006700580666349957,-0.000955949137787411,0.010557585564837609,0.01870514249451243,-0.009719333532880077,0.019847081228989955,25,25,True
0,A_CN,A0_CN,u_x_gamma,2,1,u,quantile,0.5,fraction_prior_width,25,0.013371951980298773,0.009472127629416294,0.03879804136085385,-0.03914162462316806,-0.01364677285816307,0.02296298710442457,0.08182651050924054,-0.05090864613081725,0.0966052774158131,25,25,True
0,A_CN,A0_CN,u_x_gamma,2,1,u,quantile,0.9,fraction_prior_width,25,0.004377753691060424,0.0016537089803464466,0.014126303418021414,-0.011650638785543488,-0.004817614120503855,0.005332812760916017,0.03238093059724729,-0.02094881848881014,0.0370664589621994,25,25,True
0,A_CN,A0_CN,u_x_gamma,2,1,u,quantile,0.95,fraction_prior_width,25,0.0022836706221545187,0.0007582673690195163,0.007638645189068712,-0.006368275412574764,-0.0019733966424501093,0.0033222044943166384,0.017508608330731673,-0.011393392039150796,0.020754112471010333,25,25,True
0,A_CN,A0_CN,u_x_gamma,2,1,u,central90_width,,fraction_prior_width,25,-0.001984905202109806,-0.0006494617265014879,0.004759313826497984,-0.013038201347414489,-0.0029948897973658406,0.0007743873932423151,0.0027991460908679527,-0.01601650470479188,0.0029663919117826065,25,25,True
0,A_CN,A0_CN,u_x_gamma,2,1,log10_Agw,quantile,0.05,fraction_prior_width,25,0.017070868140260775,0.009438658251116859,0.05383824696983535,-0.06023909742640529,-0.007805632480715068,0.0463362377569041,0.10288666346390819,-0.13008263306202938,0.1146076366937998,25,25,True
0,A_CN,A0_CN,u_x_gamma,2,1,log10_Agw,quantile,0.5,fraction_prior_width,25,0.02043431328925438,0.035237290057487214,0.06469335984797131,-0.06126100198446862,-0.029196971876083055,0.05970759200607234,0.11535019133530985,-0.10267012750100424,0.1759018379320716,25,25,True
0,A_CN,A0_CN,u_x_gamma,2,1,log10_Agw,quantile,0.9,fraction_prior_width,25,0.0061909019082162665,0.006180825320477035,0.04633542658983408,-0.06831088986002146,-0.02582440125426977,0.03568226260553342,0.06965754001498493,-0.07128108482717355,0.09081755276032494,25,25,True
0,A_CN,A0_CN,u_x_gamma,2,1,log10_Agw,quantile,0.95,fraction_prior_width,25,0.0028475097784975544,0.002560246622846929,0.04171991757921415,-0.06125808439588656,-0.025169858553846014,0.03366386501378804,0.06212917094986793,-0.07016146756290703,0.07620508221150357,25,25,True
0,A_CN,A0_CN,u_x_gamma,2,1,log10_Agw,central90_width,,fraction_prior_width,25,-0.014223358361763224,-0.011492955516909764,0.05472297545194892,-0.09104869699158331,-0.04779639688796128,0.014337138670829641,0.06268782057803747,-0.1051992009962035,0.13702444955697712,25,25,True
0,A_CN,A0_CN,u_x_gamma,2,1,gamma_gw,quantile,0.05,fraction_prior_width,25,-0.003245295198850092,4.4828037810952515e-05,0.032933000317925155,-0.05773131162536527,-0.008342188653279344,0.006461029083338579,0.02490662663259044,-0.07742860794737594,0.10113009463497717,25,25,True
0,A_CN,A0_CN,u_x_gamma,2,1,gamma_gw,quantile,0.5,fraction_prior_width,25,-0.006485426972480395,-0.002085649753798713,0.07223117872349906,-0.12807443700922322,-0.038718472608797905,0.032015412013651545,0.08982006069848948,-0.1836717784680319,0.1226594901621908,25,25,True
0,A_CN,A0_CN,u_x_gamma,2,1,gamma_gw,quantile,0.9,fraction_prior_width,25,-0.020926620454074136,-0.0020638663956823455,0.0725528959414086,-0.17458161550707973,-0.017620612350309095,0.013797731851188821,0.027995635858597122,-0.27978251849242153,0.03756003748143277,25,25,True
0,A_CN,A0_CN,u_x_gamma,2,1,gamma_gw,quantile,0.95,fraction_prior_width,25,-0.01700079136887262,-0.00015501272098539243,0.053390019821017196,-0.12893760179953004,-0.010920622167771898,0.0074775389834503825,0.017411686394825564,-0.2103024357849398,0.01941905039485492,25,25,True
0,A_CN,A0_CN,u_x_gamma,2,1,gamma_gw,central90_width,,fraction_prior_width,25,-0.01375549617002253,-0.0015359122843002782,0.052510656212869045,-0.10742924249069778,-0.011510591749615773,0.003551098836016675,0.02961570879614003,-0.2019602471316604,0.06878764998045966,25,25,True
0,A_CN,A0_CN,u_x_gamma,2,1,log10_Ar,quantile,0.05,fraction_prior_width,25,-0.025885456536810816,-0.0009935315543449716,0.08140289362846026,-0.19946297119317763,-0.0165720571594145,0.003507639111865961,0.01864526841767872,-0.3200872925071619,0.08599966855820679,25,25,True
0,A_CN,A0_CN,u_x_gamma,2,1,log10_Ar,quantile,0.5,fraction_prior_width,25,-0.039318284664881104,-0.005781492304574143,0.11672611548764533,-0.21397286528886122,-0.08979321995381079,0.013792498079196525,0.07775251550230472,-0.36508571862353756,0.21382569373783777,25,25,True
0,A_CN,A0_CN,u_x_gamma,2,1,log10_Ar,quantile,0.9,fraction_prior_width,25,-0.009761608127992831,-0.006745578448517198,0.0510768239737263,-0.08515904912519838,-0.03475136732840434,0.013904236826553285,0.0723217353124313,-0.12819162054272104,0.10665396106522396,25,25,True
0,A_CN,A0_CN,u_x_gamma,2,1,log10_Ar,quantile,0.95,fraction_prior_width,25,-0.010615378701656684,-0.007579520295603714,0.04303863160501143,-0.0711412046491904,-0.03471930989267202,0.004890845392518717,0.04216678631548869,-0.11425615814799739,0.10576234591122291,25,25,True
0,A_CN,A0_CN,u_x_gamma,2,1,log10_Ar,central90_width,,fraction_prior_width,25,0.015270077835154126,0.0032485768504961765,0.08537871991757448,-0.09073264906766221,-0.026511567953460546,0.021582906838600757,0.16300200154509978,-0.11681221838831946,0.30954790219006106,25,25,True
0,A_CN,A0_CN,u_x_gamma,2,1,log10_EFAC,quantile,0.05,fraction_prior_width,25,0.013422544805028342,-1.241735281026779e-05,0.05367432020251968,-0.05054700131000118,-0.0178991713882527,0.05801887722089316,0.09005745370895601,-0.11642167537665521,0.09435088005944103,25,25,True
0,A_CN,A0_CN,u_x_gamma,2,1,log10_EFAC,quantile,0.5,fraction_prior_width,25,-0.026125977441980305,-0.027196022879947823,0.0534055813779167,-0.10280392714230399,-0.058092120352616794,0.027939950804043434,0.04482632811199607,-0.1548470501150575,0.04855895348336303,25,25,True
0,A_CN,A0_CN,u_x_gamma,2,1,log10_EFAC,quantile,0.9,fraction_prior_width,25,-0.052473656889145584,-0.0599119102298411,0.0527835737624935,-0.1311603077982045,-0.08911011879394015,0.004181470516180896,0.012909787003414183,-0.16548599535089592,0.027722301354930257,25,25,True
0,A_CN,A0_CN,u_x_gamma,2,1,log10_EFAC,quantile,0.95,fraction_prior_width,25,-0.0587819937589702,-0.0687150053540525,0.05331043419762149,-0.13895047196367302,-0.09249403944803547,-0.0022332975197073557,0.0067857013003270955,-0.16848310383931364,0.02337098015938155,25,25,True
0,A_CN,A0_CN,u_x_gamma,2,1,log10_EFAC,central90_width,,fraction_prior_width,25,-0.07220453856399853,-0.07539694370135985,0.02136266088629235,-0.10105372682961913,-0.08354610682072516,-0.06398713618857343,-0.050276558740181464,-0.10516117300846939,-0.001599257956886646,25,25,True
1,B_CN,A_CN,all500,-1,-1,u,quantile,0.05,fraction_prior_width,500,-0.006071800693023114,-0.002379905940115553,0.02826376353177445,-0.03579168577065658,-0.008093516345158923,0.004039211592065856,0.017460678899513433,-0.32499331324543973,0.06835904984071996,485,500,True
1,B_CN,A_CN,all500,-1,-1,u,quantile,0.5,fraction_prior_width,500,-0.003415122333091233,-0.01029822381289891,0.0725431535076971,-0.10837195754927462,-0.03332094174506173,0.0221273935365128,0.13071535699953915,-0.27599643205445873,0.2737647601169878,485,496,True
1,B_CN,A_CN,all500,-1,-1,u,quantile,0.9,fraction_prior_width,500,0.007108298294827779,-0.002983621365546585,0.046961383558764565,-0.035567392430729754,-0.00953803113520596,0.009090168012972771,0.0881812187341523,-0.1475380087340037,0.34624167387463284,485,500,True
1,B_CN,A_CN,all500,-1,-1,u,quantile,0.95,fraction_prior_width,500,0.00540218500639743,-0.0012658700719708205,0.03359385916591108,-0.019121269149929305,-0.004931795788212595,0.004601726685979274,0.05298131527902435,-0.09495317152609661,0.3296941202240896,485,500,True
1,B_CN,A_CN,all500,-1,-1,u,central90_width,,fraction_prior_width,500,0.011473985699420543,0.0021322941953741403,0.03492042849866781,-0.004765798267133003,2.2706834021335442e-05,0.009386861610093278,0.06044886947435873,-0.0900045046887582,0.3134852093315482,485,500,True
1,B_CN,A_CN,all500,-1,-1,log10_Agw,quantile,0.05,fraction_prior_width,500,-0.06783457240103583,-0.0088913389126001,0.13758750621750496,-0.37863292287187555,-0.09763782156959411,0.012391674910386452,0.038995436596375506,-0.7939924384820812,0.39583196917291774,482,495,True
1,B_CN,A_CN,all500,-1,-1,log10_Agw,quantile,0.5,fraction_prior_width,500,0.0118356748799512,0.01117397211822857,0.13342558575450414,-0.20605224651492438,-0.0796443459296595,0.09491546760252235,0.23390900791196254,-0.4748323909237735,0.49609385199803435,482,491,True
1,B_CN,A_CN,all500,-1,-1,log10_Agw,quantile,0.9,fraction_prior_width,500,0.0629680700697675,0.041259370708881304,0.11396527878011488,-0.097804245710993,-0.012251462782299494,0.13227183875406923,0.26864101255989425,-0.2530245924349427,0.4404065497083895,482,499,True
1,B_CN,A_CN,all500,-1,-1,log10_Agw,quantile,0.95,fraction_prior_width,500,0.06913605759070596,0.045646655778019574,0.10702264587284406,-0.07487597029217725,-0.005525737762810762,0.1337714582117179,0.2693189948333316,-0.21987517443330207,0.42086382710823517,482,499,True
1,B_CN,A_CN,all500,-1,-1,log10_Agw,central90_width,,fraction_prior_width,500,0.13697062999174178,0.1203749472279192,0.13099610980486065,-0.05367895031062767,0.05293500058206581,0.20254057813852472,0.3877124802201016,-0.30330985550301626,0.7207324128474177,482,494,True
1,B_CN,A_CN,all500,-1,-1,gamma_gw,quantile,0.05,fraction_prior_width,500,-0.03854306708522601,0.0008872712182432588,0.10966031637357596,-0.2994834098293639,-0.02902820979528132,0.01017171218981066,0.03288617370015407,-0.5956817664228731,0.11710070990070066,484,499,True
1,B_CN,A_CN,all500,-1,-1,gamma_gw,quantile,0.5,fraction_prior_width,500,0.007615353563572913,0.021909073312188054,0.14486135870991892,-0.27383235655594024,-0.05881746646321148,0.08798232762132834,0.24896864635361687,-0.4080930134605227,0.4278145594012661,484,498,True
1,B_CN,A_CN,all500,-1,-1,gamma_gw,quantile,0.9,fraction_prior_width,500,0.048876772939684586,0.019129556675984927,0.12275637567191336,-0.06539076996012184,-0.02060337192894024,0.06821577088795136,0.3307499743577948,-0.09271680418955908,0.7062797407905874,484,499,True
1,B_CN,A_CN,all500,-1,-1,gamma_gw,quantile,0.95,fraction_prior_width,500,0.04164015563608162,0.010762969786761722,0.10817751557115343,-0.034621026403973965,-0.011150101698916254,0.04306072071763917,0.2676615185606102,-0.047776151269517286,0.736070011572507,484,499,True
1,B_CN,A_CN,all500,-1,-1,gamma_gw,central90_width,,fraction_prior_width,500,0.08018322272130762,0.021688305738681246,0.13006098119660095,-0.005549073096170409,0.0030990480097964346,0.09775246190212084,0.36277969224210344,-0.04580913403028042,0.6929448564227301,484,498,True
1,B_CN,A_CN,all500,-1,-1,log10_Ar,quantile,0.05,fraction_prior_width,500,-0.029600527818294566,0.003001020466649691,0.12758371640604216,-0.1692049597417544,-0.008409614938197819,0.010559433251562686,0.022551121226749293,-0.8678750100342966,0.08049395217305472,484,500,True
1,B_CN,A_CN,all500,-1,-1,log10_Ar,quantile,0.5,fraction_prior_width,500,-0.0009076458588870615,0.02955016653922346,0.16878893868480271,-0.35112272104196324,-0.07176636503455065,0.10287764832666009,0.2179000745471462,-0.48120488080836554,0.4610256966790948,484,491,True
1,B_CN,A_CN,all500,-1,-1,log10_Ar,quantile,0.9,fraction_prior_width,500,0.08718155809391182,0.06601221667593915,0.10924911840019039,-0.06099310691904033,0.003105393744225443,0.16182652012108562,0.2869170673527714,-0.13200166843406336,0.3748274458199413,484,497,True
1,B_CN,A_CN,all500,-1,-1,log10_Ar,quantile,0.95,fraction_prior_width,500,0.09369005815447776,0.07010878970866807,0.10011252947717911,-0.02566982074322503,0.009300403365653354,0.16328540544225056,0.2821000273661066,-0.09053348239187964,0.3469510217156063,484,496,True
1,B_CN,A_CN,all500,-1,-1,log10_Ar,central90_width,,fraction_prior_width,500,0.1232905859727723,0.0946007065522026,0.13089019428380305,-0.007327197613041847,0.030392667112707217,0.1807027234305358,0.3042510823089086,-0.04420736185249041,0.8224737853150457,484,496,True
1,B_CN,A_CN,all500,-1,-1,log10_EFAC,quantile,0.05,fraction_prior_width,500,-0.08827686130098601,-0.05133337709063199,0.13423618135375118,-0.3293686512919566,-0.12706135735228818,-0.00464189887486934,0.03564773134922286,-0.7256864419974338,0.35636076643088266,484,500,True
1,B_CN,A_CN,all500,-1,-1,log10_EFAC,quantile,0.5,fraction_prior_width,500,0.017573784937291365,0.004134785832617449,0.09821929580327483,-0.12265943010442464,-0.02791088075743175,0.04803801426257507,0.1896491597134894,-0.30865962345066766,0.6188062758307739,484,496,True
1,B_CN,A_CN,all500,-1,-1,log10_EFAC,quantile,0.9,fraction_prior_width,500,0.07581953092210907,0.04270128186765387,0.11663893003049361,-0.031532367514632724,0.007218174564648405,0.10631896972568497,0.3360620852977419,-0.15057134186387489,0.6852276547679945,484,498,True
1,B_CN,A_CN,all500,-1,-1,log10_EFAC,quantile,0.95,fraction_prior_width,500,0.08967514493476518,0.05181205995389171,0.12328147781405621,-0.017719521101565147,0.016075052894963835,0.11969180928493695,0.3608661658013923,-0.11379218559520554,0.6826323725637182,484,500,True
1,B_CN,A_CN,all500,-1,-1,log10_EFAC,central90_width,,fraction_prior_width,500,0.1779520062357512,0.12538685030825616,0.15303205617192464,0.029316710620959235,0.07000318434180156,0.22806323439646164,0.5330865813817137,-0.03254986963765982,0.7221162237445515,484,500,True
1,B_CN,A_CN,u,0,-1,u,quantile,0.05,fraction_prior_width,243,-0.004118768684236415,-0.0020871974593896572,0.023493164821703064,-0.03293659086620576,-0.008102762106408364,0.004420905537135655,0.022158452852872802,-0.2344255266922728,0.06835904984071996,234,243,True
1,B_CN,A_CN,u,0,-1,u,quantile,0.5,fraction_prior_width,243,0.003313072761343824,-0.007141324039624697,0.07398192475992109,-0.09462971731297351,-0.029708876211590518,0.025885182203009893,0.16479773471811782,-0.27599643205445873,0.25349997066211377,234,241,True
1,B_CN,A_CN,u,0,-1,u,quantile,0.9,fraction_prior_width,243,0.011548499479381505,-0.0015404233012079604,0.052530706453559686,-0.03378923826412975,-0.008217245374441573,0.013996303968124513,0.10518862521467233,-0.1475380087340037,0.34624167387463284,234,243,True
1,B_CN,A_CN,u,0,-1,u,quantile,0.95,fraction_prior_width,243,0.00834024230021165,-0.0008719291061682899,0.039267719350552586,-0.01756587250500209,-0.004404593191808415,0.007181332682061781,0.06259073412978189,-0.09495317152609661,0.3296941202240896,234,243,True
1,B_CN,A_CN,u,0,-1,u,central90_width,,fraction_prior_width,243,0.012459010984448066,0.0026013724894331514,0.036893069949099126,-0.00482493763825772,0.00013622929898321479,0.011536062282501758,0.06436987874862807,-0.0900045046887582,0.3134852093315482,234,243,True
1,B_CN,A_CN,u,0,-1,log10_Agw,quantile,0.05,fraction_prior_width,243,-0.0630950357380019,-0.016169172789289588,0.12911148504337486,-0.3642423972783773,-0.0955973909401622,0.012333233974091952,0.03888031881231589,-0.5921959174405935,0.39583196917291774,232,240,True
1,B_CN,A_CN,u,0,-1,log10_Agw,quantile,0.5,fraction_prior_width,243,0.009582407804405349,0.010045284656571896,0.13603381421090466,-0.22478103072429184,-0.08226231768371142,0.09343166925973462,0.2298473944152639,-0.4748323909237735,0.38100163391071046,232,237,True
1,B_CN,A_CN,u,0,-1,log10_Agw,quantile,0.9,fraction_prior_width,243,0.06254811249931269,0.0469559902090938,0.11412270756857035,-0.10352381555473152,-0.010474400080150659,0.13479667617110452,0.2651054907713814,-0.2530245924349427,0.4343992473881323,232,242,True
1,B_CN,A_CN,u,0,-1,log10_Agw,quantile,0.95,fraction_prior_width,243,0.0690908315062249,0.049199714522068394,0.10670922553908742,-0.0753680652760583,-0.004104855727209145,0.13585940485141046,0.2608103244666993,-0.21987517443330207,0.42086382710823517,232,242,True
1,B_CN,A_CN,u,0,-1,log10_Agw,central90_width,,fraction_prior_width,243,0.13218586724422682,0.11762780680443785,0.12190004733998586,-0.03388738998776749,0.052237216779607465,0.1984752265505394,0.3573715416530661,-0.30330985550301626,0.5616546344903748,232,239,True
1,B_CN,A_CN,u,0,-1,gamma_gw,quantile,0.05,fraction_prior_width,243,-0.04531738837366333,-0.00013283122131694386,0.11514192107585941,-0.31589535215349906,-0.03666368660286889,0.008869824841979648,0.03090689031822926,-0.5873294336645214,0.07744143568994763,233,242,True
1,B_CN,A_CN,u,0,-1,gamma_gw,quantile,0.5,fraction_prior_width,243,0.0031836496574822893,0.02033648173020164,0.14583438385454814,-0.28586990595393114,-0.059170566254680035,0.08926118251437976,0.23389676201885864,-0.4080930134605227,0.380972285631376,233,241,True
1,B_CN,A_CN,u,0,-1,gamma_gw,quantile,0.9,fraction_prior_width,243,0.04579358040277716,0.017995804301340845,0.11731763371424742,-0.07102221749953885,-0.020606786723984638,0.067490288301843,0.30240008744811675,-0.09271680418955908,0.7062797407905874,233,242,True
1,B_CN,A_CN,u,0,-1,gamma_gw,quantile,0.95,fraction_prior_width,243,0.03853372668786047,0.010616963093587728,0.1017867934856568,-0.03571028599161392,-0.011404275429549804,0.04285804390683351,0.228043531378395,-0.047776151269517286,0.736070011572507,233,242,True
1,B_CN,A_CN,u,0,-1,gamma_gw,central90_width,,fraction_prior_width,243,0.08385111506152378,0.023657430660953827,0.13019661838296942,-0.005778759971801461,0.0033018379918331453,0.10898682050664776,0.35338141331368994,-0.04580913403028042,0.6929448564227301,233,241,True
1,B_CN,A_CN,u,0,-1,log10_Ar,quantile,0.05,fraction_prior_width,243,-0.021730255098202457,0.0028698975546569486,0.1085044972029141,-0.09465794869441885,-0.006592732571304251,0.009175175515979237,0.02128292723611776,-0.8396409039342484,0.0427080578930884,233,243,True
1,B_CN,A_CN,u,0,-1,log10_Ar,quantile,0.5,fraction_prior_width,243,0.0025081329344457206,0.02799135953385934,0.14867540731904624,-0.29797880600081555,-0.05767441699462561,0.0907784872392711,0.21022991464485302,-0.48120488080836554,0.332025701688268,233,237,True
1,B_CN,A_CN,u,0,-1,log10_Ar,quantile,0.9,fraction_prior_width,243,0.0831289976043144,0.06713036355178958,0.10614864096462129,-0.053929301958654495,-0.001784149832995019,0.15685782891527128,0.2798445945026389,-0.13200166843406336,0.3748274458199413,233,242,True
1,B_CN,A_CN,u,0,-1,log10_Ar,quantile,0.95,fraction_prior_width,243,0.09056292787537838,0.07125663269082194,0.09905117352812366,-0.022746507535575177,0.005704229306582931,0.15739504750586536,0.28175839116949214,-0.09053348239187964,0.3469510217156063,233,241,True
1,B_CN,A_CN,u,0,-1,log10_Ar,central90_width,,fraction_prior_width,243,0.11229318297358083,0.08872904710637652,0.12372943890298098,-0.009807414901142597,0.018111145798649253,0.17328948397768656,0.3037913911578057,-0.04420736185249041,0.8224737853150457,233,241,True
1,B_CN,A_CN,u,0,-1,log10_EFAC,quantile,0.05,fraction_prior_width,243,-0.08417269186751497,-0.045893958037437156,0.14177021676925555,-0.32482281664937585,-0.11445404874129221,-0.002253332546645087,0.03654008641956977,-0.7256864419974338,0.20332681316266848,234,243,True
1,B_CN,A_CN,u,0,-1,log10_EFAC,quantile,0.5,fraction_prior_width,243,0.027223911616636537,0.006455750255250858,0.10911551315524634,-0.12727958191839778,-0.01930685530393017,0.06317622595159417,0.2252450770541534,-0.30865962345066766,0.6188062758307739,234,242,True
1,B_CN,A_CN,u,0,-1,log10_EFAC,quantile,0.9,fraction_prior_width,243,0.08846924646296209,0.04360158309584683,0.13361803875830613,-0.025902394121857512,0.011227867654664131,0.11687187701279142,0.38184507793660827,-0.15057134186387489,0.6852276547679945,234,241,True
1,B_CN,A_CN,u,0,-1,log10_EFAC,quantile,0.95,fraction_prior_width,243,0.10267659278204694,0.053057093550010176,0.14138953943868068,-0.011746617314007304,0.01664610655403865,0.13518581196701673,0.4387323230641702,-0.11379218559520554,0.6826323725637182,234,243,True
1,B_CN,A_CN,u,0,-1,log10_EFAC,central90_width,,fraction_prior_width,243,0.1868492846495619,0.12944333462318713,0.1655766260224864,0.028308927820910768,0.07108491667398577,0.22392799072798147,0.5431373921535886,-0.03254986963765982,0.7221162237445515,234,243,True
1,B_CN,A_CN,u,1,-1,u,quantile,0.05,fraction_prior_width,208,-0.00664713290296206,-0.0023894840535887765,0.031762029364894584,-0.034036521370829756,-0.00751498631165492,0.004267373546502836,0.01514169428255649,-0.32499331324543973,0.03532074335744407,203,208,True
1,B_CN,A_CN,u,1,-1,u,quantile,0.5,fraction_prior_width,208,-0.0040267893821101155,-0.010894001063891434,0.07120153756910841,-0.1115394254914667,-0.034012147252786035,0.022849887021946194,0.11377599741514273,-0.24413768218900478,0.2737647601169878,203,206,True
1,B_CN,A_CN,u,1,-1,u,quantile,0.9,fraction_prior_width,208,0.0058568527570926916,-0.0030530946977245232,0.04394595020140505,-0.03261340343555303,-0.009558429364709548,0.007974433878226495,0.06669322943799277,-0.07709363777279943,0.28229351504421574,203,208,True
1,B_CN,A_CN,u,1,-1,u,quantile,0.95,fraction_prior_width,208,0.004431009568299183,-0.0010780578009410013,0.029363070740025313,-0.017024408906271365,-0.004931795788212595,0.003859698381357024,0.036123086615673955,-0.06181986185037469,0.199461079256114,203,208,True
1,B_CN,A_CN,u,1,-1,u,central90_width,,fraction_prior_width,208,0.011078142471261248,0.0020035248641609993,0.03434426552540838,-0.004398832543560538,6.714057902812431e-05,0.008060275447094367,0.056429833367666604,-0.04933122239557175,0.3003205400918847,203,208,True
1,B_CN,A_CN,u,1,-1,log10_Agw,quantile,0.05,fraction_prior_width,208,-0.06907526804102121,-0.006093889142296242,0.1434744986495811,-0.41239201707221507,-0.09419677877465761,0.012257303031102115,0.03776009017527061,-0.7939924384820812,0.2592137910195754,203,206,True
1,B_CN,A_CN,u,1,-1,log10_Agw,quantile,0.5,fraction_prior_width,208,0.014651521337445735,0.012990416974043295,0.125470073029036,-0.19005433236552907,-0.06745951444359047,0.09447968522849656,0.22448067392748555,-0.3001249633619062,0.49609385199803435,203,206,True
1,B_CN,A_CN,u,1,-1,log10_Agw,quantile,0.9,fraction_prior_width,208,0.06307453343454276,0.03930310015562222,0.11267765985875645,-0.0848766756983966,-0.01165647520982696,0.12850480316398724,0.26878406754126843,-0.22333130397412115,0.4404065497083895,203,208,True
1,B_CN,A_CN,u,1,-1,log10_Agw,quantile,0.95,fraction_prior_width,208,0.06879908874403351,0.04245694743770856,0.10697829155865538,-0.06543750592786722,-0.005941597778690494,0.12579076337449502,0.27351698530489504,-0.1928869869624028,0.4094790284614934,203,208,True
1,B_CN,A_CN,u,1,-1,log10_Agw,central90_width,,fraction_prior_width,208,0.13787435678505472,0.12113452957242046,0.1394292135139068,-0.0705557410637798,0.057063904359742845,0.20246986877730522,0.41229661995914935,-0.24072343417880904,0.7207324128474177,203,206,True
1,B_CN,A_CN,u,1,-1,gamma_gw,quantile,0.05,fraction_prior_width,208,-0.03583849726155089,0.001349180677770876,0.11033234678205138,-0.27265306562810027,-0.028174536139647655,0.010464270770708438,0.034970794717416584,-0.5956817664228731,0.11710070990070066,203,208,True
1,B_CN,A_CN,u,1,-1,gamma_gw,quantile,0.5,fraction_prior_width,208,0.0075082388392308675,0.022315467859494953,0.14324634324153498,-0.2475995489412828,-0.05679155234794904,0.08823740887905572,0.24650468586525714,-0.4022782313953211,0.4278145594012661,203,208,True
1,B_CN,A_CN,u,1,-1,gamma_gw,quantile,0.9,fraction_prior_width,208,0.04817439464873074,0.02144707966540038,0.12008874591471114,-0.06442717420762786,-0.019958349646129386,0.06928564632167716,0.3152120971285188,-0.08528598403854437,0.6681254062289483,203,208,True
1,B_CN,A_CN,u,1,-1,gamma_gw,quantile,0.95,fraction_prior_width,208,0.04132706259384562,0.012428318230222668,0.1065263496500258,-0.03277411893758407,-0.010854282086861594,0.04355441268388091,0.256856377621272,-0.043446574285318174,0.661606102664721,203,208,True
1,B_CN,A_CN,u,1,-1,gamma_gw,central90_width,,fraction_prior_width,208,0.0771655598553965,0.02298133808371655,0.12862348638995016,-0.00506974054849491,0.0030990480097964346,0.08044396210742744,0.3609709953646946,-0.016700507526026698,0.6160159128780884,203,208,True
1,B_CN,A_CN,u,1,-1,log10_Ar,quantile,0.05,fraction_prior_width,208,-0.03418576787107032,0.0030437582823858306,0.13193318690667807,-0.18653343287244253,-0.010227566345565039,0.011235573446486307,0.0219230565147694,-0.7780947956777374,0.08049395217305472,203,208,True
1,B_CN,A_CN,u,1,-1,log10_Ar,quantile,0.5,fraction_prior_width,208,-0.00584364235492634,0.02955016653922346,0.18301708701322342,-0.3821883045594523,-0.0751185565294121,0.10863110346080043,0.21473365327976365,-0.46945934631675423,0.4610256966790948,203,205,True
1,B_CN,A_CN,u,1,-1,log10_Ar,quantile,0.9,fraction_prior_width,208,0.08820172251224953,0.062191203417483354,0.11006988248064045,-0.06292392969483152,0.008341465602175246,0.1575487332007167,0.2920817971551628,-0.12510750734119136,0.3615631389099677,203,206,True
1,B_CN,A_CN,u,1,-1,log10_Ar,quantile,0.95,fraction_prior_width,208,0.09393599950848837,0.06843864270479644,0.10011897818601531,-0.028457268182525884,0.014715379152469843,0.15670281569203837,0.28553893354636706,-0.08259547977558013,0.32916341979002894,203,206,True
1,B_CN,A_CN,u,1,-1,log10_Ar,central90_width,,fraction_prior_width,208,0.1281217673795587,0.09514967201130875,0.1293839533092185,-0.0038853509681606975,0.03908049282152576,0.18500614064436524,0.29894475987645586,-0.026620429416031044,0.7436613136860096,203,206,True
1,B_CN,A_CN,u,1,-1,log10_EFAC,quantile,0.05,fraction_prior_width,208,-0.09220117302551938,-0.05391899116345228,0.1326214562935991,-0.3784198557147482,-0.1385422620039003,-0.00422204672401358,0.03483056205052086,-0.5711773050392409,0.35636076643088266,202,208,True
1,B_CN,A_CN,u,1,-1,log10_EFAC,quantile,0.5,fraction_prior_width,208,0.010756466237774525,0.0038328327141042284,0.0890361723266232,-0.12175467756055047,-0.03254200655723774,0.04379362866796317,0.17527979110572556,-0.2577101928091153,0.48860984849242906,202,205,True
1,B_CN,A_CN,u,1,-1,log10_EFAC,quantile,0.9,fraction_prior_width,208,0.06858236233187555,0.042717265172304675,0.10145737000914802,-0.027690701793800784,0.00784930437658539,0.08718772862468174,0.27831966901310035,-0.1372597044577865,0.5248622873024736,202,208,True
1,B_CN,A_CN,u,1,-1,log10_EFAC,quantile,0.95,fraction_prior_width,208,0.08251996563722677,0.05151981780994691,0.10731907151570962,-0.014039121625249711,0.017798681512016717,0.10527797036610295,0.30878429152671316,-0.09598394323963666,0.5817856587665087,202,208,True
1,B_CN,A_CN,u,1,-1,log10_EFAC,central90_width,,fraction_prior_width,208,0.17472113866274613,0.1285079892781989,0.14592641636680787,0.03135747637452939,0.0698976958739699,0.23010616284788699,0.5038927217381659,-0.0103559956876349,0.6800722327824527,202,208,True
1,B_CN,A_CN,u,2,-1,u,quantile,0.05,fraction_prior_width,49,-0.013315018620938769,-0.0046431267120746605,0.03312255965353397,-0.04943172656379832,-0.008127925171278062,0.001254112846134199,0.007014195689486749,-0.16588806347018104,0.013041451133844743,48,49,True
1,B_CN,A_CN,u,2,-1,u,quantile,0.5,fraction_prior_width,49,-0.034185013389250236,-0.020273334389504294,0.06366535817122321,-0.14131541195296538,-0.04047676031065173,-0.007156099323229026,0.032270317242976645,-0.2500556358695465,0.07953753595837904,48,49,True
1,B_CN,A_CN,u,2,-1,u,quantile,0.9,fraction_prior_width,49,-0.0095992163173693,-0.0073447465122112865,0.017154255025733468,-0.04271736121230387,-0.013310640945331409,-0.0008142271349967922,0.009589951654962414,-0.057142041940144384,0.032586818833853615,48,49,True
1,B_CN,A_CN,u,2,-1,u,quantile,0.95,fraction_prior_width,49,-0.0050456401216111574,-0.004030050034333987,0.00898669468496611,-0.02230167716466793,-0.006659749861444686,3.7616615365609896e-05,0.005042313936471563,-0.029965758202572745,0.017594799982776133,48,49,True
1,B_CN,A_CN,u,2,-1,u,central90_width,,fraction_prior_width,49,0.008269378499327604,0.0011980026379391218,0.026684449978632976,-0.0046544262120038924,-0.0019206356487241338,0.0041279579698649815,0.031627826636383166,-0.016830205705211987,0.13725411793508357,48,49,True
1,B_CN,A_CN,u,2,-1,log10_Agw,quantile,0.05,fraction_prior_width,49,-0.0860721788500212,-0.013096171524527356,0.15336417752252485,-0.3597380663438326,-0.14052430061293425,0.013999903208680713,0.05486441257612784,-0.6040463212927198,0.10358838110744226,47,49,True
1,B_CN,A_CN,u,2,-1,log10_Agw,quantile,0.5,fraction_prior_width,49,0.01105705929217117,0.024460748970296486,0.15434493960040543,-0.2340774515341527,-0.12263852609225456,0.11325416075054784,0.2844345705885085,-0.2630365525262889,0.354574321971057,47,48,True
1,B_CN,A_CN,u,2,-1,log10_Agw,quantile,0.9,fraction_prior_width,49,0.06459879067685446,0.04096945050128975,0.12084320363475677,-0.09467162044319975,-0.015140870107107296,0.1103671562710874,0.28683015480423635,-0.12271708904226997,0.34778216703120357,47,49,True
1,B_CN,A_CN,u,2,-1,log10_Agw,quantile,0.95,fraction_prior_width,49,0.07079074042002771,0.045653618788634054,0.1109344731507891,-0.07576897387028217,-0.006047293728759784,0.12609739918586826,0.27738785591192144,-0.0940883084312295,0.3408041595521255,47,49,True
1,B_CN,A_CN,u,2,-1,log10_Agw,central90_width,,fraction_prior_width,49,0.15686291927004892,0.13565786264908408,0.13825510676748587,-0.02290983114410959,0.055375372313106075,0.24192573084811353,0.4054501172538804,-0.076354307819407,0.5703412585951513,47,49,True
1,B_CN,A_CN,u,2,-1,gamma_gw,quantile,0.05,fraction_prior_width,49,-0.016428586477759827,0.0028440416089768328,0.0700919684471659,-0.12092217492668084,-0.016832927950711757,0.010009982887130044,0.03665452896726096,-0.3701437602468052,0.06111503414156936,48,49,True
1,B_CN,A_CN,u,2,-1,gamma_gw,quantile,0.5,fraction_prior_width,49,0.030047678295066143,0.02363968791937171,0.14773812281209966,-0.21640128186558763,-0.05452671491291339,0.08658476544498056,0.30685614619751556,-0.3068495177325826,0.4057454157561507,48,49,True
1,B_CN,A_CN,u,2,-1,gamma_gw,quantile,0.9,fraction_prior_width,49,0.06714841520472348,0.01257015760576663,0.15710688163962838,-0.062214234802542935,-0.022002848168574785,0.0669010607261088,0.42073906301079883,-0.0791183360297194,0.6615333665094042,48,49,True
1,B_CN,A_CN,u,2,-1,gamma_gw,quantile,0.95,fraction_prior_width,49,0.05837455537491486,0.007480486851260237,0.14194604924334375,-0.03265522802194993,-0.010455639886824408,0.04134945209963703,0.37908732905168613,-0.04071557143006177,0.6507136301539764,48,49,True
1,B_CN,A_CN,u,2,-1,gamma_gw,central90_width,,fraction_prior_width,49,0.07480314185267468,0.016549151331458845,0.13751084064225322,-0.005033269721424016,0.003306624172763173,0.05054885405350806,0.36687703044803616,-0.006185118723599836,0.6090484382352948,48,49,True
1,B_CN,A_CN,u,2,-1,log10_Ar,quantile,0.05,fraction_prior_width,49,-0.04916677965513178,0.004456118862698408,0.18439667868754853,-0.3484293838972586,-0.010891891085157562,0.013686141556210236,0.025586611068578693,-0.8678750100342966,0.03061143195285379,48,49,True
1,B_CN,A_CN,u,2,-1,log10_Ar,quantile,0.5,fraction_prior_width,49,0.0031056811696089093,0.05216590655696951,0.20025474693331835,-0.39975108633067247,-0.09389088089385095,0.13790129114570343,0.24232061961457227,-0.4773516117478105,0.29904191056867,48,49,True
1,B_CN,A_CN,u,2,-1,log10_Ar,quantile,0.9,fraction_prior_width,49,0.10294845605223689,0.0667154456525223,0.12116916579347349,-0.06284980476403515,0.005581800299912398,0.219670414090681,0.2772194273494307,-0.10009447551428485,0.3242532956444478,48,49,True
1,B_CN,A_CN,u,2,-1,log10_Ar,quantile,0.95,fraction_prior_width,49,0.10815407562768053,0.0850900410902623,0.10600446354630219,-0.017750279400667823,0.0101575777394044,0.20155344205178727,0.27032331164896356,-0.05764826925582134,0.3191794801624761,48,49,True
1,B_CN,A_CN,u,2,-1,log10_Ar,central90_width,,fraction_prior_width,49,0.15732085528281234,0.1443272758687415,0.16380919950804565,0.006234737307302241,0.03971027339021327,0.2132659605769447,0.34857412665696264,-0.00896885918315693,0.8123085473199338,48,49,True
1,B_CN,A_CN,u,2,-1,log10_EFAC,quantile,0.05,fraction_prior_width,49,-0.09197188851793557,-0.06958721229067866,0.09989305936670045,-0.28162748867359216,-0.1560666914535408,-0.02450571039507654,0.015597042441174169,-0.3242276921084762,0.15085533344634244,48,49,True
1,B_CN,A_CN,u,2,-1,log10_EFAC,quantile,0.5,fraction_prior_width,49,-0.00134414350314482,-0.0013939684786203888,0.0709688661992599,-0.08748623125743493,-0.049522828223789506,0.03349462173836376,0.10492576161216993,-0.21718994886952217,0.18442717029808797,48,49,True
1,B_CN,A_CN,u,2,-1,log10_EFAC,quantile,0.9,fraction_prior_width,49,0.04380831031682941,0.025685556844952717,0.07031721464869345,-0.05204898106034579,-0.0014057497551995812,0.07084982999246481,0.16952846660655083,-0.11143875886468144,0.2028093782296441,48,49,True
1,B_CN,A_CN,u,2,-1,log10_EFAC,quantile,0.95,fraction_prior_width,49,0.05557158303677587,0.04595348464707716,0.07264750452080652,-0.0417298479195894,-0.0005987322067092515,0.07867815977928505,0.1816054053216112,-0.0865193198062858,0.24895788864707258,48,49,True
1,B_CN,A_CN,u,2,-1,log10_EFAC,central90_width,,fraction_prior_width,49,0.14754347155471143,0.11903014671126178,0.10961336488932241,0.03539785717504577,0.06128374046250981,0.19314081500440194,0.37284063218095315,0.023828820505017112,0.45815772055910564,48,49,True
1,B_CN,A_CN,gamma,-1,0,u,quantile,0.05,fraction_prior_width,233,-0.010946515503841391,-0.003749072034775827,0.036340473973959654,-0.045264666082254226,-0.009133553448247247,0.00145593644231512,0.009759852262153222,-0.32499331324543973,0.025882401730055946,225,233,True
1,B_CN,A_CN,gamma,-1,0,u,quantile,0.5,fraction_prior_width,233,-0.01865551173917284,-0.015672364615819334,0.06282448548306685,-0.11336202058604716,-0.03776920263524841,0.008205449489388894,0.0763490564539262,-0.27599643205445873,0.24454016702564263,225,231,True
1,B_CN,A_CN,gamma,-1,0,u,quantile,0.9,fraction_prior_width,233,-0.0018606371178411937,-0.004795759637749808,0.027821623775409948,-0.033080383261590705,-0.011221422754130406,0.003020055622461326,0.03660414990661701,-0.07880897675977983,0.28229351504421574,225,233,True
1,B_CN,A_CN,gamma,-1,0,u,quantile,0.95,fraction_prior_width,233,-0.0005603513425466829,-0.0026939471359991307,0.017292584451408282,-0.01701850687853985,-0.00567772108433795,0.0012289954505178002,0.01977183007456999,-0.04140509409045767,0.199461079256114,225,233,True
1,B_CN,A_CN,gamma,-1,0,u,central90_width,,fraction_prior_width,233,0.01038616416129471,0.0018123226146019578,0.032722569079289415,-0.003874397511176175,3.840665758592099e-05,0.006689376267487335,0.03706332179633115,-0.007681379038786629,0.3003205400918847,225,233,True
1,B_CN,A_CN,gamma,-1,0,log10_Agw,quantile,0.05,fraction_prior_width,233,-0.06947578927577314,-0.004167377637267121,0.14221533642925643,-0.37297651734611786,-0.10186858425352119,0.015412769185769313,0.03932360926850766,-0.7939924384820812,0.15872701505419548,222,230,True
1,B_CN,A_CN,gamma,-1,0,log10_Agw,quantile,0.5,fraction_prior_width,233,0.021468665005990636,0.010045284656571896,0.14599749014025598,-0.20268633225367505,-0.08514889846944351,0.12204207735569655,0.2622644155357374,-0.31523563560233925,0.49609385199803435,222,225,True
1,B_CN,A_CN,gamma,-1,0,log10_Agw,quantile,0.9,fraction_prior_width,233,0.07502825952969101,0.04154929091647286,0.12547193820343505,-0.09061177161146854,-0.015887159281495644,0.16818581735898996,0.30565169096896516,-0.22333130397412115,0.4404065497083895,222,232,True
1,B_CN,A_CN,gamma,-1,0,log10_Agw,quantile,0.95,fraction_prior_width,233,0.08190401469652013,0.04606852766942737,0.11738779114959,-0.05988177381301161,-0.005870624681169168,0.1718806385393486,0.29807044159745527,-0.1928869869624028,0.42086382710823517,222,232,True
1,B_CN,A_CN,gamma,-1,0,log10_Agw,central90_width,,fraction_prior_width,233,0.15137980397229328,0.14375603345220234,0.1270281763805068,-0.04329619722311308,0.06937806475589903,0.22916619487228518,0.3679932753017939,-0.17223272561693914,0.7207324128474177,222,229,True
1,B_CN,A_CN,gamma,-1,0,gamma_gw,quantile,0.05,fraction_prior_width,233,-0.010823860287843256,0.004808681178663073,0.06407754140263631,-0.111765545591526,-0.009910764287123765,0.011507165986363154,0.033288662403372096,-0.5956817664228731,0.06111503414156936,224,232,True
1,B_CN,A_CN,gamma,-1,0,gamma_gw,quantile,0.5,fraction_prior_width,233,0.048593039960434035,0.04736160634240211,0.12850066710000288,-0.15782375421617545,-0.01446824870878749,0.10959881165652197,0.2778649637102297,-0.3929145590498644,0.4278145594012661,224,232,True
1,B_CN,A_CN,gamma,-1,0,gamma_gw,quantile,0.9,fraction_prior_width,233,0.07694791344764625,0.039572764400112925,0.14251201755401618,-0.051684900609070314,-0.0033262845606187863,0.09229942271706304,0.43302727245874817,-0.0854694471037808,0.7062797407905874,224,233,True
1,B_CN,A_CN,gamma,-1,0,gamma_gw,quantile,0.95,fraction_prior_width,233,0.06368453011366938,0.02517470748561479,0.13249015589308596,-0.027271903473607105,-0.0013707698169576066,0.05916819913237659,0.36821754444401217,-0.046529288408638125,0.736070011572507,224,233,True
1,B_CN,A_CN,gamma,-1,0,gamma_gw,central90_width,,fraction_prior_width,233,0.07450839040151262,0.020602658252439343,0.13354240188440206,-0.0050414184628903005,0.0030292484223228833,0.06636712091658947,0.3936280150529198,-0.016700507526026698,0.6929448564227301,224,232,True
1,B_CN,A_CN,gamma,-1,0,log10_Ar,quantile,0.05,fraction_prior_width,233,-0.030071985928131508,0.005632170806103912,0.14431492166172888,-0.17576955620263363,-0.007067670024886057,0.013619950476456533,0.024414621609147504,-0.8678750100342966,0.08049395217305472,224,233,True
1,B_CN,A_CN,gamma,-1,0,log10_Ar,quantile,0.5,fraction_prior_width,233,0.022815133690209693,0.05564668155135705,0.17271231811198517,-0.3288896271899873,-0.06574952854193128,0.13831467587919455,0.23636715811235923,-0.4773516117478105,0.4610256966790948,224,229,True
1,B_CN,A_CN,gamma,-1,0,log10_Ar,quantile,0.9,fraction_prior_width,233,0.11481726760034423,0.09656050028865826,0.1138690221639135,-0.05501976884734347,0.03132241698269389,0.20782132238198003,0.31109118998586127,-0.12540875784387928,0.3748274458199413,224,230,True
1,B_CN,A_CN,gamma,-1,0,log10_Ar,quantile,0.95,fraction_prior_width,233,0.11999828663711007,0.10270169787725414,0.10326713902777696,-0.018323563055541368,0.038903272835228764,0.20155344205178727,0.29260404700684983,-0.07493466425782436,0.3469510217156063,224,230,True
1,B_CN,A_CN,gamma,-1,0,log10_Ar,central90_width,,fraction_prior_width,233,0.15007027256524152,0.13373931368916336,0.13827739782602574,0.002050073688466947,0.06219593043631677,0.20848111812509607,0.31156859200558573,-0.026620429416031044,0.8224737853150457,224,230,True
1,B_CN,A_CN,gamma,-1,0,log10_EFAC,quantile,0.05,fraction_prior_width,233,-0.07426778835169955,-0.05187540059201334,0.10115012107272069,-0.26891054508157786,-0.11340563170780538,-0.006641304461109318,0.03749055354770405,-0.5719134909799584,0.15085533344634244,224,233,True
1,B_CN,A_CN,gamma,-1,0,log10_EFAC,quantile,0.5,fraction_prior_width,233,0.009197942291120002,0.00308788572159081,0.08352713541526481,-0.11248007455036295,-0.028611279907163834,0.039749763945023386,0.16522637660177683,-0.2891088609237481,0.4425217398444118,224,230,True
1,B_CN,A_CN,gamma,-1,0,log10_EFAC,quantile,0.9,fraction_prior_width,233,0.05755318006559541,0.038215113115657506,0.09492366089707742,-0.05521072607713745,0.0031939810614833586,0.07780409004192346,0.23901276777171654,-0.15057134186387489,0.6009965856096495,224,233,True
1,B_CN,A_CN,gamma,-1,0,log10_EFAC,quantile,0.95,fraction_prior_width,233,0.07021303881617712,0.04842296222644593,0.09931618183896025,-0.030571085992880394,0.01031879508527711,0.08893644297921188,0.26095775893021844,-0.11379218559520554,0.6202297272018436,224,233,True
1,B_CN,A_CN,gamma,-1,0,log10_EFAC,central90_width,,fraction_prior_width,233,0.1444808271678767,0.11269899116739354,0.10627439699902619,0.03605174373997256,0.07052932105898535,0.18993531004204406,0.37400000953647233,-0.012310587872951473,0.6258287895395377,224,233,True
1,B_CN,A_CN,gamma,-1,1,u,quantile,0.05,fraction_prior_width,267,-0.0018178360828333834,-0.0012488145875865983,0.017543364181363298,-0.03131119554448296,-0.007225601953453387,0.0054231412263051545,0.02346484038320682,-0.09115909293718004,0.06835904984071996,260,267,True
1,B_CN,A_CN,gamma,-1,1,u,quantile,0.5,fraction_prior_width,267,0.009884543328395713,-0.0031231479646202653,0.0777735652703404,-0.1043226490631376,-0.029670089518339937,0.03806793514778822,0.1725000422106736,-0.20383704180937967,0.2737647601169878,260,265,True
1,B_CN,A_CN,gamma,-1,1,u,quantile,0.9,fraction_prior_width,267,0.014935122081913438,-0.0005278293759810593,0.057706912609292865,-0.03633872077014151,-0.008239918473519403,0.01765263956465496,0.12101658630305047,-0.1475380087340037,0.34624167387463284,260,267,True
1,B_CN,A_CN,gamma,-1,1,u,quantile,0.95,fraction_prior_width,267,0.0106054470637157,-8.5010267633856e-05,0.04240234482516683,-0.020836173343566633,-0.004560850052342191,0.009723630213311518,0.07936555774544655,-0.09495317152609661,0.3296941202240896,260,267,True
1,B_CN,A_CN,gamma,-1,1,u,central90_width,,fraction_prior_width,267,0.012423283146549082,0.0027984024019087617,0.036766104830670485,-0.009610155693051592,1.8409197759416962e-05,0.011746773036263425,0.07163030513666081,-0.0900045046887582,0.3134852093315482,260,267,True
1,B_CN,A_CN,gamma,-1,1,log10_Agw,quantile,0.05,fraction_prior_width,267,-0.06640234943544109,-0.013524126693259642,0.13367012017047847,-0.3913292717833946,-0.09526550901284035,0.010003131271206847,0.03876198804761244,-0.5921959174405935,0.39583196917291774,260,265,True
1,B_CN,A_CN,gamma,-1,1,log10_Agw,quantile,0.5,fraction_prior_width,267,0.003429357653856864,0.015667282751521294,0.12105054125421649,-0.20734330135818124,-0.06878561801733513,0.08015235790923586,0.18536814762356585,-0.4748323909237735,0.2966821598523055,260,266,True
1,B_CN,A_CN,gamma,-1,1,log10_Agw,quantile,0.9,fraction_prior_width,267,0.05244363507290538,0.04096945050128975,0.10195765874064874,-0.10010092104969917,-0.010890804160963441,0.11118316703618483,0.2336047754402114,-0.2530245924349427,0.34778216703120357,260,267,True
1,B_CN,A_CN,gamma,-1,1,log10_Agw,quantile,0.95,fraction_prior_width,267,0.057993982663160255,0.044946678736811574,0.09592061755844043,-0.08762978921308533,-0.004541811965868614,0.11037350884012609,0.23778949118507198,-0.21987517443330207,0.3408041595521255,260,267,True
1,B_CN,A_CN,gamma,-1,1,log10_Agw,central90_width,,fraction_prior_width,267,0.12439633209860133,0.10205884579346552,0.13332995458818286,-0.05246639601852133,0.04784190238635694,0.18758144669198962,0.41154908281484304,-0.30330985550301626,0.5880201982213024,260,265,True
1,B_CN,A_CN,gamma,-1,1,gamma_gw,quantile,0.05,fraction_prior_width,267,-0.06273248724923418,-0.005267401479775578,0.13310682117384873,-0.37130705301699257,-0.06991394910782409,0.007534087240045987,0.03272376065943134,-0.5901081281306289,0.11710070990070066,260,267,True
1,B_CN,A_CN,gamma,-1,1,gamma_gw,quantile,0.5,fraction_prior_width,267,-0.028144200483126117,-0.001252049575528713,0.14903030094344547,-0.3051383471090653,-0.12334973294948787,0.0603117186424883,0.22173084685769867,-0.4080930134605227,0.3348012434202675,260,266,True
1,B_CN,A_CN,gamma,-1,1,gamma_gw,quantile,0.9,fraction_prior_width,267,0.024380234593785445,0.002830819626883807,0.09624192646880002,-0.07274014400724707,-0.032124804079471936,0.043754991031844215,0.2271050317285778,-0.09271680418955908,0.45477457081865535,260,266,True
1,B_CN,A_CN,gamma,-1,1,gamma_gw,quantile,0.95,fraction_prior_width,267,0.02240292996837396,0.0018204140354186604,0.07645835154658419,-0.03719581960558266,-0.017059717132010044,0.026532536503133974,0.1739679417135527,-0.047776151269517286,0.42698821247138896,260,266,True
1,B_CN,A_CN,gamma,-1,1,gamma_gw,central90_width,,fraction_prior_width,267,0.08513541721760813,0.02296615827899562,0.12698903451485377,-0.005808243118769674,0.003387289863144627,0.11822566399256151,0.3521662581898265,-0.04580913403028042,0.5504170360281924,260,266,True
1,B_CN,A_CN,gamma,-1,1,log10_Ar,quantile,0.05,fraction_prior_width,267,-0.02918910557263161,0.0011446019099078455,0.11122372871555317,-0.16596024886445718,-0.010609596602871085,0.008431084836571252,0.018687982579013305,-0.7526778075490013,0.0427080578930884,260,267,True
1,B_CN,A_CN,gamma,-1,1,log10_Ar,quantile,0.5,fraction_prior_width,267,-0.021609547113342287,0.012268796766032763,0.16280385686496338,-0.3593268854032781,-0.08109375227387478,0.08264076433477599,0.18723020711307128,-0.48120488080836554,0.3245137945758539,260,262,True
1,B_CN,A_CN,gamma,-1,1,log10_Ar,quantile,0.9,fraction_prior_width,267,0.0630650026070251,0.0371581433499335,0.09913844516682153,-0.062066731874371305,-0.005173671906792965,0.12612756725689833,0.255992912315715,-0.13200166843406336,0.3452587598743979,260,267,True
1,B_CN,A_CN,gamma,-1,1,log10_Ar,quantile,0.95,fraction_prior_width,267,0.07073194116401584,0.041177730134363766,0.09146204690198617,-0.02747858642064105,-0.0008229504503985963,0.1261430042238446,0.2488868123290119,-0.09053348239187964,0.3348135607825198,260,266,True
1,B_CN,A_CN,gamma,-1,1,log10_Ar,central90_width,,fraction_prior_width,267,0.09992104673664745,0.07138054556177442,0.11952422252220041,-0.009963010493637792,0.011637962190753692,0.1467876430179934,0.2692292317108913,-0.04420736185249041,0.7436613136860096,260,266,True
1,B_CN,A_CN,gamma,-1,1,log10_EFAC,quantile,0.05,fraction_prior_width,267,-0.10050200735785401,-0.0498442300315051,0.15670902176874754,-0.4497466073418666,-0.14632305556891073,-0.0028373228831779095,0.033645399597875145,-0.7256864419974338,0.35636076643088266,260,267,True
1,B_CN,A_CN,gamma,-1,1,log10_EFAC,quantile,0.5,fraction_prior_width,267,0.02488304087945589,0.006595769652447847,0.10907409204597074,-0.12663761667317294,-0.026949469960607493,0.059454983770219516,0.2300718040786148,-0.30865962345066766,0.6188062758307739,260,266,True
1,B_CN,A_CN,gamma,-1,1,log10_EFAC,quantile,0.9,fraction_prior_width,267,0.0917598296096285,0.04630195766272979,0.13082579662551885,-0.016241129003972087,0.012057575294361939,0.12369768519291482,0.38370861168271864,-0.14695532310688808,0.6852276547679945,260,265,True
1,B_CN,A_CN,gamma,-1,1,log10_EFAC,quantile,0.95,fraction_prior_width,267,0.10665893042401993,0.05466684772122071,0.13887725991173128,-0.0046559488559210545,0.02078671782085148,0.15184027187221782,0.4391838087066625,-0.10438394235382958,0.6826323725637182,260,267,True
1,B_CN,A_CN,gamma,-1,1,log10_EFAC,central90_width,,fraction_prior_width,267,0.20716093778187394,0.14983933432098673,0.17956602026574806,0.02610288338335251,0.06918102591326836,0.2939647843577153,0.5984351989032861,-0.03254986963765982,0.7221162237445515,260,267,True
1,B_CN,A_CN,u_x_gamma,0,0,u,quantile,0.05,fraction_prior_width,117,-0.008663280627063783,-0.003749072034775827,0.02706056136765691,-0.03390005424335373,-0.00896910956754221,0.0008849214273771097,0.008747758285045341,-0.2344255266922728,0.016990412769995442,113,117,True
1,B_CN,A_CN,u_x_gamma,0,0,u,quantile,0.5,fraction_prior_width,117,-0.016278608969286994,-0.013446350656610151,0.056074121358337725,-0.09971004059385347,-0.03467664189574848,0.00814648754679359,0.07540221637407507,-0.27599643205445873,0.16804711551691648,113,116,True
1,B_CN,A_CN,u_x_gamma,0,0,u,quantile,0.9,fraction_prior_width,117,-0.0012694039838683643,-0.0040991121563732635,0.021512546004082228,-0.02721895010403907,-0.010135568957457708,0.003472512636714775,0.042138306572938426,-0.07880897675977983,0.08247908457842534,113,117,True
1,B_CN,A_CN,u_x_gamma,0,0,u,quantile,0.95,fraction_prior_width,117,-0.00044737834985906355,-0.002448530434654317,0.011884253448932701,-0.013516922071206026,-0.005153559806087338,0.0020157428195047844,0.024353566455803888,-0.04140509409045767,0.04979163050172519,113,117,True
1,B_CN,A_CN,u_x_gamma,0,0,u,central90_width,,fraction_prior_width,117,0.008215902277204725,0.0017547975801274207,0.021888245264589577,-0.002878925562492096,0.00046192854456017507,0.006289242912906001,0.03205303349196449,-0.004846651944212521,0.19302043260181523,113,117,True
1,B_CN,A_CN,u_x_gamma,0,0,log10_Agw,quantile,0.05,fraction_prior_width,117,-0.06915767833703722,-0.015840420867134452,0.13305426795329384,-0.3757711992072323,-0.10186858425352119,0.014106425572653715,0.040970688611676714,-0.5354179575507076,0.08378814709927526,111,116,True
1,B_CN,A_CN,u_x_gamma,0,0,log10_Agw,quantile,0.5,fraction_prior_width,117,0.014621276927460515,-0.004725603407336854,0.1491471958674113,-0.2229052786310973,-0.09541352506416334,0.12108142539756855,0.26152051624056893,-0.31523563560233925,0.38100163391071046,111,112,True
1,B_CN,A_CN,u_x_gamma,0,0,log10_Agw,quantile,0.9,fraction_prior_width,117,0.0703913124896185,0.03526715167730099,0.1274048064727895,-0.10413326626659065,-0.021180364318947764,0.16818581735898996,0.3073631530875715,-0.15981270727083197,0.4343992473881323,111,116,True
1,B_CN,A_CN,u_x_gamma,0,0,log10_Agw,quantile,0.95,fraction_prior_width,117,0.07814123781783308,0.040807483418904056,0.11920313079895842,-0.07496281058345038,-0.012016004967780436,0.17734933992641622,0.30045766593730755,-0.1259923759585898,0.42086382710823517,111,116,True
1,B_CN,A_CN,u_x_gamma,0,0,log10_Agw,central90_width,,fraction_prior_width,117,0.14729891615487029,0.14375603345220234,0.11874541384670365,-0.026281699268777027,0.06462318383395571,0.2201399895241264,0.33326459680818943,-0.09860316159867244,0.5414870837578171,111,115,True
1,B_CN,A_CN,u_x_gamma,0,0,gamma_gw,quantile,0.05,fraction_prior_width,117,-0.005364507877636269,0.0051522036890579576,0.04350811828549088,-0.07950143953113478,-0.008776043600884825,0.012710342134739892,0.03303903041014664,-0.3219278471969972,0.05216650529111461,112,116,True
1,B_CN,A_CN,u_x_gamma,0,0,gamma_gw,quantile,0.5,fraction_prior_width,117,0.054811512971510636,0.04736160634240211,0.12019984374541222,-0.11806002645408564,-0.01551101716351233,0.11260022384408569,0.27457836163361715,-0.2999244854649733,0.380972285631376,112,116,True
1,B_CN,A_CN,u_x_gamma,0,0,gamma_gw,quantile,0.9,fraction_prior_width,117,0.0778549701357717,0.03890042352785428,0.13769814604335195,-0.049919604143670644,-0.002098423751267564,0.09632817580541653,0.40021492401871983,-0.0854694471037808,0.7062797407905874,112,117,True
1,B_CN,A_CN,u_x_gamma,0,0,gamma_gw,quantile,0.95,fraction_prior_width,117,0.0626186894327006,0.02257921931199891,0.1258419422926927,-0.026999771877510903,-0.0010811075945986737,0.061862380058094524,0.32023232171058647,-0.046529288408638125,0.736070011572507,112,117,True
1,B_CN,A_CN,u_x_gamma,0,0,gamma_gw,central90_width,,fraction_prior_width,117,0.06798319731033686,0.01870793470722454,0.12249715193791579,-0.00530155253156086,0.0022721767603663956,0.06247205607842454,0.3255188049642869,-0.009073592042079803,0.6929448564227301,112,116,True
1,B_CN,A_CN,u_x_gamma,0,0,log10_Ar,quantile,0.05,fraction_prior_width,117,-0.02304606950005106,0.0055286567153535054,0.12949244397168547,-0.08067162564677226,-0.002576216774150965,0.013495925716682837,0.02339245750515455,-0.8396409039342484,0.03395154996512168,112,117,True
1,B_CN,A_CN,u_x_gamma,0,0,log10_Ar,quantile,0.5,fraction_prior_width,117,0.03364721658165336,0.05564668155135705,0.14503760268418406,-0.24742155024829798,-0.022946126859757998,0.1315499319922112,0.23096818281973086,-0.4338795593964637,0.332025701688268,112,114,True
1,B_CN,A_CN,u_x_gamma,0,0,log10_Ar,quantile,0.9,fraction_prior_width,117,0.11759390001047897,0.09993851871876702,0.10874512036622708,-0.03197424346348356,0.049873526277761315,0.19181883922778165,0.31536974765377124,-0.12540875784387928,0.3748274458199413,112,116,True
1,B_CN,A_CN,u_x_gamma,0,0,log10_Ar,quantile,0.95,fraction_prior_width,117,0.12234660570991933,0.10896693147920711,0.10046236338955349,-0.007981469214565438,0.047515199514409745,0.20027143692904226,0.29480974729339504,-0.07493466425782436,0.3469510217156063,112,116,True
1,B_CN,A_CN,u_x_gamma,0,0,log10_Ar,central90_width,,fraction_prior_width,117,0.1453926752099704,0.11535366018687931,0.13274311505992642,0.0020507777248643722,0.06171190962160622,0.19701448438507851,0.31585559705571553,-0.008681363027726707,0.8224737853150457,112,116,True
1,B_CN,A_CN,u_x_gamma,0,0,log10_EFAC,quantile,0.05,fraction_prior_width,117,-0.07549057453912397,-0.05117388596882705,0.10844623488077766,-0.27118947108704133,-0.11289096524799529,-0.014721244003028423,0.037163289917494076,-0.5719134909799584,0.12455949518002682,113,117,True
1,B_CN,A_CN,u_x_gamma,0,0,log10_EFAC,quantile,0.5,fraction_prior_width,117,0.013833827504695735,0.0036898987153376472,0.08469152418237827,-0.08770320758701057,-0.02394117629713688,0.03408163217824048,0.1612918251045616,-0.2891088609237481,0.4425217398444118,113,117,True
1,B_CN,A_CN,u_x_gamma,0,0,log10_EFAC,quantile,0.9,fraction_prior_width,117,0.06300911524051522,0.04103313505171724,0.10051226896917852,-0.03320931435636995,0.00616077993699371,0.08812334061931931,0.2443108021190463,-0.15057134186387489,0.6009965856096495,113,117,True
1,B_CN,A_CN,u_x_gamma,0,0,log10_EFAC,quantile,0.95,fraction_prior_width,117,0.07534624284975165,0.05122566391553665,0.10634742046924234,-0.02141171094877967,0.01372848210112046,0.09800008001749594,0.28249354691982337,-0.11379218559520554,0.6202297272018436,113,117,True
1,B_CN,A_CN,u_x_gamma,0,0,log10_EFAC,central90_width,,fraction_prior_width,117,0.1508368173888756,0.11504019951688449,0.11779980127547286,0.03619133862577355,0.0712387844594903,0.191719059296431,0.4069715763977136,-0.012310587872951473,0.6258287895395377,113,117,True
1,B_CN,A_CN,u_x_gamma,0,1,u,quantile,0.05,fraction_prior_width,126,0.00010113526267471366,0.0005293996352947437,0.01875374671611463,-0.02601350205889352,-0.006721783635539229,0.00736197416246483,0.028613085488530848,-0.07875660571781648,0.06835904984071996,121,126,True
1,B_CN,A_CN,u_x_gamma,0,1,u,quantile,0.5,fraction_prior_width,126,0.021505348654072443,0.007658499494373139,0.0835796949226624,-0.0885978786149028,-0.025789782737771744,0.05558678076188689,0.19112286869223644,-0.20383704180937967,0.25349997066211377,121,125,True
1,B_CN,A_CN,u_x_gamma,0,1,u,quantile,0.9,fraction_prior_width,126,0.0234508384095421,0.0027650771654975093,0.06794330370582521,-0.036360758753871736,-0.006456524367228433,0.030862210534229217,0.15768531726623328,-0.1475380087340037,0.34624167387463284,121,126,True
1,B_CN,A_CN,u_x_gamma,0,1,u,quantile,0.95,fraction_prior_width,126,0.0165001757609916,0.0008628508482187991,0.052103346890787876,-0.020959634704787927,-0.0034848437309241143,0.016240313216455665,0.11043858957309327,-0.09495317152609661,0.3296941202240896,121,126,True
1,B_CN,A_CN,u_x_gamma,0,1,u,central90_width,,fraction_prior_width,126,0.01639904049831688,0.0037321420406752903,0.04645413596631634,-0.016170469801390502,-0.0009076008997668528,0.02199026278505195,0.0949588762669221,-0.0900045046887582,0.3134852093315482,121,126,True
1,B_CN,A_CN,u_x_gamma,0,1,log10_Agw,quantile,0.05,fraction_prior_width,126,-0.0574654390388977,-0.018251687662471594,0.12560870058450488,-0.3201462774902787,-0.08967148050969884,0.009771407528702276,0.037958741560453306,-0.5921959174405935,0.39583196917291774,121,124,True
1,B_CN,A_CN,u_x_gamma,0,1,log10_Agw,quantile,0.5,fraction_prior_width,126,0.00490345790442556,0.02778946934809942,0.12303242387328746,-0.22165781902955412,-0.040251866080128984,0.08960604043859449,0.17567575750770248,-0.4748323909237735,0.2477042491820149,121,125,True
1,B_CN,A_CN,u_x_gamma,0,1,log10_Agw,quantile,0.9,fraction_prior_width,126,0.055265141079743015,0.0526709341587564,0.10020041246486115,-0.10258056522890488,-0.00552418716415462,0.11461153877747884,0.21014897198041943,-0.2530245924349427,0.33684806640982706,121,126,True
1,B_CN,A_CN,u_x_gamma,0,1,log10_Agw,quantile,0.95,fraction_prior_width,126,0.06068688278830303,0.050447729866835433,0.09333160828730479,-0.08718111381933158,-0.0015178406025843083,0.11457090685704671,0.21446186787469956,-0.21987517443330207,0.3398529867830882,121,126,True
1,B_CN,A_CN,u_x_gamma,0,1,log10_Agw,central90_width,,fraction_prior_width,126,0.11815232182720074,0.10147355272941239,0.12357461623368803,-0.03239128593841356,0.04753954828748044,0.1692839253585544,0.36651068022366573,-0.30330985550301626,0.5616546344903748,121,124,True
1,B_CN,A_CN,u_x_gamma,0,1,gamma_gw,quantile,0.05,fraction_prior_width,126,-0.08241649169140272,-0.009366350798751446,0.14501290331315767,-0.4072913777157752,-0.11988426838004276,0.004956948562389247,0.025569469561512966,-0.5873294336645214,0.07744143568994763,121,126,True
1,B_CN,A_CN,u_x_gamma,0,1,gamma_gw,quantile,0.5,fraction_prior_width,126,-0.04475650913411546,-0.004600870931899231,0.15150895947741716,-0.34789041036158314,-0.12563479772853112,0.04960747639568845,0.15090751575757244,-0.4080930134605227,0.3233282791486016,121,125,True
1,B_CN,A_CN,u_x_gamma,0,1,gamma_gw,quantile,0.9,fraction_prior_width,126,0.016022289936425082,0.002946958063758498,0.08482232208462795,-0.07953354323050929,-0.03431750375387241,0.04043745938708912,0.16618451287266006,-0.09271680418955908,0.441466505350032,121,125,True
1,B_CN,A_CN,u_x_gamma,0,1,gamma_gw,quantile,0.95,fraction_prior_width,126,0.01616911842479463,0.0016472419988606268,0.06568791258376332,-0.040332565562669065,-0.017127258598739092,0.02609761067870367,0.11271227438784714,-0.047776151269517286,0.38034611985952993,121,125,True
1,B_CN,A_CN,u_x_gamma,0,1,gamma_gw,central90_width,,fraction_prior_width,126,0.09858561011619738,0.031084176609890296,0.13578576439223616,-0.0058671868430199,0.005594726377379122,0.1562008670704027,0.3786065044522129,-0.04580913403028042,0.5504170360281924,121,125,True
1,B_CN,A_CN,u_x_gamma,0,1,log10_Ar,quantile,0.05,fraction_prior_width,126,-0.020508427439343033,0.00043802254838501073,0.0850227267020556,-0.11423548439171755,-0.008097710053679224,0.005983266129420959,0.01432267005000005,-0.6678630534241469,0.0427080578930884,121,126,True
1,B_CN,A_CN,u_x_gamma,0,1,log10_Ar,quantile,0.5,fraction_prior_width,126,-0.02640673045224708,0.0064547599528587685,0.14670517760896495,-0.31995619671899356,-0.07630820155390115,0.05775330608803059,0.14419183796771898,-0.48120488080836554,0.2873904012638784,121,123,True
1,B_CN,A_CN,u_x_gamma,0,1,log10_Ar,quantile,0.9,fraction_prior_width,126,0.051125873941447325,0.017998522233540537,0.09325062322712124,-0.05937613481726087,-0.013905924406103887,0.1064400439047005,0.2272369136883083,-0.13200166843406336,0.3452587598743979,121,126,True
1,B_CN,A_CN,u_x_gamma,0,1,log10_Ar,quantile,0.95,fraction_prior_width,126,0.06104951274330465,0.031476706069133886,0.08834469446251922,-0.03155566547160951,-0.005670608950606004,0.12524060334094095,0.2324730157151604,-0.09053348239187964,0.3348135607825198,121,125,True
1,B_CN,A_CN,u_x_gamma,0,1,log10_Ar,central90_width,,fraction_prior_width,126,0.08155794018264768,0.052128842369701,0.10634124397477572,-0.015089018465501314,0.0010681473763609062,0.13202872056165685,0.2400210875467066,-0.04420736185249041,0.6741781104429252,121,125,True
1,B_CN,A_CN,u_x_gamma,0,1,log10_EFAC,quantile,0.05,fraction_prior_width,126,-0.09223465795816373,-0.04144614687777955,0.1669172611022266,-0.48991531102097785,-0.12061912336528777,-0.001217855540880941,0.03384199437967098,-0.7256864419974338,0.20332681316266848,121,126,True
1,B_CN,A_CN,u_x_gamma,0,1,log10_EFAC,quantile,0.5,fraction_prior_width,126,0.039657561149152976,0.01203671174872185,0.1267695501607243,-0.12994298087482073,-0.01565550167761981,0.08529275779272086,0.2696876721639575,-0.30865962345066766,0.6188062758307739,121,125,True
1,B_CN,A_CN,u_x_gamma,0,1,log10_EFAC,quantile,0.9,fraction_prior_width,126,0.11211079688380558,0.05110002882903458,0.15498216470891035,-0.016282619420302985,0.013085501315284728,0.16865403675577356,0.4548158233811343,-0.14695532310688808,0.6852276547679945,121,124,True
1,B_CN,A_CN,u_x_gamma,0,1,log10_EFAC,quantile,0.95,fraction_prior_width,126,0.12805477486203543,0.05486619877657309,0.1638864289251767,-0.0047064054236009845,0.019324325926563857,0.185935144987047,0.47102739018224615,-0.10438394235382958,0.6826323725637182,121,126,True
1,B_CN,A_CN,u_x_gamma,0,1,log10_EFAC,central90_width,,fraction_prior_width,126,0.22028943282019917,0.1765601319286187,0.19457103761899064,0.025463468714258836,0.06794672683378503,0.31567153174258644,0.6470793730164236,-0.03254986963765982,0.7221162237445515,121,126,True
1,B_CN,A_CN,u_x_gamma,1,0,u,quantile,0.05,fraction_prior_width,92,-0.011496649446449302,-0.0032106470420805444,0.043522055604515705,-0.04167029528104076,-0.008766184396885547,0.0027815882697854923,0.011083029927922238,-0.32499331324543973,0.025882401730055946,88,92,True
1,B_CN,A_CN,u_x_gamma,1,0,u,quantile,0.5,fraction_prior_width,92,-0.014897584702958839,-0.014901792370326294,0.0657038418507672,-0.12012189488317268,-0.03763165979853683,0.01781664493979944,0.07245613765107721,-0.24413768218900478,0.24454016702564263,88,91,True
1,B_CN,A_CN,u_x_gamma,1,0,u,quantile,0.9,fraction_prior_width,92,-3.078428437416782e-05,-0.004227118721752521,0.035466848161209395,-0.03226811466300592,-0.010385246810899279,0.004474271863927015,0.03467469037361213,-0.06000808353861686,0.28229351504421574,88,92,True
1,B_CN,A_CN,u_x_gamma,1,0,u,quantile,0.95,fraction_prior_width,92,0.000734257217160214,-0.00215901005775182,0.0233723594696633,-0.017019687284086156,-0.005596565187199587,0.002155906258967527,0.018508186925953348,-0.031642644626410865,0.199461079256114,88,92,True
1,B_CN,A_CN,u_x_gamma,1,0,u,central90_width,,fraction_prior_width,92,0.012230906663609516,0.0019022920383116038,0.04203527060895318,-0.004193063659193136,-0.00045283066908666236,0.007565664339040851,0.032584392111630396,-0.007681379038786629,0.3003205400918847,88,92,True
1,B_CN,A_CN,u_x_gamma,1,0,log10_Agw,quantile,0.05,fraction_prior_width,92,-0.06517202058304533,-0.002395759191251781,0.1449484229510721,-0.3479449700621916,-0.09246999091818676,0.0154416489161216,0.03041426030405792,-0.7939924384820812,0.15872701505419548,88,90,True
1,B_CN,A_CN,u_x_gamma,1,0,log10_Agw,quantile,0.5,fraction_prior_width,92,0.02285452583186415,0.02070049453916445,0.1380775421049749,-0.19734122424055822,-0.05851536426068034,0.11645503259560898,0.22438385116211212,-0.3001249633619062,0.49609385199803435,88,90,True
1,B_CN,A_CN,u_x_gamma,1,0,log10_Agw,quantile,0.9,fraction_prior_width,92,0.07732233911898338,0.05944932118584384,0.12567322984391724,-0.07618086233280275,-0.003976545227759587,0.16666905008442529,0.2876472508585399,-0.22333130397412115,0.4404065497083895,88,92,True
1,B_CN,A_CN,u_x_gamma,1,0,log10_Agw,quantile,0.95,fraction_prior_width,92,0.08438384483398606,0.06025138377223105,0.11826975676694111,-0.0547183997170193,-0.004544908914983492,0.17116107528733837,0.2883763763737574,-0.1928869869624028,0.4094790284614934,88,92,True
1,B_CN,A_CN,u_x_gamma,1,0,log10_Agw,central90_width,,fraction_prior_width,92,0.1495558654170314,0.1383491333979462,0.13395737727440712,-0.05759986606790288,0.07499600844622994,0.22811618559600289,0.3681909899488899,-0.17223272561693914,0.7207324128474177,88,90,True
1,B_CN,A_CN,u_x_gamma,1,0,gamma_gw,quantile,0.05,fraction_prior_width,92,-0.020103387018252677,0.0039378341173649765,0.08423667299336729,-0.14096473347404598,-0.013163604339467257,0.01094456205781517,0.01788004121862777,-0.5956817664228731,0.047186385682959416,88,92,True
1,B_CN,A_CN,u_x_gamma,1,0,gamma_gw,quantile,0.5,fraction_prior_width,92,0.03189881723975286,0.04210490143423265,0.13202085446434286,-0.18162924696244076,-0.026164926848166542,0.09607261840362744,0.19686110929506367,-0.3929145590498644,0.4278145594012661,88,92,True
1,B_CN,A_CN,u_x_gamma,1,0,gamma_gw,quantile,0.9,fraction_prior_width,92,0.06645991600536169,0.041630104496975184,0.13318098155588817,-0.05769142798390817,-0.006735523478960254,0.08742093136474702,0.3064698996365603,-0.08484472638130836,0.6681254062289483,88,92,True
1,B_CN,A_CN,u_x_gamma,1,0,gamma_gw,quantile,0.95,fraction_prior_width,92,0.056021494964189435,0.025608076219308884,0.12490554925567111,-0.029191371032791926,-0.0033975149382793057,0.05908251033448447,0.283880754350916,-0.043446574285318174,0.661606102664721,88,92,True
1,B_CN,A_CN,u_x_gamma,1,0,gamma_gw,central90_width,,fraction_prior_width,92,0.07612488198244209,0.023185607444558498,0.13586356267894753,-0.0037786780100187213,0.003193144152641353,0.06996799295115408,0.4049529724509815,-0.016700507526026698,0.6160159128780884,88,92,True
1,B_CN,A_CN,u_x_gamma,1,0,log10_Ar,quantile,0.05,fraction_prior_width,92,-0.025620354572460334,0.005387598806550275,0.12396461451442396,-0.14352488759373036,-0.010094471042924434,0.014057618767137504,0.02516682645805456,-0.7780947956777374,0.08049395217305472,88,92,True
1,B_CN,A_CN,u_x_gamma,1,0,log10_Ar,quantile,0.5,fraction_prior_width,92,0.011204103710194814,0.05058055244185902,0.1945754318835615,-0.3458922591013943,-0.07926447078720644,0.1442507677941398,0.2418293090235235,-0.46945934631675423,0.4610256966790948,88,91,True
1,B_CN,A_CN,u_x_gamma,1,0,log10_Ar,quantile,0.9,fraction_prior_width,92,0.1093160487209003,0.09294448449122522,0.1197833041288537,-0.06365784487943815,0.023437294285075877,0.20848020898932618,0.3054677336375636,-0.11435601458645184,0.3615631389099677,88,90,True
1,B_CN,A_CN,u_x_gamma,1,0,log10_Ar,quantile,0.95,fraction_prior_width,92,0.11590261692998176,0.09048614785718917,0.10691071063273506,-0.0307421213497736,0.03269295692199478,0.20254810445482138,0.29642490767941027,-0.06723553457760467,0.32916341979002894,88,90,True
1,B_CN,A_CN,u_x_gamma,1,0,log10_Ar,central90_width,,fraction_prior_width,92,0.1415229715024421,0.12605127658739768,0.12377160895879853,-0.006442242154759787,0.05705556178014154,0.20855502475539106,0.2986223627423908,-0.026620429416031044,0.7130279514284201,88,90,True
1,B_CN,A_CN,u_x_gamma,1,0,log10_EFAC,quantile,0.05,fraction_prior_width,92,-0.0699927797130594,-0.04831663782163467,0.09226026918628147,-0.26863463046969127,-0.10890399735544565,-0.002105184838134433,0.034097332307869675,-0.4181860118452525,0.09699382075196061,87,92,True
1,B_CN,A_CN,u_x_gamma,1,0,log10_EFAC,quantile,0.5,fraction_prior_width,92,0.007365595824168955,0.0028804803220034425,0.08069120755225502,-0.1131301964624948,-0.03050593072049232,0.03724282516628029,0.16385760812148137,-0.2577101928091153,0.2560070224138252,87,89,True
1,B_CN,A_CN,u_x_gamma,1,0,log10_EFAC,quantile,0.9,fraction_prior_width,92,0.05448247492696575,0.034116700656907924,0.09013545435527809,-0.060621791206043295,0.007122587534437702,0.07716316382841615,0.24534497680524797,-0.1372597044577865,0.3672191052959895,87,92,True
1,B_CN,A_CN,u_x_gamma,1,0,log10_EFAC,quantile,0.95,fraction_prior_width,92,0.06729972435049965,0.048126267631863895,0.09334649589977954,-0.030742076393531506,0.013452279804755177,0.08512347924114365,0.2651995163631588,-0.09598394323963666,0.37968005116125836,87,92,True
1,B_CN,A_CN,u_x_gamma,1,0,log10_EFAC,central90_width,,fraction_prior_width,92,0.13729250406355906,0.10017693865556168,0.09475004883200541,0.034962729305701254,0.0680592191734638,0.1886701324791661,0.3316384618183791,-0.0103559956876349,0.38901030621663113,87,92,True
1,B_CN,A_CN,u_x_gamma,1,1,u,quantile,0.05,fraction_prior_width,116,-0.0028009646098514874,-0.001581580507490011,0.01683114378960221,-0.031225040369872392,-0.007193422034934135,0.004908554715210827,0.018582103625560616,-0.09115909293718004,0.03532074335744407,115,116,True
1,B_CN,A_CN,u_x_gamma,1,1,u,quantile,0.5,fraction_prior_width,116,0.004594875872356113,-0.006793477555158134,0.07442990321739122,-0.10515808197587055,-0.03184237066679915,0.03584334252310327,0.13403126929694115,-0.18289609128203327,0.2737647601169878,115,115,True
1,B_CN,A_CN,u_x_gamma,1,1,u,quantile,0.9,fraction_prior_width,116,0.010526357996876753,-0.0008888078403392341,0.049306580246352816,-0.03394423578782885,-0.009369213248106245,0.015961064762264277,0.0949049807784253,-0.07709363777279943,0.24332699378995137,115,116,True
1,B_CN,A_CN,u_x_gamma,1,1,u,quantile,0.95,fraction_prior_width,116,0.007362916605409401,-0.00031427900351138627,0.03316737330387186,-0.018171681192846706,-0.004758728056726086,0.009130399392419108,0.06584406224207884,-0.06181986185037469,0.17338811803420418,115,116,True
1,B_CN,A_CN,u_x_gamma,1,1,u,central90_width,,fraction_prior_width,116,0.010163881215260894,0.0020904962131905735,0.02688938310418987,-0.007467245783571219,0.0001125722604217172,0.008604516243387289,0.0645534373967287,-0.04933122239557175,0.14305767508625666,115,116,True
1,B_CN,A_CN,u_x_gamma,1,1,log10_Agw,quantile,0.05,fraction_prior_width,116,-0.07217094705941583,-0.007077802152543371,0.14284845862937895,-0.42364539315526956,-0.09635964576075946,0.0104321545691027,0.04536121512793423,-0.48241706948378443,0.2592137910195754,115,116,True
1,B_CN,A_CN,u_x_gamma,1,1,log10_Agw,quantile,0.5,fraction_prior_width,116,0.008145690186700093,0.004480489979478142,0.11469030184393558,-0.16847145750725329,-0.07633239925701144,0.07418696727578626,0.20788589348092923,-0.2533392348575456,0.2966821598523055,115,116,True
1,B_CN,A_CN,u_x_gamma,1,1,log10_Agw,quantile,0.9,fraction_prior_width,116,0.051774549615848466,0.03120150357148735,0.10032142141075534,-0.08678684275735626,-0.013052248625469692,0.11105573464606912,0.25204071122230676,-0.14887212131110927,0.31644090203556574,115,116,True
1,B_CN,A_CN,u_x_gamma,1,1,log10_Agw,quantile,0.95,fraction_prior_width,116,0.05643876494855394,0.038796700918637184,0.09582728808843803,-0.08232767874438768,-0.008103409391784028,0.11010776738672112,0.24299106403172832,-0.14540439676213857,0.3088350168224907,115,116,True
1,B_CN,A_CN,u_x_gamma,1,1,log10_Agw,central90_width,,fraction_prior_width,116,0.12860971200796978,0.10080417291316401,0.14351843290765054,-0.08636762530399214,0.047728176077118864,0.19319342640020354,0.4389381353835934,-0.24072343417880904,0.5880201982213024,115,116,True
1,B_CN,A_CN,u_x_gamma,1,1,gamma_gw,quantile,0.05,fraction_prior_width,116,-0.048318067454511546,-0.001475600579208279,0.12626039899139233,-0.3662671714891864,-0.04455011391883225,0.01012480145230018,0.03959926142593295,-0.5901081281306289,0.11710070990070066,115,116,True
1,B_CN,A_CN,u_x_gamma,1,1,gamma_gw,quantile,0.5,fraction_prior_width,116,-0.011836012995665885,0.005539045839308365,0.14929738309909152,-0.2869117996812592,-0.1044804084520891,0.0759967980954671,0.24586728856279338,-0.4022782313953211,0.3348012434202675,115,116,True
1,B_CN,A_CN,u_x_gamma,1,1,gamma_gw,quantile,0.9,fraction_prior_width,116,0.033672084607264806,0.0025688342770667782,0.10697296646549867,-0.06838155480047789,-0.028657087364508893,0.05258959197305563,0.2965915641113796,-0.08528598403854437,0.45477457081865535,115,116,True
1,B_CN,A_CN,u_x_gamma,1,1,gamma_gw,quantile,0.95,fraction_prior_width,116,0.0296728576104695,0.002433118877111229,0.08815303974933748,-0.03515382544503051,-0.014488224391094512,0.03029037393478823,0.24305972876835016,-0.042743809618035256,0.42698821247138896,115,116,True
1,B_CN,A_CN,u_x_gamma,1,1,gamma_gw,central90_width,,fraction_prior_width,116,0.07799092506498104,0.02298133808371655,0.12317075465261772,-0.005833791873655042,0.0028411544323243276,0.08708321806011202,0.34597479668808484,-0.012687434591109437,0.5473643185125936,115,116,True
1,B_CN,A_CN,u_x_gamma,1,1,log10_Ar,quantile,0.05,fraction_prior_width,116,-0.04097902669410583,0.001540547845096621,0.13807991628567906,-0.23837057831141828,-0.011305267984704008,0.00893769211875774,0.018338571982731224,-0.7526778075490013,0.03311189445503381,115,116,True
1,B_CN,A_CN,u_x_gamma,1,1,log10_Ar,quantile,0.5,fraction_prior_width,116,-0.019364268544505178,0.023117429960727964,0.17296269805691777,-0.3976310209511074,-0.05477899699378677,0.08873672638359587,0.18363689825595403,-0.46646560435761186,0.3245137945758539,115,114,True
1,B_CN,A_CN,u_x_gamma,1,1,log10_Ar,quantile,0.9,fraction_prior_width,116,0.07145587758814717,0.04630272990404616,0.09906816974285351,-0.06250499319727931,0.0016004529532102907,0.1260501534339179,0.2700572853888823,-0.12510750734119136,0.3403385867230472,115,116,True
1,B_CN,A_CN,u_x_gamma,1,1,log10_Ar,quantile,0.95,fraction_prior_width,116,0.07651419948454533,0.054610637351090396,0.09113804796425318,-0.02813971190270831,0.005137866633676408,0.11986431918298326,0.2760732340983245,-0.08259547977558013,0.3264625452067931,115,116,True
1,B_CN,A_CN,u_x_gamma,1,1,log10_Ar,central90_width,,fraction_prior_width,116,0.11749322617865117,0.08854024071526262,0.13323826244417644,-0.0026428676589993483,0.03487555072059137,0.15586219871822665,0.28372220839708345,-0.011074300016867933,0.7436613136860096,115,116,True
1,B_CN,A_CN,u_x_gamma,1,1,log10_EFAC,quantile,0.05,fraction_prior_width,116,-0.10981472634229802,-0.058742655917587046,0.15561541455105582,-0.4363311204999264,-0.18699220701279834,-0.00477733645262346,0.03501295287279825,-0.5711773050392409,0.35636076643088266,115,116,True
1,B_CN,A_CN,u_x_gamma,1,1,log10_EFAC,quantile,0.5,fraction_prior_width,116,0.013445777255461703,0.003986350360216884,0.0953973768521622,-0.12681370356234084,-0.035510623149441034,0.04588413927816397,0.17124010290437913,-0.2237992139184236,0.48860984849242906,115,116,True
1,B_CN,A_CN,u_x_gamma,1,1,log10_EFAC,quantile,0.9,fraction_prior_width,116,0.07976503165301088,0.04660404382578454,0.10869414962267972,-0.009468323513432186,0.009755280239822282,0.11117480378589066,0.3237135766373038,-0.1057547404547457,0.5248622873024736,115,116,True
1,B_CN,A_CN,u_x_gamma,1,1,log10_EFAC,quantile,0.95,fraction_prior_width,116,0.0945911914853207,0.05809218026253432,0.11620627758253366,-0.002270859814141074,0.021627981966002047,0.12002663395635918,0.3618908531743183,-0.06341419260793935,0.5817856587665087,115,116,True
1,B_CN,A_CN,u_x_gamma,1,1,log10_EFAC,central90_width,,fraction_prior_width,116,0.2044059178276187,0.14086979470292343,0.17092855780882615,0.027329025075808647,0.07246973479164928,0.2739931555284189,0.5518307760653114,0.013278948949614677,0.6800722327824527,115,116,True
1,B_CN,A_CN,u_x_gamma,2,0,u,quantile,0.05,fraction_prior_width,24,-0.01996843874813521,-0.004572660870136327,0.044954912249140895,-0.13504334360452303,-0.013787765946624375,0.0009573786647080803,0.006939316623478313,-0.16588806347018104,0.013041451133844743,24,24,True
1,B_CN,A_CN,u_x_gamma,2,0,u,quantile,0.5,fraction_prior_width,24,-0.04464829971452002,-0.024266215688886317,0.07799752435101051,-0.23197747940111213,-0.06482235164602485,-0.010627751876952501,0.03174397202640886,-0.2500556358695465,0.07953753595837904,24,24,True
1,B_CN,A_CN,u_x_gamma,2,0,u,quantile,0.9,fraction_prior_width,24,-0.011757334507582337,-0.007740337125200336,0.0194780209920395,-0.052749691833415026,-0.017468800129055162,-0.004065707075104036,0.008807932447737898,-0.057142041940144384,0.032586818833853615,24,24,True
1,B_CN,A_CN,u_x_gamma,2,0,u,quantile,0.95,fraction_prior_width,24,-0.006073760827441932,-0.004207437743480591,0.010208492262147515,-0.027295544706988882,-0.008405068790915737,-0.001960042843884957,0.004861319388360076,-0.029965758202572745,0.017594799982776133,24,24,True
1,B_CN,A_CN,u_x_gamma,2,0,u,central90_width,,fraction_prior_width,24,0.013894677920693274,0.0015421044848451526,0.036647243659479835,-0.004814632479677522,-0.002538535882700421,0.00591645913388375,0.10661575813017997,-0.007279613834471954,0.13725411793508357,24,24,True
1,B_CN,A_CN,u_x_gamma,2,0,log10_Agw,quantile,0.05,fraction_prior_width,24,-0.0875243600909007,0.0024379522255363276,0.17658597640301177,-0.3375809982548335,-0.15654243530493314,0.01685212238336287,0.05795510862759111,-0.6040463212927198,0.10358838110744226,23,24,True
1,B_CN,A_CN,u_x_gamma,2,0,log10_Agw,quantile,0.5,fraction_prior_width,24,0.049537215389643174,0.039349368785635566,0.16221462051365737,-0.1937968884188423,-0.07320548062833707,0.1516857744075848,0.3226853570206702,-0.25824232631253846,0.354574321971057,23,23,True
1,B_CN,A_CN,u_x_gamma,2,0,log10_Agw,quantile,0.9,fraction_prior_width,24,0.08883940459109053,0.049122249671874396,0.11881733609207351,-0.0552071886251804,0.0037037530856801337,0.15274208478997472,0.2944498639309826,-0.09007441711480046,0.3193016615580966,23,24,True
1,B_CN,A_CN,u_x_gamma,2,0,log10_Agw,quantile,0.95,fraction_prior_width,24,0.09074153645316696,0.054550078207052544,0.10868098693414363,-0.03224164222202076,0.010131830547764287,0.15237719886287965,0.2824882052239411,-0.05795990646214044,0.30231272769234907,23,24,True
1,B_CN,A_CN,u_x_gamma,2,0,log10_Agw,central90_width,,fraction_prior_width,24,0.17826589654406763,0.15778092610276362,0.14070841739332252,0.008332318514247232,0.08984506759727773,0.24671882978213286,0.382824263153494,-0.076354307819407,0.5703412585951513,23,24,True
1,B_CN,A_CN,u_x_gamma,2,0,gamma_gw,quantile,0.05,fraction_prior_width,24,-0.0018666841543661962,0.009202713883113743,0.056698675076437194,-0.0546115349211266,0.0018129145887395212,0.011656090149002504,0.041218683156787596,-0.24543379869579832,0.06111503414156936,24,24,True
1,B_CN,A_CN,u_x_gamma,2,0,gamma_gw,quantile,0.5,fraction_prior_width,24,0.08227250446071341,0.06808954119513339,0.1491192464623509,-0.0680282748118615,0.015873351155000423,0.12117584531245532,0.3622609651880229,-0.3068495177325826,0.4057454157561507,24,24,True
1,B_CN,A_CN,u_x_gamma,2,0,gamma_gw,quantile,0.9,fraction_prior_width,24,0.1127300022884589,0.04207113978030691,0.19307204393062857,-0.025495203177514063,0.006434665498557507,0.07839097134512998,0.548164394434512,-0.0791183360297194,0.6615333665094042,24,24,True
1,B_CN,A_CN,u_x_gamma,2,0,gamma_gw,quantile,0.95,fraction_prior_width,24,0.09825547150639857,0.02543688489346252,0.18433196033527915,-0.012802467582632987,0.004076932198296246,0.049788575097329035,0.5099377769023548,-0.04071557143006177,0.6507136301539764,24,24,True
1,B_CN,A_CN,u_x_gamma,2,0,gamma_gw,central90_width,,fraction_prior_width,24,0.10012215566076477,0.017703305688892723,0.17395860335015922,-0.0027940700385166825,0.005036877031268233,0.07145107487924715,0.46788532496763924,-0.006185118723599836,0.6090484382352948,24,24,True
1,B_CN,A_CN,u_x_gamma,2,0,log10_Ar,quantile,0.05,fraction_prior_width,24,-0.08138791537842986,0.008001464042017908,0.24825292155792536,-0.7655756109071434,-3.340697428195344e-05,0.013904877780843494,0.024429820906480014,-0.8678750100342966,0.026857932433635087,24,24,True
1,B_CN,A_CN,u_x_gamma,2,0,log10_Ar,quantile,0.5,fraction_prior_width,24,0.014517677851145569,0.08857691959822533,0.20927226910762212,-0.43866166541991464,0.000685013955519842,0.1432314216149854,0.22799577091749085,-0.4773516117478105,0.25013014831235847,24,24,True
1,B_CN,A_CN,u_x_gamma,2,0,log10_Ar,quantile,0.9,fraction_prior_width,24,0.1223691903054726,0.1355858836774435,0.11899268840397947,-0.08679187080083112,0.04542700322818832,0.22301800678409758,0.27852569700930574,-0.10009447551428485,0.2868059445090778,24,24,True
1,B_CN,A_CN,u_x_gamma,2,0,log10_Ar,quantile,0.95,fraction_prior_width,24,0.12425029836782346,0.13171953653201635,0.10643976808435661,-0.04812299451314185,0.0386782487217619,0.20879910316734215,0.27132026610309135,-0.05764826925582134,0.27572957421656685,24,24,True
1,B_CN,A_CN,u_x_gamma,2,0,log10_Ar,central90_width,,fraction_prior_width,24,0.20563821374625327,0.16416616809794687,0.19940436499604988,0.025796844508562723,0.09273767167937907,0.23232135864703643,0.7156830808337606,0.006511346878572022,0.8123085473199338,24,24,True
1,B_CN,A_CN,u_x_gamma,2,0,log10_EFAC,quantile,0.05,fraction_prior_width,24,-0.08469423880279266,-0.0715309705894267,0.10008497841145514,-0.2071231356811267,-0.16035446224252098,-0.03210793615973154,0.0646993834347446,-0.3239705236734898,0.15085533344634244,24,24,True
1,B_CN,A_CN,u_x_gamma,2,0,log10_EFAC,quantile,0.5,fraction_prior_width,24,-0.006378003335082687,-0.012408837263720274,0.08979012304113056,-0.14981720850147803,-0.057033889528360554,0.04440712186496065,0.14296038624846238,-0.21718994886952217,0.18442717029808797,24,24,True
1,B_CN,A_CN,u_x_gamma,2,0,log10_EFAC,quantile,0.9,fraction_prior_width,24,0.042726532452608455,0.014038636097065738,0.08586507849036452,-0.07864865265104726,-0.005939198776668125,0.0823594362160402,0.19510977440081556,-0.11143875886468144,0.2028093782296441,24,24,True
1,B_CN,A_CN,u_x_gamma,2,0,log10_EFAC,quantile,0.95,fraction_prior_width,24,0.056356374604265104,0.026908412837752735,0.0872375329793553,-0.04990243096129842,-0.0030836498586117034,0.09094106417972952,0.19975993800382238,-0.0865193198062858,0.24895788864707258,24,24,True
1,B_CN,A_CN,u_x_gamma,2,0,log10_EFAC,central90_width,,fraction_prior_width,24,0.14105061340705777,0.11626403415316593,0.08940273273226518,0.052745714829185,0.0761788875155271,0.20182859421188903,0.275210732212601,0.02935770049885328,0.37064247062016653,24,24,True
1,B_CN,A_CN,u_x_gamma,2,1,u,quantile,0.05,fraction_prior_width,25,-0.006927735298830185,-0.0046431267120746605,0.01306539350774151,-0.038054657637947846,-0.007830812519835396,0.0013951801778677789,0.0065920704555959405,-0.04332023126021082,0.010885412369560268,24,25,True
1,B_CN,A_CN,u_x_gamma,2,1,u,quantile,0.5,fraction_prior_width,25,-0.024140258516991246,-0.01775909741140258,0.045407535264210944,-0.11729807007668089,-0.038736861163875314,0.008027025057351311,0.028610827793891153,-0.12440628863790293,0.05799240269108641,24,25,True
1,B_CN,A_CN,u_x_gamma,2,1,u,quantile,0.9,fraction_prior_width,25,-0.007527422854764785,-0.006424177735211645,0.014690916723227193,-0.0306096617698014,-0.011248397328783355,0.00424207037876978,0.009296248502589739,-0.045689268620030976,0.01884969871101172,24,25,True
1,B_CN,A_CN,u_x_gamma,2,1,u,quantile,0.95,fraction_prior_width,25,-0.004058644244013614,-0.0035213063973886793,0.007718710177157095,-0.015774713327725287,-0.006640320066635841,0.0026682578380446964,0.0047957416668125575,-0.024028613042641922,0.009232813881332902,24,25,True
1,B_CN,A_CN,u_x_gamma,2,1,u,central90_width,,fraction_prior_width,25,0.0028690910548165595,0.0011980026379391218,0.008662345654041963,-0.0028232072193853817,-0.0005170983070157398,0.003141456798039899,0.022372453013721358,-0.016830205705211987,0.02837739146323337,24,25,True
1,B_CN,A_CN,u_x_gamma,2,1,log10_Agw,quantile,0.05,fraction_prior_width,25,-0.0846780848587769,-0.05531430685100468,0.13097204594445364,-0.3652473820456127,-0.09635685881958742,0.009264497636157526,0.026785912561976537,-0.40103998187884227,0.05123934468399194,24,25,True
1,B_CN,A_CN,u_x_gamma,2,1,log10_Agw,quantile,0.5,fraction_prior_width,25,-0.025883890561401956,-0.03953574618375716,0.13973303481374202,-0.23931619408734564,-0.14601537000416467,0.0735647726282741,0.17989562090002523,-0.2630365525262889,0.2676683742867485,24,25,True
1,B_CN,A_CN,u_x_gamma,2,1,log10_Agw,quantile,0.9,fraction_prior_width,25,0.04132780131918782,0.021239982438073235,0.12052021233751341,-0.11107333663668564,-0.052280859640343125,0.10604040829898975,0.24400037942026032,-0.12271708904226997,0.34778216703120357,24,25,True
1,B_CN,A_CN,u_x_gamma,2,1,log10_Agw,quantile,0.95,fraction_prior_width,25,0.05163797622821402,0.015287497159869656,0.11186312527517724,-0.07728115750435127,-0.028663653085708063,0.1027196006183877,0.24609721646411903,-0.0940883084312295,0.3408041595521255,24,25,True
1,B_CN,A_CN,u_x_gamma,2,1,log10_Agw,central90_width,,fraction_prior_width,25,0.13631606108699093,0.1053297370092765,0.1354887133350842,-0.029430839334115937,0.05197140230358299,0.19797144314255344,0.4006988964143006,-0.049823967748755194,0.46469333048806094,24,25,True
1,B_CN,A_CN,u_x_gamma,2,1,gamma_gw,quantile,0.05,fraction_prior_width,25,-0.03040801270821772,-0.0042698557062779,0.07955727356692058,-0.12814004919301017,-0.0291153957360756,0.004596216071881418,0.0114587026006407,-0.3701437602468052,0.03360362215906995,24,25,True
1,B_CN,A_CN,u_x_gamma,2,1,gamma_gw,quantile,0.5,fraction_prior_width,25,-0.020088154823955227,-0.024121644335991066,0.1303737376313689,-0.2362269936608515,-0.11833793476306081,0.05444888153851485,0.15268141706502422,-0.26875023124246955,0.31506198431181476,24,25,True
1,B_CN,A_CN,u_x_gamma,2,1,gamma_gw,quantile,0.9,fraction_prior_width,25,0.023390091604337467,0.006178993999256255,0.09782267651258418,-0.06288093965833845,-0.03858922497159056,0.042981617776348124,0.19126855429559048,-0.06835367920638746,0.363159649483486,24,25,True
1,B_CN,A_CN,u_x_gamma,2,1,gamma_gw,quantile,0.95,fraction_prior_width,25,0.02008887588869048,0.002721038155627409,0.06795216010648583,-0.0336324797355728,-0.01959546568153525,0.025569610447163105,0.1483933797664399,-0.0348356305447618,0.256017521864386,24,25,True
1,B_CN,A_CN,u_x_gamma,2,1,gamma_gw,central90_width,,fraction_prior_width,25,0.05049688859690819,0.00658668413901764,0.08695575832974546,-0.005263802717272048,0.0018534537489596214,0.040294120992316884,0.2113675060794607,-0.005786510773740816,0.34042028736572383,24,25,True
1,B_CN,A_CN,u_x_gamma,2,1,log10_Ar,quantile,0.05,fraction_prior_width,25,-0.01823448936076564,0.0013333778660419987,0.08311304606637518,-0.07571793599134378,-0.017210326341503095,0.013686141556210236,0.02506931165839676,-0.39869282097098446,0.03061143195285379,24,25,True
1,B_CN,A_CN,u_x_gamma,2,1,log10_Ar,quantile,0.5,fraction_prior_width,25,-0.007849835644666268,0.013343013981865881,0.1948809213523492,-0.33037667111088487,-0.16842184988559028,0.13084670745159188,0.256344686419506,-0.41905534393533705,0.29904191056867,24,25,True
1,B_CN,A_CN,u_x_gamma,2,1,log10_Ar,quantile,0.9,fraction_prior_width,25,0.08430455116913058,0.024092820083181476,0.12270044623263344,-0.05716996348080541,-0.024334792114129145,0.2107379546655348,0.26812632079576837,-0.06364629382015885,0.3242532956444478,24,25,True
1,B_CN,A_CN,u_x_gamma,2,1,log10_Ar,quantile,0.95,fraction_prior_width,25,0.09270170179714335,0.04555651818652651,0.10539788640668703,-0.015364717759092405,0.0046168072729402265,0.18043414494870746,0.2537702086928223,-0.01917644572666455,0.3191794801624761,24,25,True
1,B_CN,A_CN,u_x_gamma,2,1,log10_Ar,central90_width,,fraction_prior_width,25,0.11093619115790897,0.08868911017098224,0.10481321259262362,0.0007925345069368607,0.021049468824561934,0.19017350075792616,0.28540169239594043,-0.00896885918315693,0.3830817910593117,24,25,True
1,B_CN,A_CN,u_x_gamma,2,1,log10_EFAC,quantile,0.05,fraction_prior_width,25,-0.09895843224447275,-0.06958721229067866,0.10126109338390278,-0.2827260561765664,-0.1560666914535408,-0.020079066884260807,0.0014083236546577262,-0.3242276921084762,0.02290678856460021,24,25,True
1,B_CN,A_CN,u_x_gamma,2,1,log10_EFAC,quantile,0.5,fraction_prior_width,25,0.003488361935515534,0.007166803131706784,0.04792865115782565,-0.07426214256927577,-0.02387811721419375,0.03185770022859846,0.07624462526937187,-0.08466507123747002,0.11918928219311076,24,25,True
1,B_CN,A_CN,u_x_gamma,2,1,log10_EFAC,quantile,0.9,fraction_prior_width,25,0.04484681706648152,0.03146225189097773,0.05311418321368072,-0.03340816407459523,0.006861949975735193,0.07084982999246481,0.14033434378247014,-0.042698203522150036,0.151522877101523,24,25,True
1,B_CN,A_CN,u_x_gamma,2,1,log10_EFAC,quantile,0.95,fraction_prior_width,25,0.05481818313198621,0.05043543067453882,0.057103633607625895,-0.02713055657175409,0.016869405049483643,0.07797752752489662,0.15342662285973505,-0.03445276076168646,0.17982593439443606,24,25,True
1,B_CN,A_CN,u_x_gamma,2,1,log10_EFAC,central90_width,,fraction_prior_width,25,0.15377661537645892,0.11903014671126178,0.12762342315701727,0.034837656684016574,0.06088185452374928,0.16800566724421429,0.40070774783777274,0.023828820505017112,0.45815772055910564,24,25,True
2,B_G,A_G,all500,-1,-1,u,quantile,0.05,fraction_prior_width,500,-0.0017503261805044172,-0.0010448578538118126,0.014838819888704977,-0.020989304432426515,-0.00586808859328968,0.0046800919446091,0.01741630297996979,-0.15119645080121205,0.07135772085593434,480,500,True
2,B_G,A_G,all500,-1,-1,u,quantile,0.5,fraction_prior_width,500,0.004591490160264897,-0.0053860467654881505,0.05944766793568625,-0.08041746831029013,-0.02388785162793372,0.025761667208581238,0.11987348506325497,-0.2217141712549207,0.22304867137697598,480,495,True
2,B_G,A_G,all500,-1,-1,u,quantile,0.9,fraction_prior_width,500,0.006912376169820356,-0.001194270260170438,0.0357004339507908,-0.02802003550756623,-0.00691889920586386,0.01050277958534479,0.08135363171223801,-0.13460654894114765,0.35500213747604187,480,500,True
2,B_G,A_G,all500,-1,-1,u,quantile,0.95,fraction_prior_width,500,0.004771270384558369,-0.0006059043080303694,0.02524096393138738,-0.013926036309443649,-0.003578487910363054,0.005677182751423482,0.04580717191266951,-0.08043336098596743,0.3274860850899045,480,500,True
2,B_G,A_G,all500,-1,-1,u,central90_width,,fraction_prior_width,500,0.006521596565062784,0.0013701772446295668,0.02238112845853587,-0.0059153764858521415,-0.0006902857687507424,0.0064344024607206896,0.03438387557555821,-0.053212128955113736,0.31011305628408625,480,500,True
2,B_G,A_G,all500,-1,-1,log10_Agw,quantile,0.05,fraction_prior_width,500,-0.05549439714807127,-0.010333779849067151,0.14021987871406813,-0.3697745289184487,-0.0831360316114258,0.01095640182391137,0.039476427163927755,-0.682731147904736,0.42658449726503994,479,496,True
2,B_G,A_G,all500,-1,-1,log10_Agw,quantile,0.5,fraction_prior_width,500,0.009940698556219242,0.014787088291352557,0.13623765916736497,-0.2174593528219294,-0.07198617025730353,0.0913103511914312,0.23440981372947903,-0.5099882079422682,0.5246078620016161,479,493,True
2,B_G,A_G,all500,-1,-1,log10_Agw,quantile,0.9,fraction_prior_width,500,0.06073435622256691,0.04311902350989674,0.11146686285547233,-0.10357017331995323,-0.013405109318007452,0.1278760787524431,0.2647253381183938,-0.29711604707959605,0.39816486978628907,479,498,True
2,B_G,A_G,all500,-1,-1,log10_Agw,quantile,0.95,fraction_prior_width,500,0.0670776261149305,0.045657476908644856,0.10339905737582618,-0.08045946480305975,-0.002357510507319527,0.1312746727801516,0.2635546401409155,-0.24672789169266207,0.3642923156286394,479,499,True
2,B_G,A_G,all500,-1,-1,log10_Agw,central90_width,,fraction_prior_width,500,0.12257202326300176,0.10586195435530807,0.13208876549150672,-0.04325010185756866,0.04887332855060289,0.18183756668365075,0.37679617576079283,-0.40495969733752235,0.6130778844622806,479,495,True
2,B_G,A_G,all500,-1,-1,gamma_gw,quantile,0.05,fraction_prior_width,500,-0.03496743119378219,-0.0002276395624294346,0.09598255698115016,-0.25883587558387394,-0.028738536390379092,0.008345810782910976,0.030399191551101167,-0.6036256980146641,0.09365799925206242,481,500,True
2,B_G,A_G,all500,-1,-1,gamma_gw,quantile,0.5,fraction_prior_width,500,-0.0027221015007583738,0.010060449315037717,0.12448895923557936,-0.24594587353484623,-0.057882596755368415,0.06900358269994349,0.18662269905942136,-0.4520102042787717,0.33659679340183324,481,493,True
2,B_G,A_G,all500,-1,-1,gamma_gw,quantile,0.9,fraction_prior_width,500,0.03283027102820348,0.011295992245858921,0.09447329539895842,-0.06443824543164298,-0.019288793472941407,0.05172697457159342,0.20406038727717682,-0.10974562140551969,0.5699446967463564,481,497,True
2,B_G,A_G,all500,-1,-1,gamma_gw,quantile,0.95,fraction_prior_width,500,0.027867030411941184,0.007347105675365062,0.08095701468616924,-0.033020686140694734,-0.010288608092747703,0.03136651105923338,0.16544567052872305,-0.056627313188183925,0.56061204422711,481,497,True
2,B_G,A_G,all500,-1,-1,gamma_gw,central90_width,,fraction_prior_width,500,0.06283446160572337,0.015477215452507687,0.10753320700568889,-0.005185972905037183,0.0026177378380405625,0.0657082945032125,0.30766663391252475,-0.0730292658919407,0.5469983848264802,481,497,True
2,B_G,A_G,all500,-1,-1,log10_Ar,quantile,0.05,fraction_prior_width,500,-0.022364734882062486,0.0014507580706870325,0.10033891266051674,-0.11978920649682041,-0.010194117729928506,0.008672671088180066,0.01897432067843539,-0.8618369677946807,0.03675074179149329,481,498,True
2,B_G,A_G,all500,-1,-1,log10_Ar,quantile,0.5,fraction_prior_width,500,-0.017755279241276938,0.015982207836781698,0.16064997571610037,-0.35052290892436266,-0.08997313329377145,0.08632872322125446,0.18340189422550635,-0.48275959641347455,0.361213959703255,481,495,True
2,B_G,A_G,all500,-1,-1,log10_Ar,quantile,0.9,fraction_prior_width,500,0.07333481218799254,0.050859303002543876,0.10295723046216206,-0.06366380886529724,-0.007749157212729202,0.1482821736049545,0.25376120084058285,-0.18724182290941327,0.3680203996672017,481,497,True
2,B_G,A_G,all500,-1,-1,log10_Ar,quantile,0.95,fraction_prior_width,500,0.08284356023113548,0.0578917707544066,0.09530119342599319,-0.02864014336797841,0.0028433705595966863,0.15648349866319686,0.24848693908379893,-0.13750999996840885,0.3569417553504908,481,498,True
2,B_G,A_G,all500,-1,-1,log10_Ar,central90_width,,fraction_prior_width,500,0.10520829511319797,0.08567481788977926,0.11385923767341813,-0.006980148144723414,0.01682316763311051,0.16317881297579115,0.2567810486413632,-0.07383543300867401,0.8490867941213996,481,496,True
2,B_G,A_G,all500,-1,-1,log10_EFAC,quantile,0.05,fraction_prior_width,500,-0.10492385163238661,-0.06076576772032088,0.156642853070853,-0.4343811662168638,-0.14294644194063144,-0.010924855171596356,0.04574337620840696,-0.8672123787368141,0.46779860858183175,479,499,True
2,B_G,A_G,all500,-1,-1,log10_EFAC,quantile,0.5,fraction_prior_width,500,0.004727053388148391,0.0009898632078413905,0.12036393336931182,-0.1632141751239689,-0.0365726836689181,0.043215795015458386,0.19343444848227132,-0.5810713075317706,0.5832926272717684,479,492,True
2,B_G,A_G,all500,-1,-1,log10_EFAC,quantile,0.9,fraction_prior_width,500,0.06570267481848413,0.03198536813949526,0.12753449546554743,-0.06331112639647288,-0.0013665707145803785,0.1006588312880572,0.34449317147377856,-0.3852369897366651,0.6844625622073128,479,499,True
2,B_G,A_G,all500,-1,-1,log10_EFAC,quantile,0.95,fraction_prior_width,500,0.07979731081791445,0.04174588060405404,0.13271876139528851,-0.050570695322086155,0.0046817734798036414,0.11292407012140868,0.37720638508618215,-0.3310424216957082,0.6878795524458585,479,500,True
2,B_G,A_G,all500,-1,-1,log10_EFAC,central90_width,,fraction_prior_width,500,0.18472116245030104,0.12235863252798408,0.163362512523286,0.028792909826016833,0.06742263923887057,0.24812592744792422,0.5492961981479381,-0.02126169206587969,0.7919416906968203,479,499,True
2,B_G,A_G,u,0,-1,u,quantile,0.05,fraction_prior_width,243,-0.0008670973621597626,-0.0005448247506584791,0.013354511174874186,-0.018743858131705787,-0.0062299264775714305,0.0053142223946691484,0.01938412243407219,-0.07294331381839664,0.04592809363389226,230,243,True
2,B_G,A_G,u,0,-1,u,quantile,0.5,fraction_prior_width,243,0.008633770426716404,-0.0025969770604205022,0.06387362382894722,-0.07743028409446376,-0.023506994657138763,0.03530603148809586,0.1251082508334069,-0.2217141712549207,0.22304867137697598,230,241,True
2,B_G,A_G,u,0,-1,u,quantile,0.9,fraction_prior_width,243,0.00949954890417211,-0.0002867904321250947,0.03668357729399206,-0.028797852825098842,-0.006612647212321021,0.015384774934105394,0.0962134521177126,-0.13460654894114765,0.15913402137883548,230,243,True
2,B_G,A_G,u,0,-1,u,quantile,0.95,fraction_prior_width,243,0.006299209841291819,-0.00016537040746367193,0.024188241418745614,-0.01377590354472009,-0.0032302735822960504,0.0079744518477326,0.05708397861827981,-0.08043336098596743,0.11590932120522413,230,243,True
2,B_G,A_G,u,0,-1,u,central90_width,,fraction_prior_width,243,0.007166307203451576,0.0015250075895765214,0.019482946243202952,-0.006834198612033003,-0.0007830727289543926,0.009207431763189722,0.04720681690210426,-0.053212128955113736,0.10499662657844488,230,243,True
2,B_G,A_G,u,0,-1,log10_Agw,quantile,0.05,fraction_prior_width,243,-0.05954829185570833,-0.005741372519758179,0.14515177758325676,-0.3759902894260031,-0.06431200695704105,0.012681091213183343,0.039443641008730324,-0.682731147904736,0.2448119234915678,228,241,True
2,B_G,A_G,u,0,-1,log10_Agw,quantile,0.5,fraction_prior_width,243,0.010571406360965164,0.01435944513177001,0.14446604679738498,-0.23392301407885113,-0.07536158837283713,0.09533853663860566,0.25334773327047105,-0.3915878053581156,0.5246078620016161,228,239,True
2,B_G,A_G,u,0,-1,log10_Agw,quantile,0.9,fraction_prior_width,243,0.06221811373388181,0.043245504681459934,0.11592809042307753,-0.10369993517163852,-0.013529537520625079,0.1328639948175373,0.28340557473490363,-0.196927853206754,0.39816486978628907,228,241,True
2,B_G,A_G,u,0,-1,log10_Agw,quantile,0.95,fraction_prior_width,243,0.06792427088931907,0.04487688230899767,0.10691691143585189,-0.08154243027602104,-0.00252762669231138,0.13484817907475893,0.27553091166547716,-0.1632624451343092,0.34950018321007525,228,242,True
2,B_G,A_G,u,0,-1,log10_Agw,central90_width,,fraction_prior_width,243,0.12747256274502738,0.10108170981354647,0.1336148031987414,-0.03323494101335682,0.04797665646903665,0.1805023947856053,0.4041489514322476,-0.11631911294210862,0.6130778844622806,228,240,True
2,B_G,A_G,u,0,-1,gamma_gw,quantile,0.05,fraction_prior_width,243,-0.04191173346279528,-0.0002656350615187625,0.10699220110624169,-0.28737610156477583,-0.03418356100523585,0.008902639370157499,0.030533974548158194,-0.6036256980146641,0.09365799925206242,230,243,True
2,B_G,A_G,u,0,-1,gamma_gw,quantile,0.5,fraction_prior_width,243,-0.0047093492524924755,0.005040020281517454,0.12914587835082034,-0.24622252488010937,-0.06804194751770493,0.07206258877669142,0.19969954376665744,-0.4520102042787717,0.33333817867476445,230,240,True
2,B_G,A_G,u,0,-1,gamma_gw,quantile,0.9,fraction_prior_width,243,0.03263527657560495,0.013201291634541978,0.09253283305057054,-0.06229295386641972,-0.018613375905241147,0.04809933045496284,0.19415298710092896,-0.10974562140551969,0.5699446967463564,230,241,True
2,B_G,A_G,u,0,-1,gamma_gw,quantile,0.95,fraction_prior_width,243,0.027272402080530698,0.008157674180015673,0.07869535294482148,-0.030914175434223968,-0.01003487472398612,0.028653520336138327,0.14602962029434197,-0.056627313188183925,0.56061204422711,230,241,True
2,B_G,A_G,u,0,-1,gamma_gw,central90_width,,fraction_prior_width,243,0.06918413554332598,0.01820664142296491,0.11394029990041595,-0.005157094506303528,0.0033859016445398904,0.07279839912919023,0.321995574275138,-0.0730292658919407,0.5469983848264802,230,241,True
2,B_G,A_G,u,0,-1,log10_Ar,quantile,0.05,fraction_prior_width,243,-0.026189918369663383,0.0013864661556881458,0.1118779158283636,-0.15662486733227277,-0.010003128874999597,0.00773094628988287,0.021356473882959134,-0.8618369677946807,0.03675074179149329,230,241,True
2,B_G,A_G,u,0,-1,log10_Ar,quantile,0.5,fraction_prior_width,243,-0.020296531984972773,0.01079768111153312,0.1666300278160385,-0.37576952625837245,-0.08664575104294336,0.07629924167402224,0.19251744512890429,-0.45485175498670144,0.361213959703255,230,240,True
2,B_G,A_G,u,0,-1,log10_Ar,quantile,0.9,fraction_prior_width,243,0.06928050925761423,0.042749996702686754,0.10660549507100947,-0.06939203899557825,-0.010296927483395557,0.1426055359944094,0.2614904117307034,-0.12811164985293422,0.35386128029433617,230,242,True
2,B_G,A_G,u,0,-1,log10_Ar,quantile,0.95,fraction_prior_width,243,0.07895562614451336,0.050527249560810894,0.09848462452014382,-0.03177523279538881,-0.001870898287250844,0.15384463215675898,0.2662471618222348,-0.08585601967459255,0.3388003810960414,230,243,True
2,B_G,A_G,u,0,-1,log10_Ar,central90_width,,fraction_prior_width,243,0.10514554451417675,0.08036278481146297,0.12353899507169643,-0.008330837697106496,0.010326154010849575,0.16344729063678692,0.27852600675913153,-0.07383543300867401,0.8490867941213996,230,241,True
2,B_G,A_G,u,0,-1,log10_EFAC,quantile,0.05,fraction_prior_width,243,-0.10788382229933087,-0.06451234672586625,0.17639626628416036,-0.47780958699902526,-0.14777146433669702,-0.006498202147017572,0.05810567581642966,-0.8672123787368141,0.46779860858183175,229,242,True
2,B_G,A_G,u,0,-1,log10_EFAC,quantile,0.5,fraction_prior_width,243,0.012567507701350709,0.0008162323665840132,0.1405021868849938,-0.16827017637352024,-0.03657881817183003,0.04991518414809361,0.25891889966228754,-0.5810713075317706,0.5832926272717684,229,239,True
2,B_G,A_G,u,0,-1,log10_EFAC,quantile,0.9,fraction_prior_width,243,0.07990870648986106,0.03199768347501997,0.1480401773509894,-0.06392459660566835,-0.001216024478852773,0.1198627431929157,0.40955640073089383,-0.2917382794286846,0.6844625622073128,229,242,True
2,B_G,A_G,u,0,-1,log10_EFAC,quantile,0.95,fraction_prior_width,243,0.09497636788033181,0.04354970615945375,0.1540967792857699,-0.053322070764503626,0.004624157538421048,0.13491655494335453,0.42772253680335365,-0.21027437665507642,0.6878795524458585,229,243,True
2,B_G,A_G,u,0,-1,log10_EFAC,central90_width,,fraction_prior_width,243,0.2028601901796627,0.12923391050862149,0.18303335755538258,0.03160849974859203,0.07331721209152095,0.2896129173847214,0.6020572737291118,-0.02126169206587969,0.7919416906968203,229,242,True
2,B_G,A_G,u,1,-1,u,quantile,0.05,fraction_prior_width,208,-0.0019714636384246965,-0.0014130823347618532,0.016305241574981647,-0.02598739864754207,-0.005721824066787522,0.0039700959828021035,0.01692848918299226,-0.15119645080121205,0.07135772085593434,201,208,True
2,B_G,A_G,u,1,-1,u,quantile,0.5,fraction_prior_width,208,0.003341500932879958,-0.00608765678090889,0.05831239423616717,-0.07630220881228744,-0.025785226140379175,0.023631441742162418,0.12976609279638338,-0.1956227811662099,0.22082129387066818,201,205,True
2,B_G,A_G,u,1,-1,u,quantile,0.9,fraction_prior_width,208,0.0060630369188314805,-0.00201683557765725,0.03800750958287965,-0.026648751747198864,-0.0071195349617532155,0.008723186682133316,0.06328995687852472,-0.06702099463981437,0.35500213747604187,201,208,True
2,B_G,A_G,u,1,-1,u,quantile,0.95,fraction_prior_width,208,0.004365781557264631,-0.0009468131914565081,0.028872513272469126,-0.013849472677689153,-0.003730424964788176,0.003994239497262991,0.0341313735494881,-0.03921312970546864,0.3274860850899045,201,208,True
2,B_G,A_G,u,1,-1,u,central90_width,,fraction_prior_width,208,0.0063372451956893346,0.0011726538222084915,0.0269468542891497,-0.004523916207055145,-0.0007267865725841816,0.005065791623315913,0.022763393559302566,-0.0365494364759531,0.31011305628408625,201,208,True
2,B_G,A_G,u,1,-1,log10_Agw,quantile,0.05,fraction_prior_width,208,-0.054777077256810386,-0.011998718957621777,0.1408848985221178,-0.3213322453331463,-0.09261900172767662,0.009502366306574623,0.04322725887659986,-0.5651774347654016,0.42658449726503994,202,206,True
2,B_G,A_G,u,1,-1,log10_Agw,quantile,0.5,fraction_prior_width,208,0.009899395264244014,0.01353719003441406,0.13234527219944786,-0.1945651791788227,-0.06751024487260784,0.08504073292414396,0.23643395429759184,-0.5099882079422682,0.39232305817848245,202,205,True
2,B_G,A_G,u,1,-1,log10_Agw,quantile,0.9,fraction_prior_width,208,0.059524390752749894,0.04087326859973145,0.11078821552436907,-0.10550570997666617,-0.009693452538312358,0.12551381803449135,0.25180118804395696,-0.29711604707959605,0.38664531386478546,202,208,True
2,B_G,A_G,u,1,-1,log10_Agw,quantile,0.95,fraction_prior_width,208,0.06605134959591005,0.043742941667233415,0.10329156409421673,-0.07896996767644923,-0.0017571338692601857,0.1310917706400922,0.2527860466332306,-0.24672789169266207,0.3642923156286394,202,208,True
2,B_G,A_G,u,1,-1,log10_Agw,central90_width,,fraction_prior_width,208,0.12082842685272042,0.1145090011705201,0.13596447237393114,-0.07295349878980315,0.05040660623989901,0.19064065123864765,0.3029767137233288,-0.40495969733752235,0.5684962722953536,202,206,True
2,B_G,A_G,u,1,-1,gamma_gw,quantile,0.05,fraction_prior_width,208,-0.03390505735080008,-0.0007177353233238301,0.09127468951421258,-0.24832363191351964,-0.02916148156461877,0.007830102268498907,0.030220331944319025,-0.5297328347235978,0.06023746740424868,202,208,True
2,B_G,A_G,u,1,-1,gamma_gw,quantile,0.5,fraction_prior_width,208,-0.007736857970485859,0.009294228202787136,0.12650521165864634,-0.24847347060049743,-0.064393559444833,0.06754257491290692,0.1767414850038526,-0.38144342118232843,0.33659679340183324,202,204,True
2,B_G,A_G,u,1,-1,gamma_gw,quantile,0.9,fraction_prior_width,208,0.031917696609208665,0.008208087861709568,0.0998899037880879,-0.06745395312205234,-0.02090059843347286,0.05241474105219729,0.21642800246093793,-0.08695048105546377,0.5150307453400593,202,207,True
2,B_G,A_G,u,1,-1,gamma_gw,quantile,0.95,fraction_prior_width,208,0.028507160173637584,0.0051718219922411435,0.08658111442062284,-0.03426160469546739,-0.011596093226661414,0.0315822749043764,0.1958688148242272,-0.04444373875754759,0.5041110010156142,202,207,True
2,B_G,A_G,u,1,-1,gamma_gw,central90_width,,fraction_prior_width,208,0.06241221752443767,0.014973926391384618,0.10660065599591323,-0.005408460604136732,0.00218438452042162,0.06431968089994056,0.2989504059697682,-0.01312343277768968,0.4921210790909658,202,207,True
2,B_G,A_G,u,1,-1,log10_Ar,quantile,0.05,fraction_prior_width,208,-0.017336251083974276,0.0014499139868956977,0.08341917421608576,-0.10122013532059417,-0.00892034403280819,0.009476543002413053,0.018213419403162224,-0.8231090751414432,0.03584883102520923,202,208,True
2,B_G,A_G,u,1,-1,log10_Ar,quantile,0.5,fraction_prior_width,208,-0.013428441339167208,0.018799091874316914,0.15502499990863863,-0.3370594514397287,-0.07980684901511789,0.09506929736453239,0.16457054663244727,-0.48275959641347455,0.28855726769518264,202,206,True
2,B_G,A_G,u,1,-1,log10_Ar,quantile,0.9,fraction_prior_width,208,0.07396879261563992,0.05020152606818662,0.10083985249664851,-0.054983700138039826,-0.0029081037859811643,0.147544424605507,0.24086906186925128,-0.18724182290941327,0.3680203996672017,202,206,True
2,B_G,A_G,u,1,-1,log10_Ar,quantile,0.95,fraction_prior_width,208,0.0833598063674216,0.057545932092766705,0.09377346181028819,-0.026450731910626045,0.005842973945553082,0.15963037143636383,0.23527510827009243,-0.13750999996840885,0.3569417553504908,202,206,True
2,B_G,A_G,u,1,-1,log10_Ar,central90_width,,fraction_prior_width,208,0.10069605745139586,0.08006756652341368,0.10274104454780934,-0.006829083002231317,0.018309273499188844,0.16375816001298857,0.23165099675822473,-0.06583781246101106,0.8152075625489579,202,206,True
2,B_G,A_G,u,1,-1,log10_EFAC,quantile,0.05,fraction_prior_width,208,-0.10385124916247147,-0.06082052678791672,0.1396650510567455,-0.39936975539442626,-0.1439537766685216,-0.011420611285695643,0.024842891227236118,-0.6580342126884764,0.09875215475575624,202,208,True
2,B_G,A_G,u,1,-1,log10_EFAC,quantile,0.5,fraction_prior_width,208,-0.0017440906239760909,0.0018295193974185442,0.10176826349104971,-0.152881587819948,-0.033154213509338754,0.04028565193192392,0.142817978952888,-0.5578108660230467,0.31758377349895106,202,205,True
2,B_G,A_G,u,1,-1,log10_EFAC,quantile,0.9,fraction_prior_width,208,0.05470858567611251,0.03198977535227737,0.10877842286705508,-0.059934490005307664,-0.0010139743859568784,0.08740337310031862,0.2563788970610976,-0.3852369897366651,0.5711759816438402,202,208,True
2,B_G,A_G,u,1,-1,log10_EFAC,quantile,0.95,fraction_prior_width,208,0.06811525764231649,0.03937485443186706,0.11289354211230364,-0.04723931785984763,0.0045372526952758285,0.10261711308060252,0.2749162457844104,-0.3310424216957082,0.6481660610123121,202,208,True
2,B_G,A_G,u,1,-1,log10_EFAC,central90_width,,fraction_prior_width,208,0.171966506804788,0.12240051665818218,0.1440863173661723,0.02829401234657485,0.06351973042445741,0.2427008795614024,0.4567173383313297,0.0047655419957242096,0.7444342178231776,202,208,True
2,B_G,A_G,u,2,-1,u,quantile,0.05,fraction_prior_width,49,-0.005191714172552028,-0.002167890488180592,0.01507124976672,-0.033934398369782647,-0.0054909927670174635,0.0014723435179611125,0.008222989058376989,-0.07824772162662466,0.010006044920257924,49,49,True
2,B_G,A_G,u,2,-1,u,quantile,0.5,fraction_prior_width,49,-0.010148843420381,-0.005438810980084252,0.034564469389785024,-0.08526321102463803,-0.02375210937998362,0.0015686257321805286,0.03929017986272621,-0.09606581698515237,0.06929913266724258,49,49,True
2,B_G,A_G,u,2,-1,u,quantile,0.9,fraction_prior_width,49,-0.002312530161644743,-0.0026452723853854776,0.010564960611750197,-0.020694653237588255,-0.007578223752240709,0.0026948018334199686,0.011408879247762965,-0.03122364849761816,0.027768481311648885,49,49,True
2,B_G,A_G,u,2,-1,u,quantile,0.95,fraction_prior_width,49,-0.0010848033278728856,-0.0013893041108238302,0.005566237627194441,-0.010552470288958225,-0.0036938756128152006,0.0013788060870597585,0.00637573600679302,-0.016116398237160046,0.014398796050718032,49,49,True
2,B_G,A_G,u,2,-1,u,central90_width,,fraction_prior_width,49,0.004106910844679131,0.001261280225114625,0.012411037331800732,-0.005589136556493023,-0.00022015349051474065,0.0030198214257233236,0.02546033803279025,-0.007670710125608493,0.07075115007573307,49,49,True
2,B_G,A_G,u,2,-1,log10_Agw,quantile,0.05,fraction_prior_width,49,-0.03843533844248884,-0.015259435079519545,0.1104373293961691,-0.16341335235965185,-0.08330734407969459,0.00955655917214368,0.024343978152748993,-0.4102052701846036,0.399783088975148,49,49,True
2,B_G,A_G,u,2,-1,log10_Agw,quantile,0.5,fraction_prior_width,49,0.00698823096800671,0.01917678056349137,0.11039302525980783,-0.14882968154308215,-0.06882310660226898,0.09462312568665221,0.1605301467139344,-0.25359931319970413,0.20947177964145344,49,49,True
2,B_G,A_G,u,2,-1,log10_Agw,quantile,0.9,fraction_prior_width,49,0.05851231015057553,0.058719750492959966,0.09195612284803589,-0.07798458971827968,-0.013804949362015151,0.1111876537957508,0.2206502803771474,-0.11403078156899871,0.23408947749791292,49,49,True
2,B_G,A_G,u,2,-1,log10_Agw,quantile,0.95,fraction_prior_width,49,0.06723539827370248,0.06507466555235042,0.08656964155312696,-0.052995969347944434,-0.0036468438907797385,0.12134561735550764,0.22301105251405032,-0.08095472296115747,0.23152743033414203,49,49,True
2,B_G,A_G,u,2,-1,log10_Agw,central90_width,,fraction_prior_width,49,0.10567073671619133,0.10344204807771246,0.10594131266377531,-0.014225720641082596,0.04889212105121932,0.16642709635990394,0.21321990661713291,-0.3227113866588368,0.4148576614743815,49,49,True
2,B_G,A_G,u,2,-1,gamma_gw,quantile,0.05,fraction_prior_width,49,-0.005039029315620914,0.0011595948158733202,0.03111965953068995,-0.05207753818654415,-0.00974647649312238,0.006947522895717054,0.015659031019155098,-0.16160001129369655,0.0684910533134144,49,49,True
2,B_G,A_G,u,2,-1,gamma_gw,quantile,0.5,fraction_prior_width,49,0.02842015460892946,0.024386598300608464,0.08298676225675533,-0.06565813567629984,-0.01629043867987573,0.05614392710771099,0.15654592305151593,-0.19380754961732638,0.3364228278990433,49,49,True
2,B_G,A_G,u,2,-1,gamma_gw,quantile,0.9,fraction_prior_width,49,0.0376710696227416,0.017160584335184748,0.08098593656757094,-0.02668956844476227,-0.00360038776706062,0.04602206482713145,0.1427137130274851,-0.058076316205149525,0.4691773286335572,49,49,True
2,B_G,A_G,u,2,-1,gamma_gw,quantile,0.95,fraction_prior_width,49,0.028098616005816607,0.009634541204154412,0.06767930192186368,-0.014427464531855394,-0.001364139254683927,0.02600967564156964,0.09631080938839885,-0.03052950921475428,0.42262678899281225,49,49,True
2,B_G,A_G,u,2,-1,gamma_gw,central90_width,,fraction_prior_width,49,0.03313764532143751,0.010824257157398542,0.06816945853630489,-0.0043479564703232,0.0006457422899587284,0.029825476511262883,0.15528691678889234,-0.010170786777083274,0.37895549916059545,49,49,True
2,B_G,A_G,u,2,-1,log10_Ar,quantile,0.05,fraction_prior_width,49,-0.024740347994620226,0.0020591610448603,0.10658452868927286,-0.10830406484310609,-0.017386429709154883,0.008997922704500762,0.015748628308812997,-0.71909550512892,0.018046503832285954,49,49,True
2,B_G,A_G,u,2,-1,log10_Ar,quantile,0.5,fraction_prior_width,49,-0.023519725504965398,0.020231998085416092,0.15660865312268088,-0.28359947585098955,-0.14170465697672818,0.09270886939310713,0.15412443854540384,-0.3724440891746983,0.1942355100979043,49,49,True
2,B_G,A_G,u,2,-1,log10_Ar,quantile,0.9,fraction_prior_width,49,0.0907496628641409,0.08696461542701117,0.09302509295472268,-0.029547343955499607,0.004629366836261473,0.16236354021913635,0.24380428095456053,-0.07322325351670667,0.26965718194257604,49,49,True
2,B_G,A_G,u,2,-1,log10_Ar,quantile,0.95,fraction_prior_width,49,0.09993312730667973,0.09795451930480237,0.08497290813620986,-0.01108918605324527,0.01984060511905883,0.1654658521772857,0.24596445929708893,-0.018467468184142577,0.2625105714304945,49,49,True
2,B_G,A_G,u,2,-1,log10_Ar,central90_width,,fraction_prior_width,49,0.12467347530129995,0.11048119171569404,0.10876074162778106,0.001831348831647529,0.06447974439161253,0.16154012534745377,0.2373499096205015,-0.004800978400950395,0.7020039264980411,49,49,True
2,B_G,A_G,u,2,-1,log10_EFAC,quantile,0.05,fraction_prior_width,49,-0.09479790146248628,-0.05275529648969657,0.11803663459849911,-0.35822858958225945,-0.12405935856480355,-0.020232556009965874,0.027349410617177584,-0.46623970562642764,0.04379556255425876,48,49,True
2,B_G,A_G,u,2,-1,log10_EFAC,quantile,0.5,fraction_prior_width,49,-0.006685853623816313,0.004889836830517136,0.07611363551619829,-0.11491856921225152,-0.05156973815600202,0.024448286660882973,0.10157202889451292,-0.2630397268248944,0.1983773651830819,48,48,True
2,B_G,A_G,u,2,-1,log10_EFAC,quantile,0.9,fraction_prior_width,49,0.04192114105253923,0.03129142308164368,0.07378748362804173,-0.045193068327582804,-0.0014292255633077122,0.07030984428722376,0.16875884602225502,-0.13756822933185286,0.282241923282063,48,49,True
2,B_G,A_G,u,2,-1,log10_EFAC,quantile,0.95,fraction_prior_width,49,0.05411070253948511,0.03803965333966408,0.07747626779688759,-0.03618237669466215,0.007584492264984033,0.06701848698192003,0.19440922598650703,-0.09631063828554054,0.29112983813116977,48,49,True
2,B_G,A_G,u,2,-1,log10_EFAC,central90_width,,fraction_prior_width,49,0.1489086040019714,0.0919826147303531,0.12378918976260996,0.03166936958286269,0.06526903079802993,0.20767146995810382,0.3548807568993802,0.008337819067458452,0.6112113257995275,48,49,True
2,B_G,A_G,gamma,-1,0,u,quantile,0.05,fraction_prior_width,233,-0.005107199042363635,-0.002666909206048222,0.015812682665496725,-0.03049515397091784,-0.006803848027365361,0.0007242222847761506,0.010357918303965923,-0.15119645080121205,0.030433883772950754,222,233,True
2,B_G,A_G,gamma,-1,0,u,quantile,0.5,fraction_prior_width,233,-0.010107731559207333,-0.011773768407835394,0.0424059826419744,-0.08620019425682425,-0.026606860995709636,0.0090520321962273,0.052925587550461506,-0.1956227811662099,0.1234646231503897,222,229,True
2,B_G,A_G,gamma,-1,0,u,quantile,0.9,fraction_prior_width,233,-0.0011580367638959008,-0.003101070285420615,0.016159785674137908,-0.022430715012753573,-0.007715388629929043,0.0038084230646149297,0.024527533249944906,-0.08174002522623225,0.06739439985162199,222,233,True
2,B_G,A_G,gamma,-1,0,u,quantile,0.95,fraction_prior_width,233,-0.0004885153233623596,-0.0016556597347133772,0.008912141761773988,-0.011234853028407852,-0.004059167849010059,0.0022692123336345293,0.01302415457763151,-0.04992272810954568,0.037402730808374196,222,233,True
2,B_G,A_G,gamma,-1,0,u,central90_width,,fraction_prior_width,233,0.004618683719001269,0.0012973769297791593,0.01308865054248345,-0.0044681034347248344,-0.00039277241060309276,0.004409910820272422,0.022109280247779556,-0.029243436969622616,0.13017449402889614,222,233,True
2,B_G,A_G,gamma,-1,0,log10_Agw,quantile,0.05,fraction_prior_width,233,-0.049417631863624904,-0.0029779812227997138,0.14608934864730522,-0.32171060896227205,-0.0713655620613991,0.013913223707510091,0.0470632826349656,-0.682731147904736,0.42658449726503994,223,230,True
2,B_G,A_G,gamma,-1,0,log10_Agw,quantile,0.5,fraction_prior_width,233,0.022186931166929293,0.022909074217916325,0.15156084601159425,-0.22248511678508845,-0.07713532939128964,0.12242896050192376,0.285618067147723,-0.5099882079422682,0.5246078620016161,223,229,True
2,B_G,A_G,gamma,-1,0,log10_Agw,quantile,0.9,fraction_prior_width,233,0.07558694966575959,0.04948277339637608,0.12702015247364043,-0.09875441622997821,-0.017566251938039068,0.1749240022320651,0.3058354039334176,-0.29711604707959605,0.39816486978628907,223,232,True
2,B_G,A_G,gamma,-1,0,log10_Agw,quantile,0.95,fraction_prior_width,233,0.08275394304920905,0.06507466555235042,0.1177326580018959,-0.07955695009694337,-0.006467776116128032,0.1774574946662349,0.2901330687889685,-0.24672789169266207,0.3642923156286394,223,232,True
2,B_G,A_G,gamma,-1,0,log10_Agw,central90_width,,fraction_prior_width,233,0.13217157491283396,0.13472105028768855,0.13425529306248693,-0.05833816555648484,0.061186664455103235,0.19460079445936984,0.29097719989175075,-0.40495969733752235,0.6130778844622806,223,229,True
2,B_G,A_G,gamma,-1,0,gamma_gw,quantile,0.05,fraction_prior_width,233,-0.0061568305115791006,0.005181193608981463,0.05002152258780215,-0.0789211222344806,-0.003798982388401255,0.010671891729733173,0.031481767925770045,-0.3968409182476419,0.05346603072334376,223,233,True
2,B_G,A_G,gamma,-1,0,gamma_gw,quantile,0.5,fraction_prior_width,233,0.04962396794620479,0.048381167129433744,0.10416049785575353,-0.1209515606525267,-0.003233844524462237,0.1002364733412347,0.24697958082000432,-0.27352006160059417,0.33659679340183324,223,229,True
2,B_G,A_G,gamma,-1,0,gamma_gw,quantile,0.9,fraction_prior_width,233,0.0692745930786711,0.033667707611718334,0.11746922377616013,-0.03683332409243203,0.002828850181155529,0.08499427036148288,0.38395156648095174,-0.08206532507900988,0.5699446967463564,223,231,True
2,B_G,A_G,gamma,-1,0,gamma_gw,quantile,0.95,fraction_prior_width,233,0.05590869179907968,0.020472021886592806,0.1070414921365198,-0.019205407238518712,0.001760143594021879,0.05466610667978544,0.33384511187762744,-0.043603739628603644,0.56061204422711,223,231,True
2,B_G,A_G,gamma,-1,0,gamma_gw,central90_width,,fraction_prior_width,233,0.062065522310658774,0.014638402383594262,0.10992866015713862,-0.0050057126202847965,0.0037689095714286136,0.058806600014790544,0.32552866409153025,-0.015325582375488533,0.530970261755274,223,231,True
2,B_G,A_G,gamma,-1,0,log10_Ar,quantile,0.05,fraction_prior_width,233,-0.01121926469605291,0.004632269548823176,0.06608372422231205,-0.08424595705973031,-0.004063291647001886,0.011472798761732218,0.021807315632028583,-0.71909550512892,0.03675074179149329,223,233,True
2,B_G,A_G,gamma,-1,0,log10_Ar,quantile,0.5,fraction_prior_width,233,0.005424057448292393,0.04573437211770248,0.16608029768830398,-0.3530400733229692,-0.035162259654292705,0.11898541978547739,0.20168410751112067,-0.48275959641347455,0.361213959703255,223,231,True
2,B_G,A_G,gamma,-1,0,log10_Ar,quantile,0.9,fraction_prior_width,233,0.10167484182421015,0.10674800530353745,0.10874728648615713,-0.06068239850927836,0.01170228515628191,0.18188880540672925,0.2692427802390696,-0.18724182290941327,0.3680203996672017,223,231,True
2,B_G,A_G,gamma,-1,0,log10_Ar,quantile,0.95,fraction_prior_width,233,0.11068741518719451,0.11726171830767851,0.09971093612840859,-0.019079332234703705,0.020023310232281766,0.1859075978220328,0.2659224358536622,-0.13750999996840885,0.3569417553504908,223,232,True
2,B_G,A_G,gamma,-1,0,log10_Ar,central90_width,,fraction_prior_width,233,0.12190667988324741,0.12191633105241872,0.09346929819274413,-0.0013620791233639453,0.041955761636554234,0.18174127593808942,0.25327005543826103,-0.07383543300867401,0.7020039264980411,223,232,True
2,B_G,A_G,gamma,-1,0,log10_EFAC,quantile,0.05,fraction_prior_width,233,-0.09615920389520419,-0.06583148443157663,0.13289851651339338,-0.34814965062841774,-0.13621906637793835,-0.013851138537415153,0.03464718239576182,-0.6580342126884764,0.2885817913015066,222,232,True
2,B_G,A_G,gamma,-1,0,log10_EFAC,quantile,0.5,fraction_prior_width,233,-0.007108924462731702,-0.0037962195157213996,0.09666530184587066,-0.148787608111578,-0.05160895260848242,0.030270856025355397,0.10718175054364082,-0.4611139541588419,0.4259757664436237,222,228,True
2,B_G,A_G,gamma,-1,0,log10_EFAC,quantile,0.9,fraction_prior_width,233,0.043595773952947225,0.02332375402447684,0.09921512193378906,-0.06492083636479302,-0.004764745948119931,0.07347696326926731,0.20126990831001557,-0.2938333086081082,0.5514160326394733,222,232,True
2,B_G,A_G,gamma,-1,0,log10_EFAC,quantile,0.95,fraction_prior_width,233,0.05649792434122208,0.03123170355715632,0.10339042285164819,-0.05210311901665023,0.002580006163119819,0.08025663745222911,0.23831131980392417,-0.24077307994934194,0.5969294101378205,222,233,True
2,B_G,A_G,gamma,-1,0,log10_EFAC,central90_width,,fraction_prior_width,233,0.15265712823642627,0.10923164970787301,0.12481516056334542,0.02959486231771557,0.06488468620946275,0.2037206706967286,0.39232604168275415,0.0047655419957242096,0.6858818666409273,222,232,True
2,B_G,A_G,gamma,-1,1,u,quantile,0.05,fraction_prior_width,267,0.0011790797251629897,0.0009745661644663534,0.013285299015467381,-0.016305293202802523,-0.004548095416137543,0.006271023281234345,0.021312922281622168,-0.06434789670276962,0.07135772085593434,258,267,True
2,B_G,A_G,gamma,-1,1,u,quantile,0.5,fraction_prior_width,267,0.01741890087426126,0.004612041953369395,0.06860599287645408,-0.07597248861343325,-0.019460421985371346,0.0421250352259554,0.1628655450067985,-0.2217141712549207,0.22304867137697598,258,266,True
2,B_G,A_G,gamma,-1,1,u,quantile,0.9,fraction_prior_width,267,0.013955096070778737,0.0024895148386985255,0.045346741397156276,-0.029525946551294965,-0.00582330201385306,0.016206603916494255,0.1018308714122041,-0.13460654894114765,0.35500213747604187,258,267,True
2,B_G,A_G,gamma,-1,1,u,quantile,0.95,fraction_prior_width,267,0.009361270646526644,0.0014312181266534774,0.03287124117981254,-0.015410463956806342,-0.002970047060176506,0.009013187744659312,0.06763605267597118,-0.08043336098596743,0.3274860850899045,258,267,True
2,B_G,A_G,gamma,-1,1,u,central90_width,,fraction_prior_width,267,0.008182190921363656,0.0015002051670202077,0.028005906608465678,-0.007522720953680461,-0.0009045194842222104,0.00887101371925847,0.05621734490616666,-0.053212128955113736,0.31011305628408625,258,267,True
2,B_G,A_G,gamma,-1,1,log10_Agw,quantile,0.05,fraction_prior_width,267,-0.06079734213412373,-0.016496368757336843,0.13494173786016797,-0.3754383472108036,-0.08387860560071403,0.008675888384570682,0.03845779889153316,-0.607048670977428,0.399783088975148,256,266,True
2,B_G,A_G,gamma,-1,1,log10_Agw,quantile,0.5,fraction_prior_width,267,-0.0007460887033142525,0.0100243571273807,0.12057432513355094,-0.1961245261521822,-0.06659614320925,0.07339803016105474,0.17519125139129532,-0.3915878053581156,0.3546711272144411,256,264,True
2,B_G,A_G,gamma,-1,1,log10_Agw,quantile,0.9,fraction_prior_width,267,0.047773104266522384,0.03932055005216295,0.0942049468276622,-0.10802970761615079,-0.008106705718261442,0.10197546888300318,0.22362203218679783,-0.196927853206754,0.3457919918657626,256,266,True
2,B_G,A_G,gamma,-1,1,log10_Agw,quantile,0.95,fraction_prior_width,267,0.05339754429587843,0.03812146375596259,0.08697111798123408,-0.0813169526444999,-0.0013011894508022093,0.10285613255328074,0.22365650434156295,-0.1632624451343092,0.3307602208136126,256,267,True
2,B_G,A_G,gamma,-1,1,log10_Agw,central90_width,,fraction_prior_width,267,0.11419488643000215,0.08738901605466631,0.12984063311088093,-0.02455109718042976,0.04442927585715756,0.15351612956708582,0.3897332153961442,-0.37549400097761076,0.5997042684287252,256,266,True
2,B_G,A_G,gamma,-1,1,gamma_gw,quantile,0.05,fraction_prior_width,267,-0.06010926624604183,-0.008018537378626983,0.11721129712990198,-0.31412985308074237,-0.06222851354250018,0.00444004724268399,0.02485046858824878,-0.6036256980146641,0.09365799925206242,258,267,True
2,B_G,A_G,gamma,-1,1,gamma_gw,quantile,0.5,fraction_prior_width,267,-0.048402379332752446,-0.022821889328702327,0.12294320661725647,-0.28618771397099474,-0.11366558207873462,0.03172046699014425,0.10253140451628341,-0.4520102042787717,0.2444360434721322,258,264,True
2,B_G,A_G,gamma,-1,1,gamma_gw,quantile,0.9,fraction_prior_width,267,0.0010267989766718235,-0.00398418473303741,0.050291491653986796,-0.07061612942479918,-0.029624831613467628,0.02919572180775859,0.0887282101588862,-0.10974562140551969,0.20388937212061198,258,266,True
2,B_G,A_G,gamma,-1,1,gamma_gw,quantile,0.95,fraction_prior_width,267,0.003396217291329687,-0.0014276198667083628,0.031808611552026814,-0.03601396485413694,-0.015120878730068288,0.018604806674972385,0.06198184896452857,-0.056627313188183925,0.18187965586734522,258,266,True
2,B_G,A_G,gamma,-1,1,gamma_gw,central90_width,,fraction_prior_width,267,0.0635054835373715,0.015885073428457464,0.10560092865162485,-0.005955675644873392,0.0010038825479199431,0.07874888694747162,0.28890298201401277,-0.0730292658919407,0.5469983848264802,258,266,True
2,B_G,A_G,gamma,-1,1,log10_Ar,quantile,0.05,fraction_prior_width,267,-0.03209093171105211,-0.00026621072869345563,0.12195959031732122,-0.149646559841345,-0.01254778020454736,0.006224318719265789,0.01582149760469345,-0.8618369677946807,0.03584883102520923,258,265,True
2,B_G,A_G,gamma,-1,1,log10_Ar,quantile,0.5,fraction_prior_width,267,-0.037982940097717584,-0.0013216667037498908,0.15322091658634196,-0.34941373287885746,-0.11183556660730298,0.059139297796232115,0.1485977636890458,-0.45423029129278686,0.3300229016188366,258,264,True
2,B_G,A_G,gamma,-1,1,log10_Ar,quantile,0.9,fraction_prior_width,267,0.048603625276986154,0.022386968051588352,0.09084872574980879,-0.06541615857425455,-0.012569775470126276,0.10539588505430969,0.23059111691456455,-0.12811164985293422,0.35386128029433617,258,266,True
2,B_G,A_G,gamma,-1,1,log10_Ar,quantile,0.95,fraction_prior_width,267,0.058545364707683255,0.02776657241751901,0.08423007961593407,-0.030108539697879588,-0.0037349558535511584,0.11229416278198584,0.23253763672005515,-0.08585601967459255,0.33153131292923066,258,266,True
2,B_G,A_G,gamma,-1,1,log10_Ar,central90_width,,fraction_prior_width,267,0.09063629641873536,0.05538591046045083,0.12744546827014314,-0.008410360315915666,0.0065261490695477375,0.1325062178674843,0.2628529770977209,-0.05583787137334739,0.8490867941213996,258,264,True
2,B_G,A_G,gamma,-1,1,log10_EFAC,quantile,0.05,fraction_prior_width,267,-0.1125724019049091,-0.05501020070901852,0.17464086307551066,-0.465370658275752,-0.1483043912695936,-0.008374444247411256,0.04587564578887214,-0.8672123787368141,0.46779860858183175,257,267,True
2,B_G,A_G,gamma,-1,1,log10_EFAC,quantile,0.5,fraction_prior_width,267,0.015055828067006302,0.008019245144413878,0.137105898408651,-0.17343522156925933,-0.02760341106976022,0.05607196991879951,0.22962133938559093,-0.5810713075317706,0.5832926272717684,257,264,True
2,B_G,A_G,gamma,-1,1,log10_EFAC,quantile,0.9,fraction_prior_width,267,0.08499446471237963,0.03886422006386592,0.14534497850295572,-0.05971909720684858,0.0036793111621981067,0.13482422785147524,0.3661683622092548,-0.3852369897366651,0.6844625622073128,257,267,True
2,B_G,A_G,gamma,-1,1,log10_EFAC,quantile,0.95,fraction_prior_width,267,0.10012973422266848,0.04621683042338176,0.15109464736989084,-0.03750228731079938,0.007628742620983842,0.1426838159364277,0.4031962415222457,-0.3310424216957082,0.6878795524458585,257,267,True
2,B_G,A_G,gamma,-1,1,log10_EFAC,central90_width,,fraction_prior_width,267,0.21270213612757757,0.1298405191814066,0.18652026488606194,0.028760508198809265,0.06945424375605097,0.31849079562470417,0.6160265697377082,-0.02126169206587969,0.7919416906968203,257,267,True
2,B_G,A_G,u_x_gamma,0,0,u,quantile,0.05,fraction_prior_width,117,-0.0030311200322283094,-0.002023061122728334,0.012279713852588027,-0.02071896855236922,-0.006430241818655001,0.001849256833645875,0.012118796100541588,-0.07294331381839664,0.030433883772950754,110,117,True
2,B_G,A_G,u_x_gamma,0,0,u,quantile,0.5,fraction_prior_width,117,-0.0032976086944034597,-0.007602658543770846,0.045155996541319625,-0.07759839305910626,-0.023782494169997004,0.01780557305639152,0.087228458896458,-0.14372314051374396,0.1234646231503897,110,115,True
2,B_G,A_G,u_x_gamma,0,0,u,quantile,0.9,fraction_prior_width,117,0.001497952547335177,-0.0018240003331736476,0.019113465564008662,-0.02133811436698247,-0.006835138735724389,0.007748598741674884,0.03559001731995535,-0.08174002522623225,0.06739439985162199,110,117,True
2,B_G,A_G,u_x_gamma,0,0,u,quantile,0.95,fraction_prior_width,117,0.000893969091223175,-0.0009552397181225025,0.010712241642417247,-0.010433429449847618,-0.0033435027405288587,0.004154954437640024,0.01959598309713102,-0.04992272810954568,0.037402730808374196,110,117,True
2,B_G,A_G,u_x_gamma,0,0,u,central90_width,,fraction_prior_width,117,0.003925089123451478,0.0014954199902362797,0.010173914488948905,-0.00508872446186106,-0.0008174401751160909,0.0056174155213143395,0.021332468664559835,-0.029243436969622616,0.05625302593841486,110,117,True
2,B_G,A_G,u_x_gamma,0,0,log10_Agw,quantile,0.05,fraction_prior_width,117,-0.06016105588313751,-0.004576466291881052,0.1554958113074174,-0.4165871101294734,-0.06418323467521021,0.014240533451457486,0.04114458542544556,-0.682731147904736,0.2448119234915678,110,115,True
2,B_G,A_G,u_x_gamma,0,0,log10_Agw,quantile,0.5,fraction_prior_width,117,0.025200073235733166,0.01250926971808497,0.16262292624597646,-0.2300988460128425,-0.09349112101335644,0.13337065155772101,0.3087176939374874,-0.3606292255589414,0.5246078620016161,110,114,True
2,B_G,A_G,u_x_gamma,0,0,log10_Agw,quantile,0.9,fraction_prior_width,117,0.07994882078856559,0.04736822366022381,0.1329889871734418,-0.09772597186399709,-0.020354063143698364,0.18541881735060367,0.30722013989332897,-0.1926999305593936,0.39816486978628907,110,116,True
2,B_G,A_G,u_x_gamma,0,0,log10_Agw,quantile,0.95,fraction_prior_width,117,0.08628716909324921,0.06665809816789225,0.12241226929763047,-0.08005951179933232,-0.006467776116128032,0.1865296656131507,0.29263640515039413,-0.15925946067282948,0.34950018321007525,110,116,True
2,B_G,A_G,u_x_gamma,0,0,log10_Agw,central90_width,,fraction_prior_width,117,0.14644822497638674,0.13472105028768855,0.13453734438804538,-0.03622285562508164,0.0617633476390228,0.2075184841466755,0.40664656055593423,-0.11631911294210862,0.6130778844622806,110,114,True
2,B_G,A_G,u_x_gamma,0,0,gamma_gw,quantile,0.05,fraction_prior_width,117,-0.009219758996241952,0.005673030006041746,0.054072426574249065,-0.10666746926831745,-0.0075053224615506675,0.011750423539718217,0.029840047377685384,-0.27269088050565204,0.050959475709534886,110,117,True
2,B_G,A_G,u_x_gamma,0,0,gamma_gw,quantile,0.5,fraction_prior_width,117,0.04809354595635056,0.048381167129433744,0.10242525964193373,-0.12215565290608622,-0.008213026310110061,0.1002364733412347,0.23579122741790656,-0.21712162163615023,0.33333817867476445,110,115,True
2,B_G,A_G,u_x_gamma,0,0,gamma_gw,quantile,0.9,fraction_prior_width,117,0.06732572927510894,0.03658129384528486,0.11209128962375613,-0.03720834367326895,0.007911057204395444,0.0815339902309935,0.2811254412777795,-0.0667963273579315,0.5699446967463564,110,115,True
2,B_G,A_G,u_x_gamma,0,0,gamma_gw,quantile,0.95,fraction_prior_width,117,0.05334321422687051,0.021366206699351187,0.10227548918450492,-0.019014142890672492,0.004685769230492465,0.052087658841727946,0.24938251045164866,-0.03909095756459413,0.56061204422711,110,115,True
2,B_G,A_G,u_x_gamma,0,0,gamma_gw,central90_width,,fraction_prior_width,117,0.06256297322311245,0.015491817062805113,0.10904084101273413,-0.004733118370318712,0.005884425725954934,0.060989990777544634,0.32482201201419053,-0.015325582375488533,0.530970261755274,110,115,True
2,B_G,A_G,u_x_gamma,0,0,log10_Ar,quantile,0.05,fraction_prior_width,117,-0.00867918668009642,0.004705885126383695,0.053940162051530856,-0.06864688883315567,-0.0032816444314702764,0.011645286700319071,0.023121263036663224,-0.377150817696606,0.03675074179149329,110,117,True
2,B_G,A_G,u_x_gamma,0,0,log10_Ar,quantile,0.5,fraction_prior_width,117,0.012309519162755946,0.04880522065862136,0.1672040403213798,-0.36077839313663984,-0.03185398482987123,0.12186632634493211,0.21885364141339067,-0.45485175498670144,0.361213959703255,110,116,True
2,B_G,A_G,u_x_gamma,0,0,log10_Ar,quantile,0.9,fraction_prior_width,117,0.10215936779099127,0.10435242629402508,0.11044321225812836,-0.05998589052433334,0.005157361979780339,0.18188880540672925,0.28988241986550517,-0.10668952425111577,0.3287138661696565,110,116,True
2,B_G,A_G,u_x_gamma,0,0,log10_Ar,quantile,0.95,fraction_prior_width,117,0.10984774870571079,0.1174952281292142,0.10149007563348188,-0.017756281548072118,0.0163690936184665,0.18558627268770034,0.2719353848368821,-0.08398017418205694,0.3388003810960414,110,117,True
2,B_G,A_G,u_x_gamma,0,0,log10_Ar,central90_width,,fraction_prior_width,117,0.11852693538580719,0.12149193580832707,0.08906101709639636,-0.0020397066751921536,0.0399752581065862,0.17929478814067212,0.26390957424544964,-0.07383543300867401,0.3274184590238983,110,117,True
2,B_G,A_G,u_x_gamma,0,0,log10_EFAC,quantile,0.05,fraction_prior_width,117,-0.0983931220722181,-0.06630665084656207,0.14301049055314202,-0.35189699817804493,-0.14525343848368502,-0.015022168208244868,0.05518645274044222,-0.654650163083771,0.2885817913015066,109,116,True
2,B_G,A_G,u_x_gamma,0,0,log10_EFAC,quantile,0.5,fraction_prior_width,117,0.002653804109123783,-0.004495222947605626,0.1045151721752826,-0.12399237104209579,-0.04568210980851331,0.030270856025355397,0.16400006831117855,-0.2798526637439958,0.4259757664436237,109,113,True
2,B_G,A_G,u_x_gamma,0,0,log10_EFAC,quantile,0.9,fraction_prior_width,117,0.05426596819925369,0.02577156915269707,0.11550643816399035,-0.06293653662804054,-0.0035207322385501505,0.06543950639621066,0.3282505807801812,-0.138862295438543,0.5514160326394733,109,116,True
2,B_G,A_G,u_x_gamma,0,0,log10_EFAC,quantile,0.95,fraction_prior_width,117,0.06633795574989573,0.03546867579225088,0.12064894844428466,-0.053825768506503106,0.0037388998307480437,0.07808520730316049,0.3469849304403838,-0.09480457790582142,0.5969294101378205,109,117,True
2,B_G,A_G,u_x_gamma,0,0,log10_EFAC,central90_width,,fraction_prior_width,117,0.16473107782211385,0.12656903606829895,0.13706617219978853,0.030982467590352204,0.07149099120075197,0.2037206706967286,0.4260065652793536,0.0155726519372541,0.6858818666409273,109,116,True
2,B_G,A_G,u_x_gamma,0,1,u,quantile,0.05,fraction_prior_width,126,0.001142352260046746,0.001052985839723592,0.014031540206488434,-0.01632856485356684,-0.004736139592073236,0.008035929402000543,0.022626795317515696,-0.06434789670276962,0.04592809363389226,120,126,True
2,B_G,A_G,u_x_gamma,0,1,u,quantile,0.5,fraction_prior_width,126,0.01971290818204199,0.008375600800910932,0.0758244175698941,-0.07629112411031036,-0.020594879446654807,0.058234126441447334,0.1595075866820356,-0.2217141712549207,0.22304867137697598,120,126,True
2,B_G,A_G,u_x_gamma,0,1,u,quantile,0.9,fraction_prior_width,126,0.016929602664092117,0.002967399821144523,0.04637509466508373,-0.04264559387298769,-0.005832537068282462,0.030969949175896294,0.1044504945824469,-0.13460654894114765,0.15913402137883548,120,126,True
2,B_G,A_G,u_x_gamma,0,1,u,quantile,0.95,fraction_prior_width,126,0.011318361966355562,0.0017443133990325266,0.03120043822675174,-0.023871184078562396,-0.0029697297689615376,0.01697417858501421,0.08223691001303882,-0.08043336098596743,0.11590932120522413,120,126,True
2,B_G,A_G,u_x_gamma,0,1,u,central90_width,,fraction_prior_width,126,0.010176009706308813,0.001695294149346327,0.024896929452173554,-0.008380250128552286,-0.0007620585549855952,0.012041876698123705,0.06468655996385386,-0.053212128955113736,0.10499662657844488,120,126,True
2,B_G,A_G,u_x_gamma,0,1,log10_Agw,quantile,0.05,fraction_prior_width,126,-0.05897929668738123,-0.010395726635079108,0.13546555903326019,-0.36508147816655695,-0.06733507310474185,0.009614103789732025,0.038949499624466394,-0.607048670977428,0.2292015638003374,118,126,True
2,B_G,A_G,u_x_gamma,0,1,log10_Agw,quantile,0.5,fraction_prior_width,126,-0.003012355737033686,0.0168699123592998,0.12440572305869775,-0.23834785767515776,-0.05934304656229425,0.07174872702650091,0.15818133952211014,-0.3915878053581156,0.33314693346864294,118,125,True
2,B_G,A_G,u_x_gamma,0,1,log10_Agw,quantile,0.9,fraction_prior_width,126,0.04575388575453259,0.04064266876163536,0.0950702735381002,-0.11586485584090789,-0.00886336084793099,0.10470672154494556,0.20421165692006163,-0.196927853206754,0.3396358255237321,118,125,True
2,B_G,A_G,u_x_gamma,0,1,log10_Agw,quantile,0.95,fraction_prior_width,126,0.05087300827138395,0.03692853622371864,0.08727144862585978,-0.08803889502105613,-0.001873791401593633,0.10405309968804347,0.19574772039811242,-0.1632624451343092,0.3307602208136126,118,126,True
2,B_G,A_G,u_x_gamma,0,1,log10_Agw,central90_width,,fraction_prior_width,126,0.10985230495876518,0.08061668619393847,0.1308288226563615,-0.029849687960467608,0.039174882026013005,0.14295070023893858,0.3845198300305101,-0.10651229968994014,0.5997042684287252,118,126,True
2,B_G,A_G,u_x_gamma,0,1,gamma_gw,quantile,0.05,fraction_prior_width,126,-0.07226856689602337,-0.007961917271356173,0.1323610494032022,-0.341956909090494,-0.12146771037422302,0.004735825080250484,0.031260596483598906,-0.6036256980146641,0.09365799925206242,120,126,True
2,B_G,A_G,u_x_gamma,0,1,gamma_gw,quantile,0.5,fraction_prior_width,126,-0.05374060908927531,-0.027374027841478688,0.13236802383844767,-0.29507368982699705,-0.12363439182624675,0.029536577957907414,0.12296734964606332,-0.4520102042787717,0.2444360434721322,120,125,True
2,B_G,A_G,u_x_gamma,0,1,gamma_gw,quantile,0.9,fraction_prior_width,126,0.0004227133546369561,-0.006173732244142693,0.05238784888631028,-0.07027526240744705,-0.030250316972467994,0.026900768252844376,0.11325423149189623,-0.10974562140551969,0.19679201297923077,120,126,True
2,B_G,A_G,u_x_gamma,0,1,gamma_gw,quantile,0.95,fraction_prior_width,126,0.0030637908017865957,-0.002174908009476506,0.03248845003783334,-0.03565648238215255,-0.015386421471007411,0.017249576981812592,0.07899017151564508,-0.056627313188183925,0.1475211351905833,120,126,True
2,B_G,A_G,u_x_gamma,0,1,gamma_gw,central90_width,,fraction_prior_width,126,0.07533235769780997,0.019923655581499666,0.11841005812761032,-0.006145894432431825,0.0009783681243194509,0.09897605828285203,0.3118440884278947,-0.0730292658919407,0.5469983848264802,120,126,True
2,B_G,A_G,u_x_gamma,0,1,log10_Ar,quantile,0.05,fraction_prior_width,126,-0.04244988350997556,-0.0004008534936281172,0.14484029820708028,-0.30593535359301005,-0.012679612629666525,0.004394868520733643,0.014104357359031523,-0.8618369677946807,0.031103493317699103,120,124,True
2,B_G,A_G,u_x_gamma,0,1,log10_Ar,quantile,0.5,fraction_prior_width,126,-0.0505735794792923,-0.004663549173590076,0.16090592557072614,-0.37974394230395303,-0.12184331281638953,0.04049561868286497,0.13821439410312383,-0.44689626474517796,0.3300229016188366,120,124,True
2,B_G,A_G,u_x_gamma,0,1,log10_Ar,quantile,0.9,fraction_prior_width,126,0.03875014061947839,0.016048861339660048,0.09344119804501944,-0.07801316562047858,-0.017836633392539436,0.07888225845209088,0.21884862144398,-0.12811164985293422,0.35386128029433617,120,126,True
2,B_G,A_G,u_x_gamma,0,1,log10_Ar,quantile,0.95,fraction_prior_width,126,0.050270083766258626,0.013547335824699247,0.08658166145120252,-0.03913243153078627,-0.00815567245946583,0.08367069470629196,0.22730720183809106,-0.08585601967459255,0.33153131292923066,120,126,True
2,B_G,A_G,u_x_gamma,0,1,log10_Ar,central90_width,,fraction_prior_width,126,0.09271996727623419,0.03756311250820499,0.14786143433916332,-0.008517791087232218,0.0020199688532665794,0.12653931456655534,0.3020262558778267,-0.05583787137334739,0.8490867941213996,120,124,True
2,B_G,A_G,u_x_gamma,0,1,log10_EFAC,quantile,0.05,fraction_prior_width,126,-0.11669661536736421,-0.05881979410909244,0.2027260039179239,-0.5890683655394995,-0.14847899591018143,-0.0005533983452345339,0.05805507568350765,-0.8672123787368141,0.46779860858183175,120,126,True
2,B_G,A_G,u_x_gamma,0,1,log10_EFAC,quantile,0.5,fraction_prior_width,126,0.021773089608418568,0.012382883381976795,0.16704480429054547,-0.18146947155247056,-0.031674936355793964,0.07633529877915288,0.32428837840927166,-0.5810713075317706,0.5832926272717684,120,126,True
2,B_G,A_G,u_x_gamma,0,1,log10_EFAC,quantile,0.9,fraction_prior_width,126,0.10371982061685363,0.0482353521595793,0.16988545284351855,-0.0638163371569868,8.382370293888441e-05,0.1532554263359736,0.4744479513491127,-0.2917382794286846,0.6844625622073128,120,126,True
2,B_G,A_G,u_x_gamma,0,1,log10_EFAC,quantile,0.95,fraction_prior_width,126,0.12156917914430816,0.057861632467449464,0.17602066447503076,-0.049617507328325886,0.00603124675902994,0.17737184921385202,0.5106405702191473,-0.21027437665507642,0.6878795524458585,120,126,True
2,B_G,A_G,u_x_gamma,0,1,log10_EFAC,central90_width,,fraction_prior_width,126,0.23826579451167237,0.1390246763081252,0.21165895044594782,0.032320877362091494,0.07732646268012698,0.389267554359654,0.662064901415695,-0.02126169206587969,0.7919416906968203,120,126,True
2,B_G,A_G,u_x_gamma,1,0,u,quantile,0.05,fraction_prior_width,92,-0.00692822077625,-0.0032733983940563607,0.01849016428019809,-0.030417298998465687,-0.007454324297526281,-6.542448501582407e-05,0.008269132563984162,-0.15119645080121205,0.01111283104066943,88,92,True
2,B_G,A_G,u_x_gamma,1,0,u,quantile,0.5,fraction_prior_width,92,-0.017247803771862864,-0.015071161439357411,0.03968733421488869,-0.08169529443554177,-0.034716716483388005,-0.0012835827086995905,0.04225101563224335,-0.1956227811662099,0.08564798955395236,88,90,True
2,B_G,A_G,u_x_gamma,1,0,u,quantile,0.9,fraction_prior_width,92,-0.0038784621216436483,-0.004670304872147646,0.012588232119704487,-0.0225713572841447,-0.008874608416577862,0.0007951807292424506,0.016626827833199014,-0.04176704211766069,0.04629859362543831,88,92,True
2,B_G,A_G,u_x_gamma,1,0,u,quantile,0.95,fraction_prior_width,92,-0.0019191528256382873,-0.002226200211260798,0.006681050596658667,-0.01131923877132578,-0.004669951246166537,0.00034772661810339445,0.009059616743283762,-0.021021956772315886,0.026660065491000418,88,92,True
2,B_G,A_G,u_x_gamma,1,0,u,central90_width,,fraction_prior_width,92,0.005009067950611707,0.001361399248890116,0.015270385969159144,-0.0036619038323620788,-0.00014883575064972288,0.004271077570543735,0.02143734490382899,-0.009808546127157758,0.13017449402889614,88,92,True
2,B_G,A_G,u_x_gamma,1,0,log10_Agw,quantile,0.05,fraction_prior_width,92,-0.03880066222921454,-0.004213417231988686,0.1452976627670087,-0.2659309826137222,-0.09201519365102936,0.011191713903528792,0.06404461763407965,-0.5651774347654016,0.42658449726503994,89,91,True
2,B_G,A_G,u_x_gamma,1,0,log10_Agw,quantile,0.5,fraction_prior_width,92,0.016805338101924455,0.01975631529516983,0.14797784274203582,-0.22375185694547892,-0.0638443279728226,0.09274142388322665,0.2555727805932227,-0.5099882079422682,0.39232305817848245,89,91,True
2,B_G,A_G,u_x_gamma,1,0,log10_Agw,quantile,0.9,fraction_prior_width,92,0.06951292547975287,0.04340436567651529,0.12682794257470412,-0.11040740027186073,-0.014548713149464793,0.15354609400023983,0.29644653946107896,-0.29711604707959605,0.38664531386478546,89,92,True
2,B_G,A_G,u_x_gamma,1,0,log10_Agw,quantile,0.95,fraction_prior_width,92,0.07773587818187339,0.05238904647342249,0.11819482933366368,-0.07813372144344166,-0.005670864954870625,0.15379537380669978,0.29300322803785284,-0.24672789169266207,0.3642923156286394,89,92,True
2,B_G,A_G,u_x_gamma,1,0,log10_Agw,central90_width,,fraction_prior_width,92,0.11653654041108795,0.14262037673421674,0.1420767734719289,-0.12798374384967184,0.05801781672954785,0.19400999517929163,0.281779468918636,-0.40495969733752235,0.4999120506583733,89,91,True
2,B_G,A_G,u_x_gamma,1,0,gamma_gw,quantile,0.05,fraction_prior_width,92,-0.004612387575338535,0.004044785984743261,0.0507194247804415,-0.07972778303386772,-0.0026557806829709454,0.010273426377338662,0.03677809265742047,-0.3968409182476419,0.05346603072334376,89,92,True
2,B_G,A_G,u_x_gamma,1,0,gamma_gw,quantile,0.5,fraction_prior_width,92,0.05162812693384899,0.048193360800370094,0.11082403307584869,-0.12959848485987846,0.0017040693632261739,0.10533008594686753,0.24741490528782867,-0.27352006160059417,0.33659679340183324,89,90,True
2,B_G,A_G,u_x_gamma,1,0,gamma_gw,quantile,0.9,fraction_prior_width,92,0.07513546855486078,0.029444681282572105,0.12791019202259868,-0.0369371039691757,0.0027298519675114374,0.08992199143237115,0.3933290810115303,-0.08206532507900988,0.5150307453400593,89,92,True
2,B_G,A_G,u_x_gamma,1,0,gamma_gw,quantile,0.95,fraction_prior_width,92,0.062472437064750294,0.016596356722668792,0.11711665953735821,-0.02038405074803709,0.0014088101940649689,0.061902008646893825,0.33483576056878184,-0.043603739628603644,0.5041110010156142,89,92,True
2,B_G,A_G,u_x_gamma,1,0,gamma_gw,central90_width,,fraction_prior_width,92,0.06708482464008886,0.01523881670804239,0.11732218728052454,-0.004935933844420604,0.0028558540667355525,0.05606152832306699,0.34418987604411183,-0.010491491105063533,0.4806857644827405,89,92,True
2,B_G,A_G,u_x_gamma,1,0,log10_Ar,quantile,0.05,fraction_prior_width,92,-0.007430916369324482,0.00439451881027975,0.039406368904544235,-0.07247351920441096,-0.00430491224874986,0.010538516348305962,0.019356385855574525,-0.21320213419992562,0.026846055449998203,89,92,True
2,B_G,A_G,u_x_gamma,1,0,log10_Ar,quantile,0.5,fraction_prior_width,92,-0.0005088046380821424,0.041395151154478615,0.16410646544393312,-0.33437853461046463,-0.05525128047852597,0.1000015296593212,0.18886168701742193,-0.48275959641347455,0.26719736935007404,89,91,True
2,B_G,A_G,u_x_gamma,1,0,log10_Ar,quantile,0.9,fraction_prior_width,92,0.09818379335984229,0.10289313403709938,0.10903641847420076,-0.05990770450401992,0.019089428226693683,0.1732319314241983,0.2514562021286369,-0.18724182290941327,0.3680203996672017,89,91,True
2,B_G,A_G,u_x_gamma,1,0,log10_Ar,quantile,0.95,fraction_prior_width,92,0.10918055831203856,0.10504044649637068,0.10004449787120143,-0.023710661335806755,0.030907518453349464,0.18595510030830933,0.24762749426137534,-0.13750999996840885,0.3569417553504908,89,91,True
2,B_G,A_G,u_x_gamma,1,0,log10_Ar,central90_width,,fraction_prior_width,92,0.11661147468136304,0.1142406603133877,0.08446155736298566,-0.002935593492422035,0.04214184741129387,0.1813530167913953,0.2315988149988386,-0.06583781246101106,0.33076188967913633,89,91,True
2,B_G,A_G,u_x_gamma,1,0,log10_EFAC,quantile,0.05,fraction_prior_width,92,-0.0970905893440605,-0.06481353199289097,0.12770744785399235,-0.3285880054893489,-0.12008936311774443,-0.012793595365208405,0.014421658593947386,-0.6580342126884764,0.09875215475575624,89,92,True
2,B_G,A_G,u_x_gamma,1,0,log10_EFAC,quantile,0.5,fraction_prior_width,92,-0.01971921036123957,-0.0025181236181307243,0.09144675261486804,-0.1564078609154708,-0.05291827360116715,0.028971813949378047,0.09612858655694048,-0.4611139541588419,0.13966022960252378,89,91,True
2,B_G,A_G,u_x_gamma,1,0,log10_EFAC,quantile,0.9,fraction_prior_width,92,0.029158054228186653,0.018748778834073998,0.08066007310211108,-0.0757394624474112,-0.0134726649224019,0.07414928007586524,0.16572759093478845,-0.2938333086081082,0.2583287603336134,89,92,True
2,B_G,A_G,u_x_gamma,1,0,log10_EFAC,quantile,0.95,fraction_prior_width,92,0.04275233573659583,0.023473197045548497,0.08282349946664683,-0.05467732174679979,-0.001692272229360331,0.07951235521558818,0.20127350724010448,-0.24077307994934194,0.30132123869901184,89,92,True
2,B_G,A_G,u_x_gamma,1,0,log10_EFAC,central90_width,,fraction_prior_width,92,0.1398429250806563,0.10872698061054578,0.10431269559425929,0.0295311650792053,0.06019332805589482,0.20901382294976847,0.328166231344434,0.0047655419957242096,0.5292121255180227,89,92,True
2,B_G,A_G,u_x_gamma,1,1,u,quantile,0.05,fraction_prior_width,116,0.001959757539850543,0.0011793861893823025,0.013144168603636664,-0.012341455932640407,-0.003621980537498133,0.00603883959882167,0.02057081511652816,-0.04316003413632228,0.07135772085593434,113,116,True
2,B_G,A_G,u_x_gamma,1,1,u,quantile,0.5,fraction_prior_width,116,0.01967094949181392,0.005775105866535929,0.06531559691106886,-0.048304034134305104,-0.017904842814448235,0.039710672527212484,0.16799775057109606,-0.11204517443209816,0.22082129387066818,113,115,True
2,B_G,A_G,u_x_gamma,1,1,u,quantile,0.9,fraction_prior_width,116,0.013947674088863481,0.002825088248945784,0.048301756422971694,-0.02853335033593085,-0.005492473455667279,0.014312228953071937,0.08934114062123255,-0.06702099463981437,0.35500213747604187,113,116,True
2,B_G,A_G,u_x_gamma,1,1,u,quantile,0.95,fraction_prior_width,116,0.009350384688532462,0.0016510625984206273,0.03753046750352636,-0.01496150481725722,-0.0027661168295925465,0.007831443499767193,0.04790319423976669,-0.03921312970546864,0.3274860850899045,113,116,True
2,B_G,A_G,u_x_gamma,1,1,u,central90_width,,fraction_prior_width,116,0.007390627148681933,0.0010555585169198523,0.03346623309510409,-0.007410145087884373,-0.001011766740697334,0.006329210474839558,0.031812938381442,-0.0365494364759531,0.31011305628408625,113,116,True
2,B_G,A_G,u_x_gamma,1,1,log10_Agw,quantile,0.05,fraction_prior_width,116,-0.06744802710628295,-0.01870814709412079,0.13658587564276314,-0.3790213933441603,-0.09261900172767662,0.00827150538980645,0.0364748304809892,-0.5352267257909505,0.3828329844170431,113,115,True
2,B_G,A_G,u_x_gamma,1,1,log10_Agw,quantile,0.5,fraction_prior_width,116,0.004422268186083668,0.003939954557243747,0.11887612669728734,-0.18092221157160404,-0.08311743547597303,0.08050901292023416,0.17985255517357648,-0.3069613357716358,0.3546711272144411,113,114,True
2,B_G,A_G,u_x_gamma,1,1,log10_Agw,quantile,0.9,fraction_prior_width,116,0.05160244941754065,0.03831265656887756,0.09602990640054555,-0.07587424531725823,-0.006634803764213382,0.10146042262463884,0.23541857021386967,-0.18017212813410333,0.3457919918657626,113,116,True
2,B_G,A_G,u_x_gamma,1,1,log10_Agw,quantile,0.95,fraction_prior_width,116,0.05678430968290464,0.03937182078858911,0.0891856596783586,-0.05306826689526245,-0.0008116478742015987,0.10206355080324836,0.23432258618373686,-0.1603690829483415,0.3177138087510316,113,116,True
2,B_G,A_G,u_x_gamma,1,1,log10_Agw,central90_width,,fraction_prior_width,116,0.12423233678918759,0.09176119501686775,0.1314376867172492,-0.0010966359924527713,0.048575265144145424,0.17684651597757123,0.403732590472601,-0.37549400097761076,0.5684962722953536,113,115,True
2,B_G,A_G,u_x_gamma,1,1,gamma_gw,quantile,0.05,fraction_prior_width,116,-0.05713717475892475,-0.009185625462516746,0.10830259592286787,-0.2901620138212074,-0.06345860882045237,0.003970151315295689,0.01803511080472979,-0.5297328347235978,0.06023746740424868,113,116,True
2,B_G,A_G,u_x_gamma,1,1,gamma_gw,quantile,0.5,fraction_prior_width,116,-0.05481943220495834,-0.028513458159946214,0.11845777267193917,-0.28443399599594876,-0.12399465294156713,0.030681626493202066,0.0952546204081541,-0.38144342118232843,0.16725374507267204,113,114,True
2,B_G,A_G,u_x_gamma,1,1,gamma_gw,quantile,0.9,fraction_prior_width,116,-0.00235846734768785,-0.008133100851645425,0.048317190719253986,-0.07149718418815734,-0.0325599641220824,0.02537725837359875,0.07423182510520854,-0.08695048105546377,0.20388937212061198,113,115,True
2,B_G,A_G,u_x_gamma,1,1,gamma_gw,quantile,0.95,fraction_prior_width,116,0.0015691819496516407,-0.004371745807608407,0.0313794018382273,-0.0370431586642867,-0.016530801865057565,0.01699207859548188,0.04839156715775314,-0.04444373875754759,0.18187965586734522,113,115,True
2,B_G,A_G,u_x_gamma,1,1,gamma_gw,central90_width,,fraction_prior_width,116,0.058706356708576386,0.01494706033976545,0.09762906881851312,-0.005360232154219546,0.002100538452110834,0.06695350346036597,0.26241421657774777,-0.01312343277768968,0.4921210790909658,113,115,True
2,B_G,A_G,u_x_gamma,1,1,log10_Ar,quantile,0.05,fraction_prior_width,116,-0.02519220620248963,8.205586427927763e-06,0.10562307480211049,-0.1234956850687529,-0.011439023290382737,0.007577625824824297,0.016303692183012523,-0.8231090751414432,0.03584883102520923,113,116,True
2,B_G,A_G,u_x_gamma,1,1,log10_Ar,quantile,0.5,fraction_prior_width,116,-0.02367504975726916,0.006245197161366511,0.1473395666970438,-0.3124115825923669,-0.09444005317361229,0.07771623076088421,0.15310222628216685,-0.45423029129278686,0.28855726769518264,113,115,True
2,B_G,A_G,u_x_gamma,1,1,log10_Ar,quantile,0.9,fraction_prior_width,116,0.054763792025410485,0.02006197679801547,0.08974805786148014,-0.04389534978913251,-0.010020744991303093,0.11746881776872975,0.2334550722429327,-0.11521649040741533,0.28333937036572554,113,115,True
2,B_G,A_G,u_x_gamma,1,1,log10_Ar,quantile,0.95,fraction_prior_width,116,0.06288127896307022,0.029486904984152462,0.08337720773140059,-0.02395398636791088,0.0020017855015443675,0.12049944780513122,0.2327347678287484,-0.06487590639284158,0.2630570045136086,113,115,True
2,B_G,A_G,u_x_gamma,1,1,log10_Ar,central90_width,,fraction_prior_width,116,0.08807348516555984,0.052683365753334155,0.11398233953615237,-0.0073458200622325,0.009708113646484384,0.13588396005413905,0.226099032027975,-0.0521887760886679,0.8152075625489579,113,115,True
2,B_G,A_G,u_x_gamma,1,1,log10_EFAC,quantile,0.05,fraction_prior_width,116,-0.1092131517770733,-0.05240110322202152,0.14879612808292406,-0.44142783933476015,-0.1489882313398077,-0.010517126091586552,0.028657641780805612,-0.6540088508342573,0.0910433833483986,113,116,True
2,B_G,A_G,u_x_gamma,1,1,log10_EFAC,quantile,0.5,fraction_prior_width,116,0.012512038822819082,0.005188505378534505,0.10752406791601123,-0.13924483674294652,-0.021269023269634424,0.05435678707230529,0.19431267795968285,-0.5578108660230467,0.31758377349895106,113,114,True
2,B_G,A_G,u_x_gamma,1,1,log10_EFAC,quantile,0.9,fraction_prior_width,116,0.07497280027274336,0.03577686007771286,0.12334587560924597,-0.043091584361801355,0.005377349960167879,0.10366043391918865,0.31101681060569797,-0.3852369897366651,0.5711759816438402,113,116,True
2,B_G,A_G,u_x_gamma,1,1,log10_EFAC,quantile,0.95,fraction_prior_width,116,0.08823067846409495,0.04283335681739353,0.12880219951579142,-0.031975957154675716,0.012537441333825866,0.11292407012140868,0.3101685874662483,-0.3310424216957082,0.6481660610123121,113,116,True
2,B_G,A_G,u_x_gamma,1,1,log10_EFAC,central90_width,,fraction_prior_width,116,0.19744383024116827,0.13356797020229635,0.16516352579194332,0.02704343374874829,0.0682817029800211,0.2827582993847948,0.5440936653339772,0.006154044959355787,0.7444342178231776,113,116,True
2,B_G,A_G,u_x_gamma,2,0,u,quantile,0.05,fraction_prior_width,24,-0.008247500903542279,-0.0021872479910930408,0.019065122064912447,-0.04409311225872631,-0.005407309100479041,-0.00034159173049629933,0.0064250131179352235,-0.07824772162662466,0.00841961154041622,24,24,True
2,B_G,A_G,u_x_gamma,2,0,u,quantile,0.5,fraction_prior_width,24,-0.01593680370994668,-0.00878825202761907,0.03388087885671213,-0.08475126574034118,-0.026269779779729052,5.1425822248596376e-05,0.03236332756096365,-0.08794620067768355,0.046303110705404826,24,24,True
2,B_G,A_G,u_x_gamma,2,0,u,quantile,0.9,fraction_prior_width,24,-0.0036776874514477067,-0.0035687589144990373,0.009618262262463548,-0.015284764490715813,-0.008008046821438491,0.00030717231760357677,0.010312409319052647,-0.03122364849761816,0.017181828888320427,24,24,True
2,B_G,A_G,u_x_gamma,2,0,u,quantile,0.95,fraction_prior_width,24,-0.0017440164190757844,-0.0015885724734008289,0.00512447601816228,-0.008125611872776283,-0.003851609495441055,0.00043149150043730877,0.0060910048870804374,-0.016116398237160046,0.009589499878255858,24,24,True
2,B_G,A_G,u_x_gamma,2,0,u,central90_width,,fraction_prior_width,24,0.006503484484466489,0.0007947445094955152,0.01663181972682215,-0.000973883408435089,-0.0002206432185117846,0.0023294203489512555,0.036443638015975964,-0.0021668448514331473,0.07075115007573307,24,24,True
2,B_G,A_G,u_x_gamma,2,0,log10_Agw,quantile,0.05,fraction_prior_width,24,-0.03774182336707398,0.003526728767761122,0.09285896387346537,-0.1470975533583618,-0.05511363133947136,0.013916350161891395,0.018604767231685033,-0.4102052701846036,0.02347369886366106,24,24,True
2,B_G,A_G,u_x_gamma,2,0,log10_Agw,quantile,0.5,fraction_prior_width,24,0.028127303664028974,0.0679650333212502,0.10717685109636102,-0.14631524651951766,-0.0741075517594488,0.1090462489532195,0.15258518459755116,-0.14950604390420985,0.16388486162590252,24,24,True
2,B_G,A_G,u_x_gamma,2,0,log10_Agw,quantile,0.9,fraction_prior_width,24,0.07760658732177274,0.07946734966531627,0.09825621440329992,-0.06623797414865802,-0.01530622048247221,0.16856236696608812,0.21967464127001746,-0.08571743627007145,0.22656711373183608,24,24,True
2,B_G,A_G,u_x_gamma,2,0,log10_Agw,quantile,0.95,fraction_prior_width,24,0.08476538140929979,0.0821610555823174,0.09380102319421472,-0.04319304167717733,-0.006188291287155839,0.17891528318451355,0.2222322164846293,-0.06725237681801044,0.2299140877160551,24,24,True
2,B_G,A_G,u_x_gamma,2,0,log10_Agw,central90_width,,fraction_prior_width,24,0.12250720477637374,0.1135472385716646,0.0924446811128712,0.002596018753568369,0.06308616543050213,0.17030108916777242,0.21169776178049965,-0.02926531869062854,0.4148576614743815,24,24,True
2,B_G,A_G,u_x_gamma,2,0,gamma_gw,quantile,0.05,fraction_prior_width,24,0.002854581262230137,0.004232826356691349,0.013147289756287801,-0.01606794864886986,-0.002412428487836271,0.008653788481456186,0.012927257763675344,-0.02901525182099466,0.04367128983221685,24,24,True
2,B_G,A_G,u_x_gamma,2,0,gamma_gw,quantile,0.5,fraction_prior_width,24,0.04940216569410807,0.043099822268658966,0.08890907796004924,-0.05963479072788216,-0.0014111902810148569,0.08950409352580037,0.17093505700423994,-0.10248467547889756,0.3364228278990433,24,24,True
2,B_G,A_G,u_x_gamma,2,0,gamma_gw,quantile,0.9,fraction_prior_width,24,0.05630861479564281,0.026373647519621846,0.10371435201594581,-0.026862792333195162,0.0008555572711322901,0.0878020714907003,0.17955956986079233,-0.03162627395228468,0.4691773286335572,24,24,True
2,B_G,A_G,u_x_gamma,2,0,gamma_gw,quantile,0.95,fraction_prior_width,24,0.043254371445195366,0.015991824227517548,0.09042777603732996,-0.014613851574312858,0.001036420489188089,0.056169160920189615,0.15002689262290067,-0.015746632368472846,0.42262678899281225,24,24,True
2,B_G,A_G,u_x_gamma,2,0,gamma_gw,central90_width,,fraction_prior_width,24,0.04039979018296522,0.013131433397094605,0.08292203574014506,-0.006503543204983097,0.0029042925912025896,0.046895670119816574,0.16266114591321637,-0.010170786777083274,0.37895549916059545,24,24,True
2,B_G,A_G,u_x_gamma,2,0,log10_Ar,quantile,0.05,fraction_prior_width,24,-0.03812414694296645,0.005127264853835866,0.14962158408356727,-0.11724824746451293,-0.013339049429546078,0.012482079850526365,0.015845967492670362,-0.71909550512892,0.017982579782742956,24,24,True
2,B_G,A_G,u_x_gamma,2,0,log10_Ar,quantile,0.5,fraction_prior_width,24,-0.005399930411948366,0.049178249189574,0.1736854153509421,-0.33646811133460663,-0.09416355765410661,0.1267248091693247,0.15485179125461992,-0.3724440891746983,0.18148735075059208,24,24,True
2,B_G,A_G,u_x_gamma,2,0,log10_Ar,quantile,0.9,fraction_prior_width,24,0.1126951301828956,0.12270841666607274,0.10273117972451537,-0.033608000931209636,0.022223100661511425,0.20560674030937656,0.2439606015607702,-0.07322325351670667,0.26965718194257604,24,24,True
2,B_G,A_G,u_x_gamma,2,0,log10_Ar,quantile,0.95,fraction_prior_width,24,0.12055707397252545,0.13750166100157063,0.09286274057038937,-0.015565969428564967,0.022402231621776375,0.19555001623878984,0.24906185888670582,-0.018467468184142577,0.2625105714304945,24,24,True
2,B_G,A_G,u_x_gamma,2,0,log10_Ar,central90_width,,fraction_prior_width,24,0.1586812209154919,0.14431084089522928,0.13533041684447833,0.020954760763784667,0.0851950850284443,0.1933475683699487,0.24330243027502563,0.0005398011041783946,0.7020039264980411,24,24,True
2,B_G,A_G,u_x_gamma,2,0,log10_EFAC,quantile,0.05,fraction_prior_width,24,-0.08169854189497892,-0.0590771551920443,0.10115351179931548,-0.24772332181293216,-0.11717162687611671,-0.019983246308618904,0.03191022595202267,-0.41071212897228826,0.03464788326000995,24,24,True
2,B_G,A_G,u_x_gamma,2,0,log10_EFAC,quantile,0.5,fraction_prior_width,24,-0.006362796972913699,-0.011492563676755274,0.07038720404705368,-0.10515191679584882,-0.05337739509059541,0.0233448424855364,0.10573826447597387,-0.17645522552823234,0.12510468776913047,24,24,True
2,B_G,A_G,u_x_gamma,2,0,log10_EFAC,quantile,0.9,fraction_prior_width,24,0.046923169280452086,0.020678568605554268,0.06955417848055777,-0.03644229272695302,0.0023370497120851486,0.08564285680769114,0.17107170532220342,-0.05021064191458258,0.2021345121931678,24,24,True
2,B_G,A_G,u_x_gamma,2,0,log10_EFAC,quantile,0.95,fraction_prior_width,24,0.061219194208338705,0.03382415985109613,0.07745546569221645,-0.027695755474417636,0.016910054736919714,0.09120768413225605,0.19821545776196467,-0.041050375086930435,0.24837177027810836,24,24,True
2,B_G,A_G,u_x_gamma,2,0,log10_EFAC,central90_width,,fraction_prior_width,24,0.14291773610331762,0.08310594980209683,0.13357237666812646,0.0447603634934228,0.06492713519705656,0.17319969270495636,0.31282328903390544,0.008337819067458452,0.6112113257995275,24,24,True
2,B_G,A_G,u_x_gamma,2,1,u,quantile,0.05,fraction_prior_width,25,-0.002258158910801388,-0.001040597255148129,0.009362107734328528,-0.01841784548446168,-0.0054909927670174635,0.0037155027148993783,0.009308160954332585,-0.033992306540226766,0.010006044920257924,25,25,True
2,B_G,A_G,u_x_gamma,2,1,u,quantile,0.5,fraction_prior_width,25,-0.004592401542397945,-0.004809340340302448,0.034980850976516195,-0.07130236652686003,-0.019320717173661794,0.01648576352126685,0.04094627512199116,-0.09606581698515237,0.06929913266724258,25,25,True
2,B_G,A_G,u_x_gamma,2,1,u,quantile,0.9,fraction_prior_width,25,-0.0010019791634338971,-0.0019410117740155108,0.011442363284636525,-0.02105097160323039,-0.0068817451542707575,0.007277644381676107,0.011612965575119125,-0.028187209989854467,0.027768481311648885,25,25,True
2,B_G,A_G,u_x_gamma,2,1,u,quantile,0.95,fraction_prior_width,25,-0.000451958760318103,-0.00099958378120657,0.00599568045596367,-0.010776955373782936,-0.0031896219914836488,0.0033565726004644025,0.0062624084085927114,-0.014629284603347559,0.014398796050718032,25,25,True
2,B_G,A_G,u_x_gamma,2,1,u,central90_width,,fraction_prior_width,25,0.0018062001504832682,0.0022240795768265764,0.005631927397127187,-0.006759713219051067,0.00011711749143517025,0.0032772892909216367,0.009062816725901522,-0.007670710125608493,0.01936302193687922,25,25,True
2,B_G,A_G,u_x_gamma,2,1,log10_Agw,quantile,0.05,fraction_prior_width,25,-0.039101112914887076,-0.0292785747553545,0.12699748181632578,-0.1634186876976738,-0.0843204818065057,0.0038139750788696615,0.028180028449075255,-0.3982478128983794,0.399783088975148,25,25,True
2,B_G,A_G,u_x_gamma,2,1,log10_Agw,quantile,0.5,fraction_prior_width,25,-0.013305278820174652,-0.029318144142477243,0.11175480374506601,-0.1861860358793219,-0.06407949326364143,0.05294720542926579,0.1716524134081311,-0.25359931319970413,0.20947177964145344,25,25,True
2,B_G,A_G,u_x_gamma,2,1,log10_Agw,quantile,0.9,fraction_prior_width,25,0.04018180406622621,0.02607452467605087,0.08333808267893883,-0.07971529095383938,-0.00734322549652866,0.09601119859708618,0.20168328263755636,-0.11403078156899871,0.23408947749791292,25,25,True
2,B_G,A_G,u_x_gamma,2,1,log10_Agw,quantile,0.95,fraction_prior_width,25,0.05040661446352909,0.04294895405111221,0.07716394744018273,-0.05383874138697362,-0.00013269763004475355,0.0831197522802094,0.20452892207034187,-0.08095472296115747,0.23152743033414203,25,25,True
2,B_G,A_G,u_x_gamma,2,1,log10_Agw,central90_width,,fraction_prior_width,25,0.08950772737841618,0.09346980149489004,0.11705380759431214,-0.01775244596320717,0.04882066018892062,0.14148494148140933,0.21200021766294577,-0.3227113866588368,0.34778015966752246,25,25,True
2,B_G,A_G,u_x_gamma,2,1,gamma_gw,quantile,0.05,fraction_prior_width,25,-0.012616895470357926,-0.0011897159532441581,0.04060900777884538,-0.059266640402996486,-0.015293447552506514,0.004389175512000021,0.016073005772237983,-0.16160001129369655,0.0684910533134144,25,25,True
2,B_G,A_G,u_x_gamma,2,1,gamma_gw,quantile,0.5,fraction_prior_width,25,0.008277423967157995,0.011996910010642181,0.07304292684358153,-0.06650328424082867,-0.04520632752426512,0.04829525714138305,0.10222726285301759,-0.19380754961732638,0.19034779366170224,25,25,True
2,B_G,A_G,u_x_gamma,2,1,gamma_gw,quantile,0.9,fraction_prior_width,25,0.01977902625675644,0.015036672224391867,0.046131872099576886,-0.02554362473146463,-0.0036833567432646985,0.03547631820045838,0.10315457523532805,-0.058076316205149525,0.15663582932384246,25,25,True
2,B_G,A_G,u_x_gamma,2,1,gamma_gw,quantile,0.95,fraction_prior_width,25,0.013549090784013002,0.00810710205727072,0.029568617049260105,-0.013238746562900538,-0.002381032434811914,0.02040054812291192,0.07057444387662769,-0.03052950921475428,0.1035225086165188,25,25,True
2,B_G,A_G,u_x_gamma,2,1,gamma_gw,central90_width,,fraction_prior_width,25,0.02616598625437091,0.006663991013187265,0.051002165287888826,-0.0029516696625728088,0.0005372212603733661,0.0160940075225966,0.1127983099971892,-0.003333382897314885,0.22212913681860924,25,25,True
2,B_G,A_G,u_x_gamma,2,1,log10_Ar,quantile,0.05,fraction_prior_width,25,-0.01189190100420785,-0.0012554740633036326,0.030258779720902924,-0.07710199373157241,-0.017386429709154883,0.006500252425255794,0.013890744578601361,-0.1090890299670899,0.018046503832285954,25,25,True
2,B_G,A_G,u_x_gamma,2,1,log10_Ar,quantile,0.5,fraction_prior_width,25,-0.040914728794261744,-0.015196272949678846,0.13964003271548475,-0.2761566908881957,-0.14170465697672818,0.0679928694188432,0.13567645228860822,-0.2808191845913177,0.1942355100979043,25,25,True
2,B_G,A_G,u_x_gamma,2,1,log10_Ar,quantile,0.9,fraction_prior_width,25,0.06968201423813643,0.06302532179264186,0.07905336757080626,-0.026624030010973774,0.001958256400180658,0.10583479307509425,0.2046604823436822,-0.028168683986576792,0.261730372725803,25,25,True
2,B_G,A_G,u_x_gamma,2,1,log10_Ar,quantile,0.95,fraction_prior_width,25,0.08013413850746787,0.07304399827435237,0.0730953706285468,-0.009890765783303945,0.016257916995605082,0.11897637876605538,0.2013463116274521,-0.01149785561097405,0.25605796486895793,25,25,True
2,B_G,A_G,u_x_gamma,2,1,log10_Ar,central90_width,,fraction_prior_width,25,0.0920260395116757,0.09059931947380351,0.06196596163194499,-0.0028365252912353686,0.05152416337800092,0.1280349072922059,0.18905586148398448,-0.004800978400950395,0.23801146103667203,25,25,True
2,B_G,A_G,u_x_gamma,2,1,log10_EFAC,quantile,0.05,fraction_prior_width,25,-0.10737328664729338,-0.05275529648969657,0.1331287844842454,-0.3601560026580484,-0.138010699997148,-0.020232556009965874,-0.0026014845848597395,-0.46623970562642764,0.04379556255425876,24,25,True
2,B_G,A_G,u_x_gamma,2,1,log10_EFAC,quantile,0.5,fraction_prior_width,25,-0.006995988008682822,0.009083153303889313,0.08269485822435875,-0.1136152128419956,-0.04463850096167932,0.024448286660882973,0.06971187242785798,-0.2630397268248944,0.1983773651830819,24,24,True
2,B_G,A_G,u_x_gamma,2,1,log10_EFAC,quantile,0.9,fraction_prior_width,25,0.03711919395374289,0.03777564145811295,0.07876507028850326,-0.06563647715882091,-0.0015441127674202249,0.04620850390188724,0.1479052174358045,-0.13756822933185286,0.282241923282063,24,25,True
2,B_G,A_G,u_x_gamma,2,1,log10_EFAC,quantile,0.95,fraction_prior_width,25,0.04728655053738565,0.04503647478806405,0.07846481872987285,-0.05463679385293111,0.002677142965810231,0.049361280216258296,0.17582573191510562,-0.09631063828554054,0.29112983813116977,24,25,True
2,B_G,A_G,u_x_gamma,2,1,log10_EFAC,central90_width,,fraction_prior_width,25,0.15465983718467902,0.09389696371570777,0.11609909981417943,0.027904171456180647,0.06547378652499619,0.21816089212328316,0.3624049121201337,0.022948969643145745,0.39788071506124967,24,25,True
