contrast_index,new_model,old_model,datum,truth_u,truth_gamma,both_all6_PIT_functions_resolved,both_all20_LOW_cut_CDF_precision,delta_u_Q05,delta_u_Q50,delta_u_Q90,delta_u_Q95,delta_u_width90,delta_log10_Agw_Q05,delta_log10_Agw_Q50,delta_log10_Agw_Q90,delta_log10_Agw_Q95,delta_log10_Agw_width90,delta_gamma_gw_Q05,delta_gamma_gw_Q50,delta_gamma_gw_Q90,delta_gamma_gw_Q95,delta_gamma_gw_width90,delta_log10_Ar_Q05,delta_log10_Ar_Q50,delta_log10_Ar_Q90,delta_log10_Ar_Q95,delta_log10_Ar_width90,delta_log10_EFAC_Q05,delta_log10_EFAC_Q50,delta_log10_EFAC_Q90,delta_log10_EFAC_Q95,delta_log10_EFAC_width90
0,A_CN,A0_CN,0,0.09965289967381419,3.251260031856553,False,False,0.003229018898045166,0.009142520155543954,0.0045384029664522485,0.003723412039246088,0.0004943931412009217,-0.008181006212152897,-0.018213818340993226,-0.03948596653394254,-0.040516140808635415,-0.03233513459648252,0.052133123077948706,-0.003344791655263246,-0.052452820139951895,-0.03820006227603068,-0.09033318535397938,-0.005452604573789384,-0.04325158414985464,-0.01344503993915891,0.010051155156935665,0.015503759730725042,-0.01204625479946438,-0.07426325545154897,-0.12320120229747451,-0.135044923365368,-0.12299866856590362
0,A_CN,A0_CN,1,0.7108179770848501,3.614732788285529,True,True,0.0042566789989536905,0.027878038530603777,0.011109403287406727,0.005924566443342605,0.001667887444388949,-0.017261578134165248,-0.07982244803432953,-0.0510030216083015,-0.04324114201724916,-0.025979563883083867,-0.009709526375371029,-0.059617296775870576,-0.028029589161989943,-0.015580294112690352,-0.005870767737319316,-0.025565097083578847,-0.19356361455009485,-0.07869638752807329,-0.06903589632007934,-0.043470799236500435,0.09119552754341365,0.05260341451269801,0.02235842379079056,0.014612388260846876,-0.07658313928256677
0,A_CN,A0_CN,2,0.3534240173375872,4.415229317025593,True,True,-0.004069013600392912,-0.017540963037783852,-0.004906141162291933,-0.002208896013802142,0.0018601175865907704,0.030484468845759366,0.023589045691028043,0.019810756403368268,0.01583772507487835,-0.014646743770881043,-0.007189016339819582,-0.026427915467902907,-0.008584900514860716,-0.004405458590484579,0.0027835577493350305,-0.006776925980909794,-0.057234358066801494,-0.025287875900268042,-0.01995570604071062,-0.013178780059800888,0.07028172600608157,0.035113246632610395,0.008939492635106683,0.001430112538625683,-0.06885161346745589
0,A_CN,A0_CN,3,0.4975630876967315,3.658240617688565,True,False,0.014935586197465885,0.0614206630982872,0.03025197475176955,0.019148517041192137,0.004212930843726204,0.08120802995117637,0.08195600921104185,0.04289916818093187,0.034162256407417546,-0.04704577354375883,-0.04361876685759784,-0.17393872229589863,-0.2140876949192172,-0.17853359839410288,-0.13491483153650496,5.7959216665848245e-05,0.0030028776525774514,0.03445920064572805,0.041102923544209635,0.04104496432754379,-0.06304219383697555,-0.11104502357410609,-0.12429754602109078,-0.1288508425539362,-0.06580864871696063
0,A_CN,A0_CN,4,0.9456118153134953,3.861717363492709,True,True,-0.006413654423876043,-0.031439513370800865,-0.010698455185649602,-0.0067440467788222325,-0.00033039235494625174,0.012721203716048953,0.11269901622313333,0.16745634330836673,0.17258898613559898,0.15986778241955002,0.005310659863559136,0.05266462117914211,0.045741920220549015,0.03034989824465617,0.025039238381097007,0.011398981665817293,0.10430791395122951,0.11596196407034698,0.10299889714131383,0.09159991547549651,0.006760146024688551,-0.006062463449621247,-0.023474624041325498,-0.028998930081990393,-0.035759076106678944
0,A_CN,A0_CN,5,0.0040711435203342194,4.000788862016366,True,True,0.009676787479361376,-0.012402910531681743,-0.021692359432379127,-0.012126615915929007,-0.0218034033952903,0.10590607830408949,0.033330746766458086,0.001194087487058848,-0.004958263961777454,-0.11086434226586694,-0.01931383546526424,-0.11726667121072307,-0.23195526008162792,-0.26801147115599067,-0.24869763569072645,-0.01306952622780684,-0.1200348856721013,-0.08535986114430161,-0.0758378917416005,-0.06276836551379361,-0.020639186126552734,-0.09856854696823814,-0.1476333167815008,-0.15862946277674536,-0.13799027665019262
0,A_CN,A0_CN,6,0.9855602962975865,3.504972423795022,True,True,0.00936074698932092,0.022917538163226947,0.004566142945216289,0.002272319264495004,-0.007088427724825985,-0.23608041890402318,0.07188011702306862,0.06587111753173103,0.054858971912447485,0.2909393908164707,-0.030572376513795015,-0.1845374170890286,-0.06632052462157556,-0.03382796220462414,-0.003255585690829177,0.009155835449172901,0.0936523974929202,0.08224819472620493,0.050255564319594215,0.04109972887042135,0.04472268741521668,0.01269777383957793,0.0020526099249964513,0.0009939815298972698,-0.04372870588531941
0,A_CN,A0_CN,7,0.4819687987245169,3.6435445985982025,True,True,0.014616401710876033,0.09325592620126494,0.03573009151097373,0.019755478191011755,0.005139076480135674,-0.49377870277288843,-0.3948076073081398,-0.06827632770735548,-0.021450888488044995,0.4723278142848435,-0.004142541887805128,0.006789917203048557,0.022198095206375723,0.012749110151618614,0.016891652039423666,0.33082202056145316,0.3612080825520211,0.059979714519822425,0.03353095421826224,-0.2972910663431909,0.04216198360125756,-0.0027378261875331544,-0.029431079739720922,-0.02902581051306974,-0.0711877941143273
0,A_CN,A0_CN,8,0.4100876247360311,3.8435329113535754,True,True,0.004391762446222809,0.019142964140659302,0.004369979870553542,0.0018585785370126562,-0.0025331839092100905,0.006442696014501585,-0.003576502794747527,-0.014912000040872675,-0.021349479448658504,-0.02779217546316015,-0.001199961440668293,-0.0061473683218253306,-0.0012191804552952323,-0.0008109977088888165,0.0003889637317794348,0.012648519002135122,0.1058004707269306,0.02486948637024855,0.003472681251826093,-0.009175837750309057,0.005622257219962679,-0.037863895215814125,-0.062216000984373854,-0.0648130013368422,-0.07043525855680488
0,A_CN,A0_CN,9,0.2986058751579118,4.291622960131329,True,True,0.0007682496851989518,0.00043008147262180163,0.0009870563409499766,-0.00027582207789478286,-0.0010440717630937346,-0.001045737880505923,-0.006062929453618915,-0.0069192513599083405,-0.007800178494438814,-0.006754440613932933,2.0366865940008028e-05,-0.00826259388117212,-0.004559575917392866,-0.004904108210791347,-0.004924475076731327,-0.0020560963141642435,-0.024342681543531308,-0.03812319653559537,-0.040291166922448274,-0.038235070608284016,0.03014627279530535,-0.0031431500968636117,-0.029347245728684745,-0.036431158492155724,-0.06657743128746108
0,A_CN,A0_CN,10,0.5806756410264289,4.856954209581659,True,True,0.0018201128787451587,0.017295041831677627,0.006749046657493318,0.003270201975839382,0.0014500890970942093,-0.004254670199082995,-0.03064172936478904,-0.029514084861333778,-0.024901687351096213,-0.020647017152013225,-0.004044540196222565,-0.03303131882013011,-0.026801037952686846,-0.016398093130128966,-0.012353552933906387,-0.00460481225468224,-0.04072721188736572,-0.04381290207225852,-0.037422853186453,-0.032818040931770764,0.05758966939920507,0.023506703571855025,-0.002150431546989906,-0.009646816046590456,-0.06723648544579552
0,A_CN,A0_CN,11,0.5128905641696582,3.5100814400665845,True,True,0.0009701205026817622,0.0031351902322444003,0.0008768445530555891,0.001232370722154541,0.0002622502194726817,-0.002787442355794178,-0.029585901802154146,-0.058414441637867465,-0.06405505859560062,-0.06126761623980642,-0.001194692225629429,-0.0215036327262374,-0.0397939615267644,-0.03409051422473641,-0.0328958219991069,-0.003904310476145083,-0.04091330122709008,-0.06089390252152965,-0.060180798020847415,-0.056276487544702325,0.004916899620398957,-0.02928348072669612,-0.05585262278497227,-0.06315920290501081,-0.06807610252540977
0,A_CN,A0_CN,12,0.7601002019572797,4.831457439086519,True,True,0.0046722954408801795,0.014695080489135592,0.005465999069871996,0.0026136904917435366,-0.0020586049491366776,-0.008880998050524246,-0.04619345230910227,-0.02561440347937244,-0.017876184682183105,-0.00899518663165888,-0.008843553926046285,-0.06259333518457799,-0.04125964768159607,-0.025625396583776494,-0.016781842657730195,-0.007763907670102252,-0.07209425253135021,-0.06062738766567877,-0.051833755173151475,-0.04406984750304921,0.032491830197903804,-0.003096735479585444,-0.030414887936126678,-0.038012809024916216,-0.07050463922282002
0,A_CN,A0_CN,13,0.8818465142661941,4.08671251994579,True,True,-0.008059352014574521,-0.020260086166206726,0.0015848195332001103,0.003144784867460171,0.011204136882034588,-0.4291736905648179,-0.11452974039601505,-0.06355381961162676,-0.05028095044272929,0.3788927401220886,0.019002228661943954,0.12240779274460228,0.07577445632404867,0.0448172986947476,0.02581507003280359,0.03420024291825541,0.25828709298079366,0.04652172104173424,0.02628208321825376,-0.007918159700001648,0.07907432880631399,0.006575935103968478,-0.04302718166421682,-0.0563749154026002,-0.1354492442089142
0,A_CN,A0_CN,14,0.8087030248056626,5.025127802532074,True,True,0.007271012499097819,0.04933400876820221,0.0221104192210414,0.012007389488512876,0.004736376989415092,-0.48621052213515714,-0.14665949456058303,-0.0010406164927134753,0.00456611197835588,0.490776634113513,-0.06903152270439442,-0.22318296433879697,-0.08903026389308755,-0.04685457948824723,0.02217694321614716,0.19584090313343222,0.49819574438298353,0.15720559353524288,0.10250256612932229,-0.09333833700410987,0.0159640072179148,-0.050249813484205985,-0.08012684418861493,-0.08681597851452161,-0.10277998573243641
0,A_CN,A0_CN,15,0.387044929365961,4.257366225436856,True,True,-0.05831880172721355,-0.21835330657600882,-0.09050635306977028,-0.05081496902908644,0.007503832698127155,-0.090823269198544,-0.0805530006178149,-0.048272572205687814,-0.035414068262715426,0.05540920093582857,-0.014276867569431612,0.05952827651225495,0.05623405520765923,0.03887503099528289,0.05315189856471447,0.01003367275023967,0.0952498233343625,0.11710632992245318,0.09180361250773206,0.08176993975749236,0.019769877844667216,-0.03556109387674744,-0.07597712548902946,-0.08635372087560889,-0.1061235987202761
0,A_CN,A0_CN,16,0.733879990648393,4.0932210003264355,True,True,0.021426829189267478,0.07065764530974727,0.02142332569023586,0.011021121190218697,-0.01040570799904883,0.24911652892396846,0.06376362407778335,0.008078815293332653,-0.004224702663477076,-0.2533412315874455,-0.01770422116145572,-0.10883959447442293,-0.05022374356163661,-0.0279443533383541,-0.010240132176898342,-0.07487512737036908,-0.3953385236306464,-0.1438259462636019,-0.10623048839397875,-0.031355361023609585,-0.019624980971134187,-0.06253096333719266,-0.09731854711187415,-0.10706537556625506,-0.08744039459512087
0,A_CN,A0_CN,17,0.20467154318499503,5.073360064279859,True,True,0.00017543771049766815,0.002166836818829454,0.012849698556519185,0.019527779604078144,0.019352341893580483,-0.017088904936569782,-0.02974667615151949,-0.02563140805049413,-0.01951950183506901,-0.0024305968984992266,0.10039310001471224,0.08556750217960096,0.029276555940531912,0.016206465791136382,-0.08418663422357586,0.0013451465073455945,0.017421987921126036,0.021141353304672594,0.01498072562802566,0.01363557912068003,0.13649133389285367,0.06489632931956424,0.012299930091399403,-0.0032320657093838356,-0.1397233996022375
0,A_CN,A0_CN,18,0.7231339089629604,4.033900054265292,True,True,0.03610058209749042,0.19971397300049115,0.11624531046177089,0.06895289343240929,0.03285231133491884,-0.001966294255755008,-0.0336395384108778,-0.0023562232118459203,0.0006934853615619962,0.002659779617317004,-0.0018465963312676442,0.06710296310360653,0.021804035745529582,0.012002281442884954,0.013848877774152668,-0.01013521105486611,-0.09119825445114038,-0.11161743563016802,-0.09970049872093056,-0.08956528766606453,0.0062346952946968764,-0.03847037119375074,-0.07273261680918991,-0.08253405406117698,-0.08876874935587384
0,A_CN,A0_CN,19,0.8819590402451084,3.1792312953760904,True,True,0.003622574101257159,0.01718125023387762,0.004573156402911893,0.0017826965903358083,-0.001839877510921295,-0.0015359403395841242,0.10549330572790494,0.12780338257756718,0.11524807268317361,0.11678401302275776,-0.004727262647838907,-0.055821797744277424,-0.05660779122294923,-0.03505250942023652,-0.030325246772397674,0.06754362378127603,0.18278322625018206,0.06629114425975535,0.05427637089308346,-0.013267252888192527,-0.06483965700526227,-0.09816823930573715,-0.12284543187965272,-0.12934669491267417,-0.06450703790741191
0,A_CN,A0_CN,20,0.5325906968777975,5.288999809406026,True,True,0.008344395148429502,0.035706368671131083,0.012495857566262147,0.006129110329231469,-0.0022152848191980823,-0.008564584327060087,-0.004068595266120856,-0.0033727971151926717,-0.005132886624965249,0.003431697702094727,-0.006874991332041169,-0.03269778491278508,-0.010207680370217465,-0.005730669426388335,0.0011443219056528342,0.0015122835852667965,0.014008177404371103,0.011405922993000028,-0.00150980285451785,-0.0030220864397846325,-0.03129179553597683,-0.0687366789497379,-0.09560383789008287,-0.10201086326305875,-0.07071906772708192
0,A_CN,A0_CN,21,0.7579902189002158,4.359800859999529,True,True,0.0024835034835762673,-0.0014217848857015492,0.00023264891605878635,0.00035765481127647547,-0.0021258486722998127,0.033595232351250226,0.06606766892822613,0.0374901052378348,0.025079525144943104,-0.008515707206307122,0.01425494620856519,0.09449019550733234,0.06412945763286149,0.03807760370575197,0.023822657497186817,-0.0019359274652154534,-0.021464597546139275,-0.02058614786867541,-0.02455188380930784,-0.022615956344092303,0.0024327537648087486,-0.010837903303525423,-0.03309289451476491,-0.039670302438395755,-0.042103056203204495
0,A_CN,A0_CN,22,0.9678068168832744,3.42773321037266,False,False,-0.009308586932574678,-0.04523080462558282,-0.014676700816136923,-0.006731518732908337,0.002577068199666299,0.008538171939722339,0.07665479143370224,0.08851889133405799,0.0775704355895479,0.06903226364982562,0.009746885801164298,0.07343272510873122,0.03779083712508691,0.020567582058439893,0.010820696257275553,-0.008191617290219999,0.015223859883425783,0.0036601936762952203,0.0019373853316438927,0.010129002621863892,0.009893855567174703,-0.03729025399451691,-0.07152880618020996,-0.08044412406526302,-0.09033797963243773
0,A_CN,A0_CN,23,0.20824660778347137,4.790350333905075,True,True,-0.0058105302854687055,-0.022774121845057782,-0.0066289765131991585,-0.0031570441278064854,0.002653486157662144,0.02091548755085224,0.1996518359371662,0.3478145423997993,0.350384627941727,0.3294691403908747,0.005175955211135775,0.04617989686109247,0.038845451950275334,0.025600705103038135,0.02042474989190235,0.20724346586335007,0.5653772119528162,0.3309267576409487,0.28643003693862445,0.07918657107527438,-0.14633681632099826,-0.14954147431060671,-0.151332510769991,-0.14964779147044582,-0.0033109751494475592
0,A_CN,A0_CN,24,0.9492910565566687,3.5653803084437286,True,True,-0.00043996932213660744,-0.002462180472969755,-0.0016918321438748052,-0.0012248932721237171,-0.0007849239499870819,-0.003933506552115371,-0.036993858954754016,-0.06874570818150566,-0.07367657378215098,-0.06974306723003565,0.0005554070538328071,0.0007977387593726126,-0.004683076329148106,-0.002425116363447999,-0.0029805234172808337,-0.015405934058813,-0.13522597118031265,-0.1141034816796278,-0.10660999491264311,-0.09120406085383004,-0.02865665987269761,-0.07029905630918676,-0.10028634648482737,-0.1082753641427584,-0.07961870427006079
0,A_CN,A0_CN,25,0.02346585281070379,3.0005479522355536,True,True,0.0038296318567054843,0.016067732696882442,0.004401966711891303,0.0017972485070103517,-0.0020323833496951327,-0.007731761225071659,-0.056452750482795744,-0.06918576354360151,-0.06682558041602488,-0.059093819190953245,-0.004550385860802482,-0.04921083050942915,-0.04581726796699259,-0.028967942642116218,-0.024417556781313743,-0.013550197602684555,-0.12932621662450883,-0.10363598012383424,-0.08673922086085861,-0.07318902325817411,0.043860977585118754,0.009152335451206084,-0.01754272931204648,-0.0248701548868826,-0.06873113247200136
0,A_CN,A0_CN,26,0.2524196682538885,3.1656388254316705,True,True,0.03524790475104888,0.1301761966572827,0.04140907123890136,0.021653050892074144,-0.013594853858974743,0.12472048553479184,0.041582047197485594,-0.00066067970972572,-0.0095570085146931,-0.13427749404948497,-0.010174987010278365,-0.07028289812307165,-0.04056278248160472,-0.021239818085239004,-0.01106483107496059,-0.014725080961401238,-0.14615182438296564,-0.11833897520588921,-0.09271561967641984,-0.0779905387150186,-0.03125078200360995,-0.08009280525601442,-0.11481760246189737,-0.12448249940288877,-0.09323171739927882
0,A_CN,A0_CN,27,0.44272673275122454,5.185070047482563,True,True,-0.07134641917229256,-0.08254647183265784,-0.021165937358778475,-0.01078827307965835,0.06055814609263421,0.013814824926417169,0.0031683325155276165,-0.008415832419396696,-0.011607289331796555,-0.025422114258213724,0.07988274237566084,0.02952706834745522,0.005253476361673615,0.0027701880635512266,-0.07711255431210962,0.0003698398161394653,0.005389554603403346,0.006011729760510676,0.005460829139962042,0.00509098932382257,-2.25666846659792e-05,-0.0075244186130203825,-0.03293715729448886,-0.04250004379785524,-0.04247747711318925
0,A_CN,A0_CN,28,0.48547313574117046,3.958062701692901,True,True,-0.004675878480859125,-0.013426690755657944,-0.004108760170791426,-0.002171804735470295,0.0025040737453888573,-0.08244866177085403,-0.11637326124290753,-0.0761528436872726,-0.06786116218129412,0.01458749958955985,0.001149367394241728,0.032289562086966095,0.03563097603411991,0.021936230495777198,0.020786863101535547,-0.0008520975917339774,-0.013262950888944802,-0.02207549362325245,-0.03179130859568746,-0.03093921100395347,0.0007679442583923349,-0.04002106228713016,-0.07646426414605081,-0.08620620760217221,-0.08697415186056454
0,A_CN,A0_CN,29,0.551028675052125,4.6787760560302445,True,True,0.006674950917921578,0.04705183359555487,0.02242207696729248,0.011799285723933628,0.005124334806012043,-0.08160202096363056,0.04487253685519521,0.06221315800308291,0.05985961587072153,0.14146163683435214,-0.020155684675105937,-0.03371846154446867,-0.006265863572679553,-0.0041865184794219745,0.015969166195684004,0.00859804065824888,0.07970759115342885,0.0962303920411639,0.06495331041349006,0.05635526975524119,-0.0201732972742783,-0.05922006012101533,-0.08835458046151157,-0.09399923271648758,-0.07382593544220928
0,A_CN,A0_CN,30,0.0024366768491546065,4.465116506911179,True,True,-0.0058530214289516415,-0.04914672512297763,-0.08226321187833785,-0.07133056193238996,-0.06547754050343824,0.00032480398655332365,0.0031085062830590315,0.0038307630313613172,0.003973875278533878,0.0036490712919805546,-0.008792990046315341,-0.033109480498541455,-0.014725122940935975,-0.008137415978768492,0.0006555740675468491,0.003015378871122444,0.04190280318559658,0.028263401693849777,0.017502603968865826,0.014487225097743361,-0.012131186315632245,-0.049137582141183606,-0.0833554625530592,-0.09379599914167236,-0.0816648128260401
0,A_CN,A0_CN,31,0.2102613952533844,4.315119423183657,True,True,-0.001521576975411304,-0.0006605205814860238,-0.00020185938276506832,-0.00038412893174832874,0.001137448043663003,-0.0002441884313830363,-0.0013312384004711408,-0.005047961083289865,-0.006014764903895131,-0.005770576472512112,0.001181265139719185,0.004664355735961134,0.00452499900058867,0.003887403840543202,0.0027061387008240345,-0.0009365302477910356,-0.01216536363431947,-0.024925944052722193,-0.02953579099056114,-0.028599260742770083,0.031210837977982353,0.00024200670524082701,-0.023582455577625505,-0.030605581544501437,-0.06181641952248379
0,A_CN,A0_CN,32,0.9056884246825091,3.619093102288015,True,True,0.002093612153738593,0.016642824746311957,0.006077917657005272,0.00341536445198376,0.0013217522982451602,-0.038076808362460565,-0.1424088583195735,-0.13496746846130026,-0.12887724116233912,-0.0908004327998786,0.001174242689813594,-0.00659237053317796,-0.007583577115387707,-0.005586633452577594,-0.006760876142391181,-0.0008970581039886016,-0.021756021610486453,-0.037041290564386764,-0.04203566622327659,-0.041138608119287934,-0.01842722489832882,-0.061538487757490046,-0.08928506897334876,-0.09475362741354199,-0.07632640251521317
0,A_CN,A0_CN,33,0.9797995263360263,3.934065180425689,True,True,0.00365989353095255,0.029572683182652326,0.020611411204972785,0.012181192684457609,0.00852129915350508,0.03941085695739133,-0.059788624648639044,-0.061555884668329286,-0.05669545006142318,-0.09610630701881451,0.14186733571522583,0.11636606449399733,0.029965861157573492,0.015651168170586316,-0.1262161675446395,-0.0178127670556286,-0.16035221409865685,-0.1382646619539547,-0.10984967550173852,-0.09203690844611001,0.10575861959252751,0.05606202091653817,0.01881066331490633,0.008334198639720014,-0.09742442095280748
0,A_CN,A0_CN,34,0.19544546262216578,4.661516416820028,True,True,0.0018483496763172375,-0.00703923766169362,-0.004362483058839239,-0.0016922697362656836,-0.0035406194125828794,0.0010027062228338268,0.017492209409765702,0.03752493031081949,0.03540755666263429,0.03440485043980046,-0.08577475995379008,-0.05195461885761887,-0.009321436846614906,-0.004224514733148554,0.08155024522064147,0.0038053817785893007,0.03082881111942115,0.059545184854337574,0.06192277711241434,0.058117395333825095,-0.034289965508642335,-0.06242549826312124,-0.0914906552618634,-0.10067603531957525,-0.06638606981093292
0,A_CN,A0_CN,35,0.0035500122942458967,5.23203050180687,True,False,-0.004173900950989573,-0.03137278362179574,-0.01610965115436258,-0.009284531143666452,-0.005110630192676879,-0.38893835051537473,-0.04366543429273895,-0.04111819354707935,-0.03997171635090435,0.3489666341644704,-0.2776210385486628,-0.0011791010643815714,0.0015036089746616188,0.001141729047305029,0.27876276759596785,0.018344419909503244,0.17290466019735534,0.14439997148942396,0.09405196281386985,0.07570754290436665,0.1442909327538464,0.0971695746588486,0.06114033081462067,0.05105735955401253,-0.09323357319983389
0,A_CN,A0_CN,36,0.2835787087196112,5.298871834631895,True,True,0.0019621160772708077,0.016172893018155055,0.006416957768937137,0.0023086712253359565,0.00034655514806514187,-0.1059567225919241,-0.036894896982629544,-0.033903604118029174,-0.0373917542244705,0.06856496836745363,-0.00265513967266625,-0.01647852968500496,-0.005460296024116018,-0.0019667087488882684,0.0006884309237779052,0.007955313724791378,0.07211458697901929,0.09144109685684998,0.06152704054865843,0.053571726823867016,-0.008453038293329107,-0.048272001245299845,-0.07869875384288061,-0.0868930989547334,-0.0784400606614043
0,A_CN,A0_CN,37,0.784314760963243,3.91531967203828,True,True,0.002468026976660917,0.011556818399662938,0.0022209685874718943,0.001522172197827798,-0.0009458547788331328,3.234898020290644e-05,-0.0011329411356761632,0.014373079969628333,0.02117227718050141,0.02113992820029853,-0.0021544724962314563,-0.019824069926002774,-0.012475216827292801,-0.0077190173121013395,-0.005564544815869987,-0.002981391713302063,-0.03140309620097281,-0.036501606454468316,-0.033033620007468345,-0.030052228294166206,-0.009260392406829077,-0.04155529462615215,-0.06425028202657512,-0.06835130057244831,-0.05909090816561924
0,A_CN,A0_CN,38,0.3815402449510561,3.22866472454223,True,True,0.0008880200425975468,-0.008637111369234451,-0.004579307851013903,-0.002269408863525335,-0.0031574289061228056,0.15727515942657982,0.13525381654254903,0.0884575701789756,0.07465124704079806,-0.08262391238578182,0.012027809854623574,0.0317834835085129,0.008370549287423645,0.004100854003964427,-0.007926955850659168,-0.4443005747851935,-0.33569489581954093,-0.0893826848450675,-0.08248193644009683,0.3618186383450967,0.0956090758642299,0.054447075033598746,0.02220373722200314,0.012923922679588196,-0.0826851531846417
0,A_CN,A0_CN,39,0.19642845190723524,3.4669758611338253,True,False,0.026491550335441677,0.09705748912027468,0.033787779545886854,0.017581846329941198,-0.008909704005500507,0.0022141178674557893,0.04202965871889375,0.04130294222338238,0.03542139791612131,0.03320728004866552,-0.046371749615361856,-0.11602488952274936,-0.034306765685098384,-0.014238202612592343,0.03213354700276949,-0.002716410378809757,-0.02374548723174691,-0.027402873596092836,-0.02188196827913136,-0.019165557900321595,0.012099507159811701,-0.002701326345765448,-0.029214936456050472,-0.03789287662722429,-0.04999238378703599
0,A_CN,A0_CN,40,0.4563092241953465,4.417754547368743,True,True,-0.010712882411747227,-0.03805516639857809,-0.010952928634026637,-0.005799236142454145,0.004913646269293137,-0.0020185142492694236,0.0020936351937756448,0.004687599247345242,0.008389959224729737,0.010408473473999202,0.002484983828561764,0.02152991530154902,0.015569510435860412,0.009169689688708349,0.006684705860146689,0.03961144321317095,0.14941680770872662,0.0261269660822816,0.012814154403916977,-0.026797288809253916,-0.017929910646055244,-0.052208548856316844,-0.075465521594971,-0.08059018700507381,-0.06266027635901855
0,A_CN,A0_CN,41,0.6895579750862793,4.152288878839524,True,True,-0.01070324735448238,-0.06124597738459314,-0.018510368041300684,-0.009690695606237809,0.001012551748244661,0.12923889279422077,0.25380098339014795,0.10962855372832603,0.08362303669631077,-0.04561585609790997,0.04175760733610882,0.1443128435384653,0.05200228545275776,0.02855842511393991,-0.01319918222216887,-0.7026758657044099,-0.33978226063589556,-0.03387068128742399,-0.023540606040382217,0.6791352596640277,0.1419025669077415,0.09959685894851478,0.06649558013313173,0.055981448891320174,-0.08592111801642133
0,A_CN,A0_CN,42,0.5040382954964725,3.6920277977513907,True,True,-0.007869350624528919,-0.03616435296840281,-0.009851682591943467,-0.004810697707131162,0.0030586529173977084,0.013358187807278946,0.11177388555919479,0.14837707134718414,0.1489449787551283,0.13558679094784937,0.009153848372292873,0.07808119278424963,0.06773365851335422,0.044644092402919,0.03549024403062617,0.03521694884383468,0.24291155072514453,0.13857312002483235,0.12096749600673795,0.0857505471629032,0.010851463106896775,-0.0070282686892111645,-0.01801907232254546,-0.022081184970186574,-0.03293264807708335
0,A_CN,A0_CN,43,0.6561529230014039,3.2134781087551856,True,True,0.02409828502866794,0.051776252665919786,0.014067233596742779,0.0069209901895024295,-0.017177294839165524,0.05672448490129223,0.012373923788626895,0.00014613686590936315,-0.0010026916988297163,-0.05772717660012194,0.008265286666726511,-0.0023742491888384676,-0.0573002100877561,-0.08114507504642177,-0.08941036171314831,-0.005203307543519366,-0.04103452092361415,-0.038644614352507545,-0.031090329295824337,-0.02588702175230495,-0.007245768514573561,-0.07302076708684588,-0.15577939789039796,-0.1774298528027016,-0.170184084288128
0,A_CN,A0_CN,44,0.5174248491830391,3.0914577372646668,True,True,0.0031502980960077046,0.005777702967779241,-0.0002340812767863687,-0.0005114623471975666,-0.0036617604432053197,0.004923235350775539,0.07549226413677618,0.12499520606891779,0.11372977541801021,0.10880654006723467,-0.006399716560220883,-0.07146715961433187,-0.040815185577778745,-0.022558235315616737,-0.016158518755395868,-0.023584765914571648,0.0298403611729523,0.010062241761659374,0.0061334853530936595,0.029718251267665252,0.013839912930822762,-0.005676186485364276,-0.029391095321781857,-0.03512491985126465,-0.04896483278208741
0,A_CN,A0_CN,45,0.5418751264289656,4.533768995970284,True,True,-0.014860683280330453,-0.10586220284952691,-0.06672359569812691,-0.039024198469642335,-0.024163515189311813,-3.550749737324388e-05,0.0025942035801369556,0.0038715824814665734,0.002453870381013079,0.002489377878386323,-0.0037138119537014624,-0.02637915394397039,-0.010441194278029253,-0.006603009637371815,-0.0028891976836703526,0.00026981931633618395,0.0075297482125330495,0.013141488160288928,0.009707848118979845,0.009438028802643661,0.01778844747723518,-0.024263191126958517,-0.05733942245328716,-0.06565801863135479,-0.08344646610858997
0,A_CN,A0_CN,46,0.2750102571099341,4.920568396040575,True,True,0.037383481396970654,0.0987813901398793,0.03207834132128473,0.017846987478668197,-0.019536493918302478,0.005791786142190225,0.011057585634460798,0.012541221918599521,0.009768025318097284,0.003976239175907059,-0.02838672704911549,-0.04808591799258466,-0.012538542636908456,-0.0055149272802115235,0.022871799768904078,-0.0014022339957280028,-0.02464399220209862,-0.021830869336537884,-0.014817072656069352,-0.013414838660341322,-0.05027423818074517,-0.08932939932407524,-0.12377898642622015,-0.1330911791038344,-0.08281694092308922
0,A_CN,A0_CN,47,0.19830295367837913,4.856910013974093,True,True,0.0519780119741794,0.1422564740598939,0.046312056076915575,0.024071462942282906,-0.027906549031896488,0.031436298549401887,0.05415731837997295,0.016803633015862518,0.007124825370528276,-0.02431147317887361,-0.07477014596768289,-0.22836175870289555,-0.17639722758765364,-0.12079197071052494,-0.04602182474284211,0.00022141835627179085,0.00664600307030544,0.01351692169875407,0.009234172466636825,0.009012754110365062,-0.022411483826340006,-0.07002716216842131,-0.10327656054546563,-0.11191842688441433,-0.08950694305807433
0,A_CN,A0_CN,48,0.5504273049177758,3.252756594044196,True,True,0.00478553195178006,0.01897567087138885,0.005467142894367005,0.0037606962305473113,-0.0010248357212326864,-0.0028378400984713278,-0.022060895642768585,-0.031317001829955116,-0.032569277373302064,-0.02973143727483074,-0.003509708724990769,-0.03941969608187473,-0.04798430719157731,-0.039914404543016424,-0.036404695818025634,-0.03533523394723369,-0.20843336812993446,-0.11047820001220998,-0.09543513809232107,-0.06009990414508737,-0.005177150909854135,-0.03622169629950982,-0.06737180788896174,-0.07632567247723053,-0.07114852156737639
0,A_CN,A0_CN,49,0.8765920739683591,3.74298203216029,True,True,0.008786877698133251,0.04512149472226212,0.015185528770867207,0.007998005765388672,-0.0007888719327445726,-0.06460750840166601,-0.21133393817928176,-0.08782912034989754,-0.07844233483565444,-0.013834826433988479,-0.03308030412288527,-0.13102891501153102,-0.03216245830405229,-0.017161210287440554,0.015919093835444764,0.6070946911940168,0.043322421554628954,0.0054453397485012545,0.001965088814782634,-0.6051296023792342,-0.04839261466652753,-0.0993904478021162,-0.1366394183472207,-0.1459613023607128,-0.09756868769418528
0,A_CN,A0_CN,50,0.1374792890097789,4.607412450329917,True,True,0.004349734327098162,0.011731045778753613,0.0018212161707535923,0.0009165863552134113,-0.0034331479718847646,-0.008023360231886744,-0.06073918622118235,-0.08002293121123188,-0.08184190440740702,-0.0738185441755203,-0.006321646811631023,-0.056053072493040035,-0.04985967812851766,-0.033386332188259704,-0.02706468537662876,-0.008734991445530065,-0.07415298175282709,-0.08536021581922948,-0.0800696472874941,-0.07133465584196408,0.0034659415990965226,-0.032301862236915335,-0.05956341207200322,-0.06712588155791577,-0.07059182315701229
0,A_CN,A0_CN,51,0.2892569150664044,3.6264573744967237,True,True,-0.0016519966647139395,-0.002274446233035632,-0.001577496672439449,-0.0005042935152598238,0.0011477031494541157,-0.0007622471616223585,-0.000893400458242849,0.008396397187972082,0.010433877249015566,0.011196124410637887,-0.0017498244176597302,-0.008094925922041696,-0.006087791905524442,-0.004085185267504898,-0.0023353608498452028,-0.0017573393902762802,-0.009329348400160142,-0.011781172138429219,-0.01184521548856421,-0.010087876098287873,0.04455443506347767,0.01153758113869785,-0.013831711463090923,-0.020970286943049032,-0.0655247220065267
0,A_CN,A0_CN,52,0.9315848716842531,4.0704306410543065,True,True,0.03165548398343318,0.07517249864262576,0.017625877204873075,0.008666030286558102,-0.022989453696874995,0.03033655339086183,0.0017704721515708899,-0.012663385575482522,-0.013062618395915493,-0.043399171786777324,0.049462961266055205,-0.01198865929392312,-0.08686333842057048,-0.10525573892475026,-0.1547187001908054,0.002486299030815077,0.018098311757221208,0.033691526849018105,0.03384171296142002,0.031355413930605036,-0.013468366022080076,-0.07623835560819597,-0.1217998848504063,-0.13492908663011094,-0.12146072060803087
0,A_CN,A0_CN,53,0.5624439697038162,3.730603908973377,True,True,0.003913619837838986,0.021402295307152763,0.007736698751061422,0.004123795407585451,0.00021017556974645135,-0.005411558431666803,-0.03419306474016809,-0.03479767168229364,-0.03415202455223698,-0.028740466120570185,-0.005062498272809017,-0.034278967698786744,-0.026712245790043054,-0.017532118215406345,-0.012469619942597321,-0.0035555498447615227,-0.03567571437796285,-0.0494000989280412,-0.04945753260399077,-0.04590198275922919,0.03339402406356007,-0.002543358768522852,-0.029625290829412565,-0.03691611440774001,-0.07031013847130008
0,A_CN,A0_CN,54,0.1542431625331666,4.841552333002793,True,True,-0.00041936143025683714,0.0020659369299789176,0.0007070384798553153,0.0009164687319294096,0.0013358301621861912,-0.0017333750995037756,-0.018061662798557393,-0.032533120774102586,-0.035462057448784556,-0.03372868234928078,-0.001689337507876313,-0.016626332514453113,-0.02442141649553775,-0.02000038413949523,-0.018311046631618866,-0.004515045110548385,-0.039632943171679424,-0.05576642929796072,-0.05358884545304232,-0.04907380034249398,-0.05636717834711946,-0.09112844055182828,-0.11841105819217906,-0.12589538693971725,-0.06952820859259778
0,A_CN,A0_CN,55,0.40272249581954467,3.652058098622444,True,True,0.058550991927236284,0.07967576409812982,0.0235991917515761,0.012212880800511972,-0.04633811112672437,0.021011446639500386,0.0043453208279041755,0.0003967850577043519,0.00019485950738562519,-0.02081658713211476,-0.0162302729534317,-0.06048483065931051,-0.10436926035200095,-0.11972557336109046,-0.1034953004076587,-0.0033701596116187185,-0.022472050811514876,-0.029639027337451385,-0.024244116913523683,-0.02087395730190489,0.019794303143676195,-0.017273116691834622,-0.06763059648782793,-0.08245066760944492,-0.10224497075312111
0,A_CN,A0_CN,56,0.25271762131064746,4.5373210668373725,True,True,0.019957190612902416,0.06604315954548723,0.023095139315227997,0.012683863076574764,-0.0072733275363275895,0.038488859277692966,0.004773095815098438,-0.0037600706849680865,-0.0025668368693777532,-0.04105569614707072,-0.04278890356239586,-0.1210623828877323,-0.2006184617287382,-0.21099602724259114,-0.1682071236801952,0.0024128373135063816,0.027730510443778278,0.02479037716792143,0.016312377322466265,0.013899540008959876,-0.020567267213846163,-0.08251380728181423,-0.12115102473628891,-0.1301483134143938,-0.10958104620054765
0,A_CN,A0_CN,57,0.8995481401250788,3.8914092969298792,True,True,-0.002881107527079846,-0.020941839930645245,-0.0069981603631170675,-0.0036633480840441157,-0.0007822405569641866,0.02484806942019201,0.08542719243657887,0.05189373323388613,0.03775163380852009,0.01290356438832807,0.00986896046343605,0.061444091389676436,0.030488663026692175,0.01758707464356557,0.007718114180129576,-0.002934110853862297,-0.02362672768468055,-0.01749145410452735,-0.02303412070553068,-0.020100009851668377,-0.009700133076553374,-0.04544424094806521,-0.06968819168957219,-0.07680778333823124,-0.06710765026167786
0,A_CN,A0_CN,58,0.6349255846168943,3.3362067163836957,True,True,0.0016869876372871337,0.01935893874950123,0.011008262460261431,0.0059695694619146256,0.004282581824627485,-0.08566596938384685,-0.10712618724012518,-0.03403531157974482,-0.02052552835704402,0.06514044102680283,-0.010926467637475255,-0.0661450347164878,-0.023768087110222935,-0.01386422494964279,-0.0029377573121674994,0.0888025019202979,0.27849656557365354,0.02568688373423278,0.0062407079389285025,-0.08256179398136942,-0.04957905334739354,-0.08498054825309054,-0.09898309739604794,-0.09596588671080719,-0.04638683336341365
0,A_CN,A0_CN,59,0.10975691422901224,4.459917527942493,True,True,-0.014182617507149685,-0.08273940319512185,-0.02696827220370346,-0.013717183332585092,0.00046543417456468283,-0.5044837679789661,-0.22972917124787373,-0.09397525343316471,-0.08080689334458346,0.42367687463438264,-0.007890341847056143,0.058281173890417426,0.08592603528454856,0.062074866220407476,0.06996520806746365,0.207240531102589,0.45410330547171623,0.14436056700258681,0.10564215122757392,-0.10159837987501508,0.10024289621033958,0.0368652167053625,-0.007887384396860042,-0.01886247197496216,-0.11910536818530174
0,A_CN,A0_CN,60,0.6011736628303354,3.0216020389194234,True,True,0.002407732690238959,0.0064775124045294286,0.0013508849589183303,0.0004941071081708825,-0.0019136255820680903,0.0005136255284348828,0.002505228255107822,0.0022226862896708166,-0.0004914394918124065,-0.0010050650202472755,0.0005675206806378258,0.005529665258881988,0.007746801157717087,0.005345798116213274,0.004778277435575462,0.0019949897024779846,0.01723595988580412,0.018537376983445486,0.011225366355260724,0.009230376652782701,-0.023321346562624246,-0.05595891988563573,-0.08127521851042868,-0.08819303341047535,-0.0648716868478511
0,A_CN,A0_CN,61,0.6937049464922527,5.074147984102709,True,True,-0.00019325811826387262,0.0026615430816295804,0.0019327826381576596,0.0016181340818260948,0.0018113922000899674,-0.00599317276489604,-0.041116886497554544,-0.0529754394678108,-0.0537302732190188,-0.047737100454122716,-0.0017901113934424562,-0.01683035876005362,-0.01161026791286135,-0.00815219019489366,-0.006362078801451232,-0.0009447687245240713,-0.011047188947505449,-0.020430003118083517,-0.0264647072637334,-0.02551993853920942,0.04796334079568093,0.010399379470043713,-0.016622035646352673,-0.024256787107803657,-0.07222012790348459
0,A_CN,A0_CN,62,0.5323140394055713,3.4754976398056283,True,True,-0.0126039678351835,-0.0971849436974811,-0.051366179361082676,-0.028395529510917283,-0.015791561675733812,0.15986138694098648,0.24996586360696643,0.09986845131556699,0.0816702764161209,-0.0781911105248656,0.07719414131208432,0.10591603651518022,-0.02718381641813794,-0.028948254202580848,-0.1061423955146652,-0.8139463971958524,-0.23837090070252365,-0.016743190054425927,-0.011076232381222795,0.8028701648146296,-0.0021695058629860224,-0.019620316431958287,-0.04523156965994857,-0.05339516177513556,-0.05122565591214953
0,A_CN,A0_CN,63,0.770337098862442,5.205064367752627,True,True,0.0003472389206328544,-0.0021753706997856836,-0.0007530558726323022,-0.0011823746128418744,-0.0015296135334748051,0.007982725854413456,0.05168748736686582,0.051511015626617807,0.04380159078875734,0.03581886493434383,0.0010025853409669425,0.014046345649394887,0.015789789755127348,0.010458070031686084,0.009455484690719218,0.003577475796726272,0.030020130986048332,0.02688603562602032,0.01582210757013147,0.012244631773405179,-0.005231335848249086,-0.03649482131053561,-0.060818176092481524,-0.06771192657809377,-0.06248059072984469
0,A_CN,A0_CN,64,0.45003078420891884,3.874672451900274,True,True,-0.005761907405595949,-0.02197173883600556,-0.005448642626318612,-0.0029749727403031168,0.002786934665292784,0.0026573912702509694,0.017410152570361298,0.019798834483107985,0.019028446609625715,0.016371055339374774,0.004687547729611826,0.04749060722424647,0.0567806544835322,0.04140464962464241,0.036717101895030524,0.008410308616466296,0.07982534889790333,0.10413457817076455,0.09231335732591617,0.08390304870944987,0.026757183161492004,-0.0026173018068107456,-0.0267820313250976,-0.0336866490733152,-0.060443832234807204
0,A_CN,A0_CN,65,0.4361591584118,4.024609588763787,True,True,-0.011671587980293545,-0.04026503990756808,-0.01191209531352555,-0.0055503967163084145,0.006121191263985137,-0.13008519156717124,-0.12240050121815438,-0.08126359057934518,-0.07232888984752373,0.05775630171964752,0.0017725509026568012,0.018557291456675784,0.011931895836369888,0.006860420818329049,0.005087869915672227,0.010288450198540487,0.0960929016874138,0.0012352928347617587,-0.019098710190352475,-0.029387160388892997,0.042760808209288736,-0.000896893359178641,-0.0323041937830888,-0.04131200935957924,-0.08407281756886797
0,A_CN,A0_CN,66,0.24865492861748828,3.4846961859577195,True,True,-0.001488958266343536,-0.013155272779765803,-0.007683231763661258,-0.004077555646124553,-0.0025885973797811213,-0.09421176309738565,-0.03486621877381191,-0.011323611785423737,-0.007869736709383734,0.08634202638800192,-0.002816998442278916,-0.010740665490229229,-0.0029793149663905893,-0.0006700823309725434,0.0021469161113064628,0.014215952218196236,0.1373226560770625,0.015111978082070876,-0.0018594966780689504,-0.01607544889626511,0.08749412592639527,0.04556042713343944,0.013127653523127836,0.007096358493125621,-0.08039776743326965
0,A_CN,A0_CN,67,0.20452361615002568,4.194460178759111,True,True,0.045697821767135195,0.14334094567282513,0.05179115586572658,0.027534154105609998,-0.018163667661525107,0.11728555612340741,0.08422282267644121,0.04344277556169962,0.03249452399498742,-0.08479103212841999,-0.08134889559261826,-0.275379350590146,-0.3860927755507133,-0.3852063839612298,-0.30385748836861154,0.005913033369515895,0.05539427941550068,0.05940092358009774,0.04473900524853314,0.03882597187901715,-0.0471552099756265,-0.09642172853986392,-0.1109959581038868,-0.11539726858779031,-0.06824205861216381
0,A_CN,A0_CN,68,0.335690649370167,3.62454978928372,True,True,0.0039427000488767225,0.018507165370917122,0.004395931790026508,0.0031004709413622322,-0.000842229107514525,-0.008326543356854928,-0.07267876206115267,-0.1189792949631161,-0.12436357128619835,-0.11603702792934345,-0.004063279595903139,-0.04703131011932016,-0.06102811143837039,-0.045412615903767994,-0.04134933630786486,-0.011182629233665874,-0.10839338488189137,-0.13595074624597514,-0.12918408240860824,-0.11800145317494237,0.018022762439110662,-0.023659399673846337,-0.05290963701530316,-0.061321181459493,-0.07934394389860366
0,A_CN,A0_CN,69,0.3267558761325997,3.4777587308321403,True,True,0.000992413250265195,0.00525967183118603,0.001545666660551559,0.0008274545291823143,-0.0001649587210827974,-0.0008967564261068706,-0.010622425599841834,-0.009520823773593867,-0.00926248818738784,-0.00836573176128097,-0.0021070585140790937,-0.017879510470189375,-0.0105162203598409,-0.007545454346200353,-0.0054383958321212456,0.00507726772547671,0.03822850484523099,0.046182112444150936,0.03568793824475458,0.030610670519277905,0.06459166998501253,0.0326251696510752,0.010450952194802299,0.005804539131237463,-0.05878713085377507
0,A_CN,A0_CN,70,0.2105331775140109,4.885524311257349,True,True,-0.004843146693696267,-0.032117462461654145,-0.011036356860259056,-0.005363742745002065,-0.0005205960513057217,0.05835953530889573,0.05076285359631649,0.02202064476923027,0.016948652176918322,-0.04141088313197738,0.024226127915092863,0.06922748455925987,0.017373165999229223,0.007914670207325392,-0.01631145770776754,-0.005266571252167618,-0.0426258940107872,0.025355320032510398,0.01655263459204548,0.021819205844213152,-0.013925362905568617,-0.07505886425638975,-0.11305495099309021,-0.12323374127482944,-0.10930837836926086
0,A_CN,A0_CN,71,0.5844493676638661,3.5859276267266225,True,True,0.0031431306598294767,0.010587360647310196,0.0015183033902486098,0.0005651471237511085,-0.00257798353607841,0.24826187538564018,0.20204541291536315,0.07005338549098472,0.0500042340506367,-0.19825764133500345,0.0014545305437994108,-0.008240703189909715,-0.01838947736574481,-0.01135697572988592,-0.012811506273685325,-0.2365312641143814,-0.4132668952565343,-0.07424689830112219,-0.05774502796880743,0.17878623614557398,-0.005875155675709454,-0.045223861668962306,-0.07491246869160884,-0.08351746624768847,-0.07764231057197901
0,A_CN,A0_CN,72,0.8313935694206223,5.303671924698509,True,True,0.003666109170435472,0.009186412700153967,0.0022525396313016754,0.0013321256018655747,-0.002333983568569842,-0.0024855611147443744,-0.013549859145594562,-0.0043618712891344,0.00183148507970321,0.004317046194447616,-0.0027063300178046014,-0.024441449041881447,-0.02085228423368124,-0.014522713230205375,-0.01181638321240075,-0.011929082732021562,-0.10229172151321442,-0.05297157795555729,-0.0374369169829728,-0.025507834250951267,0.014609170933261306,-0.019430563840178605,-0.04600027786987282,-0.05363835139750206,-0.06824752233076337
0,A_CN,A0_CN,73,0.8225547054496344,4.346626817146817,True,True,0.03776921519337194,0.04015250845833063,0.006382849871080398,0.0024972124488610303,-0.03527200274451081,0.05153648222088181,0.023424585360515615,0.004658599652114792,0.002350689155271035,-0.04918579306561077,-0.11880825692651252,-0.1946941290802941,-0.2735115702639149,-0.2860560354109465,-0.167247778484434,-0.006379703275210237,-0.06723300166441504,-0.08982513483072574,-0.07310748932649247,-0.06672778605128227,0.06263250098566675,0.011012044196201609,-0.015803336892587838,-0.016393854612037684,-0.07902635559770443
0,A_CN,A0_CN,74,0.6279922789609642,4.923797590132232,True,True,-0.004311987146411574,-0.01753618117172806,-0.005889611042459775,-0.0035056800332323723,0.0008063071131793054,-0.12094135481688986,-0.058721918656899796,0.042651292364424664,0.052148380543815986,0.17308973536070582,-0.04563225762824978,-0.1287592334197729,-0.037997887275653675,-0.022039867743600117,0.023592389884649734,0.12805790707380055,0.17288090269853407,0.010206678856299445,0.004862313962953224,-0.12319559311084727,-0.09704703809482257,-0.12595929122785415,-0.15623849317051763,-0.16523568648823517,-0.0681886483934126
0,A_CN,A0_CN,75,0.043676531427501164,4.088995493230703,True,True,-0.0008834331926742683,-0.005472661132760792,-0.0006621692580744964,-0.0004259212405908208,0.00045751195208343365,-0.013016998112261889,-0.035428979437341745,-0.02231040219589897,-0.01941463618006012,-0.00639763806779825,-0.006111410286711173,-0.025770110385451905,-0.010380752088732126,-0.006167026922569763,-5.5616635858624086e-05,-0.007305518491925761,-0.057108098264724017,-0.017656650503534266,-0.01736000540658711,-0.010054486914661376,0.06301953283837347,0.03032023559207675,0.006111672558731129,-0.0003253577681098241,-0.0633448906064833
0,A_CN,A0_CN,76,0.2985703971508442,3.542939208980447,True,True,-0.003713853111485234,-0.012401000339526957,-0.0032016959106966336,-0.00180388242916929,0.001909970682315909,0.0043736850168876705,0.04641800675154972,0.04408122437180295,0.03932464950123582,0.0349509644843482,0.0035485881931194146,0.0278782767773455,0.016894925387544335,0.00965429528960926,0.006105707096489832,0.029225804553353052,0.05695570431886321,0.004777920078335662,-0.004996857788327036,-0.03422266234168003,-0.0930952548411178,-0.12693339620930044,-0.14818111349721763,-0.1524947917763002,-0.059399536935182407
0,A_CN,A0_CN,77,0.6674015413068662,5.292162870546389,True,True,-0.0014403352787075302,-0.017713718205277895,-0.005878936691908643,-0.0032542087821171295,-0.0018138735034096687,0.01923793358434156,0.015233318925183426,0.003127672044418328,0.0015493735577185586,-0.017688560026623,-0.0215871905195128,-0.07009965260468443,-0.0712751656642917,-0.05191162740970778,-0.03032443689019504,0.0028572237679445472,0.0329709282715534,0.03289281769915442,0.019680403420605064,0.016823179652660558,0.020439335018049953,-0.028033072444617946,-0.04913277355093715,-0.048589813550663385,-0.06902914856871334
0,A_CN,A0_CN,78,0.2622898579912092,3.0308383561126924,True,True,0.0008107204754281075,0.0036929475690954394,-0.000940975829959223,-0.0002882762684932594,-0.0010989967439214432,0.0026438642140481656,0.023672520024289684,0.044504695003747596,0.04912482585400069,0.04648096163995252,0.0005083134920111677,0.01091586204015993,0.011327926849083902,0.008593502709261402,0.00808518921725021,0.0015680649892485035,0.018625947819231103,0.022419243387227117,0.02117015671375655,0.019602091724507997,0.03591100394404623,0.004898426321760074,-0.02010494656333106,-0.02697537054400645,-0.06288637448805268
0,A_CN,A0_CN,79,0.9136447830343707,3.6625913745513956,True,True,-0.008913677729705652,-0.03666259166917396,-0.010569089813439403,-0.005923252771690035,0.002990424958015603,-0.10700379341864225,-0.06349261746031398,-0.052713681669792956,-0.05126019743104737,0.055743595987594874,0.0013194449221173299,0.0041486460360778965,0.000592873123705373,-0.00032095615030725,-0.0016404010724245799,0.00251077553636464,0.02066975499475998,0.05282658211075986,0.046362846286284065,0.04385207074991937,0.03230096754075229,-0.010992418651178948,-0.04188174746931961,-0.049586803575595195,-0.08188777111634749
0,A_CN,A0_CN,80,0.7167218143659903,5.292128980639214,True,True,0.0030954619412465606,0.0014838564121292253,-0.007243747756480179,-0.00441553318039245,-0.007510995121638997,0.10605314869401905,0.08274668698041265,0.034976884679082554,0.021915420373014194,-0.08413772832100486,-0.10154201998331035,-0.2341720148003708,-0.2995264334413058,-0.2868114103189099,-0.18526939033559953,0.003848202336287125,0.030408002155640768,0.03682874295971905,0.026225725711211845,0.022377523374924713,0.05848343433200259,0.012363493769631195,-0.01740750471380892,-0.025436263471578346,-0.08391969780358094
0,A_CN,A0_CN,81,0.8077000098364615,5.41496901275093,True,True,0.00963255909641917,0.05043967260450838,0.02110623484098617,0.011368062487590036,0.0017355033911709006,-0.03828253551004068,-0.017165099896111702,-0.009213112290518799,-0.011825304873002374,0.02645723063703831,-0.029894910871622396,-0.04823640144915342,-0.008605375731915776,-0.004326211466776475,0.025568699404845963,0.003292043973733519,0.023943109344698232,0.04772298734485181,0.05936900403840217,0.05607696006466867,0.04928799808011419,0.010543945353057138,-0.01738994058616139,-0.02403476971901819,-0.07332276779913238
0,A_CN,A0_CN,82,0.004526275212450193,4.09535801015584,True,True,0.0006318882838274517,0.0006147541182726646,0.004386589736813162,0.006665419723604238,0.006033531439776807,-0.0497173223283881,-0.027619156351018526,-0.005694251710821163,-0.0029387816998671656,0.04677854062852094,0.059814770807890216,0.06676921332737418,0.0764993507405326,0.06123566923606294,0.0014208984281727233,-0.001651706011985804,-0.008949536808030789,-0.007962364818626777,-0.003666133819345996,-0.002014427807360164,0.03299112937171489,-0.02272542785595033,-0.05553194573064224,-0.05859662367156282,-0.09158775304327771
0,A_CN,A0_CN,83,0.7342139072214263,3.937357194905899,True,False,0.0005023819247584119,-0.007273638374490354,0.0008321888996796201,0.0001163349399259106,-0.0003860469848325776,0.03149305063128194,0.014822731557855462,-0.04063397591591966,-0.04951351868656195,-0.08100656931784389,0.0016127154823393566,0.0176642417577223,0.010190457114641727,0.006122906374496306,0.004510190892156873,-0.06605839429229987,-0.23791983674501715,-0.08788090612800548,-0.0842476403090916,-0.018189246016791727,0.020653478124562752,-0.01560299048315228,-0.021374464092219325,-0.016852489541211657,-0.03750596766577441
0,A_CN,A0_CN,84,0.18934642405672297,4.21643777767385,False,False,0.02597072344319236,0.16765237916551073,0.1330803230158304,0.09031838496374056,0.06434766152054827,-0.0010623393056499175,-0.014302839289546898,-0.016186371903575747,-0.011804284639835405,-0.010741945334185488,0.02259278605261389,0.00766171105549196,-0.0034660898321113853,-0.001981102861476236,-0.02457388891409007,0.0008498922962842173,0.009804997038709962,0.018065705204179272,0.015067093519875563,0.01421720122359138,0.01497965392455658,-0.03888870866093952,-0.07926297349879352,-0.08953374788912816,-0.10451340181368474
0,A_CN,A0_CN,85,0.36215129797199996,5.106240209730318,True,True,0.03661812943804946,0.10113281021948983,0.029053684731597862,0.014630941030922107,-0.021987188407127323,0.20547162619748785,0.06749833743638212,0.030646228554868427,0.023374598185849194,-0.18209702801163874,-0.010265266161476008,-0.0727338517995954,-0.03908612641083875,-0.023379507529180832,-0.013114241367704782,-0.0543189447191141,-0.3235307231373674,-0.022762862911503534,-0.009166725811303067,0.04515221890781107,0.05405516474141503,0.016537374823576978,-0.011798050764869505,-0.017481520286338093,-0.07153668502775312
0,A_CN,A0_CN,86,0.6515090808895697,4.668812868283341,True,True,0.012001621635522541,0.039716028359494726,0.012385870750463712,0.007005073329342304,-0.004996548306180237,0.05993424318091056,0.07982126295494318,0.04380916930553258,0.03184010196167286,-0.0280941412192377,-0.059481517602339974,-0.22015601829387305,-0.25859802167162915,-0.2180661577366707,-0.15858464013433082,-0.00134274790547112,-0.013946974253049582,-0.0005037288470349788,0.003115024671399347,0.004457772576870522,-0.015712976410754587,-0.03546701812912223,-0.045438475753268426,-0.051358647629959564,-0.03564567121920492
0,A_CN,A0_CN,87,0.7273357936998608,5.1567410046734246,True,True,0.0013639154076654364,0.000588171955031469,0.0008313897765623857,0.0006531579549099442,-0.0007107574527555061,-0.0010565341099515978,-0.011666408916094079,-0.025568307133911006,-0.03192896963008529,-0.030872435520133634,-0.00039897916838861625,-0.005117495276056261,-0.003587366015417426,-0.0026379999770617113,-0.002239020808673109,-0.0004624190591617436,-0.008987001623926405,-0.026995299343122725,-0.03485469309147338,-0.03439227403231171,-0.005023174781538686,-0.041534241632978364,-0.06817936441689776,-0.07572446654705278,-0.0707012917655141
0,A_CN,A0_CN,88,0.2696654356635434,4.719941367539254,True,True,-0.004604835565425236,-0.035167279055212,-0.012482636605329667,-0.007027664236346931,-0.002422828670921695,-0.4427909205889268,-0.05846198444337114,0.0027520698899606844,0.00462939493286374,0.4474203155217905,-0.03656095143225793,-0.12064078586236321,-0.04617066360128186,-0.025144417408285658,0.011416534023972247,0.03863653401338291,0.3522621593475335,0.12126890071977037,0.07468951927712963,0.036052985263746784,0.03166116350900605,0.0015540177889190598,-0.008543425427540718,-0.006989759504361648,-0.0386509230133677
0,A_CN,A0_CN,89,0.24606185651861157,4.029345153894498,True,True,0.00819077913243195,0.04409316207722752,0.019638192707130853,0.010287077358354768,0.0020962982259228324,-0.12590050150423798,-0.05756902155133581,-0.02823793969381727,-0.025183375555841048,0.10071712594839688,-0.015189527191309074,-0.043143263957554856,-0.012429220908208971,-0.006669945830098611,0.00851958136121056,0.002064614206314666,0.02382612609154744,-0.016476086887235453,-0.02518160536139158,-0.02724621956770623,0.08695278585301358,0.042857806370521834,0.009645487414246312,0.0007792769217687123,-0.08617350893124487
0,A_CN,A0_CN,90,0.36702908286664127,4.215975405834339,True,True,-0.005616239165204026,-0.027880649433604354,-0.006096131385770365,-0.002976048524374053,0.002640190640829987,-0.08761879467346348,-0.14923268400392425,-0.09990203364395311,-0.08700214224148428,0.00061665243197917,-0.0018192514543713817,-0.0224898370154073,-0.014580000700384788,-0.008217106104516425,-0.006397854650144974,0.008388424244471962,0.08149761590193672,0.057562831940775605,0.02936345878760216,0.02097503454313021,0.03850403980998518,-0.0035506702160400527,-0.03567485637418211,-0.04473401475972261,-0.08323805456970779
0,A_CN,A0_CN,91,0.1695961183270004,3.665060835292509,True,True,0.003349401303058344,0.018391132398052124,0.006008411489845988,0.0033448896063603684,-4.511696698017431e-06,-0.0037509322939281303,-0.029873391548674882,-0.05028680806210378,-0.05335764254427866,-0.049606710250350516,-0.00017598407116915793,-0.006984325972381411,-0.006118532530766219,-0.005835378415464443,-0.005659394344295299,-0.0058685311760177175,-0.04836098121317162,-0.06097720394144557,-0.06352715741980519,-0.05765862624378748,0.018419905224956734,-0.021776435758023127,-0.05036342482880324,-0.05832092943038769,-0.07674083465534443
0,A_CN,A0_CN,92,0.7873504345717114,3.6340273008870705,True,True,-0.00281337696809994,-0.013594166959780662,-0.001834478319284405,-0.00029387311670991956,0.0025195038513901036,0.00373764846650506,0.040361962048772876,0.08142200190584242,0.08867969053159264,0.0849420420650876,0.0018599829069231508,0.017845875721324456,0.014558323567936515,0.008579288010157282,0.006719305103234152,0.022887250459344005,0.21339797122283438,0.16917324470570871,0.1388615205967606,0.11597427013741657,-0.015865425656371723,-0.0332148433009658,-0.04756501768500143,-0.048564233938234835,-0.03269880828186311
0,A_CN,A0_CN,93,0.0032595968446341717,3.241231400843915,True,True,-0.003859589647732045,-0.04557480819406945,-0.019769565560521785,-0.010480756985658979,-0.0066211673379269476,0.14822322332667848,0.06364532791657707,0.026221659766928473,0.018764334735776655,-0.12945888859090182,0.03841885008919648,-0.029589525975762865,-0.1818499668670034,-0.20855045175310183,-0.24696930184229826,-0.18304789948635036,-0.39160790672015655,-0.05448721201397877,-0.02673393925519585,0.15631396023115451,-0.04814100866837112,-0.143652585253909,-0.17083413729716637,-0.17586299834186436,-0.12772198967349324
0,A_CN,A0_CN,94,0.28802390027442193,4.223049734080431,True,True,0.005393145653549085,0.031672833305947945,0.009518180287047207,0.0057783583123593996,0.00038521265881030775,-0.002551813289642369,-0.022909621894632887,-0.03847443630908931,-0.04039354161336439,-0.03784172832372207,-0.002341202238986387,-0.02630744616364672,-0.03275219896904291,-0.024545848071775955,-0.022204645832789582,-0.01402122279508192,-0.13235105172616535,-0.1247169485130658,-0.11220928810589681,-0.09818806531081492,0.005783598461540529,-0.031755378286592695,-0.06003401461594032,-0.0678100193944926,-0.07359361785603313
0,A_CN,A0_CN,95,0.6457671030075458,4.106465793754582,True,True,0.1571753933693549,0.07937300585737672,0.014366918039054322,0.007555588052299611,-0.1496198053170552,0.1995892481504944,0.09938842817313343,0.04556924129975548,0.03166326320815416,-0.16792598494234023,-0.001049236391576799,-0.03171832180020158,-0.16252088112996332,-0.237574598783916,-0.23652536239233918,-0.0028170834855007695,-0.027557578784387027,-0.025671495692962232,-0.010930941000026118,-0.008113857514525313,-0.11350077339606376,-0.11027317881587001,-0.08230431790816128,-0.06772737758050162,0.04577339581556217
0,A_CN,A0_CN,96,0.8272945170185566,5.3466752944079925,True,True,0.00029991259148940547,-0.00296593632474218,-0.0001769016181488725,-0.00013890720127929246,-0.0004388197927686077,0.0834053613639,0.13639445147836432,0.09101756309793607,0.07639887949171786,-0.007006481872182224,-0.0068305605566983535,-0.00422663359321479,0.012856073502330867,0.006458956807880556,0.013289517364578951,-0.03632173364659395,-0.1719422213438475,-0.008416240140108444,-0.011040807980823297,0.02528092566577067,-0.05589309661157005,-0.08905641451526636,-0.11746330833147833,-0.12506438907516748,-0.06917129246359743
0,A_CN,A0_CN,97,0.7815018914669951,3.30380880609962,True,True,-0.03334840968811278,-0.2914222368657274,-0.30021052819979355,-0.20831855190522286,-0.17497014221711005,0.2706228295477002,0.32050669967662415,0.1688565639110255,0.13604203821259553,-0.1345807913351047,0.41094193491526304,0.4377278253595438,0.11249550544990383,0.058263623994137315,-0.3526783109211258,-0.8441309530484207,-0.42688449935643236,-0.053779676001511456,-0.03597638598533093,0.8081545670630897,-0.0006371179943087803,-0.008549485428224434,-0.025890872121690715,-0.03248856492981385,-0.031851446935505075
0,A_CN,A0_CN,98,0.5678004357490732,4.851524035406847,True,True,0.0025446649094529386,0.015749184120644133,0.013825993394255387,0.008966345687806854,0.006421680778353922,-0.06085856342510254,-0.04258055489051826,-0.04915672431864315,-0.04879377668151541,0.01206478674358713,0.029302953710825475,0.04166862785404313,0.010990371547494382,0.005619063182023543,-0.023683890528801932,0.009068479842873178,0.0747949752104966,0.0752073139370315,0.05095796957177723,0.04188948972890405,0.07501307645839794,0.024703589132875514,-0.01204904610453239,-0.022520231344895336,-0.09753330780329328
0,A_CN,A0_CN,99,0.8748307469367865,5.297314273125498,True,True,0.0007707013023952464,0.004176845475962976,0.0011730994218456248,-0.00025439376993952045,-0.0010250950723348362,-0.2049834572350371,-0.08207471738521122,-0.06573137996370215,-0.06489234819098066,0.14009110904405642,-0.010239470877475149,-0.04216621222358791,-0.016066712374363856,-0.008038908985785187,0.002200561891689934,0.004331197731022016,0.028034480153722785,0.008734206025223457,-0.01617769291271276,-0.020508890643734734,0.029982510281118424,-0.006602649248241721,-0.016499113739955162,-0.013657743320139248,-0.04364025360125767
0,A_CN,A0_CN,100,0.6076351306143832,4.523287255090561,True,True,-9.484737646607566e-05,0.0033882836303238406,0.0013259096446267549,0.00059304886161482,0.000687896238080854,0.00023397373136967332,-0.000870655523131425,-0.002912296444640472,-0.0022455100840358955,-0.002479483815405581,0.0012994010122328835,0.012227091119507427,0.016827219825653494,0.015298716611132246,0.013999315598899331,0.00226732707366728,0.015804615153920287,0.019377672129934576,0.013913446189151246,0.011646119115483966,-0.005599989910627498,-0.03396044011821548,-0.06038561186586923,-0.06773446663230175,-0.06213447672167424
0,A_CN,A0_CN,101,0.9191670025495056,3.397560175626089,True,True,-0.008796486585366706,-0.04147332011097293,-0.012649471860916917,-0.007103756607452549,0.0016927299779142535,-0.07656787123936509,-0.10214901823289413,-0.006195637917712049,-0.0003383014416835639,0.07622956979768158,-0.012520860298692656,-0.047518102975695475,-0.015076754175946228,-0.007864824936934078,0.004656035361758515,0.030302698050087673,0.01334456047655841,-0.005733008620427138,-0.004694087254765056,-0.03499678530485273,0.024796956576917883,-0.01772990402417307,-0.052648313184296636,-0.06198055251682133,-0.08677750909373921
0,A_CN,A0_CN,102,0.6223166964948174,5.014338480583915,True,True,0.0031934117478059354,0.0315548191152723,0.015768648523389217,0.007889311897326778,0.004695900149520815,-0.04789586569262546,-0.1869591368787622,-0.11713528717871347,-0.10452168891444868,-0.05662582322182319,-0.004752006840803749,0.0014191445337938258,0.010400815366268024,0.0060644753311007715,0.010816482171904562,0.41315584744934863,0.017363757764248477,-0.01272827157924028,-0.01281122589916639,-0.425967073348515,0.05130150089872504,-0.0047266058534566335,-0.04822943565210425,-0.06019042676437203,-0.11149192766309707
0,A_CN,A0_CN,103,0.11911392860002423,5.266687480860586,True,True,-0.009644488079971987,-0.09685381098646084,-0.07087696500431506,-0.03944159054376939,-0.02979710246379741,-0.07232257854152735,-0.11073551081095101,-0.15827105941690212,-0.14525643052170012,-0.07293385198017277,0.2548555751345283,0.23621012249958906,0.04404225403544626,0.021826688208574252,-0.23302888692595403,0.01826979668063851,0.08716829375728352,0.010486625056816745,0.005137517250293211,-0.01313227943034534,0.06220622289846206,-0.0426550168882065,-0.09691668970214329,-0.10921465739571223,-0.1714208802941743
0,A_CN,A0_CN,104,0.8925333213802822,5.281683757372013,False,True,-0.014535154295665917,-0.09930146652335492,-0.03287892607140375,-0.016926581032777777,-0.0023914267371119013,0.028728568352622053,0.008410285967864417,-0.005140316648878485,-0.0071241233797405545,-0.03585269173236261,0.09816730083437031,0.0336127721345465,0.005567022080480877,0.0027593606527004377,-0.09540794018166987,-0.007485637023035167,-0.07446699367175036,-0.029423430687621543,-0.01331511333058566,-0.005829476307550485,-0.008699015002995414,-0.05099322827354902,-0.06665394796919377,-0.06337105796494036,-0.054672042961944944
0,A_CN,A0_CN,105,0.7653362107263902,4.721099359523348,True,True,-0.001960185061233466,-0.003852642426625419,-4.949411540544624e-05,6.566668900853667e-05,0.002025851750241947,0.002780059734282272,0.022956229447809645,0.02703758425795527,0.02918685845788277,0.026406798723600522,0.003794463883372963,0.03528069539691514,0.028011131762757158,0.018554463536325172,0.01475999965295216,0.0131312758957585,0.12193598396489069,0.08642116904711605,0.06777031639147857,0.05463904049571999,0.002174203370760866,-0.0036319553388330234,-0.01932733577945764,-0.025032359162246776,-0.02720656253300764
0,A_CN,A0_CN,106,0.3531033962773503,3.3429670237292974,True,True,0.0035004791705093435,0.018120580010121623,0.004506888208781645,0.0030885080887792515,-0.0004119710817300781,-0.010746123397118543,-0.06423250305253175,-0.07370401757136136,-0.07304042125725274,-0.062294297860134185,0.0038652085976388917,0.027212954845672044,0.01077195287964805,0.006205691796773993,0.002340483199135046,-0.019164141886609462,-0.14421268989784314,-0.07395966020892764,-0.06959088327755225,-0.05042674139094283,0.08199998963014732,0.041363609151447434,0.011581286391065315,0.0026454129088175904,-0.07935457672132973
0,A_CN,A0_CN,107,0.3721836659972265,4.849039564746591,True,True,-0.011839973958663243,-0.1047238120618394,-0.08151077172656218,-0.048649614292370136,-0.03680964033370693,-0.024786690174251558,-0.0687006811239197,-0.09698604389083954,-0.09535602616036454,-0.07056933598611298,0.19044386378106426,0.10754981662849228,0.02037724653100015,0.010262493623238167,-0.1801813701578261,-0.006301483631335515,-0.06368453167548627,-0.06931312562670455,-0.0573370181270193,-0.051035534495683765,0.029413783207696775,-0.03952445289958639,-0.0812808540248866,-0.09293336315954115,-0.12234714636723795
0,A_CN,A0_CN,108,0.04165790294291272,3.8996591270532157,True,False,0.03762718029971169,0.08348964865918584,0.018813193201921097,0.008787383104377655,-0.028839797195334027,0.18719495045292414,0.20325736963287455,0.11425506482220993,0.09659687633944924,-0.09059807411347487,-0.044867870778419486,-0.31983041494771547,-0.32877730746260847,-0.2387460428058943,-0.1938781720274747,-0.007996463805806854,-0.07425062597817994,-0.01915291604562197,-0.00597079614050422,0.002025667665302655,-0.0840366984295402,-0.10504185355690962,-0.12091312823090383,-0.12571216826415882,-0.04167546983461862
0,A_CN,A0_CN,109,0.7264596299368129,5.337885540385253,True,True,0.014408475881137639,0.0774764885682307,0.028881396539727655,0.015050186165814883,0.0006417102846771883,-0.04697291450257812,-0.06992549655496416,-0.043896863123160546,-0.035457551717882785,0.011515362784695338,0.023944352391317897,0.08550239795591885,0.02913081852692123,0.015526549425304514,-0.008417802966013355,-0.002995910167606773,-0.034420738824704034,-0.043350343704154914,-0.02831308832459012,-0.02531717815698331,0.07392404610464409,0.028831407953817,0.003563325186104138,0.0004118441187614952,-0.0735122019858826
0,A_CN,A0_CN,110,0.6580889105761175,3.1790721393496266,True,True,-0.0031633395521455665,-0.0031366249750415243,-0.00022279710419337295,0.000621097946189586,0.003784437498335236,-0.007686690696616427,-0.010286351706612185,-0.009617182046293804,-0.007900366726973806,-0.00021367603035737925,0.004231398672410139,-0.00020585853810739518,-0.0018123369360414365,-0.0008457907911221252,-0.005077189463532195,0.00257504270514744,0.019256395804258475,0.045698895441172005,0.05540845718812337,0.05283341448297596,0.030288514619014828,-0.014482795294690876,-0.043239599917039406,-0.04951594034416318,-0.079804454963178
0,A_CN,A0_CN,111,0.874698696226695,3.6235988282857114,True,True,-0.028713983363626544,-0.09661394065711804,-0.032220114152324175,-0.017872917766060925,0.010841065597565591,0.07745557626746635,0.0518780445806134,0.024866595941804404,0.018569294280709414,-0.05888628198675694,-0.050597051405250996,-0.15315701157350786,-0.2100700472817213,-0.20224514760852963,-0.15164809620327857,-0.001267671089920465,-0.0026911707884483826,0.01167803146634272,0.016928900346596887,0.018196571436517317,0.025471160134234394,-0.02230700727718332,-0.05216774277917302,-0.05967075249119974,-0.08514191262543414
0,A_CN,A0_CN,112,0.7717536326796204,3.9187812372456277,True,True,-0.0024168511635588585,-0.0060513556866642615,-0.0015901137745787386,9.630367967194964e-06,0.0024264815315260257,0.024265782536581553,0.20178940597975123,0.23294192916444134,0.21468645932426744,0.19042067678768593,-0.0025233063447499607,-0.010512949831641638,0.004016876749617593,0.003940338276206878,0.006463644620956832,0.03524610312961218,0.27734124788073106,0.1193302696942411,0.0937178619362673,0.058471758806655116,-0.06136132365628755,-0.06853565111569315,-0.06986644273276099,-0.07072091098651057,-0.009359587330223018
0,A_CN,A0_CN,113,0.503404383713356,3.28764083441368,True,True,-0.0016408317740375794,-0.006780619860937587,-0.003592129476000072,-0.0016666582928824836,-2.5826518844862534e-05,-0.0021736172974625052,-0.018495567404123142,-0.031410350339982684,-0.032286989267737876,-0.03011337197027536,-0.00046865980574203533,-0.0147904410132495,-0.01760977568847566,-0.013860245305036711,-0.013391585499294756,-0.0014181730862353782,-0.016252566351341813,-0.03088455952360547,-0.03423132694525122,-0.03281315385901584,0.01233939625986763,-0.0216879106322157,-0.047971114966927464,-0.055397014106104814,-0.06773641036597244
0,A_CN,A0_CN,114,0.8100125334522976,5.493879116695466,True,True,0.007479946519602973,0.04845889685381061,0.015156916123889919,0.008211792046928013,0.0007318455273249702,0.002330604827207962,0.03166162263768124,0.16400900438060728,0.15587578411551184,0.1535451792883038,-0.027709956056971585,-0.15935102197555778,-0.06061672588690192,-0.03378583782425859,-0.006075881767287017,0.01525065749417645,-0.007333523089629201,-0.024740751698229868,-0.026993111657499846,-0.04224376915167627,-0.07604363258917285,-0.06002548601514335,-0.08857796905054094,-0.09738853181391571,-0.021344899224742864
0,A_CN,A0_CN,115,0.4828050066576115,5.379595638119014,True,True,-0.0010330720868519157,-0.011049835438536493,-0.008722233629200826,-0.001555095325548983,-0.0005220232386969892,0.014071618640638217,-0.0017938579414122913,-0.01411034660147914,-0.017056589517450704,-0.03112820815808892,0.10058821476896285,0.03738176923640113,0.006675064936867092,0.0033231868067830073,-0.09726502796217984,0.002388201674275628,0.022715132646411784,0.03606486429893352,0.035256466423698396,0.03286826474942284,-0.0038279029940139556,-0.03582897361486094,-0.072936076768682,-0.08372880753140088,-0.07990090453738694
0,A_CN,A0_CN,116,0.03886397117200924,5.264775069547817,True,True,0.0016053391104676462,0.007459136920644149,0.002027774069313426,0.001380537396283188,-0.000224801714184375,-0.001246791346289796,-0.009760682627896894,-0.01427558845201965,-0.013265222737128934,-0.012018431390839135,-0.002434129457165684,-0.01445713157913564,-0.013707199055032704,-0.01143356448700994,-0.008999435029844238,-0.0016194412953075658,-0.013535705836078993,-0.02062933171833059,-0.020382015527525277,-0.01876257423221761,0.04217526815500783,0.009349379429375415,-0.01589064843896404,-0.023065301514594516,-0.06524056966960234
0,A_CN,A0_CN,117,0.5645170345729486,5.356013361860806,True,True,-0.018356714240938064,-0.05669738234663879,-0.009569467300075463,-0.004072174997290845,0.014284539243647254,-0.008577733309221736,-0.012183816717102114,0.0006781945568758996,0.006823215728455567,0.015400949037677303,-0.007801188207226639,0.007702384534574613,0.0027153271804232215,0.0011348589608111137,0.008936047168037753,-0.004816442164277172,-0.04469877770248365,-0.026011633327555295,-0.014266130770494656,-0.009449688606217532,0.12248258823765923,0.07413366903650653,0.038234394046690934,0.02804420200482649,-0.09443838623283274
0,A_CN,A0_CN,118,0.38204418790016803,5.341274558292054,True,True,0.015105173206470549,0.09578781357085553,0.10082939985528205,0.07528907526580653,0.06018390205933588,0.04692782245397664,0.017917635864870274,-0.0025487541146398396,-0.005622231856808546,-0.05255005431078519,-0.03697785571131984,-0.10244012250102097,-0.14819785265915741,-0.14262313117807024,-0.10564527546675034,0.0003173555888846824,0.007857998649482778,0.010621717523936258,0.007836508500394856,0.007519152911510174,-0.007088121830222392,-0.07083118605124585,-0.14537321692147398,-0.16409930158712666,-0.15701117975690426
0,A_CN,A0_CN,119,0.8093139902218927,3.574383837630388,True,True,0.0006209773174459463,-0.00017780062412686704,-0.000619265778220579,-0.0010280126157866665,-0.001648989933232592,-0.01856504062029124,-0.10092246785822281,-0.09701984187350671,-0.09187697820011553,-0.07331193757982424,-0.006801552174278032,-0.0502379626636813,-0.03391238855071865,-0.020780277903024835,-0.01397872572874681,-0.004554787495361687,-0.04174750001842259,-0.04819894207587461,-0.04594039900603264,-0.04138561151067088,0.024626438379606985,-0.01353051047108611,-0.04205604730559109,-0.04980065564100278,-0.07442709402060976
0,A_CN,A0_CN,120,0.5809823081373636,5.399175823515324,True,True,0.004349309547487398,0.003153230318915179,-0.01305134308403011,-0.011728309509857149,-0.016077619057344616,-0.001733807840019752,-0.015572755131249894,-0.027398345893166698,-0.03069471805417545,-0.0289609102141557,0.0388974094741128,0.0027334108645646893,-0.0014350827702771518,-0.0004300236219008102,-0.03932743309601361,0.0008358445846562562,0.003250483489128597,0.003485658079232734,0.0017698562399977025,0.0009340116553414601,-0.004769889232309447,-0.048522427750221024,-0.10528845634206,-0.12096835074838215,-0.1161984615160727
0,A_CN,A0_CN,121,0.1578275713103423,3.122354440606143,True,True,0.15980000773046335,0.11046297284558948,0.027056916751834303,0.013783935578027373,-0.14601607215243606,0.041752850985422474,0.011219065232046299,0.001911226343261796,0.0009105514714248253,-0.04084229951399765,-0.006381552370395743,-0.057857701858316256,-0.1274309421930879,-0.15252347001046787,-0.14614191764007212,-0.005366421064505314,-0.053728072447412845,-0.08094794376207015,-0.07804293197195389,-0.07267651090744864,-0.019395265870869313,-0.12630175669695254,-0.20575426330664343,-0.22459430561902874,-0.20519903974815945
0,A_CN,A0_CN,122,0.8690984732709899,4.376963231816144,True,True,0.001289317475380393,0.015235986167641102,0.0032424251896259193,0.0018383195822834208,0.0005490021069030071,0.0038941265208214046,0.05159187731353487,0.17273495071442113,0.22399451521687008,0.22010038869604875,-0.003018948495401186,-0.022404428254321707,-0.008633651525521202,-0.0059681209126880574,-0.0029491724172868716,0.356044956757818,0.20362182812211882,0.12321571822821453,0.11137447327939975,-0.2446704834784183,-0.05392937522772556,-0.06533597697247018,-0.07921036203319776,-0.08185692789670673,-0.02792755266898117
0,A_CN,A0_CN,123,0.17405326005059263,4.241271216162287,True,True,-0.0005791966607121626,-0.006009953942756829,-0.001534842173336326,-0.0007508622759800909,-0.00017166561526793522,-0.0012682700183624246,-0.011778812967026292,-0.024136859289321855,-0.028538374024097368,-0.02727010400573493,-0.0001805281009434577,-0.0031428262671410745,-0.006618808986860625,-0.005638403819339222,-0.005457875718395733,-0.0005418225024774494,-0.0050058229066526905,-0.013930303251828424,-0.0176379255647493,-0.017096103062271828,0.0030358409007374965,-0.029993985884943952,-0.055683366063029816,-0.06301553492877254,-0.06605137582951004
0,A_CN,A0_CN,124,0.08705071903183714,3.997418000413253,True,True,0.0008813712229797308,0.006699793840085344,-0.00044342185393586586,-0.00016519487803090538,-0.0010465661010106153,-0.0017001521799236072,-0.016729594922370833,-0.029703500945752692,-0.03132661544839477,-0.02962646326847118,-0.0011818302390876126,-0.013767481849570051,-0.01364527002407856,-0.008212403571075111,-0.007030573331987533,-0.007302511724906653,-0.06869676183893059,-0.0782183232830802,-0.07101297680774299,-0.06371046508283629,0.025417606478389643,-0.00825523576053444,-0.034355105288962906,-0.04157784285194832,-0.06699544933033796
0,A_CN,A0_CN,125,0.5011383287797039,3.2657315882294102,True,True,-0.0034362150656919166,-0.012266130581609747,-0.002624998383547572,-0.0018808986688675366,0.00155531639682438,0.0032772266112614176,0.02933823587631096,0.039228341152047264,0.039807830185170645,0.03653060357390925,0.004668978519730041,0.04582532974153025,0.03396491939513646,0.02080476221424521,0.016135783694515182,0.02727681296798859,0.10309995067643507,0.028680800109163518,0.017996539775398168,-0.009280273192590394,0.05824082492189436,0.027449229148356125,0.009497626586504326,0.003896854009444284,-0.05434397091245008
0,A_CN,A0_CN,126,0.8618416135227681,4.806455984677413,True,True,0.03253309630745883,0.07955343989402441,0.03622242075668913,0.021167183168876225,-0.011365913138582595,0.040246188022748486,0.021739543354924562,0.006700094897264086,0.0038294107520037146,-0.03641677727074477,-0.019344425798531906,-0.0750314289686711,-0.11756129118202496,-0.11792237380141457,-0.09857794800288266,0.0022642905914087574,0.007557598883749794,0.006189514702249155,0.00409454311541646,0.0018302525240077028,-0.010260644954321236,-0.07433772624342656,-0.12911724025356422,-0.14283696175045948,-0.13257631679613824
0,A_CN,A0_CN,127,0.1513002141441634,3.730521346748196,True,True,-0.006090213658417623,-0.023658456018155527,-0.00641580066880032,-0.003264804487998929,0.0028254091704187356,0.01260889769665146,0.10610959419227328,0.08988521135012528,0.07085028246306446,0.05824138476641305,0.013770663646485604,0.07527116351366647,0.025342879645140037,0.014064696705118895,0.00029403305863329177,-0.08657647150801928,-0.008372076371012782,-0.007524772434024385,-0.005755734702536097,0.08082073680548318,0.019619516306823914,-0.004604751352391287,-0.037559364771668574,-0.04723835944740651,-0.06685787575423041
0,A_CN,A0_CN,128,0.8851964999787038,4.33013820870595,True,True,-0.01856158587913906,-0.05499486561078626,-0.0119730751600432,-0.005222818556245512,0.013338767322893519,-0.3043545370647969,-0.0948735274619612,-0.07426894479865598,-0.07092673322610332,0.23342780383869366,0.007178457021823173,0.08551497748240397,0.10628062466401322,0.06536078692598957,0.058182329904166386,0.011442954078090421,0.1095570486477273,0.10818885268904599,0.06729485824073866,0.05585190416264818,0.15812194890419196,0.02638618758391814,-0.049297941213389596,-0.06576222012003796,-0.22388416902422992
0,A_CN,A0_CN,129,0.7766078323147526,4.714969406424327,True,True,0.0005321754611137472,0.019580923525361282,0.03425206448495588,0.022641278901821993,0.022109103440708266,-0.4065827954741148,-0.08592988509534594,-0.052693820187120655,-0.042623271633974835,0.36395952384013996,-0.06292628607034295,-0.01257672701494661,0.003420563899200313,0.0018899597134109936,0.064816245783754,0.025242321484439646,0.23061352480845693,0.15686165272612262,0.11231479984909531,0.0870724783646557,0.057341263368266615,0.01036978563907276,-0.024721264487253536,-0.03386435151733502,-0.09120561488560164
0,A_CN,A0_CN,130,0.48126300545229683,4.7284538114465,True,True,0.005939058668142368,0.06078417567369687,0.06889255442478637,0.0467002663360212,0.04076120766787894,0.037948298669500447,0.015978027715625176,0.003305398022637074,0.001756572000030543,-0.036191726669469904,-0.020578108351267166,-0.06515692404945983,-0.11494948339165867,-0.11949600366100388,-0.09891789530973677,0.01061329213921073,0.10527141505756465,0.05168485951944235,0.026210012637983393,0.015596720498772698,0.022252282149468006,-0.05538501532741208,-0.10413450327926488,-0.11674560094207176,-0.13899788309153976
0,A_CN,A0_CN,131,0.07165725425269442,5.291385494657749,True,True,0.014994665949390522,0.04454573800325967,0.007667910883334184,0.0031791126997103847,-0.011815553249680089,0.14714549650801972,0.43640091379148793,0.2569867716921326,0.208767107258664,0.06162161075064421,-0.019587175536727452,-0.1636008092428916,-0.13073787113844215,-0.08040208729201181,-0.06081491175528442,-0.543764562954528,-0.28469280761254867,-0.00744628887591714,-0.003722996601559947,0.5400415663529681,-0.09664783267865218,-0.08942578104533605,-0.10300127802498993,-0.10803932862744281,-0.011391495948790631
0,A_CN,A0_CN,132,0.24922708384343917,3.164451042229518,True,True,-0.007187168111950158,-0.03997213115901743,-0.01195331498793617,-0.005681542594313971,0.001505625517636222,0.04735538278700892,0.16848935950742322,0.06843880435082861,0.039104001098820285,-0.00825138168818862,-0.0010853318358624159,-0.02557992843694218,-0.016614405044057867,-0.008547557338413503,-0.007462225502551045,-0.20007538917868326,-0.14762167459455344,-0.046946478852533335,-0.04854773940487267,0.1515276497738106,-0.036350888420853045,-0.07632458984062174,-0.1063085145922471,-0.11503917769676564,-0.07868828927591259
0,A_CN,A0_CN,133,0.7608638165254697,5.34013802390595,True,True,-0.012092742170774468,-0.055005101692258696,-0.03505151995796607,-0.023699922995976674,-0.011607180825202179,-0.012298596327133371,-0.011360184646584837,-0.0032538048584583867,-0.0017166020807580784,0.010581994246375293,0.023686825690428903,0.010825988480159476,0.0028396427426126136,0.0016557834139920846,-0.02203104227643682,0.0005539651482731334,0.0035496358252629645,0.006354852009387346,0.0044114637262828715,0.003857498578009655,0.10853380247229533,0.02097272144708906,-0.03987693328997577,-0.05519210125988161,-0.16372590373217694
0,A_CN,A0_CN,134,0.9129463553433433,3.61860024427253,True,True,-0.012014136706185737,-0.03249132605617766,-0.002000867813044205,0.0005562606865251452,0.01257039739271093,-0.1508549979284976,-0.03493830096719697,-0.02380703197596612,-0.021449350067706763,0.12940564786079084,0.006312452986232557,0.009310518279502134,-0.0012799916116603693,-0.0009053606722227991,-0.007217813658455308,0.013743233578682242,0.13627539464387511,0.1283626745619877,0.0894978282646498,0.07575459468596757,0.013275738367029874,-0.03349517223318085,-0.06657100714802963,-0.07539002226645189,-0.08866576063348175
0,A_CN,A0_CN,135,0.2745232950981832,3.616817468587035,True,True,0.010514236165666026,0.05571391819589361,0.022310504480666293,0.011660984416248743,0.0011467482505828075,-0.5534827505420403,-0.24779491854785973,-0.05337679263730566,-0.03698507045424915,0.5164976800877912,-0.11400874836565515,-0.16798235881758938,-0.044242411755108235,-0.01909855126985882,0.09491019709579629,0.5258926756843205,0.49004067712057425,0.1617241234660991,0.1163115874890912,-0.4095810881952293,0.014041993380676798,-0.016972273107785762,-0.04397421856407285,-0.05213857877357714,-0.06618057215425391
0,A_CN,A0_CN,136,0.1546950834424402,3.688964494231539,True,True,0.03916588761812424,0.14439670820921147,0.06180585400018068,0.03319267467570397,-0.0059732129424202585,0.011295929034033259,0.051665506855874344,0.012406891986320168,0.005536990313752321,-0.005758938720280937,-0.025698436617254128,-0.17161946884931434,-0.1517435984587856,-0.09721428830425316,-0.07151585168699903,-0.002861597994711945,-0.015933722477581236,-0.00346199252961088,0.011817076365457146,0.014678674360169008,0.015247983408752663,-0.035201681787112415,-0.06996933114837756,-0.07974611604858495,-0.09499409945733761
0,A_CN,A0_CN,137,0.15431205560074013,5.126516678787322,True,True,-0.0058071800033017845,-0.06673034248603382,-0.14349421200299806,-0.14503015894822624,-0.1392229789449244,0.0005523879844056001,-0.015078992989482565,-0.025013592753726166,-0.02791423206821242,-0.02846662005261802,0.08464414510349783,0.026272790649390365,0.004275207579851892,0.002103607049136369,-0.08254053805436146,-0.0006095186009605208,0.004701771010959976,0.004432231416041432,0.004166716754518185,0.004776235355478664,-0.004738864400759122,-0.03847814180606058,-0.07781714669054737,-0.08856053995736995,-0.08382167555661083
0,A_CN,A0_CN,138,0.9995687513795501,4.450170025820881,True,True,0.018091143146338133,0.0966052774158131,0.0343514051696342,0.018713542956008355,0.000622399809670271,0.009481952050085174,-0.0006220125397186083,-0.001029108281882074,-0.0006246867995858274,-0.010106638849671001,-0.022591880322041402,-0.048621813256056134,-0.07227502231981009,-0.06816131825536964,-0.04556943793332824,-0.003282126000659129,-0.04516857196348112,-0.01113545570216301,-0.004027212203153718,-0.0007450862024945826,0.015942605782844232,-0.04413954859498914,-0.08196324745525663,-0.08921856722562516,-0.10516117300846939
0,A_CN,A0_CN,139,0.13823883703241413,5.117434177335904,True,True,0.001212438097692406,-0.007368770318121776,-0.004795238506247412,-0.0036268946104461852,-0.004839332708138633,0.0390459530874294,0.27469774582769374,0.20680488741106484,0.18082969213829847,0.14178373905086905,0.010958571068153351,0.006585452148126392,-0.008932660060166908,-0.004788730165478761,-0.015747301233632105,-0.3620750103342504,0.02745100882067575,0.013002017037842095,0.007630654576101237,0.3697056649103516,0.02087334033933408,-0.009293716077793501,-0.038554206739840446,-0.04576545208442473,-0.06663879242375881
0,A_CN,A0_CN,140,0.1229586020824216,4.208102876319952,True,False,0.00471261124960877,0.005506697683794637,-0.006821547256791072,-0.003812298642333789,-0.008524909891942545,-0.009733547694824929,0.06456924056133562,0.0423794267994545,0.03451901314761996,0.04425256084244489,-0.07956068420276799,-0.18995364503007706,-0.12510641823851454,-0.07855568912303101,0.0010049950797369478,-0.06261120543093843,-0.33763406626898973,-0.07027118795437037,-0.05126397121106452,0.011347234219873936,0.0361994362591755,0.0313698768852162,-0.009559427142599997,-0.022052100469606317,-0.058251536728781805
0,A_CN,A0_CN,141,0.37606573123737574,3.6349467384632845,True,True,0.006186827797633007,0.04591263616122837,0.019160043522963854,0.010291756456816348,0.004104928659183327,-0.029934865606770108,-0.14440948036658308,-0.13013858897536745,-0.11874136470588881,-0.08880649909911875,-0.007137337218078847,-0.0573165769513026,-0.034206245434389104,-0.020252642448989167,-0.013115305230910312,-0.041400101261997516,-0.27530427829357457,-0.133445932325448,-0.12174864380023598,-0.08034854253823853,0.024914089085216196,-0.016909268806147293,-0.050514764787447985,-0.05984429326424234,-0.08475838234945854
0,A_CN,A0_CN,142,0.8508633725527157,4.142463075456653,True,True,0.0035936197015658533,0.013502374479225199,0.004619648173461943,0.0033604824194281013,-0.00023313728213769647,-0.003490376881687497,-0.029138840847207054,-0.04333090498118286,-0.04703844317124661,-0.04354806628955915,-0.0020763533736854467,-0.018320517408190462,-0.015789727383067276,-0.009238015198218874,-0.007161661824533483,-0.006017746404217844,-0.06714432793306191,-0.06638398612998941,-0.06585961066834056,-0.059841864264122746,0.016608622317853206,-0.02329875474951676,-0.05245480167133859,-0.060545633939913746,-0.07715425625776695
0,A_CN,A0_CN,143,0.193823499188023,4.610598956450756,True,True,0.005314506005521379,0.021656860683630486,0.007394966445981921,0.003501450412106255,-0.0018130555934151582,-0.18403746667113735,-0.04989316813402789,-0.02188897777733978,-0.015098843150415542,0.16893862352072175,0.020241104578734105,0.09805012090506832,0.034855262591073966,0.018178775538689407,-0.0020623290400447747,0.013892343283937125,0.13740320984074084,0.10817074712843844,0.06275901466094935,0.04886667137701228,0.06430457326419459,0.018618059981595048,-0.015523099010914532,-0.025115156341039002,-0.08941972960523359
0,A_CN,A0_CN,144,0.7160431917993973,4.465704859721139,True,True,0.0014932117202007475,-0.0018793116561519607,-0.0009339918812690806,0.0006106262007349317,-0.0008825855194658505,-0.002337905161092422,-0.015479073566323859,-0.03597329720145709,-0.04215018700809925,-0.0398122818470068,0.00019349306487623924,-0.0014526351213673405,-0.00204303636337122,-0.0022085753497697036,-0.0024020684146459637,0.0003716961720594547,0.001609288729203684,-0.008032070947392667,-0.01385700546958657,-0.014228701641646024,-0.07592519905908479,-0.1090368074684459,-0.13441138224811933,-0.14070408585886485,-0.06477888679978006
0,A_CN,A0_CN,145,0.23736826409141065,4.156543568954829,True,True,-0.012868006216454203,-0.08228028535552406,-0.02903853326385164,-0.01529804654487521,-0.0024300403284209793,0.06055973091594423,0.11368294372175547,0.04228922688344916,0.027495693670423815,-0.03306403724552043,0.04428037708200906,0.17691062204206187,0.06244413109697211,0.03277127448668671,-0.01150910259532234,-0.26868796953901625,-0.20269107923950125,-0.041621325859039215,-0.041607780709208786,0.22708018882980752,0.011067155458254874,-0.03012858724162759,-0.06229621300446331,-0.07151571505328869,-0.08258287051154356
0,A_CN,A0_CN,146,0.5454826936154373,3.4768053064493762,True,True,-0.0007576491896159401,-0.005176561345344055,-0.002734748800921394,-0.00078206527648228,-2.441608686631902e-05,7.042349999193676e-05,0.00288802769617183,-3.507146767095515e-05,-0.0004175714482461679,-0.00048799494823809075,0.0014018070961554774,0.011370516777528539,0.013201290793281473,0.008932374618579764,0.007530567522424203,-0.001623936217636103,-0.008203667905012424,-0.014268803117326256,-0.017838037570432452,-0.01621410135279633,0.0001983163966056134,-0.03198263817275393,-0.05698878973987698,-0.06447727554921112,-0.06467559194581673
0,A_CN,A0_CN,147,0.3704391909004341,4.671788080985689,True,True,-0.0018235598955038956,-0.023665263743008536,-0.009898894906413047,-0.0028554191953134023,-0.0010318592998094234,-0.08549097952627382,-0.06244623560267226,-0.02110233000921735,-0.012101672239406946,0.07338930728686688,0.036454510177344246,0.08737414143923417,0.09132847287467016,0.07291351015907999,0.03645899998173574,-0.004814878628042647,-0.0485664642690985,-0.009821241861521113,-0.004394264205099474,0.0004206144229431663,0.21762989795971338,0.1119585563259502,0.03496557210196216,0.014856682088911222,-0.20277321587080216
0,A_CN,A0_CN,148,0.6264075767192123,5.296347338439822,True,True,-0.0006291926888141106,-0.0033213621010249605,-0.0011462261313797129,-0.00021082139048278492,0.0004183712983313326,-2.219748360633017e-05,0.01555990101857968,0.05212253812962847,0.06253800380091123,0.06256020128451756,-0.0014178656742506734,-0.009396719342818105,-0.007357142647549941,-0.004426259024510659,-0.0030083933502600413,0.0062248546947816855,0.0676557485207091,0.08690080239391129,0.08134575078911699,0.07512089609433537,0.030572855889529293,0.00598397954463481,-0.017878348441826897,-0.025092978943472843,-0.05566583483300214
0,A_CN,A0_CN,149,0.5583353086048397,5.028985876252555,True,True,0.0010616682114187315,-0.0014386041573662967,-0.0006858093515096364,-0.000415602482739974,-0.0014772706941587055,0.04319099813667929,0.031060663150710432,0.007231717757395839,0.0005192973519749788,-0.04267170078470428,-0.00877330718340541,-0.04007367322812744,-0.01194547792406353,-0.0067187146809445375,0.0020545925024608724,-0.012118304827043229,-0.11020162226405184,-0.04007804829242345,-0.04040011215581307,-0.028281807328769837,-0.0032566216394523673,-0.04024172495871281,-0.06818250473638104,-0.07570204384166529,-0.07244542220221292
0,A_CN,A0_CN,150,0.5569789168707553,4.875197937473638,True,True,0.009113285786309148,0.04514232734317497,0.01503187792325611,0.00803113328080618,-0.0010821525055030312,-0.01819522253340322,-0.060933705964898,-0.04940480488306476,-0.048722409396860566,-0.030527186863457345,0.0073481630080288185,0.06424345408143445,0.0322160701317421,0.018133078743462594,0.01078491573543372,0.005412981487503812,0.04610600176302593,0.01084535046054036,-0.01200565468049386,-0.01741863616799766,-0.001144559323558024,-0.059167754511948153,-0.10826619618262961,-0.12181498652280429,-0.12067042719924628
0,A_CN,A0_CN,151,0.7730271223155396,4.491819195466312,True,True,0.012152037718283111,0.07533717482525953,0.038244238147909004,0.021337326289695757,0.009185288571412653,0.08440498484548059,0.04343991266298475,0.051523286817681035,0.04559992929868495,-0.0388050555467957,-0.031870453014339606,-0.0735016491412549,-0.01843894308339955,-0.009920035381720371,0.02195041763261918,-0.014901815619171498,-0.13082700521038437,-0.028708366712749234,-0.024320424312353928,-0.00941860869318245,0.06998674091841178,0.03207731265488567,0.0033400336681402854,-0.005152566404077463,-0.07513930732248925
0,A_CN,A0_CN,152,0.4861940451458374,3.0539023035561055,True,True,0.010159274301047565,0.04470677260118283,0.015897255299885393,0.007867332164323115,-0.0022919421367244563,-0.095244751562166,-0.08558136132272975,-0.06302036867071237,-0.05946856848440085,0.03577618307776509,0.0025006488665608034,0.019084848541293886,0.006248603889898119,0.004780005917884855,0.0022793570513239825,0.0018214333282055989,0.019749481735058305,0.009930931644757779,-0.006889805414252881,-0.008711238742458494,0.0568150736479268,0.01634057442655598,-0.014471212331419042,-0.022486940852093074,-0.07930201450001986
0,A_CN,A0_CN,153,0.6176138624110845,3.7278698301789785,True,True,0.0017477213091692118,0.006636548399633235,0.001573302109754593,0.0009809547705789123,-0.0007667665385903133,-0.002655245000939249,-0.021584703273706346,-0.03242204459307085,-0.03540685633002383,-0.03275161132908461,-0.0022590324676470194,-0.01515226217622384,-0.015228383319915051,-0.012556870958855826,-0.0102978384912088,-0.0008108232754250114,-0.016733193483107867,-0.03907473024469221,-0.04716426680027497,-0.046353443524849935,-0.0005091061452512369,-0.03521082010619225,-0.06230480480399625,-0.06992850289442987,-0.06941939674917863
0,A_CN,A0_CN,154,0.38640202479736596,3.635285667953678,True,True,-0.0010847990450575037,-0.0047307353073513525,-0.0024126031506027656,-0.0009381126065224343,0.0001466864385351041,0.07835969657886328,0.023688760178603774,0.010185466287808809,0.003402317622355544,-0.07495737895650767,0.007834601702597623,0.028138879825026386,0.011363798475408249,0.005929306173853122,-0.0019052955287445217,-0.07317028554625649,-0.31295713480689574,-0.08156524493687367,-0.07913719174821365,-0.005966906201957167,0.08100018302620082,0.03618923399752583,0.0013982545679657177,-0.008639295125159485,-0.08963947815136031
0,A_CN,A0_CN,155,0.7788256599805061,4.964377572820496,True,True,0.004712707356586618,0.03826865240459221,0.026811842911419137,0.014820415432622469,0.010107708076035893,-0.1657481550797653,-0.03747086328847804,-0.03256812648418694,-0.02834924378378989,0.13739891129597542,0.014127991237897278,0.03932129276708807,0.008899288902922353,0.0041166644254043705,-0.010011326812492838,0.007278704837772494,0.069824560376194,0.051018401637732524,0.022300173270845436,0.015021468433072949,-0.016050573044827154,-0.05930151919394655,-0.09465885312959021,-0.10465588298259554,-0.08860530993776838
0,A_CN,A0_CN,156,0.19851574909529812,4.609419635468128,True,True,0.0031079532514147815,0.012131218198137339,0.003281971338246259,0.0014197124432586694,-0.0016882408081561051,-0.0011212055900013968,-0.013534190005300206,-0.027901532683932473,-0.031318128017880364,-0.03019692242787897,-0.0009605562363274624,-0.009244331889314228,-0.01897243350096589,-0.01728089133099886,-0.016320335094671345,-0.0022850475889260313,-0.022426063286572484,-0.04412632813680878,-0.04892875090333759,-0.04664370331441153,-0.03639475318156105,-0.08229825309594341,-0.11077044662697169,-0.118153484138681,-0.08175873095711994
0,A_CN,A0_CN,157,0.04310143981960446,5.46391415395925,True,True,0.042235241610895174,0.056629521236753355,0.011823533030843492,0.005576618844200465,-0.03665862276669474,0.13058869809711865,0.07860068742742321,0.023212097189859282,0.015235766376602067,-0.11535293172051658,-0.02103607438172421,-0.20690785819431884,-0.36985408539048853,-0.3418515966199862,-0.32081552223826204,0.003926045750832108,0.03515652382625756,0.050253429617113876,0.04859484750658605,0.04466880175575394,0.009150613853551579,-0.03761397882072104,-0.06381306270265769,-0.07009863120747917,-0.07924924506103076
0,A_CN,A0_CN,158,0.37116075546205507,3.307804501825972,True,False,0.012244655180863075,0.06796148278930009,0.025566271227167148,0.013014749634947531,0.0007700944540843802,0.01659799108859515,0.006777791834438829,-0.0032631360246657137,-0.006015396321438549,-0.022613387410033714,0.010437900699626357,0.0545818651439246,0.022307226718301654,0.012348175265938677,0.00191027456631232,0.0015960024309206108,0.015119490622021392,0.005519940672711221,-0.007135047014981466,-0.008731049445902084,-0.0006235233623499495,-0.01760080585167334,-0.04159463387293756,-0.0483122420189285,-0.047688718656578546
0,A_CN,A0_CN,159,0.6668645718433629,3.292827805839801,True,False,0.0403136968568,0.17789061673360523,0.08687303366501864,0.04983076314440382,0.009517066287603848,-0.005686363594235355,-0.029591128528758892,-0.027403635108928848,-0.022545228420326358,-0.016858864826091002,0.03762981301134388,0.04826039907282653,0.011965650402890327,0.005733528787175701,-0.031896284224168125,-0.004563996626004083,-0.043174208547294035,-0.05469170844398785,-0.046015055484999845,-0.04145105885899569,-0.051955528540569895,-0.10065429970774115,-0.1358454426468078,-0.14604117648120196,-0.09408564794063207
0,A_CN,A0_CN,160,0.34261392471984764,4.1842101348917335,True,True,-0.008790463822988134,-0.0511678170386336,-0.01380894612441308,-0.006276598016495827,0.002513865806492266,0.02004400554721189,0.04326924234017626,-0.0027915758935836976,-0.013279573184987514,-0.03332357873219938,0.008918280656038613,0.05737141515576838,0.028333823873728847,0.01569946065109129,0.0067811799950526774,0.015018802293887551,0.13502344661575572,0.10839807605398122,0.0764245396592137,0.06140573736532606,-0.017746490736364362,-0.05304345558467749,-0.07581701067746627,-0.08214289503400185,-0.06439640429763749
0,A_CN,A0_CN,161,0.8286038732246319,4.702580536083602,True,True,0.0010982104424342373,0.008953103565522369,0.004234344748492824,0.0011660612430016704,6.78508005674816e-05,-0.008282452682619908,-0.07231515303130998,-0.08802082922082699,-0.08646290587890204,-0.07818045319628208,0.004165365585590261,0.028512356106841052,0.013920039306670517,0.007904078943040349,0.0037387133574500186,0.6140254518079507,0.05405001664377196,-0.004749903814475709,-0.012603193156899728,-0.6266286449648504,-0.06350861901272375,-0.12338288742197645,-0.16783748345737448,-0.17868990198043921,-0.11518128296771546
0,A_CN,A0_CN,162,0.431534704063,5.472819282492393,True,True,0.00579118640320412,0.014021833177231602,0.0006360523857458222,-0.0014249334135755243,-0.007216119816779609,-0.01224280435697589,-0.027073775213528495,-0.03895735967587688,-0.04260688088421827,-0.03036407652724238,0.11373428927901341,0.04655742613799285,0.009300400879166393,0.004652921596067672,-0.10908136768294574,-0.0039272889635224364,-0.03930694310423627,-0.0413546492144623,-0.03036445041804192,-0.026437161454519464,-0.002387570555129637,-0.028743196057648867,-0.07614483074254344,-0.09230454901005483,-0.08991697845492519
0,A_CN,A0_CN,163,0.7912647327919412,3.8913635158233166,True,True,0.0012034878350819164,0.004376261667464187,0.001121130625052924,3.096601170271551e-05,-0.0011725218233792356,-0.00036880998568588653,-0.004028834031128359,-0.006729907508861821,-0.0053635999440250215,-0.00499478995833913,-0.0011330324516077225,-0.009769820615492975,-0.013428628151402555,-0.01193518128460902,-0.010802148833001235,-0.0010316358781356436,-0.014744361762769831,-0.023704657063476353,-0.025471794858054286,-0.02444015897991869,0.05331760346351408,0.020843555515385526,-0.004388966448623244,-0.011341062651919365,-0.06465866611543344
0,A_CN,A0_CN,164,0.2772010918326633,4.175323579842211,True,True,0.004146083866479418,0.02295867657447659,0.006980495207191351,0.0036755871555389508,-0.0004704967109404601,0.003642047110734698,0.000492691557123337,-0.026326154377200373,-0.03564193227790963,-0.03928397938864431,0.004586225380900616,0.03337742261958959,0.02058157300251995,0.011427247745505298,0.00684102236460471,-0.012492175139300808,-0.10447008080113585,-0.06094519563734091,-0.060247836038421765,-0.04775566089912098,-0.08453911670746768,-0.12320963449172903,-0.15109930470478145,-0.1586912923619635,-0.07415217565449582
0,A_CN,A0_CN,165,0.47368969158305285,3.907851336278042,True,True,0.000335789731447253,0.003031939517837534,0.001004933651080897,0.0010107489081446763,0.000674959176697465,0.006544135057658138,0.0737482527497785,0.1884283034017049,0.2062721571323195,0.19972802207466134,-0.0038674801196314015,-0.022014853507137278,-0.0054618184727748265,-0.003076186484685439,0.0007912936349460109,-0.0008399780390398737,-0.0021594855759318743,0.021570885288208053,0.025236031628855238,0.02607600966789514,0.02266051068009478,0.015611209860538211,0.0021102248395155065,0.0006207160645311793,-0.0220397946155636
0,A_CN,A0_CN,166,0.7799570416862857,5.07886523088033,True,True,-0.020109262063756392,-0.10342263725669382,-0.04668966113648654,-0.02517795351019303,-0.005068691446436624,-0.030323947953299735,-0.06502866543658181,-0.06850434829620855,-0.0672099685063473,-0.03688602055304757,0.16114408911714684,0.12791825007265112,0.05958913009926625,0.03585533853304812,-0.12528875058409872,-0.0125713724494119,-0.1326235359828058,-0.1131913842554646,-0.08694792731943901,-0.07437655487002715,0.03744580878885746,0.047036430657640085,0.013447380173050999,0.0020797765546138602,-0.035366032234243616
0,A_CN,A0_CN,167,0.5551840548337825,4.535609359988596,True,True,-0.0009405512375021963,0.005746020878264091,0.004259309476095763,0.002028160621962982,0.002968711859465234,-0.4907907728187045,-0.28416540654481054,-0.13928977320633829,-0.1209532828828227,0.3698374899358817,0.012203423538133099,0.11900202840738894,0.11138303320752663,0.07523551900272707,0.06303209546459398,0.1798807978003886,0.4764335683865927,0.18452315814254605,0.13935413863857093,-0.040526659161817635,0.0416371838523822,-0.03872049732733224,-0.08923246067776908,-0.10281911783242398,-0.14445630168480617
0,A_CN,A0_CN,168,0.48748538610032244,5.232850882295239,True,True,0.002538292786846783,0.03637023041306239,0.11114343038615349,0.11332125339595411,0.1107829606091073,0.010695752319141993,0.008343221822953106,0.007329920764357012,0.006808163245498489,-0.003887589073643505,-0.012933553701652722,-0.012925766392516747,-0.0029363524869621127,-0.0016902796934472608,0.011243274008205462,0.0015527799258861427,0.014715670418901206,0.01531573388594687,0.008559687996634313,0.007006908070748219,-0.01643336847417831,-0.061627209769604674,-0.09397037385712592,-0.10183819577824638,-0.08540482730406806
0,A_CN,A0_CN,169,0.33308242199081783,5.4536374712714775,True,True,0.0005006163392222984,-0.0034583641411149446,-0.0025263388904973594,-0.0015665091311752866,-0.0020671254703975572,-0.4478147713501948,-0.294216905629659,-0.16524698597976617,-0.14987566435326527,0.29793910699692955,-0.10300959161892234,-0.1382971196652688,-0.02807646884360815,-0.014342628517941103,0.08866696310098121,0.30078245191205333,0.01634777617433336,-0.007566281281747966,-0.007107628451826553,-0.3078900803638799,0.08392744976335548,0.022055664613972126,-0.02409354773449668,-0.036073508495019,-0.12000095825837448
0,A_CN,A0_CN,170,0.656151430239129,4.585970659498832,True,True,-0.01252440733757322,-0.05120426619288454,-0.014362871883273787,-0.0073323928474627875,0.005192014490110419,-0.043017324902935083,-0.09752781383764209,-0.08838690269706628,-0.0782849514119548,-0.03526762650901971,0.16956234901486203,0.22662279372442212,0.09421516927987639,0.054392669350718736,-0.11516967966414327,-0.0018530855758217349,-0.008173245902437842,-0.016748737795465818,-0.015745720889239312,-0.013892635313417556,0.09230766998699091,0.0008613063377949648,-0.05256073130272354,-0.06570122803278816,-0.15800889801977908
0,A_CN,A0_CN,171,0.35741767984412876,3.4978760485390072,True,True,0.007462703932534044,0.06293067531589519,0.056605179167533715,0.036607301019787375,0.029144597087253254,-0.2045848460721471,0.04717207264275802,0.0366959082894992,0.03269719033892149,0.23728203641106865,-0.014085408509437881,-0.11796469209672689,-0.08954870905837409,-0.0515706301041684,-0.037485221594730556,0.009170946282551377,0.09353803062253774,0.07664341783714412,0.05013803156471375,0.04096708528216242,-0.04323827057706908,-0.07090611305412092,-0.09401835229613731,-0.10176683520737312,-0.058528564630304036
0,A_CN,A0_CN,172,0.3180117379933006,3.4703539483933374,True,True,-0.002443324377112241,-0.013865016442264788,-0.0063737550448419444,-0.0031288863052362226,-0.0006855619281240788,0.015782240384660057,0.049694236183811524,0.039818388367661495,0.03489224368692023,0.019110003302260092,0.0005506140981764232,0.0033093057938041737,0.001329320816953583,0.0013588117741605288,0.000808197675984168,0.02355438857318856,0.23106543487804693,0.17448128356707981,0.13642168317554437,0.11286729460235578,0.02793662447263534,-0.00913160569194349,-0.031327624592985326,-0.03520367713564709,-0.06314030160828243
0,A_CN,A0_CN,173,0.8641677410212313,5.327785727463461,True,True,-0.0020129395457853874,0.0022256083751936995,0.002955264217191056,0.0012015647062650903,0.0032145042520503875,-0.04554018999401776,-0.12359651404459981,-0.08862438073403511,-0.07742632251855741,-0.031886132524539645,-0.0007551486285412717,-0.004968836964217294,-0.005676667988861794,-0.002250081609275534,-0.0014949329807342204,-0.0009984546343589779,-0.004410515321949859,0.0003698805287959406,-0.004169568267661239,-0.003171113633302247,0.041069784921952124,-0.009310961658288708,-0.04038798712465297,-0.04701177073390006,-0.08808155565585218
0,A_CN,A0_CN,174,0.3671366277508048,3.3158978995687423,True,True,-0.0012085379846562966,-0.005932739947421939,-0.0024209343120020765,-0.001185757668048737,2.2780316607518003e-05,0.0011037466701876858,0.00620405703948812,0.00705157671782658,0.004589638843443045,0.003485892173255345,0.0016014370344334533,0.014190983866132045,0.0203202447274351,0.015517144570701857,0.013915707536268362,5.151968352850103e-05,0.00536293820592515,0.006203554875365835,0.0024429013203282057,0.00239138163679975,-0.010355872759306217,-0.04296296659646048,-0.06885183334055905,-0.07607136912354417,-0.06571549636423796
0,A_CN,A0_CN,175,0.20555050187080515,5.395368399045903,True,True,0.0031202060966331532,0.018770795182436184,0.006210422663091464,0.003450038471018213,0.0003298323743851084,-0.008580163854764535,-0.05720037927125621,-0.06736585097691872,-0.06315009000816008,-0.05456992615339551,-0.0024973023002605593,-0.010374358489920521,-0.012809183818353165,-0.00857742545607354,-0.0060801231558129665,-0.0013493736966714298,-0.00819993256986401,-0.031992577563006885,-0.04202488588148545,-0.04067551218481402,0.05107100830191613,0.010132106354186599,-0.018318650821002258,-0.025790969570423372,-0.0768619778723395
0,A_CN,A0_CN,176,0.17999026068360158,4.454900648802756,True,True,0.006665597863092124,0.07747264934485645,0.1421928383015919,0.1061527679631542,0.09948717010006214,-0.2752562512957334,-0.06100007323708079,-0.05933741741524534,-0.0500607060907452,0.2251955452049882,-0.047712333723373454,0.03607577366813741,0.012880525199280624,0.006914480442889004,0.05462681416626247,0.007956279097855928,0.07390496490280518,0.014240293998609266,-0.003968765134910401,-0.011925044232766302,0.05499703210486967,0.0053143236159005625,-0.03141274772121516,-0.04202132316370982,-0.09701835526857949
0,A_CN,A0_CN,177,0.6597170045193191,5.014406341935181,True,True,-0.008018774887198536,-0.03619341808823201,-0.01517592534745471,-0.007690559402491304,0.0003282154847072949,-0.011779911009167976,-0.051017956602296244,-0.0444473753140161,-0.03671055782635002,-0.024930646817182045,0.06068761340836486,0.10454356422119437,0.02135029870278804,0.009909089821048433,-0.05077852358731638,-0.0022198364708735374,-0.023584122248466288,-0.024443189522452946,-0.015955327393106566,-0.013735490922233029,0.02633604368352832,-0.06035592718349819,-0.10799635952071351,-0.11925004613274626,-0.14558608981627458
0,A_CN,A0_CN,178,0.5664265438774898,5.020695876236825,True,True,-0.0026012309366451394,-0.006971021637506625,-0.0022298833425192788,-0.0012668256243391074,0.0013344053123061084,-0.0037457085042287164,-0.029511763130331048,-0.04923226603429742,-0.05429940232687197,-0.05055369382264324,-0.001133455361997545,-0.01536571654237534,-0.0212509321620723,-0.014910210376639199,-0.013776755014641706,-0.0005012886160163446,-0.008047151260696717,-0.024467420045148236,-0.033256113348138716,-0.032754824732122434,0.006362191397843608,-0.02947325147591956,-0.056942695634345064,-0.06463986231170366,-0.07100205370954726
0,A_CN,A0_CN,179,0.8470527443856539,4.1252703231259655,True,True,-0.004129645911284667,-0.010068881412020003,-0.0018824721877384043,-0.001217740797668343,0.0029119051136163865,0.001794913051078196,0.015952221542301692,0.02454097853070908,0.024087306065309066,0.02229239301423086,0.0022730133378058015,0.030596429107982548,0.03216535373798868,0.025065013212042797,0.022791999874236968,0.004269521029573748,0.0418878966195283,0.05210244821239285,0.044157503823938016,0.03988798279436423,0.028791611840871423,-0.0022534693465662836,-0.026390072683786847,-0.0337680113579199,-0.06255962319879133
0,A_CN,A0_CN,180,0.5337782491869232,3.9575580308379523,True,True,-0.0018292790561668867,-0.0027113053785329244,0.000786462761410256,0.0003013956524637873,0.0021306747086305977,-0.0036147958585991263,-0.02717341791662381,-0.004707597854921808,-0.0023391432576734816,0.0012756526009256586,-0.001925167024780558,-0.007255019215718417,0.0019236240578570651,0.0011784711457266672,0.0031036381705071836,0.26269306649207225,0.05210688721004142,0.024752960410362013,0.018294911753403365,-0.24439815473866888,0.06979703219725597,0.03170908041331044,0.0043429661610757675,-0.0018609108282335862,-0.07165794302548956
0,A_CN,A0_CN,181,0.5833620024610819,4.278106715268098,True,True,0.014896951905547295,0.07345956809134369,0.029282258140557738,0.01643670584517576,0.0015397539396284632,-0.06443657661350333,-0.04120641031473882,-0.02596058387636635,-0.024640577842327538,0.03979599877117579,0.0027955051768100425,0.02979968567717939,0.04823515242557386,0.03826877651611704,0.035473271339307,-0.02347696337066877,-0.20518890192143718,-0.10113007353206527,-0.0652132393896413,-0.04173627601897245,0.10033508690483042,0.03751471871495149,-0.007980530806393216,-0.0206668235613241,-0.12100191046615452
0,A_CN,A0_CN,182,0.8858722302027886,4.130695550087402,True,True,0.00729577143801774,0.03131060366113991,0.01246627190216587,0.0065721185297712426,-0.0007236529082464971,-0.022520027660043834,-0.12708152934955463,-0.13363464467062036,-0.12448424949658438,-0.10196422183654058,-0.00929244731262701,-0.08627135192776775,-0.06478005149383248,-0.03982641384298735,-0.030533966530360335,-0.010625987467584676,-0.10529904831497128,-0.13407751269905033,-0.1272538293756914,-0.11662784190810671,0.0748092459618781,0.03380176324725892,0.0038849122002803105,-0.004361002895587163,-0.07917024885746526
0,A_CN,A0_CN,183,0.717649264761709,3.2122388251162994,True,True,0.006903485627542373,0.026415504837851045,0.00854171730246589,0.004215083211333348,-0.002688402416208935,-0.007192967241763163,-0.05919352527019592,-0.09274653351073753,-0.09346963687632143,-0.08627666963455827,-0.009730642297267507,-0.09320771864730576,-0.12647425652776623,-0.10028460902442693,-0.09055396672715943,-0.03172283047626076,-0.22976360178298413,-0.15441387077818242,-0.1348450785647235,-0.10312224808846276,0.033209002916862476,0.013662484099748254,-0.013405400752720537,-0.021414325281408103,-0.05462332819827058
0,A_CN,A0_CN,184,0.9979460879762092,3.3778296773350083,True,True,0.0007892879602922967,0.006344691221653598,0.0034804787871201004,0.002125094237230396,0.0013358062769381895,-0.008477674653066692,-0.05445278920092364,-0.06117934681275333,-0.0525486941021861,-0.0440710194491194,-0.005872799417733297,-0.05001510766337225,-0.048798343654891774,-0.032547398851638154,-0.026674599433904933,0.001215075293099343,0.009810547809448067,0.007230556880026384,0.002792806309777407,0.001577731016678019,0.07304997685669101,0.03798109973730185,0.010725914983488016,0.003584505475353106,-0.0694654713813379
0,A_CN,A0_CN,185,0.9125128668465072,4.298147432472035,True,True,-0.002593846396356743,-0.011050261967896324,-0.004817614120503855,-0.0019733966424501093,0.0006204497539066267,0.009438658251116859,0.04232613467095159,0.02200327487537468,0.01414415970891103,0.004705501457794137,0.002792710926811194,0.023575857247560728,0.013564437533218343,0.0074775389834503825,0.004684828056639279,0.012395650048537918,0.08171863009762059,-0.003979505497534563,-0.018179382591419713,-0.030575032639957644,-0.0178991713882527,-0.058092120352616794,-0.08369313622976537,-0.09001484205868482,-0.07211567067043212
0,A_CN,A0_CN,186,0.3487294624030167,4.837808832744422,True,True,0.012636507361884652,0.04558149738113432,0.010342836607975636,0.0038056233422311125,-0.008830884019653595,-0.0023434121559580134,0.11634928550027523,0.08888766287926586,0.0733697898210498,0.07571320197700782,-0.15611386825968265,-0.32527488004907856,-0.13818187505942947,-0.07780909486881393,0.07830477339086872,0.0035451652680247928,0.04479061140214813,0.09517282343437894,0.11071427382909227,0.10716910856106743,0.0006992890758405479,-0.02096264864372077,-0.03918107883106359,-0.04547710421270923,-0.04617639328854978
0,A_CN,A0_CN,187,0.7075595236570356,3.6964782949626827,True,True,0.0005320118235028065,0.005655917504138519,0.002084023915054578,0.002323903637683311,0.0017918918141804907,-0.03299978288102381,-0.13610264470409852,-0.11096746798080559,-0.09266027181096803,-0.059660488929944244,-0.005999101491427197,-0.05718702263583042,-0.0424007813200572,-0.026957135773545526,-0.0209580342821184,-0.004477095886657283,-0.031043824431665146,-0.019759986231919546,-0.014927045684898665,-0.01044994979824132,-0.005754220459791903,-0.04456408433640224,-0.07469543592488226,-0.08294177250240631,-0.0771875520426144
0,A_CN,A0_CN,188,0.12580297099877213,3.994887537392465,True,True,0.0035944623700405465,0.021500113581307767,0.04351597265723661,0.03299916422108096,0.029404701851040382,0.07623899244473809,0.06856210642519522,0.04679376091925236,0.040149690156882634,-0.03608930228785545,-0.11133733197525048,-0.18463605220820173,-0.19834980839407634,-0.1805954254863209,-0.06925809351107037,0.013803472454871124,0.1241447645559699,0.05126782839530031,0.02722642699223099,0.013422954537359866,-0.010311989449076603,-0.07139032120757804,-0.11466007729149807,-0.12228042279091458,-0.11196843334183798
0,A_CN,A0_CN,189,0.7288394259453408,3.504325466830584,True,True,0.013421888156396278,0.056979236402151134,0.018157002440256753,0.009466550583188016,-0.003955337573208206,-0.22032754133378768,-0.03532191427142539,-0.004919101556678629,-0.004887821347544508,0.21543971998624317,-0.02654870704314824,-0.13382923362679444,-0.08016945204876103,-0.04735722997214897,-0.020808522929000817,0.018809913656112953,0.16863391039103098,0.08115451992577816,0.05725181337383323,0.038441899717720274,0.009871490398795207,0.00857095410211467,-0.014052990990647746,-0.0214275501288263,-0.0312990405276215
0,A_CN,A0_CN,190,0.8212559070534017,4.783224075219095,True,True,-0.006080506463462601,-0.02325747885271867,-0.008895960457333207,-0.004073432541077504,0.002007073922385083,0.14730615473082959,0.02611182834231235,-0.003844476231885885,-0.008261167178555073,-0.15556732190938471,0.01564074581834282,0.03292672981444544,0.0035475136815423802,0.0018688158216683126,-0.013771929996674537,-0.013650757599551921,-0.12750975288720223,-0.07083665639229775,-0.061272685234200486,-0.047621927634648564,0.015132522705159978,-0.02033677934314973,-0.054182314184530206,-0.06289895649705315,-0.07803147920221312
0,A_CN,A0_CN,191,0.6337398444526834,3.2254665984319097,True,True,0.004908640177490209,0.026673532592003446,0.00927302639041927,0.0047135502565589515,-0.0001950899209312018,-0.004898386454069183,-0.027892859416803556,1.9638402397381682e-05,0.01628832186410667,0.021186708318175818,-0.0045919693553456015,-0.03998063817508002,-0.026695294491129506,-0.016630893481889952,-0.012038924126544281,0.003113880295175439,0.030789947119542138,0.04066649566499214,0.03530032428151775,0.032186443986342295,0.060783762319592594,0.029097577516778883,0.003738141954938823,-0.0033694002666115885,-0.06415316258620418
0,A_CN,A0_CN,192,0.8973934214571991,3.469622933135967,True,True,0.001712786471380054,0.007652863677046429,0.0015061446912740806,0.0015966744650999232,-0.00011611200628014462,-0.011790377718417098,-0.07859547615520485,-0.0862779335117243,-0.08036597099244303,-0.06857559327402596,-0.003306178494650612,-0.031836314325593806,-0.02459873165531201,-0.015928715097190516,-0.012622536602539869,-0.017523578710451522,-0.15648044856234766,-0.11386797577143348,-0.09984603950710946,-0.08232246079665795,-0.014732912925148778,-0.05429937844699528,-0.08346619619506945,-0.09092137120391963,-0.07618845827877085
0,A_CN,A0_CN,193,0.40507177158331864,3.401049886662313,True,True,-0.006721910150995131,-0.05394366226909214,-0.022732939484059522,-0.01167652493128557,-0.004954614780290356,0.03332504974333941,0.11901311003594084,0.1027992755957095,0.08809068175133233,0.05476563200799289,0.0185194110374699,0.11147859197831855,0.058988566093343575,0.03334592701896555,0.014826515981495647,-0.15406418376266912,-0.13763339813049658,-0.013549704362485149,-0.011826831556490225,0.14223735220617895,-0.0014040561017860734,-0.014239381782879583,-0.03060292690117393,-0.0354638387492876,-0.03405978264750152
0,A_CN,A0_CN,194,0.9257628602516079,4.485989497352964,True,True,0.0015833940933211027,0.012158364593056081,0.0046002508616873605,0.002440202984354989,0.0008568088910339,-0.007805632480715068,-0.05107353838599349,-0.04831389983504708,-0.0451697202338478,-0.037364087753132824,-0.005244895139741697,-0.03469248487755772,-0.017620612350309095,-0.010920622167771898,-0.0056757270280302086,-0.011625334930019993,-0.09664129619276496,-0.08673996637045578,-0.07455217631399969,-0.06292684138397975,0.07747688723018664,0.040223778878983873,0.013102463939892228,0.006846616045652287,-0.07063027118453435
0,A_CN,A0_CN,195,0.4211377899752543,4.926037689985798,True,True,0.002054097271905371,0.00840070410022642,0.0023016330122858086,0.001416303884256398,-0.0006377933876489106,-0.00578459357582024,-0.032401791539870245,-0.03643241927512869,-0.03455826935290657,-0.02877367577708634,-0.005232787088046642,-0.03717641100973784,-0.028875335963501447,-0.018509833185160862,-0.01327704609711422,-0.00948774313748587,-0.0869550895466566,-0.08127513355810334,-0.07236521766268056,-0.06287747452519477,0.07217862063967548,0.036877541450919954,0.008541798315998689,0.0003354706876211033,-0.07184314995205436
0,A_CN,A0_CN,196,0.7603756903359861,3.275810845166003,True,True,-0.0061395849909673325,-0.039355158539413904,-0.01295816276168782,-0.007341906100395534,-0.001202321109428195,-0.001109191199873731,0.03952294305898818,0.06499947461393296,0.06451395714498143,0.06562314834485516,-0.009139304388107873,-0.03941860101654154,-0.014446728937693831,-0.007191021941944764,0.0019482824461630743,0.017867838930027413,0.11834136197458167,0.0211395273320919,0.010881195827599388,-0.006986643102428025,-0.005664464327572172,-0.035556932758443294,-0.04467737713715225,-0.039945347665260256,-0.034280883337688084
0,A_CN,A0_CN,197,0.43192978281732974,3.5193409690741415,True,True,-0.0019408711579229493,-0.006484689381898168,-0.0010854540113607314,-0.0006591510935016753,0.0012817200644212878,0.0006201278134638256,0.005180706740183616,0.010980819468578429,0.010954966220487916,0.010334838407024094,0.001534884231916618,0.01682965180879048,0.03416511428449842,0.03377760125814977,0.03224271702623316,0.0008709327217675117,0.011508180370038146,0.015013775356511383,0.012615897190323466,0.01174496446855594,-0.0011217432804351243,-0.013456562337777813,-0.03557402042193403,-0.042780771925451426,-0.0416590286450163
0,A_CN,A0_CN,198,0.5180189268724262,4.897364061309112,True,True,-0.012918340621883889,-0.10668068822989413,-0.15392110466705977,-0.13136642070520432,-0.11844808008332042,-0.013420279476599739,-0.03031174564831085,-0.0426160062548282,-0.04608810733262836,-0.03266782785602862,0.11644406664418172,0.04459946902910206,0.008801704443590963,0.0044424210983545764,-0.11200164554582714,-0.0013028622685595029,-0.012068458856962672,-0.01464289134335639,-0.014153409620300206,-0.012850547351740738,-0.003302634272457273,-0.03594376051939942,-0.08552192658262459,-0.10060459371074992,-0.09730195943829265
0,A_CN,A0_CN,199,0.9444573433128547,4.21436387611283,True,True,-0.005776558163959444,-0.013610295324799682,-0.004156239577343901,-0.001961417802063936,0.0038151403618954527,0.01244992019443146,0.07235596555678242,0.06437666390885466,0.05507063588094763,0.04262071568651615,-0.00011126682763160783,0.011590900880380284,0.00886825408501446,0.0031866270432030497,0.0032978938708345673,-0.11627864960887287,-0.03943699518598909,-0.028003497861343707,-0.030635362980404035,0.08564328662846876,0.09164574970453254,0.05491804531889333,0.027526873089774695,0.019988217304524658,-0.07165753240000788
0,A_CN,A0_CN,200,0.010381178803823277,4.808918398351942,True,True,-0.0018028126660719762,-0.022389216146296687,-0.011363216945645793,-0.0056422913799232255,-0.003839478713851263,-0.07682682077090092,-0.08555396522867076,-0.09838452386306895,-0.09028255654516482,-0.0134557357742639,0.10465398057533679,0.1421156278079856,0.03187334041190659,0.015649723421906736,-0.08900425715342997,0.004427185139790839,0.05002341162742502,0.05670837448010568,0.04043765918045816,0.03601047404066737,-0.0022809729697342075,-0.026384308963883954,-0.0661847526061726,-0.07847885299791549,-0.07619788002818129
0,A_CN,A0_CN,201,0.33999196505827944,3.3655214187199802,True,True,0.005457893870123402,0.022112780198509818,0.007048835190385905,0.003565556292799088,-0.0018923375773243212,-0.012543219243043385,-0.08068184572414772,-0.10547267976037145,-0.10205494031765167,-0.08951172107460831,-0.009358337048122025,-0.07734139117792971,-0.08672736872727282,-0.06219353081962553,-0.052835193771503475,-0.011749481072236508,-0.0963256971623554,-0.08569344418810942,-0.08062531262595152,-0.06887583155371502,-0.015677972782502797,-0.06309884566670057,-0.09772380278577718,-0.10679626851879839,-0.09111829573629561
0,A_CN,A0_CN,202,0.618731199748149,3.1266548886629177,False,False,0.003214639989657486,0.012160394604944114,0.004817311229341703,0.0026724331916604394,-0.0005422067979971024,0.011265652890361189,0.028034772669159547,0.023155455537291147,0.017501464262784983,0.006235811372423794,-0.016440871609260603,-0.05916891412392988,-0.014374089085686603,-0.008210025952957722,0.008230845656302832,-0.0011457209986619685,0.001964787320797301,0.008546752801297464,0.01812604579446997,0.019271766793131917,0.05054594010631359,0.013647641892190587,-0.017763462433691035,-0.026349316306676085,-0.07689525641298967
0,A_CN,A0_CN,203,0.04894998555244223,5.209507527663118,True,True,0.034024730900102676,0.19621270078362774,0.14900884104712675,0.09968464491530982,0.0656599140152071,0.00026439419109125506,-0.009563582047262265,-0.013352257376811782,-0.010528213410805343,-0.010792607601896598,0.09222415117777572,0.04406676594795156,0.008607195431936998,0.004370645491382108,-0.08785350568639361,-0.004459995060898281,-0.03910698057221085,-0.048149126469576364,-0.033270888282158184,-0.028810893221259848,0.10285324447735866,0.033668392057424,-0.015855687964696608,-0.028390889285636267,-0.13124413376299493
0,A_CN,A0_CN,204,0.23364549857422556,3.199589555719802,True,True,0.03273379548683702,0.12386850752201567,0.05576811941614679,0.030342041857204904,-0.002391753629632176,0.017850053816341527,0.015691337208402767,0.011110932969187415,0.009375385973851569,-0.008474667842489958,-0.007506506266912679,-0.06420968923960257,-0.10693352502788156,-0.10260745550585637,-0.09510094923894363,-0.02222406890929038,-0.2032119401730107,-0.1126667148710323,-0.06800675659000988,-0.04578268768071947,0.09625587877214709,0.053236501356040966,0.022099978540636167,0.013795672607033294,-0.08246020616511379
0,A_CN,A0_CN,205,0.46211738622832266,3.5499160997162997,True,True,-0.0001743250118004594,0.0024283844884686046,0.0005112284890435026,0.0004279743718993423,0.0006022993836997115,0.002323201328010489,0.014529745244258901,0.016978987442914706,0.012233934643832767,0.009910733315822262,0.0021652525478193553,0.020623094506246498,0.02010645831852076,0.012127393696094946,0.009962141148275538,0.000290367934289229,0.00045845859357579455,-0.006158047145554013,-0.01303204034130323,-0.013322408275592501,0.013146320830718872,-0.019985767698745993,-0.04606412343742938,-0.05294451213233636,-0.06609083296305523
0,A_CN,A0_CN,206,0.03759885953229125,4.428969443483135,True,True,0.004632581911599459,0.017453883778116297,0.004857534782044648,0.0026001105975144156,-0.002032471314085016,0.006115583744062927,0.029820074163506405,0.01326416561782251,0.007124528992301982,0.0010089452482390238,0.0009700359259541061,0.01138503441859956,0.006750530676197908,0.0033414008220795655,0.0023713648961254385,-0.0389664222575408,-0.24647658209283385,-0.08642342911868783,-0.07221018902349641,-0.03324376676595564,0.07561460439331891,0.03124582003224885,0.006562665379929444,0.0032910057714549135,-0.072323598621864
0,A_CN,A0_CN,207,0.642549017290503,3.9075365945793705,True,True,-0.004481366943086464,-0.017194451238212394,-0.0039489946097716055,-0.0026515352634992606,0.0018298316795871683,0.0034283061542345304,0.028084166241992198,0.04672232263815912,0.04800542409309627,0.044577117938861766,0.0019470716128400269,0.02222190156611198,0.023685386749913828,0.015118857376502759,0.013171785763662736,0.006048981491011407,0.05627785219303588,0.06986095602023779,0.05748323628375773,0.051434254792746326,-0.022167145549538247,-0.05072905155378388,-0.07452525542949495,-0.08112560923368972,-0.058958463684151474
0,A_CN,A0_CN,208,0.9826600808540102,3.6113227407743738,True,True,0.005416099014034198,0.03130292543145252,0.011734612328864191,0.006681466071091768,0.0012653670570575981,-0.003426620827302204,0.011250882513486493,0.032252859388210764,0.03447806648964136,0.03790468731694363,-0.005901567331699754,-0.029755434123035385,-0.010873865106937997,-0.006194213927002257,-0.0002926465953024815,-0.0014744914996606684,-0.012890869641280056,-0.0007134272446301937,-0.00214626578235777,-0.0006717742826970463,0.020649805490230988,-0.009672320324014105,-0.0352137096149997,-0.04259249229010453,-0.06324229778033552
0,A_CN,A0_CN,209,0.951983246507091,3.9853559714721825,True,True,-0.003948302320217527,-0.013457335503201495,-0.002560961122941907,-0.0012637462669551347,0.0026845560532624546,0.012122334848002077,0.10928243156138456,0.18278447802070452,0.19288990886197743,0.18076757401397536,0.00566605993632039,0.04760810721729092,0.03360851035007817,0.02062301986370818,0.01495695992738777,0.28960684944845627,0.5402341298121176,0.2689124033372855,0.21835386313879213,-0.07125298630966415,-0.08132414761401885,-0.07663572883623804,-0.04320055156829117,-0.029080178310422422,0.05224396930359643
0,A_CN,A0_CN,210,0.8559177477892531,3.697407498008748,True,True,0.0394637597135135,0.13920893194533313,0.03966410601449655,0.019785319207776153,-0.019678440505737305,0.1851782635062319,0.38973569496628463,0.2291665563590286,0.18850441393831963,0.0033261504320877266,-0.029775049783921842,-0.2847073797123213,-0.25196865255470835,-0.1536548369288102,-0.12387978714488845,-0.127602344866165,-0.32822513241504764,-0.08862137197270592,-0.0759909368280135,0.05161140803815145,-0.11269480809873156,-0.10873017367712745,-0.11617972555536571,-0.12081198864270226,-0.008117180543970703
0,A_CN,A0_CN,211,0.8762784702449767,5.083625327329146,True,True,0.005289899306868351,0.03441844198666011,0.01092775359308007,0.005448094557697569,0.00015819525082916286,-0.1513487483583862,-0.01042995588900053,0.005653405406018552,0.0034937893192109604,0.1548425376775971,-0.022772744378910185,-0.13091527453780344,-0.0477610400638796,-0.02444701357601442,-0.0016742691971042278,0.012644905280420247,0.12696477345540308,0.09866372699926884,0.06275813221718529,0.05011322693676512,-0.04255759736017162,-0.07871718433388653,-0.10927062210798266,-0.11859286847666362,-0.076035271116492
0,A_CN,A0_CN,212,0.06877566680295066,3.655035607163022,True,True,0.007881202518775415,0.06172521693684985,0.025426840143654483,0.01432545587846712,0.006444253359691676,-0.06139179778503344,-0.19400313220091409,-0.10445231691004409,-0.0783569427965477,-0.01696514501151425,-0.01598336622949271,-0.06465586866644701,-0.022869971898981656,-0.011765943311427995,0.004217422918064706,0.5367397038581547,0.047431810069847424,-0.02046277912021588,-0.027463958340850025,-0.5642036621990048,-0.007241274755689503,-0.06574167996474795,-0.10894152429088483,-0.12090343291543548,-0.11366215815974598
0,A_CN,A0_CN,213,0.9197927570697183,4.772808841799597,True,True,0.010557585564837609,0.06375530735959661,0.0234886779660054,0.01227367448752037,0.0017160889226827125,0.03606400923377344,0.04127094419733068,0.03568226260553342,0.03366386501378804,-0.0024001442199854672,0.006461029083338579,0.022235795033444417,0.0068071871313984955,0.004391641300111715,-0.0020693877832268504,-0.02290245786529596,-0.07997741570628825,-0.006745578448517198,-0.009093442991659262,0.013809014873636727,-0.04266369813847326,-0.07971235224893525,-0.09511721309408716,-0.09249403944803547,-0.04983034130956221
0,A_CN,A0_CN,214,0.8587745038765736,4.935089614003514,True,True,-0.003361260826704321,-0.012489175716534628,-0.003579549083003286,-0.002208461040787313,0.0011527997859169803,0.01988205003725623,0.14847425871522552,0.11394752346567061,0.09170252312235594,0.07182047308509976,-0.0007571500075190946,-0.002452982975776341,0.0016823939022184708,0.001331521281641601,0.002088671289160682,-0.2777340672890831,-0.042293173814705765,-0.015820648551279737,-0.015572863071756204,0.2621612042173269,-0.01106951448058302,-0.019457680970979885,-0.009209211902339143,-0.0052682439791224,0.00580127050146062
0,A_CN,A0_CN,215,0.8320409762141527,4.367329793751566,True,True,-0.013749053065196762,-0.041225277407615946,-0.01098647316836221,-0.006244703141472185,0.007504349923724618,0.012342701173823023,-0.023266577755671425,-0.016628687124542907,-0.009103063300240799,-0.021445764474063822,0.05692125439339783,0.10718916007210522,0.02820834635498104,0.014919436765221339,-0.04200181762817645,0.004257704722192314,0.02972784895996633,0.0593624096178782,0.06629812851700734,0.062040423794815,0.03317698020559373,-0.015976406613712135,-0.050777508913444125,-0.06054578068079042,-0.09372276088638415
0,A_CN,A0_CN,216,0.43350714853619643,5.386970897655797,True,True,-0.012480785839627091,-0.12450605387685701,-0.23354353708856257,-0.24740197041814516,-0.23492118457851807,0.004643719454418771,-0.0008216821508104655,-0.00034701065639830553,-0.00023290547670251627,-0.004876624931121287,0.026245123065365306,0.001405477256015475,-0.0004819317688899982,-0.0003343326582222472,-0.026579455723587553,-0.002733045963491429,-0.021026133618239018,-0.01384071167093015,-0.0072394196018724655,-0.004506373638381023,0.10157294450846588,0.041584258192950196,0.009017392575409455,0.0041150546844769265,-0.09745788982398895
0,A_CN,A0_CN,217,0.03044290567698682,3.259460581596646,True,True,-0.0037023816577251636,-0.022513835509916647,-0.007100933164045253,-0.0030606759518361226,0.0006417057058890618,0.01801900335594353,0.06770419472749312,0.05349346315412418,0.04327672255861881,0.025257719202675277,0.0035696332476995996,0.03361720875561658,0.02325948466751515,0.014306311868538146,0.010736678620838602,0.010351152515284984,0.09388871775715463,0.05780595237435082,0.03761053763947553,0.02725938512419057,-0.06335861328314857,-0.09444166940035559,-0.1174216629478721,-0.12394145448451022,-0.06058284120136165
0,A_CN,A0_CN,218,0.21529203127259977,3.7467681456311417,True,True,0.006456849162421292,0.022882116342989534,0.007583881890779187,0.004031859622976919,-0.0024249895394443666,0.001337589234931203,0.007705940878636713,0.011302644764320136,0.012081456722770612,0.010743867487839454,-0.0009084412195289465,-0.0070277853739837415,-0.0028088584993331,-0.0014317922623842128,-0.0005233510428552801,-0.00855862707033539,-0.0900838435537506,-0.08492973142514537,-0.07409237980492323,-0.06553375273458784,0.00029496406456797075,-0.03687350302996406,-0.06435647481167994,-0.07222337649395061,-0.07251834055851858
0,A_CN,A0_CN,219,0.8903801112287726,3.3437770165685543,True,True,0.002151159698119097,0.010248398657257463,0.003617980032498802,0.0011358099072800165,-0.0010153497908391707,-0.0016620927705187603,-0.012699381520712427,-0.02104291583653839,-0.021522598386881864,-0.0198605056163631,-0.0014436935917244674,-0.011965871764181457,-0.014832724520611018,-0.00851085651434269,-0.00706716292261822,-0.0036410415599073473,-0.03232908663961215,-0.026793259692636684,-0.023362742840715933,-0.019721701280808634,-0.010154351780633397,-0.04373867867144565,-0.07068418685070033,-0.07811311340958993,-0.06795876162895653
0,A_CN,A0_CN,220,0.7665430099309306,4.53055890603841,True,True,0.004559748147040903,0.03676557100852462,0.042659709360860165,0.027206509895585484,0.02264676174854463,0.02752343790630929,0.01907987545037515,0.005083472302638836,0.0025218024558711916,-0.025001635450438098,-0.06426903066836245,-0.12198286087548893,-0.16035072856716637,-0.15160708181039895,-0.08733805114203641,0.0042262986034328,0.03976834251991962,0.04308360485993956,0.026745645759348236,0.022519347155915526,0.044005865608225725,-0.008418075816838622,-0.04310717414265164,-0.051730438619655095,-0.09573630422788082
0,A_CN,A0_CN,221,0.16388244102067184,3.7757712730396062,True,True,0.015622646206009325,0.03521905395652092,0.009386424530750559,0.005062716114892507,-0.010559930091116887,-0.026373563373981557,-0.01796981596349778,0.00905342445220203,0.011158370451730959,0.037531933825712516,-0.030799950575181145,-0.00762823770733434,0.012552694469999182,0.007775008835017583,0.03857495941019873,0.003492541817852468,0.045267763329979505,0.07483372489208462,0.07380767850670333,0.07031513668885092,0.030252303148615906,-0.0015311825800542467,-0.04275786008127275,-0.054668637553475175,-0.08492094070209105
0,A_CN,A0_CN,222,0.7614185247768683,3.8848808741456153,True,True,0.0019876597418151537,-0.007969391249756819,-0.004845847141968562,-0.001874669017848607,-0.0038623287596637468,-0.0030184259639645106,-0.023582079749232543,-0.02114245550572369,-0.016206578379539982,-0.013188152415575471,-0.019739574101976465,-0.0453158404085271,-0.08639440077114247,-0.09206292099074265,-0.0723233468887663,-0.0008584953531951683,0.0042818304243872896,-0.00854597982102645,-0.01425835237559292,-0.013399857022397765,-0.019820585212117103,-0.08496755541684642,-0.12986218096717028,-0.14137010776567482,-0.12154952255355772
0,A_CN,A0_CN,223,0.5920258452346946,4.187238999821156,True,True,0.0009631060406606051,0.0007758501329722112,-0.0018213663174185823,-0.0007185917085010818,-0.0016816977491617147,-0.0032910686411751905,-0.03637936491945859,-0.07586722437078852,-0.07746492111507952,-0.07417385247390429,0.0034241504632673905,0.021819775452485757,0.010531542947152417,0.006114637701673864,0.0026904872384064804,-0.07781248688990738,-0.2302347502667349,-0.08164777522073252,-0.07494422626007002,0.0028682606298373603,0.030493653407377086,-0.009148287079343675,-0.04227531465353307,-0.050975081359287744,-0.08146873476666483
0,A_CN,A0_CN,224,0.17769611787178052,3.594920717969063,True,True,0.0006774284356881252,-0.006148334031323199,-0.001578582082647495,-0.0004553757261595015,-0.0011328041618475782,-0.010144493235530523,-0.06146186964903133,-0.0652889772601426,-0.06437204593398826,-0.05422755269845769,-0.001737982642977788,-0.011466515919631382,-0.007141737811522719,-0.0031096467496078972,-0.0013716641066301438,0.0028743021282506137,0.024306964795816732,0.012041665788828482,-0.002359228603411312,-0.005233530731661884,0.04383858832955567,0.010847017296879091,-0.003579392784689217,-0.003768284250711962,-0.047606872580267634
0,A_CN,A0_CN,225,0.49105489836909644,3.5136755588509647,True,True,0.0012195158396635097,0.00043268372144478207,0.002018845655591517,0.0008434057281813123,-0.0003761101114821974,0.02446323576661251,0.11945644833133745,0.12203256106834387,0.11068036706030093,0.08621713129368841,0.006869659481955767,0.07787665935714083,0.07170415420667542,0.04822020923447656,0.04135054975252084,0.0034094021899676377,0.03524350974078472,0.043172101645776784,0.03408897219562268,0.03067957000565502,0.013688217055951815,-0.01222313387977933,-0.031067287051444903,-0.03686020728836231,-0.05054842434431411
0,A_CN,A0_CN,226,0.25721841848192206,3.9741132633794742,True,True,-0.00827967139721144,-0.07223854400830593,-0.018870026180551114,-0.006354027972532594,0.0019256434246788245,-0.13755715056515438,-0.09931425587584153,-0.10022679102230736,-0.09917645663476515,0.03838069393038923,0.11033781625547245,0.19972677470075106,0.08946813404817922,0.05334796577241707,-0.05698985048305538,0.02828169880780293,0.17753171214253183,0.03523749941245502,0.020234881069498112,-0.008046817738304735,0.0015744815307239726,0.0002188299467208235,-0.029229073851638532,-0.04151510107572334,-0.043089582606447296
0,A_CN,A0_CN,227,0.22825230263704088,4.521933482115841,True,True,0.0017993897917050333,0.00327104292232272,8.925676454840659e-05,-0.0002628422672102948,-0.0020622320589153142,-0.006215316865269802,-0.03490966233958842,-0.02773577189333687,-0.02223453168691636,-0.016019214821646477,-0.0031045860162758065,-0.022158672421425052,-0.011911999393405703,-0.006019910853306776,-0.0029153248370309415,-0.002054680863980911,-0.02235876814065646,-0.026477961332527333,-0.031757532625341534,-0.02970285176136067,0.07773667582384458,0.03955374851122917,0.012765871340595814,0.007255278123270981,-0.0704813977005736
0,A_CN,A0_CN,228,0.07062441515222051,4.287727335121461,True,True,-0.011567373200623924,-0.14685694887666015,-0.1841963418048178,-0.11978773123792819,-0.10822035803730423,-0.05803953894969516,-0.10907567429574605,-0.11323599398064665,-0.10606697816468702,-0.04802743921499186,0.35399301918083304,0.3040795958359903,0.12293128983270563,0.07248269975829602,-0.281510319422537,0.009625936063857136,0.09637750069048412,0.033595483831397877,0.017475002368555592,0.007849066304698504,0.18943464748377034,0.08495688046135147,0.01550189598118712,-0.002065380245189208,-0.19150002772895952
0,A_CN,A0_CN,229,0.3626936680899042,4.498011232933023,True,True,-0.01267056287380331,-0.03851319638216,-0.009072355697584134,-0.004359795348372719,0.008310767525430585,-0.0013447086365038496,-0.044184832725073675,-0.057195939188618095,-0.05661840527351436,-0.05527369663701054,0.00424426485363048,0.04210503410896982,0.02828202922809908,0.014295087204233003,0.010050822350602506,-0.003041532649135051,-0.019716574953269728,-0.06464689284138392,-0.07854726306851634,-0.07550573041938125,0.020628421634213856,-0.045138884661082845,-0.08898553332296799,-0.09903728494410402,-0.11966570657831788
0,A_CN,A0_CN,230,0.23223940552676958,5.278024796999896,True,True,0.003610375273271779,0.03655458029578251,0.017435699684004713,0.010193937278968113,0.0065835620056963196,-0.29877055878877057,-0.1263389618558758,-0.07326578430015263,-0.06618766843292734,0.23258289035584323,-0.003784676912898806,0.043022057444527695,0.051854515708259274,0.030394526637749553,0.034179203550648296,0.0018808964842869716,0.010051872573009213,0.029170668910342257,0.009541961991810899,0.00766106550752399,0.06017167337946461,0.017122752542861996,0.0027888679658988336,0.001383389054495976,-0.05878828432496863
0,A_CN,A0_CN,231,0.635412597568986,3.3862413760462102,True,True,-0.00019638573293659367,-0.002256496602974556,1.1689464285202789e-05,-3.2015053469169885e-05,0.00016437067946750705,-0.0034625991486737263,-0.03154512998241776,-0.050852841792653314,-0.05337945488016488,-0.04991685573149118,-0.0033128570807574864,-0.02822634477604158,-0.037837320080559844,-0.029456365094830517,-0.026143508014072947,0.0018247425084560454,0.013538124103557814,0.009349256629552938,0.0012907939321165074,-0.0005339485763395935,0.039334779890265265,0.004226399036761308,-0.022432719674946644,-0.030161673593704974,-0.06949645348397025
0,A_CN,A0_CN,232,0.1672226080315321,4.3587712781520995,True,True,0.05891424922037886,0.14356824210358954,0.05816731574093781,0.03293910802057576,-0.025975141199803042,-0.03086356560118031,-0.08055522439950003,-0.07538142119963864,-0.0685467303110524,-0.0376831647098721,0.20515408439719135,0.19457281521888514,0.08144003660471533,0.04667127575711727,-0.15848280864007414,-0.005485835076740685,-0.0463168440318969,-0.079925388150061,-0.07713657321564216,-0.07165073813890155,0.014522816585533393,-0.0578011324068593,-0.11288971022109934,-0.12673552352802803,-0.1412583401135614
0,A_CN,A0_CN,233,0.2178590050434881,5.208786033563011,True,True,0.049709479248114107,0.14375520044709306,0.046614395983385015,0.024654907936176973,-0.025054571311937113,0.049590601820783564,0.09977360217852382,0.07941899113638884,0.06054060214342838,0.010950000322644815,-0.1713643419586213,-0.2607190094430004,-0.1198492286334748,-0.07061695210861396,0.10074738985000731,0.01169684675200866,0.10666135561307438,0.11007418113320899,0.07754388562891823,0.06584703887690957,0.031259152821637715,0.011662418443941114,-0.008691544207817259,-0.015612168807441096,-0.04687132162907881
0,A_CN,A0_CN,234,0.9849219155394515,4.994101957876766,True,True,0.00382873432723483,0.015370929148120438,0.0037490662258512497,0.0012635699512395515,-0.002565164375995299,-0.005303446454522919,-0.04521395762588301,-0.06867768272498248,-0.07016146756290703,-0.06485802110838412,-0.004216069809035609,-0.03473826584618561,-0.037362087148265055,-0.025358175897997492,-0.021142106088961943,-0.0165720571594145,-0.15263685945472782,-0.12819162054272104,-0.11425615814799739,-0.09768410098858282,-0.0018875798466090332,-0.041418832646730463,-0.07038759613223589,-0.07778724581437191,-0.07589966596776287
0,A_CN,A0_CN,235,0.7869305473412042,5.461849916172026,True,True,-0.001371896160733882,-0.01112760173408256,-0.0061557924322062085,-0.0025167861578988537,-0.0011448899971648885,0.01359689351544659,0.12442855677731357,0.1626190482129276,0.14943881560568018,0.1358419220902336,0.006207000956223993,0.022585082568485126,0.011639012249997971,0.007473681832910306,0.0012666808766863547,-0.5208175841438258,-0.014764759536178729,-0.017779019033496546,-0.016960014723478856,0.5038575694203469,0.02444189033001122,-0.012083251141174978,-0.04409134601625958,-0.052542627536381004,-0.07698451786639221
0,A_CN,A0_CN,236,0.9450071695373876,3.0849641088378927,True,True,-0.004334616886170414,-0.012165011748651922,-0.0026343231563734637,-0.0011481701247190168,0.0031864467614514114,0.00998238413416442,0.08418170257156307,0.13771093473029877,0.14652253048307468,0.13654014634891032,0.005223545681117232,0.04726227146797657,0.04876663211381138,0.033644511411764055,0.028420965730646786,0.023779108855947112,0.2027174208446072,0.15200741384599914,0.1262396538439986,0.10246054498805157,-0.028726754305086755,-0.04424859060553432,-0.06220758738858134,-0.06778735807541131,-0.03906060377032455
0,A_CN,A0_CN,237,0.31906940066108536,3.176440890784738,True,True,0.0008242466775204085,0.0006526277211064135,0.0008635559951846172,0.0002599887229183251,-0.000564257954602021,0.0005103165791436604,0.0071027633271217305,0.008416352070424127,0.007717392147439828,0.00720707556829614,0.0006900471985100895,0.005424727297836163,0.004348019773234957,0.002638427469755289,0.0019483802712452203,-0.0013628793066155429,-0.008512568163817402,-0.007760872095162741,-0.0064873562585606726,-0.005124476951945178,0.04170335906536482,0.014052164965743685,0.0011907039258635121,0.00014765293214502595,-0.041555706133219794
0,A_CN,A0_CN,238,0.1407308089713878,4.120410329726625,True,True,0.0073353263965131865,0.0410862089574871,0.0232145552732691,0.013358878719542111,0.00602355232302898,0.02946967758824759,0.00241887598639956,-0.017958158487198284,-0.02145657525692979,-0.05092625284517738,0.047055935085716094,-0.02896180082096389,-0.09544475091499038,-0.10250461813245726,-0.14956055321817335,-0.0005814732571460188,-0.01005460420817722,-0.011858439946848987,-0.006101837698079593,-0.005520364440933623,-0.010971572238778572,-0.0779673591677191,-0.12867476184200283,-0.13988439374322809,-0.12891282150444952
0,A_CN,A0_CN,239,0.9101999215062567,4.719895199364218,True,True,-0.0002941615825383867,-0.01364677285816307,-0.007023924941442883,-0.00392262603221194,-0.003628464449673574,0.07160964257881236,0.11928374638415501,0.09081755276032494,0.07620508221150357,0.004595439632691267,0.021966570760412828,0.08994424799901518,0.03756003748143277,0.01941905039485492,-0.0025475203655579426,-0.1224402786528359,-0.21619899919080615,-0.03814001797819,-0.03471930989267202,0.08772096876016389,0.005824166574163417,-0.013438700512438811,-0.03986595842528193,-0.047539613916694895,-0.0533637804908583
0,A_CN,A0_CN,240,0.24001597138102138,4.06074886219851,True,True,-0.010169329933128211,-0.09314085266792671,-0.05457236284952227,-0.031650149655482296,-0.02148081972235405,0.0951599921477686,0.03361950292989069,0.008394962570391407,0.004550746655705984,-0.09060924549206262,-0.03387099229892039,-0.14757849032456388,-0.26312406363524243,-0.3061751516513342,-0.27230415935241375,-0.015456493526117776,-0.15065708184522442,-0.0723789956873323,-0.050755120838749,-0.035298627312631226,-0.013213666241374149,-0.09960814946548643,-0.15849979276594667,-0.16736595108542968,-0.15415228484405552
0,A_CN,A0_CN,241,0.2551149732468575,4.835598940977801,True,True,-0.0012935621760624683,-0.009863553565274352,-0.0009381979935517704,-0.0007998803575337554,0.0004936818185287128,0.007835225410965336,0.05578665046612341,0.08142377466997391,0.07988847157095802,0.0720532461599927,0.0056326192401928744,0.05568293229898641,0.05796854217712444,0.04045732721660367,0.034824707976410796,0.003489784963188757,0.032482136789761806,0.049974753088107504,0.04731671293239659,0.04382692796920784,0.005155763946242203,-0.02276876878303552,-0.04518511227189259,-0.05211029617152346,-0.057266060117765666
0,A_CN,A0_CN,242,0.18360135326549332,5.093984992102357,True,True,-0.007150024207935986,-0.04288813909804856,-0.015689251672833415,-0.008629977341086725,-0.0014799531331507465,-0.04537884282523392,-0.08554787367535172,-0.030307144044196987,-0.02102752750409187,0.024351315321142097,-0.003170962135359938,-0.010158659721892727,-0.002964235982620078,-0.0019208908201312491,0.0012500713152286957,0.036691021258188364,0.16095708754621785,0.023766826768784166,0.011552367302315125,-0.025138653955873225,-0.0173790682490762,-0.057468437861668775,-0.07906714005015913,-0.08060563867154613,-0.06322657042246993
0,A_CN,A0_CN,243,0.4002196449630462,5.433252772679337,True,True,0.0016315508826246425,0.006797473102906348,0.0028455409226343376,0.001185393000263657,-0.00044615788236090914,-0.011050949380543431,-0.0713050896280977,-0.0782223254995974,-0.07202001619693166,-0.060969066816388195,-0.005779224463161196,-0.04798779839743439,-0.03946770719380999,-0.025036410745346793,-0.019257186282185645,-0.0031121066552790254,-0.023140146560456376,-0.04376915887214461,-0.05157632198604534,-0.04846421533076628,0.08188438528290692,0.042072526206891614,0.012968846590888872,0.0048959658977396625,-0.07698841938516726
0,A_CN,A0_CN,244,0.24017107880062605,4.5731322117461755,True,True,0.002514964732323176,0.005728311785913376,0.002855731729594746,0.0017459206599123034,-0.0007690440724108516,0.12060147304369906,0.13143685872554595,0.07998396916168449,0.0632657406747601,-0.05733573236893896,0.004256850914459154,0.03394087088460712,0.019169074975049938,0.009839656677763209,0.005582805763304055,-0.037789517070059814,-0.222669848230709,-0.03414903819851045,-0.030310473590447584,0.007479043479612257,0.006895276690397467,-0.0272301927252786,-0.0537293627361366,-0.06063181761170933,-0.0675270943021068
0,A_CN,A0_CN,245,0.62314274040989,4.311420977830551,True,True,0.006169003850163016,0.0431253846725258,0.02173732677385687,0.011270669294677793,0.005101665444514736,-0.12015345668834057,-0.05091729071028117,-0.03256720002240776,-0.028874582840574647,0.0912788738477659,0.008447796634876895,0.044737135455996724,0.01870772501701945,0.009333732381082371,0.0008859357462055462,0.015304361692206614,0.1324842545621282,0.00546575642641367,-0.011040582515458919,-0.026344944207665533,0.06045293136975827,0.021633660868832005,0.004170220784382117,0.0021379033142240322,-0.058315028055534235
0,A_CN,A0_CN,246,0.5453152306830288,5.376007274936052,True,True,0.00510383828103067,0.03691570262005833,0.016967279855881867,0.009640440582340482,0.004536602301309811,0.035625780151670866,0.12343231969630919,0.09663877306846069,0.0763144364989422,0.04068865634727137,-0.006854827466203521,-0.07314453465066001,-0.03257661676455237,-0.014913108149661847,-0.008058280683458374,-0.17428377049074367,-0.07411529784272919,-0.004639348194621418,-0.0028766402957023374,0.17140713019504128,-0.015846056937435682,-0.034096977116536364,-0.06352641778846668,-0.07212756195429004,-0.05628150501685436
0,A_CN,A0_CN,247,0.6453005493173739,5.022657288807091,True,True,0.0051332399180038235,0.031495656201098954,0.012008095695957621,0.00684063956909442,0.0017073996510905687,0.00834697278943651,0.005592063610511122,-0.009743104396544855,-0.014782753074936483,-0.023129725864373007,4.427799262381876e-05,0.00301034676802292,0.0012627305007938405,0.0011310568359301776,0.0010867788433063241,-0.032120276584495164,-0.13131564900548398,-0.046629184905319976,-0.04659014565658204,-0.014469869072086916,0.02196018660647167,-0.021057469058249983,-0.052916365130562054,-0.06178087217095801,-0.08374105877742966
0,A_CN,A0_CN,248,0.25449678296238665,4.896953025205361,True,True,0.003103889725542694,0.036299024230223687,0.0742930275718875,0.06122050237440424,0.058116612648861476,-0.019087592730984038,-0.04229766109639577,-0.053235328909191915,-0.05122064568997797,-0.032133052958993935,0.1509494168717767,0.09924106123674892,0.02615920495123092,0.013845877281846164,-0.1371035395899305,-0.0065918074208071165,-0.07773517922287254,-0.004768790035488357,-0.0008548809579314032,0.005736926462875713,0.12517675644336906,0.06571077555188798,0.02174653039415564,0.00944679841119267,-0.1157299580321764
0,A_CN,A0_CN,249,0.9736289788025612,3.975981886210831,True,True,-0.0013471892674818894,-0.004041399920074795,-0.0012697370240852823,-0.0007560812993544497,0.0005911079681274467,0.0018495682026107158,0.014354361241931762,0.0190439994427547,0.019277436094099598,0.017427867891488924,0.0004024894408731425,0.0033889973038045973,0.004369458354706812,0.0019572827604376064,0.0015547933195644292,-0.00234822118538891,-0.015527908001287227,-0.0009989798714228337,0.00038609067053974044,0.0027343118559286506,0.005678185500517047,-0.025789115172691168,-0.05158479489249118,-0.058945148913850554,-0.0646233344143676
0,A_CN,A0_CN,250,0.8936890718966022,5.302363132078474,True,True,0.011826185606288758,0.04522236394968204,0.019600151296652157,0.01038760276657924,-0.0014385828397095457,-0.042333974935328755,0.0020102452761914247,0.005150143375022842,0.00479972748667834,0.047133702422007095,-0.03844979528986042,-0.05053223542657703,-0.01996041444536023,-0.01073818900344059,0.027711606286419888,0.0019487546372688458,0.011533541161522443,0.04107888771967261,0.0532516297922534,0.05130287515498455,0.058162979684126925,0.01128081966930139,-0.022818203715586516,-0.032095723925522346,-0.09025870360964927
0,A_CN,A0_CN,251,0.12788564153925397,4.273127792835905,True,False,0.008746311308574454,0.05316104632808044,0.05325142840362096,0.039507187190246484,0.03076087588167198,-0.03473957994936694,-0.03241877893365319,-0.04234728716115621,-0.04405649852920246,-0.00931691857983552,0.06578668336070345,0.04002808325939011,-0.0023289283307073028,-0.003798248808812521,-0.069584932169516,0.00862130826986568,0.07638078635286982,0.036758093329864905,0.022193258398127025,0.01357195012826129,-0.003661220881610961,-0.040640297921455265,-0.0898791233990508,-0.10412577736160117,-0.10046455647999022
0,A_CN,A0_CN,252,0.9290661705399043,4.504134001863937,True,True,0.004849526866459036,0.02296298710442457,0.009337541675491168,0.004200065139957632,-0.0006494617265014879,0.018400898858784293,0.0654640608630252,0.038686090626998904,0.03583465690826415,0.017433758049479775,0.019022768906475133,0.0834677024021947,0.027618781613086285,0.014003901669246366,-0.005018867237228775,0.006757007101627924,0.06041892186150333,0.038250617970010725,0.02314766899004761,0.016390661888419755,0.0899346719857741,0.04855895348336303,0.027722301354930257,0.02337098015938155,-0.06656369182639255
0,A_CN,A0_CN,253,0.1371787327354691,3.743662565900187,True,True,0.0006652427772287639,0.0038720197723035032,0.0017564978848610968,0.0007953588412368262,0.00013011606400803455,0.0050109123911835085,0.08877934036566604,0.1183398636984826,0.12112004118616537,0.11610912879498192,-0.0011992326892628358,-0.005751834228636399,-0.002175136991343307,-0.0011942929704624738,4.93971880033417e-06,0.03915768907998762,0.2554098154294739,0.10940461705499749,0.08979243114074908,0.05063474206076146,0.0025524990968116557,-0.02164245214910132,-0.03317132528044153,-0.035847858247539,-0.038400357344350655
0,A_CN,A0_CN,254,0.9784514162605529,5.240600499351199,True,True,-0.006288307718062901,-0.02498489585634267,-0.0075570981501752454,-0.0033219158062802734,0.0029663919117826065,-0.01610584680295167,-0.10267012750100424,-0.06684371840017733,-0.058798015038002194,-0.04269216823505051,0.0007637668353319971,0.015571418266385861,0.005185158281403313,0.0026617373925793553,0.001897970557247386,0.08599966855820679,-0.00552311653720694,-0.028303212815617873,-0.030812549830112723,-0.11681221838831946,-3.642665990644112e-05,-0.05165710569344062,-0.08911011879394015,-0.10027322142987094,-0.1002367947699645
0,A_CN,A0_CN,255,0.3314057116536865,4.71800577383821,True,True,0.00022405467283974356,0.004996584090317668,-5.167352167279038e-05,0.00012903240260986326,-9.502227022983867e-05,-0.006289989308378128,-0.0484876371733608,-0.0635410197847815,-0.06194017936230445,-0.055650190053926296,-0.002554655797873777,-0.027312345113456538,-0.02469523984242794,-0.016095884406573724,-0.013541228608699996,-0.0049102266646895015,-0.042028616667400154,-0.05276767023826934,-0.05102583746736089,-0.04611561080267146,0.061619943913662434,0.027259097210950434,0.001087814607173443,-0.006009295771045808,-0.06762923968470824
0,A_CN,A0_CN,256,0.9607085487388569,5.177979642882198,True,True,-0.0033890878280272013,-0.014035935096984697,-0.0033257346212823835,-0.0010895352912683176,0.002299552536758953,-0.002234939747726955,-0.029196971876083055,-0.02582440125426977,-0.025169858553846014,-0.022934918806118976,-0.0036838117664021244,-0.015528607134284167,-0.0021587309946444755,-0.00015501272098539243,0.0035287990454168083,-0.012189893200198573,-0.027019889986370282,-0.03383656204032759,-0.03870146115365902,-0.026511567953460546,0.07519315830514745,0.03429278443024253,0.006113083343768588,-0.0008351050794181969,-0.07602826338456564
0,A_CN,A0_CN,257,0.2554306479318962,4.624384694472944,True,True,-0.016365446124473146,-0.08921191452160365,-0.04119079497357103,-0.022920743421312784,-0.006555297296839568,-0.019078212219191815,-0.03429012172856427,-0.027677922448192893,-0.01979825922727152,-0.000720047008079705,0.0657873549828275,0.05089303048606342,0.012865851480913348,0.006478884428237963,-0.05930847055458954,-0.001715022104030496,-0.018547951522180084,-0.02173483595569803,-0.015796951362405998,-0.01408192925837548,0.0170094934114855,-0.03204003428928692,-0.039777155334429604,-0.03301360001004294,-0.05002309342152844
0,A_CN,A0_CN,258,0.12495872850711731,5.42192770078271,True,True,0.002926935553149653,0.038894275601598305,0.0610410287440305,0.04110367564492312,0.03817674009177352,-0.36246166680902314,-0.03492200905330611,0.013853865825655176,0.01603527508002378,0.3784969418890469,-0.19590245374963527,-0.1401170890277984,-0.02468291568157066,-0.012315944580591598,0.18358650916904362,0.04349151024622473,0.4006811763699404,0.17467734166406634,0.11879010311204186,0.0752985928658172,-0.08206591452279699,-0.1134050482950717,-0.14571792829689112,-0.15508490740825642,-0.07301899288545943
0,A_CN,A0_CN,259,0.7149508326300178,4.507524367545391,True,True,0.0015513347846055764,0.0030263499562146468,0.003219193416433952,0.0014744173196955535,-7.691746491000906e-05,-0.0037531237366365683,-0.028618808934102374,-0.04640098329596526,-0.048851874201884526,-0.045098750465247917,0.0007277528983371528,-0.00034631907525695116,-0.0029416354989550975,-0.002618459719840094,-0.0033462126181772467,-0.001890957445737397,-0.011615536190298148,-0.016819695566415493,-0.020509730812165228,-0.01861877336642781,0.062099929528499076,0.02954297298577724,0.008846477521594398,0.00495358053162176,-0.057146348996877316
0,A_CN,A0_CN,260,0.006211301151140991,5.098434781324956,True,True,-0.017659066757696486,-0.16854965829480256,-0.1859260430634775,-0.12947015024091157,-0.11181108348321511,0.004138061271142579,-0.024217621018314373,-0.03711284365479506,-0.03690180967414247,-0.04103987094528505,0.08686822900363744,0.03600539102843692,0.006586839103721043,0.0034449801357828713,-0.08342324886785457,0.002983706298846346,0.03374600412049977,0.03044728930467011,0.01805047646995306,0.015066770171106691,-0.028268397181932886,-0.15454950804733267,-0.23956910998947414,-0.2569848857660012,-0.22871648858406834
0,A_CN,A0_CN,261,0.7869047209332262,3.0240521567295264,True,True,-0.006045283308046205,-0.024893096470604448,-0.006110539978085194,-0.0026553300225591325,0.0033899532854870795,0.01199233390846531,0.045273474748418696,0.02303507183355158,0.016930451428837423,0.004938117520372209,0.0031602261795740313,0.01798028707033472,0.008925792291961332,0.00579296418891484,0.0026327380093408292,-0.07561088261204807,-0.06836596501533365,-0.01281552904447969,-0.012803359043732199,0.06280752356831587,-0.007279296651071743,-0.03355056748332208,-0.05297312375656815,-0.0590990618249736,-0.051819765173901855
0,A_CN,A0_CN,262,0.21511609043835223,3.0669739681067942,True,True,0.002904558567421986,0.00420545008535711,0.0009594922260135474,0.0016158641081414071,-0.0012886944592804817,-0.11910235968158722,-0.031023137308887838,-0.0029306903403027995,0.0014458938267157828,0.120548253508303,-0.027858672605463847,0.00036708408027541495,0.007056815783665793,0.004232026184647131,0.03209069879011095,0.013767355850790863,0.12406318536732447,0.17379337411281637,0.1428657042406537,0.12909834838986278,-0.014022537296668025,-0.05579516249039784,-0.08872022670371649,-0.09817415929502193,-0.08415162199835391
0,A_CN,A0_CN,263,0.5169281785686575,4.4352906080638945,True,True,-0.0025448964984160494,-0.005116342372028959,0.001119842669253024,0.0008016460232234124,0.0033465425216394618,0.028169301061700167,0.007049692767958082,-0.018976156083557072,-0.02467939741460934,-0.052848698476309575,0.0030926436937427776,0.018338141471805514,0.004494916539054983,0.004047240633570315,0.0009545969398275789,-0.02045824788353333,-0.1386719416187383,-0.04395950495100032,-0.04578956920309696,-0.025331321319563616,-0.009986456473499938,-0.048924729358078345,-0.06796158872836744,-0.06731138265139658,-0.05732492617789664
0,A_CN,A0_CN,264,0.8185276921940615,5.386160879578448,True,True,0.03433786010069471,0.08393122746812187,0.02022034381895077,0.010637021568117744,-0.023700838532576984,0.024647340241823634,0.20740722808247491,0.1226445385006002,0.09330526468848122,0.06865792444665753,-0.10045294710460667,-0.4174210054629141,-0.20400807304617097,-0.10741999328588836,-0.006967046181281744,-0.020535201188790826,-0.16031102203743497,-0.0050142645101508565,-0.0009539506402063136,0.019581250548584506,-0.08031083160828023,-0.07267080396573661,-0.06393541482239251,-0.06843119391914698,0.011879637689133249
0,A_CN,A0_CN,265,0.9247556544529547,4.5982388605378866,True,True,-0.0007380740248495096,-0.0056565479396889495,-0.0007629578166784556,-0.0011070785051704446,-0.00036900448032084476,0.08339552684333937,0.0354137216010299,-0.0023715301510877085,-0.011269993034726422,-0.09466551987806582,0.0032803233335731985,0.032015412013651545,0.013797731851188821,0.006805888067028976,0.003525564733455777,-0.02592183746979214,-0.20506832968108152,-0.06201214520331855,-0.05421397774301817,-0.02829214027322602,-0.036849824034582535,-0.07338771222596396,-0.101627496467395,-0.10891389533131679,-0.07206407129673426
0,A_CN,A0_CN,266,0.9023857110460874,4.842986262958407,True,True,0.016036401654857382,0.020073746739904585,0.00240843580157335,0.0015282028204305353,-0.014508198834426889,-0.01407670484739637,-0.06125223413696024,-0.07128108482717355,-0.06187310173535765,-0.04779639688796128,0.10113009463497717,0.1226594901621908,0.024651859687934485,0.011437490745012546,-0.08969260388996458,0.0006911436435388385,0.007585523017053286,0.013904236826553285,0.01426441081500851,0.013573267171469672,0.024211960913466002,-0.027196022879947823,-0.0599119102298411,-0.0687150053540525,-0.09292696626751851
0,A_CN,A0_CN,267,0.11681081735722298,3.3081580714231604,True,True,0.023055000376656552,0.10954290618758084,0.037351315178805744,0.020282215101808054,-0.002772785274848477,0.16637561611004303,0.22929955291007198,0.15482758137031427,0.13437803578332608,-0.03199758032671696,-0.035392206934679246,-0.24943470488207706,-0.13376122380191213,-0.07299951191256493,-0.03760730497788567,-0.06329387028218189,-0.30735497102681836,-0.06829068198498267,-0.053544856534274654,0.009749013747907265,-0.007432967258664908,-0.002792626871162107,-0.01917589057981589,-0.025078213845932396,-0.017645246587267488
0,A_CN,A0_CN,268,0.20896335374019015,4.799445836747315,True,True,0.007179480640112777,0.082689148700895,0.1275039238936364,0.105357024006691,0.09817754336657813,0.020263377049755782,0.021883442005303344,0.008995030980682661,0.005721630635335706,-0.014541746414420076,-0.03317560361261046,-0.07393784896709132,-0.046318215063463675,-0.03072683915821761,0.0024487644543927933,0.006923693764571921,0.071610867357565,0.07256834365916742,0.04634263526352411,0.0394189414989522,-0.014249545313598955,-0.07003694555106244,-0.10268851384568822,-0.11144309758062387,-0.09719355226702492
0,A_CN,A0_CN,269,0.3171991366123924,4.646942346531885,True,True,0.003455059948254756,0.0225422567263987,0.02220551855234998,0.014156732373692527,0.010701672425437736,0.011003272253322982,0.008449248016366373,0.0023338534474639516,0.001165573137775322,-0.00983769911554766,-0.020450546394831237,-0.0546838096242136,-0.06298811345983524,-0.049635757587610296,-0.02918521119277906,-0.0005973936959459275,-0.006222322507430711,-0.004922836177655543,-0.002902798846639798,-0.0023054051506938844,0.0881217838960845,0.027453221086644608,-0.013035733964240626,-0.02318386393013505,-0.11130564782621954
0,A_CN,A0_CN,270,0.3713896578735093,4.7378361577455905,True,True,-0.004355569983263183,-0.035012062829894275,-0.01427725903974153,-0.007471935868545776,-0.003116365885282635,-0.11116554105315596,-0.018970092001036554,-0.008122576741758536,-0.013658985529825807,0.09750655552333015,-0.08984147247672876,-0.163270238073857,-0.04839566256703631,-0.025285203570539427,0.06455626890618926,-0.004258318744265507,-0.0246001282190908,0.0023487108702043846,-0.006411830902042004,-0.0021535121577765937,0.056890631824290744,0.031638516436888,0.0022754208682072286,-0.005713185483249755,-0.0626038173075405
0,A_CN,A0_CN,271,0.6251393170469292,5.413344859130801,True,True,-0.0078044170900014795,-0.08190953164328743,-0.07118858525710514,-0.04161638377700183,-0.03381196668700037,-0.02361891003427674,-0.03359219499206556,-0.021243957057525242,-0.013843758226986913,0.009775151807289828,0.025767838421815736,0.029240691222302773,0.007397310361843323,0.0036446334171378325,-0.022123205004677904,0.0028800382036370392,0.03750119556282394,0.0398024074321669,0.023818356996670453,0.020938318793033428,0.09551821496321822,0.03946728232280261,0.009068758434546131,0.004620725804614478,-0.09089748915860374
0,A_CN,A0_CN,272,0.056370025778447186,3.8310761995781193,True,True,0.0014254227623113,0.0011235104715811017,0.0006649864134431471,-0.0003422921885020136,-0.0017677149508132928,0.02321232618767301,0.12761773763512246,0.11800104326705452,0.10386060187217849,0.0806482756845055,0.0016666268101827794,0.021586877000874194,0.02074366334332678,0.014316938077889807,0.012650311267706993,0.003687600874229001,0.03914132338566639,0.019414547224862355,0.005395412048227355,0.0017078111739983193,0.03916137978542533,0.011251997101644706,-0.010304710912621196,-0.0163871686758168,-0.05554854846124213
0,A_CN,A0_CN,273,0.4938136538053216,3.0474379875086206,True,True,0.0006343381141209192,0.0012953105537449883,-0.0007035667814651037,-0.0012124309608210204,-0.0018467690749419674,0.007457529018075249,0.04476522214253381,0.03959012520439498,0.029254013817763214,0.021796484799687932,0.007312781314422763,0.06417919839488057,0.05835155541127668,0.03670781824712133,0.029395036932698515,0.002353655256894599,0.024643094102844376,0.01766070063673042,0.004763739769183206,0.002410084512288635,-0.07597230270718158,-0.10762237687692411,-0.1331058570946122,-0.14053437436824429,-0.0645620716610627
0,A_CN,A0_CN,274,0.8240922412732562,4.628590617820292,True,True,-0.008498516817130784,-0.06886879352574127,-0.03068788107279885,-0.016803224457419663,-0.0083047076402889,0.09727705787518122,0.3381178525649677,0.23415891236266761,0.20272771588570115,0.10545065801052,0.03901177977242525,0.09796056664310021,0.015100766859409753,0.0069282657293231464,-0.03208351404310206,-0.20130595536645335,0.009429867936003089,0.002599868432569763,0.0013508207744759027,0.20265677614092925,-0.050814009255743135,-0.12657639033676477,-0.15390970753962724,-0.15871372123103544,-0.1078997119752923
0,A_CN,A0_CN,275,0.06411987493787608,3.522340509977334,True,True,-0.004004422454740454,-0.019929924893259898,-0.005457236860574199,-0.002128319957053315,0.0018761024976871044,0.0005060467416915307,0.018929889850627102,0.03250549223845256,0.028853648279723254,0.02834760153803173,-0.0025557156783136137,-0.018590897509788873,-0.011588090830259579,-0.0069238013099581774,-0.0043680856316445915,0.03596632127402222,0.0940657317553224,0.0036610612882717053,-0.006568708830208991,-0.04253503010423121,-0.08064998501473142,-0.11578662977259768,-0.13869879170277843,-0.1443094869930701,-0.0636595019783387
0,A_CN,A0_CN,276,0.6431237444161805,3.7930654453737724,True,True,-0.00378424005334603,-0.03621157919955342,-0.028042687876195793,-0.018197772474502272,-0.014413532421156172,-0.05446621317978162,-0.05846214237542835,-0.04619156378123668,-0.039550097561896314,0.014916115617885306,0.060414025285933676,0.08107351827851617,0.04132939394479018,0.025300980237692783,-0.035113045048240865,0.0042054862834943335,0.05033836075680809,0.0788310816367026,0.07218054289406939,0.06797505661057501,0.07786321998175133,0.025694559712121867,-0.012628228542738817,-0.023518237718149648,-0.10138145769990098
0,A_CN,A0_CN,277,0.2589382668930226,4.679258326767659,True,True,0.014296854395685309,0.07996115853573477,0.026648113760214254,0.01468093218866895,0.0003840777929835504,0.0014008136372657548,0.11716189110402803,0.1600362762042561,0.1491848112367875,0.14778399759952177,-0.010658076482110312,-0.0880919192115841,-0.05052925274558717,-0.029013173597496666,-0.01835509711538641,-0.10868291119024351,0.017455879235776184,0.0018207999216439674,-0.0006865406341789448,0.10799637055606459,0.003163857478377441,-0.026601427967409552,-0.06198543175717364,-0.07215657318307944,-0.07532043066145688
0,A_CN,A0_CN,278,0.35703595660802,4.580168738881886,True,True,-0.008306219720862533,-0.0748472502444249,-0.04353772842549153,-0.02394732906714936,-0.01564110934628682,-0.14767708574444327,-0.015085805512009665,-0.02306267222043501,-0.026577998442501416,0.12109908730194191,-0.10026035531794131,0.016569462041846283,0.003957151008105786,0.001972213508988019,0.10223256882692933,-0.015137075700189795,-0.02849785335115318,-0.0022728873154806983,-0.006131076469488406,0.009005999230701334,-0.022480563887865183,-0.09237816133050566,-0.13567957613037718,-0.1459903650021938,-0.12350980111432865
0,A_CN,A0_CN,279,0.028855809173727542,4.8628975742274525,True,True,-0.00648881697843973,-0.05585852398859592,-0.009400602457588447,0.00027645595412384427,0.006765272932563571,-0.22013977640446208,-0.036628089439530775,-0.06394171279420913,-0.0716825052015283,0.14845727120293378,-0.049761189448933596,0.05539544619189396,0.00996964518437149,0.004921167142007299,0.054682356590940895,0.014297301120266372,0.14201973292102138,0.1571735012931793,0.11304089636401238,0.09874359524374599,-0.0060795344815134204,-0.04770318378322473,-0.08919136649389518,-0.10029586297718136,-0.09421632849566795
0,A_CN,A0_CN,280,0.7493549302437614,3.543199594225216,True,True,0.0010513107342981637,-0.020033189618375635,-0.030159316523517887,-0.018103350614584124,-0.01915466134888233,0.2403056970578816,0.11802954977329028,0.0908115737912546,0.08756639346760875,-0.15273930359027288,0.11798569222039926,0.12426593158159704,0.022995871511523047,0.011768634632082109,-0.10621705758831712,-0.18032592604116895,-0.3674877802125039,-0.06885102065280668,-0.04518386169475297,0.13514206434641596,0.017794331107065194,0.03548059385793115,0.01930861209020271,0.01254191408779018,-0.0052524170192750075
0,A_CN,A0_CN,281,0.8158346641444948,4.792946286919322,True,True,-0.041887330496602156,-0.3215562191217072,-0.2560312002056019,-0.16795573350384962,-0.12606840300724753,-0.03006118846480388,-0.07797763766470944,-0.10287710569257102,-0.10307484264500077,-0.0730136541801969,0.27135547355460504,0.14522814705521314,0.030321697891673716,0.015440150775370753,-0.25591532277923434,-0.012791847176009855,-0.12249736928830712,-0.08949826767355107,-0.058645887960180554,-0.04585404078417077,0.05092880340113492,-0.008209068755607424,-0.07285038675462557,-0.08826245884879624,-0.13919126224993117
0,A_CN,A0_CN,282,0.5382188001999875,5.1497352815811785,True,True,0.004853493888250508,0.03125143579933454,0.022116486962819426,0.012669883954985917,0.007816390066735401,-0.0058427606486898265,-0.018537041141996613,-0.02583962784370919,-0.02441313741708928,-0.018570376768399455,0.06723960322260447,0.028055853584711965,0.0047958344189018565,0.002335047021978953,-0.06490455620062552,-0.0020186152269015406,-0.023087397338813043,-0.025924596454970805,-0.020249255655408582,-0.018230640428507083,0.05587441745336974,-0.007528975864196985,-0.05158896568854787,-0.06369682194283477,-0.11957123939620451
0,A_CN,A0_CN,283,0.4703556589639527,3.9529059900839942,True,True,-0.001467403394223979,-0.021490460575573578,-0.008741358212591477,-0.004437383881018664,-0.0029699804867947543,-0.054362574359025306,0.056406002844334946,0.01871137133239742,0.013318309506478943,0.06768088386550425,-0.011045186921588845,-0.11197837966527213,-0.22324233410900862,-0.19641983299223065,-0.1853746460706418,-0.0016772134550886858,-0.006350073881735141,-0.004973726112944998,-0.006935062688578242,-0.005257849233489598,-0.039627048339448356,-0.08455945078065308,-0.11072584435243815,-0.11758820457893038,-0.07796115623948202
0,A_CN,A0_CN,284,0.8864799770742293,4.595081797165625,True,True,0.00021538372244879478,-0.0013494766794873714,1.677400469224377e-05,0.0006790489850359016,0.0004636652625871207,-0.023323568381503897,-0.1651397993355751,-0.1944476129818451,-0.1860079054655438,-0.16268433708403984,-0.0030285871583114674,-0.036373332681656545,-0.034106649302639624,-0.0216746362849336,-0.018646049126622155,-0.042956049114152385,-0.3339066025454304,-0.21918851905159176,-0.19321991397756189,-0.15026386486340948,0.03156459862553007,-0.018042339682284636,-0.05523010234806103,-0.06444651732748097,-0.09601111595301104
0,A_CN,A0_CN,285,0.42000216433212234,4.515802628211036,True,True,0.008482784799509133,0.04096872748433339,0.013678930098113606,0.0071862064550750615,-0.001296578344434085,0.013533848870852794,-0.032837626389157215,-0.038528740869925526,-0.041377273910142565,-0.0549111227809953,-0.003733456272427549,-0.006126923914356097,-0.0014731802153480356,-0.0006124700538374661,0.0031209862185900272,-0.00905032833792685,-0.09645073891562794,-0.055729770935719514,-0.058961486931596974,-0.049911158593670124,-0.022900348787752933,-0.05975438296190283,-0.06804730671912806,-0.06255450358654624,-0.039654154798793306
0,A_CN,A0_CN,286,0.024645604612260952,3.3366304316984587,False,True,0.0028947875974851475,0.01232856825145745,0.005302588680746401,0.0024221203116869816,-0.0004726672857980896,0.04871039798654608,0.02388885654832229,-0.0025827516762140235,-0.005309890083684432,-0.054020288070230515,0.05387343962830371,-0.022953513937880365,-0.08599312367162004,-0.07945286974497201,-0.13332630937327572,0.0014096349671121333,0.01971250760772325,0.02473965306666659,0.01467537836663968,0.013265743399527574,-0.06532158035210095,-0.1292885807801213,-0.16187065938981626,-0.1698214471136546,-0.10449986676155368
0,A_CN,A0_CN,287,0.7238560477258663,4.810173426969821,True,True,0.0025952879863183204,0.004653873692492705,0.001159892833288545,0.0006457948730741458,-0.0019494931132442161,-0.002240142129528881,-0.02049828988572891,-0.037077591516497976,-0.04071674475262388,-0.03847660262309499,-0.0003010376989399516,-0.00772182447382086,-0.007982680505927875,-0.006113326561739574,-0.005812288862799608,-0.004868346930684206,-0.04950825123309238,-0.07405307342684486,-0.07215441027908831,-0.06728606334840415,0.09353284769813053,0.05961044709564145,0.03454713454581482,0.02735248534217949,-0.06618036235595104
0,A_CN,A0_CN,288,0.41823381958274997,4.323188725332508,True,True,-0.00023933499445982082,0.012258026222468521,0.009457982247848218,0.004931713899938517,0.005171048894398345,-0.10415350889107927,-0.12902586176384273,-0.1036900330501151,-0.09396913615518565,0.010184372735893621,0.0020940526946561094,0.005448449877720363,-0.00318663952347209,-0.003078669641308207,-0.00517272233596433,0.03500582843144917,0.2598713251780453,0.11555684654337439,0.07983768513732437,0.044831856705875195,0.07718184034786359,0.039451573891815944,0.008881838358933691,0.0008558786704847554,-0.07632596167737885
0,A_CN,A0_CN,289,0.7020687317133386,5.408947762019954,True,True,0.00840369387035583,0.09294411482755599,0.06458154559344187,0.03757949052623455,0.02917579665587866,-0.4664603548920242,-0.1425772553139083,-0.1010428151025724,-0.08116772160829033,0.38529263328373387,-0.012088526480071346,0.01801780162416522,0.0071713924726356515,0.003878985897245668,0.015967512377316972,0.010088555239405467,0.049201874609499985,0.008482639352098142,0.004311998759856883,-0.005776556479548667,0.08265640805692986,0.02719356483123736,-0.0074698524496649155,-0.014486716125372778,-0.09714312418230264
0,A_CN,A0_CN,290,0.765294809774064,4.403635594754376,True,True,-0.0082268100540272,-0.0328763792849579,-0.010266975081812846,-0.00559144221301533,0.0026353678410119263,0.005471132773993984,0.016539205189744555,0.0068383849617591475,0.002950889703525972,-0.0025202430704679424,0.0003773894359063723,0.015132408859785784,0.011146430436744237,0.006779434892890124,0.0064020454569837515,-0.04422668547909299,-0.048465527447383305,-0.040840620825712715,-0.043494098204200915,0.0007325872748920048,-0.0030099151661881623,-0.04461975020473424,-0.07953382312848364,-0.08932489063233703,-0.08631497546614889
0,A_CN,A0_CN,291,0.13103526317215386,4.744235816705594,True,True,0.01102421972122919,0.07512110650176329,0.06772897338710626,0.04416713993636756,0.033142920215138316,-0.005466292186965371,-0.02061663304886796,-0.029242160992003163,-0.03174738960745782,-0.02628109742049245,0.07150911461569726,0.0263340785462296,0.0007567791650013866,-0.0005936518481788333,-0.07210276646387603,-0.0019389359407030668,-0.01873483676048926,-0.018226759570386886,-0.01231780854805442,-0.010378872607351375,0.02173770214295373,-0.01021086655015166,-0.05167521788939508,-0.06280804618792366,-0.08454574833087738
0,A_CN,A0_CN,292,0.5180437556217914,4.948790665127429,True,True,0.0020687461030075155,0.016061957836151497,0.009783833311420742,0.0058535532901002885,0.0037848071870927313,0.10357817776616074,0.08844876830431514,0.04679501607887637,0.03538305159114585,-0.06819512617501489,-0.0832236773964378,-0.20732814324324406,-0.20474284727800696,-0.1636429976781938,-0.08041932028175591,0.0006395813222741659,-0.005826893801339494,-0.0025224694642015377,0.0026403585342095193,0.0020007772119352563,-0.05383880052971231,-0.11458429060188591,-0.14044301513539093,-0.14668134207436412,-0.0928425415446518
0,A_CN,A0_CN,293,0.09452261282188834,4.99750278740956,True,True,0.009752691739732595,0.061880281647919644,0.04171795000014766,0.02587178954984004,0.016119097810107452,-0.18947042693237826,0.039956882512712455,0.057499868156565714,0.05105403504315109,0.24052446197552935,-0.12142607128991055,-0.20376728174557313,-0.05663067590449189,-0.0290598261713092,0.09236624511860136,0.01556844879626601,0.1285450338853606,0.1760876367356815,0.13879629746607391,0.12322784866980785,0.013212858995633736,-0.016606195294123993,-0.043846922028130675,-0.05170962257426581,-0.06492248156989955
0,A_CN,A0_CN,294,0.9300551365689423,3.098542904823726,True,True,0.14951125583830555,0.1913014001785741,0.044507768429495664,0.02221334622111215,-0.12729790961719345,0.25600584372508034,0.19733133089985622,0.08906706718936219,0.07044111960722521,-0.18556472411785513,-0.05755181469962237,-0.4349857173954861,-0.5830916851018393,-0.5320079851664654,-0.4744561704668431,-0.0025435369954444134,-0.03221818172393831,-0.04980146871777846,-0.04971967417536627,-0.04717613717992186,-0.11078703329654183,-0.13189900216987255,-0.14303364003724828,-0.14607341315356637,-0.03528637985702454
0,A_CN,A0_CN,295,0.6146546447133027,5.179918457647899,True,True,0.09695159999291143,0.1406494024629974,0.034994089088916325,0.017341483699867988,-0.07961011629304349,0.031802230049030156,0.010488508088280835,0.0020080846224230786,0.0010103953683985312,-0.030791834680631625,-0.010565469671563688,-0.05648583513678346,-0.1159210809365302,-0.13309140823331256,-0.12252593856174887,-0.001462242590101026,-0.025223253404410895,-0.035084588663537475,-0.025813586278878642,-0.02435134368877767,-0.0035659985929649887,-0.03996338611914251,-0.09702915710502172,-0.113234149663511,-0.109668151070546
0,A_CN,A0_CN,296,0.9816526153430727,5.358499058776159,True,True,-0.001665331051568228,-0.020547475439908314,-0.006650518887936552,-0.004660220848934138,-0.0029948897973658406,0.1146076366937998,0.1759018379320716,0.07048157648019593,0.04648844427013055,-0.06811919242366915,-0.005536560050146688,-0.020168181947599118,-0.002936392219668793,-0.001985461214130013,0.003551098836016675,-0.21871864432826307,-0.36508571862353756,-0.049879396212846094,-0.03978305217515277,0.1789355921531104,0.0900881491397515,0.04477373252167227,0.012139079257502017,0.006542042319026331,-0.08354610682072516
0,A_CN,A0_CN,297,0.10057597814877328,3.2245520193521537,True,True,-0.00912476962456208,-0.051587660715664785,-0.018266561167763706,-0.009197670650272327,-7.290102571022583e-05,-0.18767577711491953,-0.10816354958854985,-0.07140030571678868,-0.06468688453822657,0.12298889257669299,-0.011437690847332753,-0.04301232954215106,-0.013209431506389424,-0.006460009791815158,0.004977681055517547,0.025686319208462767,0.21900543283012647,0.05063444398077788,0.013775714680484774,-0.011910604527977986,0.007633874856652206,-0.0347185556367276,-0.0665859967066027,-0.0751995900293086,-0.0828334648859608
0,A_CN,A0_CN,298,0.8789555874391183,4.483025470799995,True,False,-0.0209132998937719,-0.15932502780629693,-0.08886685946583273,-0.05119407614871585,-0.030280776254943964,0.2583409699476459,0.3541668816595263,0.2422533614253245,0.21426708675076844,-0.04407388319687755,0.0787995041913579,0.23362717439428232,0.07886521573683503,0.04153104389208695,-0.037268460299271,-0.8668208186093663,-0.44532674763705804,-0.05117465881392913,-0.03469500842129036,0.832125810188076,0.09936656965117918,0.05890020841042887,0.026603421541985806,0.01709666566499113,-0.08226990398618805
0,A_CN,A0_CN,299,0.338934399119892,5.365188523067652,True,True,0.008217729291772127,0.03890276239638002,0.04415360816379199,0.03769106433064684,0.029473335038874726,0.02117426014387047,0.010222841658117265,0.0023835409937871255,0.001235640272944205,-0.019938619870926266,0.01424816948396157,-0.020150819516630114,-0.015764136916634697,-0.010146389520828025,-0.024394559004789595,0.0013115779385234824,0.01600509355279589,0.016472923594078814,0.010975336438476813,0.009663758499953379,0.024329093723009843,-0.023368527356830704,-0.03717600449188252,-0.03176199101791288,-0.056091084740922725
0,A_CN,A0_CN,300,0.7531918580085608,4.921899086495019,True,True,-0.0060949025706983,-0.03913487296285195,-0.013096116095913435,-0.007621276293197532,-0.001526373722499197,0.14059751705655987,0.034521862040111984,-0.029428730213953758,-0.035038801411861,-0.17563631846842087,0.01982518418869253,0.11374090629786499,0.0465586768981181,0.0245648024577676,0.0047396182690750965,-0.044156891535788015,-0.2988323732588428,-0.059062753925429035,-0.052243975903691564,-0.008087084367903508,0.024749583213617976,-0.012177532754051978,-0.024393052729393516,-0.0212557549576613,-0.046005338171279275
0,A_CN,A0_CN,301,0.3460751633913952,4.481980772627945,True,True,-0.00173992649907595,-0.005326284465204112,-0.002185627892652864,-0.001947935318471039,-0.00020800881939508908,0.005983624307372235,0.04726212464777188,0.058806103694612144,0.05708460409040439,0.051100979783032074,0.0034305124626919994,0.030566467214912074,0.0189162590716756,0.011176694436548118,0.0077461819738561255,0.010443489345732429,0.10252063295843111,0.09817338500187511,0.07701128140213087,0.0665677920563984,0.0677520676317328,0.04253524418840937,0.019877295948836804,0.013216758884563418,-0.054535308747169386
0,A_CN,A0_CN,302,0.6194178850524857,3.700329406188898,True,True,0.0018707749599050569,0.011767541424724248,0.003092635462616622,0.0020853031767874564,0.00021452821688239254,-0.0024708628278330945,-0.02254690731135764,-0.03790348304492569,-0.03880004184511798,-0.03632917901728483,-0.0011556358206057243,-0.004873256358073119,-0.004774336208400842,-0.004307736591410705,-0.0031521007708049664,-0.08526318149630724,-0.3110943956633443,-0.1270507428163693,-0.10876894711217466,-0.02350576561586748,0.04196172715815927,-0.0020893176303852234,-0.035868189527228034,-0.04533609555278939,-0.08729782271094866
0,A_CN,A0_CN,303,0.38892983987967233,5.043872459665777,True,True,0.010903232195163544,0.08879236690435682,0.06125267669661827,0.03573425350205761,0.024831021306894074,-0.09963863544498841,0.030713127263705786,0.016804641650638774,0.009833540549705533,0.10947217599469394,-0.03140189325806009,-0.12721543325868928,-0.07707439481525491,-0.04666915160035712,-0.01526725834229703,0.002717173883870855,0.017855888620847082,-0.007747309595443785,-0.011948447018694686,-0.014665620902565624,-0.01697539779979884,-0.0653370262841458,-0.09583306092494967,-0.10421133743455849,-0.08723593963475967
0,A_CN,A0_CN,304,0.983465846313331,3.363460627901996,True,True,0.038158954941364606,0.1029647945818738,0.030397105260179025,0.01633386076986265,-0.021825094171501913,0.040190547107507246,0.06446410443088502,0.0237456592018761,0.01636175998152889,-0.023828787125978357,-0.02923942479746019,-0.20147263062061502,-0.20330888345731357,-0.1359534519386576,-0.10671402714119738,-0.005925891039720219,-0.04927240685132034,-0.06736697198909192,-0.057472697594461275,-0.05154680655474109,0.040963588266727684,0.016861675848969387,-0.01219415933647608,-0.020431723531721846,-0.06139531179844954
0,A_CN,A0_CN,305,0.48471095852107005,5.21038661041554,True,True,0.0035849596763793123,0.02588732642118441,0.009005263459340163,0.004933515782835629,0.0013485561064563445,0.2955541007989219,0.279108724113856,0.1524535575591971,0.11489848490780064,-0.18065561589112134,-0.016581148112027704,-0.05676157623345374,0.0024866281032789317,0.0031320789513037406,0.01971322706333145,-0.2497279913767286,-0.43512721188561876,-0.11492023964716591,-0.0812252734111838,0.16850271796554483,0.050946435994100425,0.020523135531629544,-0.0073225876058210515,-0.015424420280177764,-0.06637085627427819
0,A_CN,A0_CN,306,0.9409748299405202,4.732579569259786,True,True,0.005394159422870137,0.019471411583205978,0.005332812760916017,0.0033222044943166384,-0.002071954928553499,0.005980624469441646,0.030475914821845612,0.03301601670985971,0.030191264305854615,0.024210639836412917,0.0002967318970558547,0.006939937349854819,0.005630074437525612,0.004541006479327092,0.004244274582271168,-0.0007813912804699105,-0.0050679334471145365,-0.0022389748198532455,-0.006992307425475741,-0.006210916145005796,-0.0022103487899806096,-0.035512426008117104,-0.06194550787381825,-0.06930788119635423,-0.06709753240637362
0,A_CN,A0_CN,307,0.41676098453401766,5.1272081923647885,True,True,0.004829157154511807,0.026220712886566744,0.011815715591063092,0.006347180578706868,0.0015180234241950474,-0.003751043255863562,-0.03302296688877149,-0.033162772807225016,-0.033764433668642124,-0.030013390412778507,0.008947062776835504,0.03503367020156656,0.011072274422413986,0.006013490888097994,-0.0029335718887374407,-0.003058738334789979,-0.035442300018775186,-0.012034957648612066,-0.018019427599756277,-0.014960689264966298,0.02653632070950629,-0.005439116503041297,-0.012663347108320622,-0.009651304583842113,-0.0361876252933484
0,A_CN,A0_CN,308,0.21669817319945672,5.482491141216036,True,True,0.011064263966628723,0.08700459627279084,0.1003309033492562,0.07694226489652267,0.06587800092989393,-0.013757117752805414,-0.012786420072031568,-0.016520574372555163,-0.017628489155035565,-0.0038713714022301504,0.0023544546789957543,-0.011957558606914942,-0.0032030597936658634,-0.0015374363791020862,-0.0038918910580978405,0.0034607730235309137,0.04495471687398345,0.03772928726259395,0.025641289528604783,0.02218051650507391,-0.00080690903496476,-0.011575834930115873,-0.03591471836682672,-0.04504334002758362,-0.04423643099261887
0,A_CN,A0_CN,309,0.09686043014277335,5.453872976857715,True,True,0.0014740907161219924,-0.005012082434093124,-0.0021710112169452955,-0.0019961236866478105,-0.0034702144027698445,0.05401599835005405,0.15227146113011303,0.12043717835823275,0.10407026034984679,0.05005426199979268,0.009131577746570134,0.05489313072987351,0.02909272015178821,0.01649102355042631,0.007359445803856168,0.011273904223928731,0.11152522570481577,0.11693683060236504,0.09472249490809048,0.08344859068416166,-0.06563943151095131,-0.09088375587302078,-0.10805097119910168,-0.11312404566293499,-0.047484614151983684
0,A_CN,A0_CN,310,0.7653054155022725,3.9136867980304757,True,False,0.02911745419266132,0.0010444852638969992,-0.0013668485713587142,-0.0008531981863312277,-0.029970652378992546,0.020363597212491813,-0.01587877544684224,-0.03594092762584811,-0.03756095222438127,-0.057924549436873085,0.08956629259888818,0.02659485705010778,-0.047489028186783355,-0.057922741180031934,-0.1474890337789201,-0.000463509283478325,-0.005570758582348567,-0.0006935366601015236,0.003248949232013909,0.0037124585154922896,-0.05603707776827522,-0.13444770645992565,-0.18659515908076235,-0.19977863493636341,-0.1437415571680882
0,A_CN,A0_CN,311,0.6930336290100408,5.1232245497973254,True,True,-0.0034076614489989762,-0.01092748282865491,-0.0015479514776229886,-0.0006656140496174023,0.002742047399381553,0.02521998607489017,0.05577216498851545,0.032555434567706376,0.022682496723366086,-0.0025374893515240915,0.004930077048025706,0.017549062857976194,0.007402540703576377,0.004305413669862812,-0.0006246633781628042,-0.0650060814459574,-0.10152751207925981,-0.03112826790825096,-0.03232986281294781,0.032676218633009624,0.043038619949078316,0.0042634851900347215,-0.02431559441206188,-0.03212460389923033,-0.07516322384830865
0,A_CN,A0_CN,312,0.743645648455421,5.105841159010193,True,True,-0.020646757882322245,-0.18751468701980406,-0.21119422053413728,-0.15648964589394265,-0.13584288801162048,-0.047846035237392726,-0.058499263623385755,-0.03642628532805736,-0.02454842503504151,0.023297610202351215,0.009756761642058076,0.029410818661524285,0.009198732794073794,0.0053465722332836085,-0.0044101894087744675,0.0009261186416783321,-0.001999146120205353,-0.001892305400778227,-0.0008963678642788242,-0.001822486505957177,0.11091795629478096,0.04543765488167539,0.009767661161309116,0.004936452325825957,-0.105981503968955
0,A_CN,A0_CN,313,0.11225010385409984,5.020717733811071,True,True,0.0016449803940783853,0.009405124777438711,0.0017867622699905272,0.0011176270188265613,-0.0005273533752517823,0.00922873098480325,0.0523474900452682,0.06059158835540229,0.05712895938546547,0.047900228400662215,-0.00027203953076410103,0.011318200116597399,0.009791618459659923,0.006403745444382158,0.006675784975146315,-0.00012053044570720789,0.0003901593194409747,0.0008653549351211876,-0.004976310588410859,-0.004855780142703603,0.03613965074125486,0.004880636975404085,-0.018982197930553668,-0.0261509245744862,-0.06229057531574106
0,A_CN,A0_CN,314,0.607488077673269,4.756530100651046,True,True,0.00508265045451263,0.028652783912705426,0.010847931431192226,0.004970508435593213,-0.00011214201891940334,-0.11313132049531156,-0.16383962120213702,-0.13116378191995642,-0.11774830966164607,-0.0046169891663345175,-0.02018221611376257,-0.11530734874632198,-0.06452576879387872,-0.03750047783905586,-0.01731826172529327,0.0013576083875370022,0.009705367881021831,-0.0026253781025205036,-0.013664894690336826,-0.015022503077873783,0.08986080057838106,0.05116446080161047,0.019500043518922427,0.010822523060942668,-0.07903827751743839
0,A_CN,A0_CN,315,0.8398410916060326,4.5470164402454145,True,True,0.004796153008694057,0.007246037109346404,-0.0008057524734927934,0.00021567775421105218,-0.0045804752544830185,0.023471860426823032,0.08586178212359685,0.10501370118678333,0.09408986615623993,0.0706180057294169,-0.17602289056704257,-0.20632776288347532,-0.054797640706264916,-0.027972179142393694,0.14805071142464887,0.006313752067716401,0.05476842837686785,0.08886054288048051,0.0953831751320443,0.08906942306432797,-0.015360163333181465,-0.031276117723216035,-0.05387604579653971,-0.06100197646316163,-0.04564181312998017
0,A_CN,A0_CN,316,0.9192978244298069,5.400348331218496,True,True,-0.006803648903421722,-0.042680806814874406,-0.02094881848881014,-0.011393392039150796,-0.00458974313572913,0.03142988251904533,0.035237290057487214,0.021908035632644318,0.015702247425021576,-0.01572763509402375,-0.06161100850319956,-0.12083820921136523,-0.084780092347577,-0.05838615228651978,0.0032248562166797834,-0.0031748649305915616,-0.04588055839688987,-0.03475136732840434,-0.019600939576057685,-0.016426074645466193,-0.032048741578252604,-0.06991105992621005,-0.10075186921863455,-0.10916445945294762,-0.07711571787469501
0,A_CN,A0_CN,317,0.4136398857098005,4.116432154909052,True,True,-0.0039157627949482215,-0.008763096198327713,-0.002338340482259671,-0.001734354000868077,0.0021814087940801308,0.001547671555263105,0.015262743664149758,0.027346015224589626,0.0306036251465428,0.029055953591279715,0.0011096823119324667,0.018062245411443967,0.023263299136032645,0.016985163450928265,0.01587548113899573,0.0026381248136009977,0.029985551647364272,0.037900634471651706,0.03374838119277579,0.03111025637917475,0.012520863300596152,-0.017451883714138028,-0.04193307546471087,-0.049139779287670604,-0.061660642588266756
0,A_CN,A0_CN,318,0.405984914873878,4.238827365853572,True,True,0.0054208344632760905,0.05151292374558275,0.04888733007745194,0.03164208895428677,0.02622125449101076,-0.24118930497566465,-0.06149849809689223,-0.03940843931903637,-0.03539115408302995,0.20579815089263465,0.020438613113135037,0.06344617191306345,0.02606297188074569,0.015237646560860352,-0.005200966552274755,0.011141444721727983,0.12835074110143568,0.1494143290057146,0.10576394848442927,0.09462250376270132,-0.01410726720329647,-0.0665345792909463,-0.10271752042783378,-0.11230320031940078,-0.0981959331161043
0,A_CN,A0_CN,319,0.3254492203534036,5.1006562008118355,True,True,0.0006882581118169417,0.0014633268820677392,0.0003788939061063479,3.584303080983453e-05,-0.0006524150810071072,0.0021966575327392896,0.018672494197908673,0.028147526753400542,0.029098405446786713,0.026901747914047425,0.0020019579124018715,0.026274968021677336,0.03186482535523616,0.020725438686228115,0.01872348077382624,-0.0025948771354393912,-0.013684434142424318,-0.0007207071656933906,0.0027239325396242187,0.005318809675063596,0.08464884556900555,0.05275295292774662,0.027985014118673796,0.021143107887627854,-0.06350573768137768
0,A_CN,A0_CN,320,0.4034608261419572,4.1089705074289515,True,True,0.0006392811814998345,0.02017727970977745,0.01389799746268483,0.007370891450967365,0.006731610269467558,-0.2851924108711801,-0.08172649406678562,-0.013706310964907154,-0.007401613002853358,0.27779079786832667,-0.041923182782972364,-0.11644334066003675,-0.03698264255264139,-0.02022344338000792,0.021699739402964435,0.07074120362954739,0.39877687069087797,0.15759720311428804,0.11508357919260759,0.0443423755630602,-0.006167947727330836,-0.03757551558410718,-0.06792402113714996,-0.07624021733404832,-0.07007226960671747
0,A_CN,A0_CN,321,0.5891084487321632,4.419840881090172,True,True,-0.0005167165140886609,0.0035407392202382315,0.0009888265682324038,-7.49670536648317e-05,0.000441749460423857,-0.001585072438686547,-0.006442887208071957,-0.0007605848314385377,0.004260073758332816,0.0058451461970193686,-0.002922776048720606,-0.016121098277808277,-0.00617591274973972,-0.0014887105906268294,0.0014340654580937695,0.004643062434230162,0.05146687414643769,0.06368440158681954,0.056703926663878135,0.05206086422964795,-0.00011991339736540027,-0.0052786125655827285,-0.01880119749213449,-0.023959759378771817,-0.023839845981406413
0,A_CN,A0_CN,322,0.3513585441646482,4.200515154030326,True,True,0.0019318930196355263,0.007273501467664367,0.0015121254704809628,0.0005235748287583109,-0.001408318190877167,0.014281394117033136,0.07135779495346445,0.06086522546706985,0.051374415664683815,0.037093021547650595,-0.0023620872757292716,-0.0036518598408249447,0.0005108131978094343,0.0008693133373379736,0.003231400613067259,-0.0023887339196543914,-0.006134128315661791,-0.00690756610700427,-0.013934449090793333,-0.011545715171138893,-0.03301424397948349,-0.05067580252714665,-0.04177288668597079,-0.033330881304183824,-0.0003166373247003307
0,A_CN,A0_CN,323,0.44425476342809533,5.050406473587009,True,True,-0.005110603839505137,-0.009647838049277713,-0.0026178288718405884,-0.0009098455218666812,0.004200758317638442,-0.0466574511548324,-0.010711859092820575,0.019317049605481973,0.024415878052948314,0.07107332920778064,-0.015226804489670509,-0.05218186633970662,-0.01910924626284527,-0.010721100543870321,0.004505703945800188,0.03030808761358647,0.11729790169747034,0.016431548332058732,0.0056048397298235075,-0.02470324788376288,-0.015439504322608745,-0.05199228511897394,-0.07911325105689584,-0.08596469857698677,-0.07052519425437803
0,A_CN,A0_CN,324,0.6501866130378,5.228990440860282,True,True,0.00601186442400839,0.0370633943841166,0.017723953105462265,0.010173090610959501,0.004161226186951139,-0.3356063666570176,-0.19805064206181155,-0.04973175052944556,-0.019551237489070727,0.3160551291679468,-0.029849765418656034,-0.11092448361491675,-0.03793747168818473,-0.019958899755023962,0.009890865663632065,0.2198012544271169,0.47176636728758164,0.1588768772715632,0.10904802352450171,-0.11075323090261524,-0.0489946466823209,-0.07422153331957049,-0.07405434059368843,-0.0658651002157371,-0.016870453533416208
0,A_CN,A0_CN,325,0.438721744087764,4.327320280875332,True,True,-0.005725753966477773,-0.03778424034340927,-0.010796114235659848,-0.006195032520533217,-0.00046927855405543006,-0.3096016231236754,-0.06252381878625723,-0.01775144077733315,-0.008416314102084543,0.3011853090215908,0.035228313126638454,0.15057401631230827,0.06475840120073295,0.03612077852337103,0.0008924653967324891,0.04106891314602179,0.20387153463338725,0.020290370109469102,0.009620454987260163,-0.03144845815876163,-0.013688072030455967,-0.04511990871091176,-0.03739609935838428,-0.027803907425548835,-0.014115835395092868
0,A_CN,A0_CN,326,0.43611113665081325,3.6652587952602333,True,True,0.0024731842497481282,0.012170503539246313,0.0041655758790900554,0.0024366791418850564,-3.650510786312733e-05,0.0012705794720053523,0.010262276472098014,0.030020552081652663,0.04203944914029312,0.040768869668287744,-0.0014464033561850352,-0.008390122268043143,-0.0031927879540153414,-0.002518751136562747,-0.0010723477803776804,-0.0023280961153892762,-0.021822494047278485,-0.0292393551837401,-0.02686185747806391,-0.0245337613626746,0.05640765141408022,0.025474065062381146,0.0006590676631335057,-0.0058577819692477995,-0.06226543338332802
0,A_CN,A0_CN,327,0.6088267502743149,3.862559791926297,True,True,0.024954039862412528,0.07798183289183103,0.023369316828014464,0.012100385443655659,-0.012853654418756855,0.0037367452546205326,-0.015974505383791415,-0.02560292679205256,-0.024818792870926587,-0.02855553812554712,0.07853021718739583,0.026237145662814876,-0.031838543159541044,-0.037064571495342924,-0.11559478868273876,0.009730117955146063,0.10243068155520252,0.10224058409068637,0.07328107040891729,0.06355095245377118,0.009549585028043525,-0.04184739291070347,-0.09647832294450165,-0.10945606168189359,-0.11900564670993713
0,A_CN,A0_CN,328,0.60998708922873,5.243403278683634,True,True,0.001399751686010725,0.0003571239136094251,-0.0026265552847164475,-0.001205958148251196,-0.0026057098342618934,-0.008659073164507987,-0.0319161599103287,-0.031041955315757597,-0.032309987429023135,-0.023650914264515155,-0.00016691010579913262,0.002825975431519856,0.0015463969460068894,0.0011890711817169608,0.001355981287516017,-0.007179603597885151,-0.06060265453126279,-0.020514770281907513,-0.020901250214485856,-0.013721646616600691,0.006498259644887816,-0.02589488458405753,-0.0432906366048218,-0.04337899523272781,-0.04987725487761563
0,A_CN,A0_CN,329,0.07198453081359113,3.223489858415941,True,True,-0.002063511697924243,-0.01045494616399667,-0.0022583412927542623,-0.001523653712556583,0.0005398579853675978,-0.006863306749187316,-0.026706097967188203,-0.01656715251864649,-0.012492870655938737,-0.0056295639067514,-0.001397987106543902,-0.010934226156371851,-0.010321819886848216,-0.005785484933716223,-0.004387497827172293,0.004227529824831704,0.040158927458017246,0.04725500014457207,0.036991865610655594,0.03276433578582394,0.02826631200715124,-0.004567591595553422,-0.029754559222611277,-0.0366302002741683,-0.06489651228131954
0,A_CN,A0_CN,330,0.16943705419480692,5.067181744518953,True,True,0.02034389802739319,0.06753015878896751,0.021501123089282648,0.011035433437540987,-0.009308464589852128,0.20747374747399927,0.4287785428842565,0.24137424416925723,0.1926799407855041,-0.01479380668849517,-0.002710491039122853,-0.1796597429998768,-0.18866832787721066,-0.11485293093579674,-0.11214243989667394,-0.27464235075749366,-0.18231276913388605,0.010390925418571784,0.007580450985730791,0.28222280174322445,-0.05801318047942028,-0.04519656922475512,-0.038891616626614334,-0.0395405091019464,0.01847267137747388
0,A_CN,A0_CN,331,0.5549525675022605,5.082867546296331,True,True,-0.014671522715607926,-0.10633794479680708,-0.05047510574387348,-0.027045465915688682,-0.012373943200080784,-0.35938670592896976,-0.1015119237140727,-0.053568580111734376,-0.044680391418406185,0.3147063145105636,-0.05688165203510577,-0.043526091843124726,-0.0003984524535363132,0.0005275905466238795,0.057409242581729636,0.03951427816731642,0.35056525405701333,0.15847263116313248,0.11168425293119533,0.07216997476387887,0.04023096624755024,-0.010248963208237316,-0.048172679555399,-0.05886534820131273,-0.09909631444886297
0,A_CN,A0_CN,332,0.5298646045997013,5.074014439761324,True,True,0.0211188770292142,0.07780923770057713,0.023737620854262786,0.012210713074722546,-0.008908163954491677,-0.15136303110197422,0.15163614047453167,0.08451482861397364,0.07037533522253148,0.22173836632450572,-0.01825845397008581,-0.18693279908604724,-0.22013115272000205,-0.14995070029539925,-0.1316922463253134,0.015319840281642641,0.15600528587227247,0.11765305028165285,0.09083464060936519,0.07551480032772251,-0.10004093954925974,-0.13369549033911743,-0.1512384095215309,-0.15621480352878436,-0.05617386397952462
0,A_CN,A0_CN,333,0.00194828200457986,4.828700469728172,True,True,0.020734198240934913,0.12163588436721245,0.05272717552306094,0.02942206731351671,0.008687869072581789,-0.002787304688217307,0.006461830042403083,0.0036144934309321197,0.002170417980765782,0.004957722668983089,-0.03822640534690827,-0.0734435288265014,-0.05153960907214861,-0.03509134311399187,0.0031350622329163746,0.001995253370130963,0.01448228887417613,0.018737558722314862,0.01235761513643896,0.010362361766308004,0.05775599360333117,0.013876028962105158,-0.003388944919094805,-0.0033974430972041336,-0.0611534367005353
0,A_CN,A0_CN,334,0.3877487505843109,3.6214913623286553,True,True,6.496521260189458e-05,-0.0015021220953943537,-0.002738582363263853,-0.001056032696146847,-0.0011209979087487554,-0.00851360392471353,-0.05508318824939981,-0.05390718447102971,-0.048886538267769564,-0.040372934343056,-0.0031922810941784965,-0.028813403390340497,-0.017360670174020654,-0.00959382476052495,-0.0064015436663463765,-0.01140765499415753,-0.10614043463658396,-0.07230003766158677,-0.05747242044008205,-0.046064765445924416,-0.0026895210548985027,-0.03712548843415153,-0.06360413697355594,-0.07017970096551873,-0.06749017991062023
0,A_CN,A0_CN,335,0.3362055571026573,3.956741091908362,True,True,0.0010381796918009292,0.004721677258748613,0.0006873047099344998,0.0005907741701813851,-0.00044740552161948166,-0.0008279589435899459,-0.007063028981999453,-0.012323080042539458,-0.01450950583459304,-0.013681546891003094,-0.000749252448570499,-0.007334288316806548,-0.007963759439523765,-0.00633722280031912,-0.005587970351748628,-0.0008986728578039664,-0.01657706880187232,-0.02927013960392899,-0.031124292272457166,-0.030225619414653182,0.00297132315658577,-0.029447003349756584,-0.054843013988499,-0.062314490375612874,-0.06528581353219864
0,A_CN,A0_CN,336,0.5010173521169682,3.6338035610614026,True,True,0.00526267685808391,0.025108372391530964,0.013208306995897034,0.007938251351905512,0.0026755744938216086,-0.2457744995836333,-0.016670710138656508,0.037971436945475556,0.042289150870606806,0.28806365045424015,-0.04642534410770258,-0.09751902602215023,-0.028998251495368277,-0.016065730693948566,0.030359613413753928,0.033660656915368334,0.2496003127544001,0.040619834434751034,0.024701760130649064,-0.008958896784719284,0.07446834172552635,0.03515454787042438,0.004677670849569604,-0.0036802686638784943,-0.07814861038940485
0,A_CN,A0_CN,337,0.7546284178041652,4.412864603986421,True,True,0.0017377388098093263,0.006517128201209643,0.0009271433339906876,0.0007814804870381886,-0.0009562583227711308,0.0031942622066050558,0.020059464088699547,0.019984129200589063,0.017965942486174558,0.014771680279569543,0.0020681885899164615,0.013767300698460716,0.009676260196031183,0.005861151964883571,0.003792963374967151,0.0023323510364358924,0.0291686606758772,0.021161346206331255,0.005688715047423076,0.003356364010987156,0.013028296144868556,-0.01846934099352915,-0.04312667984067797,-0.04989559820346667,-0.06292389434833523
0,A_CN,A0_CN,338,0.340313228697507,5.109839003423637,True,True,0.016494840373055736,0.05621598957745655,0.01593425400311055,0.007797803523773128,-0.00869703684928258,0.14703558392536512,0.30291005527849363,0.16311396396591393,0.12660483158143543,-0.02043075234392977,-0.00809950282870392,-0.08391329812686582,-0.043336891615714745,-0.025864346838903596,-0.01776484401019962,-0.3811349920693123,-0.31870524981741033,-0.02813210015903611,-0.017640036203198206,0.36349495586611413,0.06730592267739821,0.032976357093122965,0.00837658021143961,0.00437619419774149,-0.06292972847965672
0,A_CN,A0_CN,339,0.9858046806674231,4.376536175390732,True,True,-0.000955949137787411,-0.014811796937364563,-0.0059385162063854136,-0.003323277038184802,-0.002367327900397398,0.014832714995994943,0.09961597113992948,0.066361394154141,0.06249311958040149,0.04766040458440657,0.011475491474133001,0.05491472516171192,0.022374845830748447,0.013462270398544418,0.0019867789244113476,-0.3200872925071619,-0.005781492304574143,-0.007802045417741654,-0.010539390317100827,0.30954790219006106,-0.04356218282376745,-0.08169781150410571,-0.11103180105736177,-0.1189591265251273,-0.07539694370135985
0,A_CN,A0_CN,340,0.2705218873095613,4.281405971673211,True,True,0.0022538993382602776,0.007050082483911868,0.0022919876097738934,0.0012312247319304914,-0.0010226746063297654,-0.02041211357226369,-0.08888444674382978,-0.08387519257664444,-0.07060243367159802,-0.05019032009933433,0.17532248203541798,0.20707193798506873,0.06339901230430256,0.03384525976511532,-0.14147722227030257,-0.021724166387912913,-0.19956801395111107,-0.13438662938222412,-0.09999627324113569,-0.07827210685322283,0.05619549271535941,-0.0027896376073018314,-0.04716699086649154,-0.05877198532045469,-0.11496747803581411
0,A_CN,A0_CN,341,0.867458306515425,3.4135179440531283,True,True,0.20656110021081414,0.07862345230399714,0.01358002173616435,0.00652329639185667,-0.20003780381895753,0.1121292592820986,0.05491740115067545,0.027160477368090685,0.020924669484870484,-0.09120458979722812,-0.014132471418897612,-0.12170016342326537,-0.24704477247673712,-0.28454009006047243,-0.2704076186415748,-0.0013764641890266285,-0.013099631408408863,-0.024140214958172312,-0.028284151606448593,-0.026907687417422,-0.007097466351426057,-0.048018785887611465,-0.08160297508278944,-0.08981182029092633,-0.08271435393950027
0,A_CN,A0_CN,342,0.8946046022001778,5.271724075068395,True,True,-0.0017923701235712172,-0.0040744792509067596,-0.001964568793662025,-0.001412193804138151,0.0003801763194329899,-0.0002563800769206821,-0.0076480746629526974,-0.020527607935698855,-0.02555424714179172,-0.025297867064871027,0.00039382089911616305,0.003008360584195957,-0.0018121297635819156,-0.0022392177382500877,-0.002633038637366192,-0.0008773846863525114,-0.014537039223450066,-0.033822004965011976,-0.04049534941637678,-0.03961796473002421,0.026249919571294855,-0.0075172854733872585,-0.03307440888381741,-0.04058575499540967,-0.06683567456670453
0,A_CN,A0_CN,343,0.9312178444005124,4.1928998924624015,True,True,0.004516458783031432,0.019045450241412687,0.005070930420025044,0.0021560711625847606,-0.002360387620446769,-0.003443496684945275,-0.029799144201941907,-0.05112938352853563,-0.05253257137644618,-0.04908907469150087,-0.0026764322437106136,-0.02449803929198613,-0.029728995514163747,-0.02028680258504989,-0.017610370341339276,-0.0049657735818970615,-0.04361705125758486,-0.06443857023070565,-0.060915546294025846,-0.055949772712128754,-0.004038905900740464,-0.03781642781855965,-0.0632669374153092,-0.07064310639135762,-0.06660420049061716
0,A_CN,A0_CN,344,0.31908642693424805,3.146682741758829,True,True,0.0006170988515072084,0.0010313147548283164,-0.00037210458123349,-0.00015457083369407876,-0.0007716696852012594,0.006542877122574661,0.03522442167833775,0.02747575105879152,0.01839435729601613,0.011851480173441398,0.0012947964138595586,0.012840644959407121,0.012793334351692498,0.007284065159628761,0.005989268745769216,-0.011855788296459169,-0.12121758779593006,-0.0830758221568001,-0.0751205422488922,-0.06326475395243303,-0.008909616639032891,-0.04799407819611157,-0.07645885034007105,-0.08410744629248645,-0.07519782965345356
0,A_CN,A0_CN,345,0.9098485009656266,4.611017578640787,True,True,0.019847081228989955,0.08068110425140029,0.024499032307699786,0.012688869829625027,-0.0071582113993649,-0.13008263306202938,-0.018309162070206275,0.006180825320477035,0.006941816494947739,0.13702444955697712,-0.028658831155552955,-0.038718472608797905,-0.004640245274127874,-0.002052942423900417,0.026605888731652483,0.005800157229458057,0.054827533328681455,0.06485223246583582,0.042260837932219686,0.03646068070276154,0.04569447257151693,0.0059291924891482495,-0.026332251146169883,-0.03489048421192309,-0.08058495678344002
0,A_CN,A0_CN,346,0.20895495930871122,5.455958049636177,True,True,0.0028025915689208064,0.021190344006626116,0.007452298185354089,0.004043280927480408,0.001240689358559588,-0.012297146501300746,-0.07012576317706759,-0.06817762906922348,-0.061665033199379216,-0.049367886698078456,-0.007313892225912624,-0.05408261018685073,-0.034218808278704604,-0.019254258345616004,-0.011940366119703394,-0.006578308973785418,-0.060021842272239445,-0.06099015215397641,-0.05525512510823316,-0.04867681613444774,0.08753105836939779,0.045828661208750066,0.015713292833102188,0.007223370405055607,-0.08030768796434218
0,A_CN,A0_CN,347,0.16019237220451377,5.418610696172186,True,True,-0.000758289889104799,-0.004161883243103959,0.0017623055255261422,0.0005654878594937296,0.001323777748598487,-0.015199480671819612,-0.0413890460487745,-0.03894322945744205,-0.03896924984676625,-0.023769769174946664,-0.015725943246835974,-0.07862063327405672,-0.040709558881061314,-0.025255956234960908,-0.009530012988124947,-0.0047006866830023065,-0.033739888103454574,-0.028866657897419712,-0.030383235337257508,-0.025682548654255233,0.02135597889108313,0.030906325501797692,0.015198678314481365,0.009199289867598881,-0.012156689023484255
0,A_CN,A0_CN,348,0.2175233335582344,3.904995245111733,True,True,0.004048410132476456,0.018494380828465995,0.010419632855940497,0.004431998859642738,0.00038358872716637293,0.07140248272674744,0.0010579368199146733,-0.012952624401829982,-0.017534212057470078,-0.08893669478421756,0.0009760059218206843,0.013340090370277946,0.0037609075131480596,0.0015613663479608908,0.0005853604261402134,-0.021380871699958413,-0.1786724119233868,-0.0811387449528771,-0.06850449603681708,-0.04712362433685868,0.05000257866741102,0.009537042122722605,-0.021470307443318376,-0.030199870764547276,-0.08020244943195828
0,A_CN,A0_CN,349,0.11528944611135605,3.2029559868442448,True,True,0.014453577565225466,0.05613031687507808,0.014317004489182494,0.007303477481259701,-0.007150100083965771,0.41741120988447955,0.48860484686316585,0.19237657177853829,0.13481081282291407,-0.2826003970615655,-0.021588973438629366,-0.20394890084305406,-0.2191122553428223,-0.14670893381701022,-0.1251199603783809,-0.4285709937552376,-0.434009573559917,-0.0912913673563076,-0.058539479665450034,0.3700315140897876,-0.1288186713424962,-0.11498949757565141,-0.12017097288286815,-0.12500892639268768,0.0038097449498085134
0,A_CN,A0_CN,350,0.2028819583887992,4.90922584394527,True,True,-0.003095729586657117,-0.021848655238534354,-0.00740649615687361,-0.0036540748993588723,-0.0005583453127018245,-0.0388873973987994,-0.18310565683043767,-0.09302261024761194,-0.07828455429803705,-0.03939715689923762,-0.021313648153190534,-0.08996331189633094,-0.028009113617025183,-0.015098116639286951,0.006215531513903527,0.5149434312483416,0.019105594371669032,-0.006466916863280159,-0.006215781274692356,-0.5211592125230341,-0.04250086334241365,-0.09080428939915408,-0.12735338614137148,-0.1374397883230397,-0.09493892498062606
0,A_CN,A0_CN,351,0.6293169557820447,5.306943501465065,True,True,0.02487718069245754,0.15206683479944977,0.14034598417830657,0.10023789939690186,0.07536071870444438,0.07918240055947579,0.08319923974170695,0.0497787892398992,0.03491630644363186,-0.044266094115843924,-0.07438688729361037,-0.16050436545712854,-0.09314327797639477,-0.059491425776133644,0.014895461517476671,0.003692633521105576,0.036558932290389534,0.04614635200945849,0.032313409721478004,0.0286207762003724,0.024139173084593735,-0.020254603593195863,-0.04292421923409229,-0.048542614456305366,-0.0726817875408991
0,A_CN,A0_CN,352,0.47607454705562036,4.136924080942929,True,True,-0.03133445559761983,-0.13843273113585552,-0.05031270524456777,-0.026739634137357915,0.004594821460261911,0.023828223997041653,0.023161700587811418,0.0045635515270289195,0.0022946646489332423,-0.02153355934810841,-0.018213959068073327,-0.07383933337092208,-0.09197299828516226,-0.0679049594435851,-0.04969100037551183,0.0028997644703194353,0.0361438038520418,0.040945767994631344,0.028473666229863803,0.025573901759544437,0.01677307109677062,-0.034681921750193356,-0.05488078159189147,-0.05491909553966268,-0.0716921666364333
0,A_CN,A0_CN,353,0.11723039319395945,3.681662511782332,True,True,-0.005794247630710611,-0.018330644914537175,-0.006385601924361994,-0.0032669060677628092,0.0025273415629477602,0.013297391092583426,0.04213644763727925,-0.005992875027764355,-0.02042350193995912,-0.033720893032542554,0.006010289410842626,0.03785092650415184,0.02021113551007636,0.010567212787906288,0.004556923377063704,0.004116675100275552,0.0473832034983267,0.011614841475915183,-0.010368848287140242,-0.014485523387415822,-0.02733245727874467,-0.057674184470464906,-0.06063897767351922,-0.05520352644582116,-0.02787106916707649
0,A_CN,A0_CN,354,0.4771396840821833,3.330314798640469,True,True,-0.001455365813381182,-0.006399181715973534,-0.000480578163377654,-9.044990475204351e-05,0.001364915908629194,-0.0008813754587520713,-0.013260241344958762,-0.023521447876502732,-0.02541102581246385,-0.024529650353711796,-0.0008024742376828431,-0.009985047345496323,-0.0049253456960360875,-0.004723384529677688,-0.003920910291994817,-0.00131814174940343,-0.006731256220361026,-0.014163742502078414,-0.01857945337164013,-0.017261311622236764,-0.01061708134424355,-0.04488735095416829,-0.07172559987920613,-0.07925677095405037,-0.06863968960980682
0,A_CN,A0_CN,355,0.5744926088155292,5.401104937831194,True,True,-0.05176328648500367,-0.11863836262484961,-0.02843047392428133,-0.013933454693868197,0.037829831791135526,0.025082947122882115,0.01464022108724472,0.005755680097642157,0.005102659747101668,-0.019980287375780448,0.051317479991038695,0.020838598590229185,0.0033351381300494864,0.0013841040349066303,-0.04993337595613212,-0.0004997935571209589,0.0070867610405383474,0.020628221778152822,0.026311919523033467,0.02681171308015451,0.039747227002038484,0.009030533995454781,-0.019858958089900736,-0.027846488943332,-0.06759371594537048
0,A_CN,A0_CN,356,0.2699784008763991,3.2218757205427373,True,True,-0.00021637781864625866,-0.0009592625892217432,-0.0018496887935560702,-5.46773414102919e-05,0.00016170047723595982,0.030323981497758692,0.1507159504706247,0.14495018273530935,0.13235796265378008,0.10203398115602136,0.0024652682724318822,0.01776479166056144,0.011566717332514798,0.007464303438586728,0.004999035166154853,0.025111172006363293,0.2252383366436802,0.12857694904782668,0.0957974719427549,0.07068629993639164,-0.019037328625419958,-0.04020613140761797,-0.05351215759829697,-0.05724819374333656,-0.038210865117916604
0,A_CN,A0_CN,357,0.6644372866557635,5.111374889109225,False,True,-0.010930713047163643,-0.07060429778142674,-0.027593604873217936,-0.013536752998205115,-0.0026060399510414722,-0.012569212426084442,-0.02994160186532213,-0.03630699252450709,-0.03561416027059083,-0.02304494784450639,0.09334615027174786,0.04969966351943911,0.00960632346026058,0.004738902454130556,-0.08860724781761731,0.0001931453542341685,-0.008307982097422506,-0.011479079841201556,-0.006630361762668291,-0.006823507116902383,0.07737095951986017,0.016515905642471518,-0.02745927523520586,-0.03877315611380605,-0.11614411563366622
0,A_CN,A0_CN,358,0.7653606024844627,3.369542546901244,True,True,0.017102279470975174,0.13084623740938323,0.08476890722293107,0.04981241985091822,0.03271014037994302,-0.1212671711111176,-0.06254668709709404,-0.045406584918377124,-0.04462477579734192,0.07664239531377565,0.0043250958984326,0.02072585643303848,0.012060558875135685,0.005356753204648457,0.001031657306215794,-0.004311589070080411,-0.024041930382344423,-0.03555775539177852,-0.047994987422125934,-0.0436833983520456,-0.0034803100668189283,-0.035107916313984466,-0.07565570480889133,-0.08730251821089297,-0.08382220814407403
0,A_CN,A0_CN,359,0.002104259373023387,3.3592614573135577,True,True,0.02694212451676166,0.058094211186952904,0.01600275509109772,0.007998466717558328,-0.018943657799203373,-0.09428093896415746,-0.04973119425996553,-0.017005819766904184,-0.01007246450255328,0.08420847446160418,0.0006053296699080543,0.030226299806641543,0.09060054035297938,0.10001139898988942,0.09940606931998142,-0.0023010846152580477,-0.021999121246437103,-0.02890012751138349,-0.024057788010041548,-0.021756703394783417,0.08654959077863689,0.028175525318370975,-0.015983454944088815,-0.02706674228516448,-0.11361633306380137
0,A_CN,A0_CN,360,0.32739448584834896,5.283584532943037,True,True,0.018134259136359673,0.19851201855957157,0.1791113609974686,0.10994717572952062,0.09181291659316093,0.017143602392253987,0.026378779150912357,0.04924818598365843,0.061053562500444136,0.04390996010819015,-0.13156735823520027,-0.03447965305069567,-0.0051024936266431675,-0.0025674734565354074,0.12899988477866486,-0.0007787675801070731,-0.0024326043974408074,0.00241664343601089,0.006400446442468399,0.007179214022575486,0.01200026749410404,0.015174807656310352,-0.007781648318983814,-0.016004747714792072,-0.028005015208896117
0,A_CN,A0_CN,361,0.5211997091467495,4.9461298216804765,True,True,-0.026380438343128476,-0.08799894250071172,-0.021620346129654022,-0.011187043952015974,0.015193394391112447,0.007265051562490243,-0.02273803267219654,-0.058059614979920515,-0.06432255812571874,-0.07158760968820899,0.24569415385179477,0.11104668289759745,0.021438922773863944,0.010870981224536669,-0.23482317262725805,0.0019383789534573384,0.014799436544900457,0.030946075156591535,0.0377311329648492,0.035792754011391814,0.059921617171150514,0.018536291188921944,-0.019367997800996933,-0.029808834142041024,-0.08973045131319152
0,A_CN,A0_CN,362,0.9570958422636108,4.268725394807646,True,True,0.018858642331556007,0.08211286207370061,0.0370664589621994,0.020754112471010333,0.0018954701394543472,0.0809725955772933,0.08305789290881316,0.024304415386079414,0.01323947369301437,-0.06773312188427894,-0.03226827054468903,-0.1836717784680319,-0.19703199629695545,-0.14413167268557014,-0.11186340214088109,-0.0009935315543449716,-0.011974434492234842,-0.0033126920739934285,0.002778536923458974,0.0037720684778038693,-0.11642167537665521,-0.1548470501150575,-0.16548599535089592,-0.16848310383931364,-0.05206142846265843
0,A_CN,A0_CN,363,0.7058519294324291,4.539981588821048,True,True,0.00656874062617702,0.07139899420108897,0.11345046136919446,0.09043185358142092,0.08386311295524396,0.014969279797095503,0.03109417048008789,0.02638975103050789,0.01845515321099911,0.0034858734139036063,-0.04318961325046433,-0.08315847626191009,-0.03541924212966452,-0.020787948146408497,0.022401665104055724,0.0011462344154329687,0.02320768945769136,0.022115687181998522,0.014977325430257649,0.013831091014824715,-0.0029531632049052403,-0.03366521676539325,-0.06157135827195992,-0.06987940881673693,-0.06692624561183169
0,A_CN,A0_CN,364,0.5845107626308804,4.94152802208324,True,True,-0.013484556118766283,-0.05348412347910603,-0.018651827907545715,-0.009013242423456136,0.004471313695310064,0.06625545110210251,0.014828570502908422,-0.001454914608290947,-0.0017165343467251404,-0.06797198544882765,-0.03987398626579108,-0.1195104550220226,-0.20591402348011978,-0.2326213058143739,-0.19274731954858287,0.004852937306433915,0.051463344810160905,0.06932357877807627,0.06140479440457991,0.05655185709814603,0.01006526533294963,-0.06823030719553597,-0.12080293691266714,-0.13429008743120385,-0.14435535276415348
0,A_CN,A0_CN,365,0.07937865433400937,5.168551361108149,True,True,0.007800900866628685,0.04472805637656718,0.023570841112763197,0.013062947092317923,0.005262046225689265,-0.0394099367526215,-0.0499882226497772,-0.0349412339993358,-0.025087573095314064,0.014322363657307435,0.013678538151658565,0.04479925350540215,0.01460546196740986,0.007381363099387528,-0.006297175052271009,0.004510349675691368,0.05701606995571751,0.07602431108067331,0.06807032381276346,0.06355997413707215,0.03333741315539285,-0.01782520578053637,-0.05175328425518988,-0.05854807989777322,-0.09188549305316607
0,A_CN,A0_CN,366,0.30967800347205543,4.984207818106951,True,True,0.0040256824391698975,0.020144296994307975,0.007716208476032271,0.0038452285536479947,-0.0001804538855219029,-0.03959286427893827,-0.16604562132091066,-0.1320054664433402,-0.12119358208733644,-0.08160071780839817,-0.011678008279158957,-0.06310489463585245,-0.03246382963873795,-0.017343358072578918,-0.005665349793419927,-0.031353255632894796,-0.26491132099310394,-0.1431010995494829,-0.12422472581019706,-0.09287147017730224,0.07429945121805348,0.03375792560423729,0.008245938154725296,0.004330163948064625,-0.06996928726998886
0,A_CN,A0_CN,367,0.2625231107096452,3.7644465874357116,True,True,-0.003849186853358909,-0.02360674389532047,-0.006186091886187017,-0.0033311102656831126,0.0005180765876757754,0.013518718388428299,0.07711120632363164,0.06301559784021549,0.05149843233170681,0.03797971394327848,0.005060924123728487,0.042997930952065055,0.02896291208249213,0.0170563781026839,0.011995453978955406,0.011366953725707424,0.10391325261818346,0.11203243237532512,0.0881573119195802,0.07679035819387281,-0.02621662706704364,-0.05446284551748226,-0.07621317128121707,-0.0821123598084812,-0.055895732741437554
0,A_CN,A0_CN,368,0.8843901251826367,5.47898995175595,True,True,0.012796571881688826,0.04678948532619248,0.022709093884714426,0.013046553315132381,0.00024998143344356905,0.00879734153516254,-0.014656845796811813,-0.0316298244660036,-0.03311856944555436,-0.0419159109807169,0.1271925433089795,0.058411940112845784,0.011466726760978596,0.005769057951356404,-0.12142348535762315,0.0006588203865567979,0.009496292990279154,0.012601909859626392,0.014419800363637436,0.0137609799770807,0.04544222841555584,-0.0107944281829081,-0.050907048520696385,-0.06138393113860552,-0.10682615955416136
0,A_CN,A0_CN,369,0.3606984040172907,3.3720284467217665,True,True,0.0006103739659708007,0.0028586408268921337,-0.0002374615914113587,0.0007378850707379092,0.00012751110476705296,0.0038683359727288355,0.012466705745245554,0.0031637939758304423,1.5427810995505276e-05,-0.003852908161733337,0.0011744293549668869,0.006627609825039793,0.004667090248035577,0.0025667900063744975,0.001392360651407687,-0.029510762582632778,-0.198170976944276,-0.07962792048600131,-0.07091804300849058,-0.04140728042585773,0.010913741347778338,-0.02709225006804039,-0.054508299940514426,-0.060765310614080414,-0.07167905196185875
0,A_CN,A0_CN,370,0.06505247284776183,3.6362626517358514,True,True,-0.004154477682927517,-0.034330664064677385,-0.010971091963222102,-0.00534069673004034,-0.001186219047112802,0.03007791341297532,0.2664950486560296,0.287628674937491,0.2797662872083325,0.24968837379535713,0.013223531463242622,0.08864942960250094,0.04997563716038311,0.028900181634996858,0.015676650171754236,0.07525128727448532,0.42335393416601064,0.19990363198831684,0.1689981522284678,0.09374686495398254,-0.010908834993384797,-0.016229075150749117,-0.006864586298034103,-0.003913577376758348,0.006995257616626449
0,A_CN,A0_CN,371,0.8828155818841465,4.395847965677582,True,True,-0.019694422112324896,-0.08378596865754262,-0.024357344192095676,-0.012237275605944675,0.007457146506380297,-0.16514042032878554,-0.06904727579695652,0.00019223000195700557,0.01099076668064769,0.1761311870094332,-0.06675898492928965,-0.13016525226965248,-0.035047170123677085,-0.018491419626396,0.04826756530289367,0.09744106231242908,0.1558134666506994,0.029584258673731267,0.016052950021354095,-0.08138811229107501,-0.0030395622394605607,-0.025593926475326913,-0.0517271849670812,-0.059260449840589924,-0.056220887601129366
0,A_CN,A0_CN,372,0.5586158086396138,5.472252155170544,True,True,0.008313476743156592,0.04371441440149504,0.025544052148886887,0.016022734062315913,0.0077092573191593905,0.03200596083873697,0.06900434889548757,0.053225071228072074,0.03769803715346509,0.005692076314728123,-0.11635789125025153,-0.17966173812364106,-0.06511515184752548,-0.03441284239798181,0.08194504885226972,0.0032667103399448977,0.03560338946649799,0.038853598954121216,0.025101132773275303,0.021834422433330336,-0.002367439830112672,-0.023289296638277834,-0.036801165503183464,-0.03617777972049918,-0.03381033989038651
0,A_CN,A0_CN,373,0.8544553995616345,4.805207466975928,True,True,-0.00588455521575653,-0.04300422149582844,-0.01752611787420244,-0.01007951917291694,-0.004194963957160458,0.016260495361655067,0.03987021155977877,0.03958020600782142,0.038154291759422754,0.021893796397767673,-0.0019783705907436278,-0.0042862497185227055,-0.00017672832292170426,-0.0014335575774222509,0.0005448130133214324,0.0015604306152417202,0.021972025850975796,0.028065663660116424,0.020458816348480457,0.018898385733238765,0.0051020918533051796,-0.02469646605320852,-0.04658331803272164,-0.051804120130720555,-0.056906211984025734
0,A_CN,A0_CN,374,0.3475423577755826,5.043725554159858,True,True,-0.00340300319570383,-0.023327728483235055,-0.020959096141819344,-0.014098345078656482,-0.010695341882952736,0.004584984172010809,-0.005378878967449263,-0.014239439817923527,-0.016336662768569266,-0.020921646940580074,0.03208905997079725,-0.0016970237158682178,-0.0032229102644615315,-0.0018277401807409444,-0.033916800151538196,-0.0007302674118641189,-0.005774035855274917,-0.007207307948165598,-0.005799230259201482,-0.005068962847337266,0.006359262291884599,-0.00458743828659465,-0.04231537869745411,-0.053667063226877226,-0.06002632551876183
0,A_CN,A0_CN,375,0.1557064894657214,3.592855453033439,True,True,-0.007073654566048311,-0.021583712041705283,-0.007339743423918854,-0.003288313556821909,0.0037853410092264506,-0.005160385864367886,-0.04380970762457434,-0.07116616339309939,-0.07486349634365275,-0.06970311047928485,-0.00041118134017538444,-0.006904325548472701,-0.01680323251322724,-0.01161728462641165,-0.01120610328623628,-0.0015501864985152658,-0.017219013663161642,-0.04397008014919446,-0.05353972897836623,-0.05198954247985099,-0.01593325822049546,-0.05290193823779016,-0.08072830679750559,-0.0884864557549356,-0.07255319753444016
0,A_CN,A0_CN,376,0.48529572896533335,4.869450307561067,True,True,-0.004311095447405253,-0.013045267523419168,-0.0006507221808246255,6.376324957901858e-05,0.004374858696984285,-0.0007556813126895663,0.010151674853493359,0.01794431775033739,0.022024266164013095,0.022779947476702644,0.0040713690296557,0.028433502854292803,0.02037261652940714,0.011844123080816504,0.007772754051160735,0.06557421168083216,0.20249867405569266,0.08858389123940114,0.07197743224623565,0.0064032205654034335,-0.018978454481034857,-0.03817030197574495,-0.04682461621325873,-0.05119446194024291,-0.03221600745920805
0,A_CN,A0_CN,377,0.8356121989276775,3.887034344842013,True,True,0.003909273176906557,0.01765925329889917,0.006084815701142721,0.003094610484935867,-0.0008146626919707245,0.003813336700304003,0.0260339157741446,0.0366172725509456,0.03208620772482934,0.02827287102452536,0.0016922202456497656,0.02323408154442036,0.02305217693249939,0.014605627083715822,0.012913406838065966,0.00037168469173380625,0.0009866364196517985,-0.014492813896464618,-0.022600014536081736,-0.0229716992278155,-0.027467153380535278,-0.06422237128219185,-0.09002691805721834,-0.09748312350783876,-0.07001597012730348
0,A_CN,A0_CN,378,0.5136318338713833,4.747153196573093,True,True,-0.00986614985357858,-0.03840908723482356,-0.010882442394516856,-0.005419236326843491,0.004446913526735097,0.015199239600795784,0.1345149656711912,0.14039644059507028,0.13226047984951117,0.11706124024871534,0.013161182282238497,0.0863402475577747,0.04848996086640611,0.02896259758255526,0.015801415300316757,0.11597930090616923,0.47271512111689407,0.22994056282304254,0.18681708948506037,0.07083778857889111,-0.05950377468078627,-0.07867200377839667,-0.08551471501485519,-0.08575953825711025,-0.026255763576323976
0,A_CN,A0_CN,379,0.11450068234568389,5.375566661872064,True,True,-0.005991066954874766,-0.054232951804485396,-0.029297460235015116,-0.015577394851418958,-0.009586327896544233,-0.3033658640213124,-0.07374550223924992,-0.06132447123511242,-0.05298148585336793,0.25038437816794445,-0.010982823335219688,0.016790644151079337,0.004550345088454866,0.0021335016230769055,0.01311632495829651,0.018323233637872423,0.17246149964626512,0.1856943190502246,0.13663006707179137,0.1183068334339189,0.03358137071806622,0.0009264426394693936,-0.004888999829514962,-0.0035099333412039746,-0.03709130405927019
0,A_CN,A0_CN,380,0.04036427523489594,3.4657373945333854,True,True,0.017459985763523686,0.0930374008906027,0.03001908265057096,0.015218075861395786,-0.0022419099021279143,0.06207845885336319,0.15859179034555115,0.1237379061597299,0.10814741249215454,0.04606895363879138,-0.02420232563321752,-0.1509388682880231,-0.07121810456404765,-0.037887134561050306,-0.013684808927832748,-0.05295993048427409,-0.21426463807517582,-0.040201030297983165,-0.0402043601315899,0.012755570352684154,0.035089964800094076,0.010158385836152195,-0.013434870288898337,-0.02090650173397368,-0.05599646653406776
0,A_CN,A0_CN,381,0.18580777476385235,5.492482819682788,True,True,-0.003983160909602226,-0.022865608332650056,-0.008752930686660387,-0.0054719146088098025,-0.0014887536992075345,0.005785701215224669,0.10427114937138249,0.1391275152795619,0.13379397560016182,0.12800827438493712,-0.005443579286467465,-0.034989287454224915,-0.017094918007766857,-0.009863992484522854,-0.004420413198055417,0.0801528166968613,0.31924620368453704,0.11684199299386278,0.09368939113930652,0.01353657444244527,-0.1095071029507215,-0.14224903487531093,-0.16469485882554913,-0.16933557947397776,-0.05982847652325626
0,A_CN,A0_CN,382,0.49118616592814146,4.483581829875439,True,True,-0.01508310819889859,-0.08151364734889921,-0.028563978030987536,-0.014938798498488781,0.00014430970040979485,0.014395938517383855,0.1338431033320897,0.1230957354389397,0.10952204955420453,0.09512611103682067,0.01270984887929038,0.08248045113853014,0.04383936478730033,0.025042005964312386,0.012332157085022,-0.5850299658029486,0.004638881670713135,-0.004309707074519165,-0.007146516680242798,0.5778834491227058,0.05362209190512565,0.008087885380807736,-0.024315939515787865,-0.032687568040702164,-0.08630965994582782
0,A_CN,A0_CN,383,0.3697021813042519,5.105837737460433,True,True,-0.009013598791213585,-0.056330016161395546,-0.051295209973777345,-0.03829566629170422,-0.02928206750049067,0.014976899333827953,0.005609424510532812,0.0010397371542821832,0.0004826306498592059,-0.014494268683968747,0.004487243928273044,-0.015912407501748382,-0.005766463042397141,-0.0031808890464464223,-0.007668132974719466,0.001408230792378104,0.007581381069461268,0.008066535750368975,0.005217167798870159,0.003808937006492097,0.027798366732793345,-0.003674311716019618,-0.0038428580062246365,-0.002448973507585661,-0.030247340240379006
0,A_CN,A0_CN,384,0.3299685166757643,4.5569474075045395,True,True,0.0030035209598304677,0.043705156823233726,0.03556342101795351,0.02155993457654337,0.018556413616712897,0.039249977808030745,0.03477734878209604,0.03077537678994513,0.025615180121003944,-0.0136347976870268,-0.005006704744839108,-0.03873243188163933,-0.013372907381278942,-0.006789461048593459,-0.0017827563037543515,-0.007898864267702213,-0.07791495895767608,-0.017670950041434152,-0.005151872085214504,0.0027469921824876398,0.018370682301899977,-0.021543911912213054,-0.05191551096330671,-0.060816675291497035,-0.07918735759339701
0,A_CN,A0_CN,385,0.9108206060023988,4.465413464407714,True,True,0.003708422686054161,0.01537320954785859,0.004547867443252529,0.002085746677109479,-0.0016226760089447234,0.0463362377569041,0.05970759200607234,0.0650646424008986,0.06067337642773374,0.014337138670829641,-0.07742860794737594,-0.07494944997457653,-0.016766299563059084,-0.00864095796691633,0.06878764998045966,0.006494706798164378,0.061888057121041506,0.10665396106522396,0.10576234591122291,0.09926763911305847,-1.241735281026779e-05,-0.019621577712664706,-0.0441529708232378,-0.052400595377297604,-0.052388178024487336
0,A_CN,A0_CN,386,0.3962437350047804,3.2611854937447404,True,True,-0.00118974382595953,0.003328342957847674,-0.0007703512199794815,-0.0006434566468270786,0.0005462871791324098,0.0006138575188164401,0.007227112166399707,0.00777155540514618,0.006812383721823467,0.006198526203007038,0.001806928993440933,0.014842963158856526,0.013890926555684358,0.010007147327405708,0.008200218333964782,0.0026277838926897223,0.021672875385648327,0.033509765750163845,0.0314381144742063,0.028810330581516608,0.0412591422430737,0.011065056216450486,-0.012696192995874545,-0.019379365125824055,-0.060638507368897754
0,A_CN,A0_CN,387,0.6952890737079819,5.266513079569359,True,True,0.0053018536237344795,0.060272665912348866,0.10349162146225233,0.08165642502234749,0.07635457139861301,-0.3100911275229962,0.004972826973277056,0.033552726602110616,0.039863964791269635,0.3499550923142658,-0.30184202232852214,-0.09708979187883582,-0.020035818405351846,-0.010520388247168388,0.2913216340813537,0.021079224023093278,0.20405725377518963,0.24002836335545064,0.19340821854786405,0.17232899452477068,0.019537728718253985,0.04993136717087356,0.041120885851555405,0.035820619272696946,0.016282890554442958
0,A_CN,A0_CN,388,0.3013789633351287,5.322193136273639,True,True,-0.0050571053170139005,-0.02851037204608775,-0.007030774092274705,-0.004076053211570896,0.000981052105443081,-0.15032572616952505,-0.02271000055543071,-0.02122461100683115,-0.014317733588111725,0.13600799258141333,-0.032335046480399865,-0.010023074457180314,3.2543503164728094e-05,0.00021129811486941819,0.03254634459526928,0.04669096016953149,0.34759476314686033,0.14038354384148843,0.102157081243329,0.05546612107379756,-0.00220943694045265,-0.02396245498508283,-0.05733817125857443,-0.06669374581033531,-0.06448430886988266
0,A_CN,A0_CN,389,0.5992361552568982,3.170664477764857,True,True,0.0015399221069839347,0.0035951189512879456,-0.00024079112805885927,-1.1865146216538669e-05,-0.0015517872532004873,0.0004015194984871833,0.004434246693481997,0.012430402873661484,0.015395303076801203,0.014993783578314046,-0.00047104107000051423,-0.003771555171383001,-0.0008013734498450997,-0.0004977688192217,-2.6727749221189256e-05,4.165152621395801e-05,-0.006864747054897036,-0.008130826199242658,-0.00872962984141512,-0.008771281367629169,0.07341106661624863,0.04320699942032824,0.01953782623782163,0.012855108375272817,-0.060555958240975816
0,A_CN,A0_CN,390,0.04402012310506709,4.756148705302041,True,True,0.00527230129828634,0.02415093588802486,0.010066108505460747,0.00554015804471919,0.0002678567464328152,0.05327031137391952,-0.019787018667807077,-0.043105097882681354,-0.04223319031169326,-0.09550350168561272,-0.006607439441907587,-0.04922691937720086,-0.014557094037219387,-0.006740832634545835,-0.00013339319263827587,-0.016876861575004835,-0.1564622855408262,-0.05328660469543478,-0.04908686776310767,-0.03221000618810277,0.05729440661958829,0.00198595984963601,-0.02511956073099475,-0.028205305150858617,-0.0854997117704469
0,A_CN,A0_CN,391,0.9282719631480676,4.893448689464091,True,True,-0.009719333532880077,-0.05090864613081725,-0.012674023944385548,-0.006795289053484921,0.0029240444793952047,-0.07016896603423917,-0.015299417294300843,-0.005473097035434749,-0.004259771254292999,0.06590919477994617,-0.04221252411402811,-0.05217660712310168,-0.019176653535489807,-0.011844360301766166,0.030368163812261928,0.02020767300996395,0.21382569373783777,0.07418911102408021,0.04179057984856471,0.021582906838600757,0.09435088005944103,0.04483947700957702,0.011889500384969054,0.00642334592545335,-0.08792753413398768
0,A_CN,A0_CN,392,0.24129980437471255,3.694067507179123,True,True,-0.001896370449052144,-0.012273773854426961,-0.004941541800796534,-0.0026956844592297413,-0.0007993140101776319,-0.005153196504980494,-0.006643135457174987,-0.007616971257139338,-0.006902007063432802,-0.0017488105584523295,0.0017714769760315274,0.014361868208097206,0.0027613322032613574,0.0024557222566234937,0.0006842452805919663,-0.003946165458111071,-0.01786435400673453,0.008666485474771557,0.003663967108840316,0.007610132566951422,0.0037518211542676427,-0.027361381288200537,-0.0520359222497504,-0.05919169344243447,-0.06294351459670211
0,A_CN,A0_CN,393,0.1398102361638145,3.1901675436909804,True,True,-0.0005459164327653518,0.002240921791614725,0.0034752537825541996,0.003139760969840255,0.003685677402605503,-0.024900590544331726,-0.06562390702664128,-0.06207789257177576,-0.05969447096888103,-0.03479388042454923,0.001936626009786127,0.008399493544010483,0.002664078805164949,0.0014370584951653997,-0.000499567514620658,0.000346055559569583,0.0023081159435014986,-0.018792007356288276,-0.0297987698479818,-0.030144825407551368,-0.017081773724466953,-0.06071557608572348,-0.09190709712045592,-0.101133843768758,-0.08405207004429105
0,A_CN,A0_CN,394,0.6032340687878565,4.927210363706425,True,True,0.002800638220576933,0.011880670900217605,0.004313717227914959,0.002502408192806116,-0.0002982300277707406,0.0001663056581405406,-0.0029537616376194564,-0.015305673310033407,-0.01991581506666973,-0.020082120724810304,6.517597003445619e-05,0.003731831854865697,0.0012831557461812082,5.848427855736915e-05,-6.691691477156425e-06,0.0029113478280153662,0.022454946459786185,0.020843835788929232,0.008511776131765236,0.005600428303749849,-0.001054271296583642,-0.03538353773924474,-0.06138375072247937,-0.06829266103261422,-0.06723838973603058
0,A_CN,A0_CN,395,0.7602255594599702,4.17453813648622,True,True,0.007931211369075798,0.02211136313789519,0.00869143821981988,0.004005400676382775,-0.003925810692693044,-0.02881543338424236,0.003982612370289185,-0.018247433296627813,-0.022482067811424256,0.006333365572818106,-0.020155902296961237,-0.10271868323235761,-0.06491863328089043,-0.03772990705512447,-0.017574004758163175,0.004202226349291217,0.04037866572264914,0.06913980179017276,0.07362600400794206,0.06942377765865082,0.07260905055388549,0.014885937167846225,-0.020531949505704084,-0.02951050329537075,-0.10211955384925622
0,A_CN,A0_CN,396,0.6359891065740533,3.379583694347772,True,True,-0.011545025934533638,-0.07223697881921437,-0.02747221224234908,-0.014323345362921902,-0.002778319428388243,0.10453783152893392,0.10172254872651298,0.012088375865840106,0.0008626859760597627,-0.10367514555287416,0.019850864307253503,0.11295166795849859,0.05668898775771014,0.030994604569178463,0.011143740261924995,-0.08580179064147006,-0.2952616806453803,-0.0559251286136343,-0.05000471512011717,0.035797075521352806,0.050572601054545585,0.012489430158739379,-0.014702464046830732,-0.022348483983579137,-0.07292108503812472
0,A_CN,A0_CN,397,0.7189275740978173,4.194694589077487,True,True,-0.002187576883885191,-0.03558368764462505,-0.01836790694181345,-0.009818468622594612,-0.0076308917387094555,-0.33670099500862627,-0.027815603898113106,0.0012602661726597297,0.004822326204897531,0.34152332121352386,-0.17773468751337176,-0.0702167384518374,-0.010928710011022691,-0.005376659759868119,0.17235802775350373,0.027810532821751888,0.27442586503846295,0.2261614272108553,0.1822531180390995,0.15444258521734766,0.0011367721382538921,-0.025264183597871748,-0.05656317876010916,-0.06565593573237027,-0.06679270787062416
0,A_CN,A0_CN,398,0.016426393319823762,4.97207285425341,True,True,-0.0007372200135037227,-0.005042233919430816,-0.002300342970997571,-0.0015953074371659604,-0.0008580874236622238,0.0018989569715607193,0.01759999145043903,0.03935210589911853,0.04436820540228131,0.042469248430720585,0.0007286822605090462,0.010279825380076324,0.019107120971756486,0.014080077461935958,0.013351395201426919,0.00027163132587179617,0.00876354689726272,0.01585975579787735,0.018652957899732203,0.01838132657386049,0.04317773836098027,0.01196917713229334,-0.013005166100559518,-0.02004321934244102,-0.06322095770342129
0,A_CN,A0_CN,399,0.8148424952537955,4.044932964425181,True,True,-0.06225025724680738,-0.0914920752869941,-0.01924089062266543,-0.00925143738049905,0.05299881986630828,0.06717529439247893,0.02554220180133382,0.007369445173628919,0.004352735031153632,-0.0628225593613253,0.006362675009524574,-0.054291712413320314,-0.1428387198539396,-0.16919865292693714,-0.17556132793646173,0.015166070145086898,0.1614598812764826,0.18482157421851964,0.1461841807002443,0.13101811055515744,-0.019216179378692605,-0.08829448632660056,-0.12972690730618297,-0.13913084377517143,-0.11991466439647885
0,A_CN,A0_CN,400,0.3904568473142611,4.321940965727718,True,True,0.004243002967186833,0.017856176133206336,0.00452668903533926,0.0016824880473003123,-0.002560514919886514,-0.007636999342605512,-0.055999451411890167,-0.07392463885488831,-0.0726185122580224,-0.06498151291541682,-0.002873397278732266,-0.03323151350193271,-0.028971740301376392,-0.018162421993530464,-0.015289024714798205,-0.01617357699725002,-0.155128464920964,-0.12009736532432747,-0.10283527819019078,-0.08666170119294081,0.041278705245902825,0.0025013406215306233,-0.02512695021164113,-0.03289325915326324,-0.07417196439916607
0,A_CN,A0_CN,401,0.4395779037527331,5.313627242920366,True,True,-0.013190438709365725,-0.11076301592592847,-0.06815024314179319,-0.03912563051596829,-0.02593519180660253,0.09568683930865754,0.24771470765151032,0.09243770118043149,0.07114673022462625,-0.02454010908403137,0.05605567628330022,0.13346520941113688,0.028252794460161046,0.012071270227993258,-0.04398440605530696,-0.7962906139871271,-0.2193742637084395,-0.010321801745284298,-0.005880016629421503,0.7904105973577056,0.06966492849798017,0.024594864997672383,-0.009481643918403226,-0.018869375567175717,-0.08853430406515589
0,A_CN,A0_CN,402,0.1597653246508457,4.964601212408834,True,True,0.0016995945937799198,0.006276272208052491,0.0015969799333941381,0.0004581298297626768,-0.0012414647640172083,-0.0004833012319196313,-0.005493718707641454,-0.006672005344749321,-0.006316802693630996,-0.0058335014617113545,-0.0011493977724660945,-0.004915926603279885,-0.004929853605923906,-0.0030523645973300484,-0.0019029668248640164,-0.0006712722920814221,-0.003622522539591,-0.012985060566315876,-0.015956644883180493,-0.015285372591099078,0.05903213069833535,0.02837507808844586,0.00832692840275251,0.004555023665324787,-0.05447710703301056
0,A_CN,A0_CN,403,0.5693615437693597,3.418246707904866,True,True,0.004126236145589164,0.029291131869436826,0.009021692055843022,0.004469623180734628,0.0003433870351454704,-0.09046624646436792,-0.14598754541241576,-0.09690536011632378,-0.08491625385307044,0.005549992611297516,-0.012938737660581519,-0.07163902054336602,-0.027671767259697777,-0.014624457808091185,-0.0016857201475096728,0.0016236749790036406,0.008872218172828628,-0.015256425515911443,-0.028233328168505656,-0.029857003147509276,0.11858481763807271,0.07317591545258506,0.03194801040802964,0.020170136604505395,-0.09841468103356732
0,A_CN,A0_CN,404,0.8451875710545468,4.616191305164701,True,True,0.019089990292046333,0.05084802543893163,0.01422587187338853,0.006904887791762571,-0.012185102500283707,0.040969542038314655,0.020786434392385922,-0.013171136213542378,-0.01935103588533227,-0.06032057792364692,-0.006830285571261922,-0.08085638383688351,-0.17562942437060403,-0.15152996092360393,-0.14469967535234196,-0.003894802575471548,-0.027089458307654135,-0.018152355395953168,-0.009722985209148494,-0.005828182633677015,-0.013089478860764558,-0.06561665328587614,-0.10088500065686094,-0.10940921082745919,-0.09631973196669463
0,A_CN,A0_CN,405,0.8462488541028055,5.001301322468638,True,True,-0.0033779707035108478,-0.010107909987628783,-0.002522737121117946,-0.0007689754560060713,0.0026089952475047973,-6.30261909453228e-05,-0.008771406656059494,-0.02161841217591487,-0.024890572114737275,-0.024827545923791938,0.0006568972584576754,0.0011575886603960583,0.0003695575575892729,0.001795296060850271,0.0011383988023926372,-0.0903570931123462,-0.10122490865959899,-0.06350992206136274,-0.06305254450860887,0.027304548603737322,-0.0005832914327036937,-0.010819470494400713,-0.03114424789918306,-0.03769848913488483,-0.03711519770218115
0,A_CN,A0_CN,406,0.8235917393557005,3.020332719343847,True,True,0.0007001723487748759,0.004013795004924936,0.0005644482752973357,0.0008327910752082834,0.0001326187264334422,-0.023807942153099178,-0.09190690524770556,-0.05392636738405254,-0.0341672981792831,-0.010359356026183875,-0.0077357840525578425,-0.05346904508395062,-0.03434643756164124,-0.021504942715760644,-0.01376915866320283,-0.0011755314825151464,-0.0077498069285457105,-0.019864779712026603,-0.02480469279908437,-0.023629161316569225,0.013793131994641494,-0.02137642619408986,-0.05033873265464195,-0.058586579591679455,-0.07237971158632095
0,A_CN,A0_CN,407,0.6182776376429095,4.07326034828899,False,True,-0.0053563066817184715,-0.0408772529950881,-0.017624046787856673,-0.009241523155601561,-0.0038852164738830686,0.06267299312267,0.08981741416035915,0.04670261639079709,0.030752757420219212,-0.03192023570245084,0.006505369114235118,0.027744190759831033,0.0067466455966764816,0.00442252772060836,-0.0020828413936267998,-0.08521347123457702,-0.22712538667226023,-0.05173940091675633,-0.0536108022918832,0.03160266894269381,0.03365175751492988,-0.011332120556344805,-0.044496201689379955,-0.05352093044103623,-0.08717268795596611
0,A_CN,A0_CN,408,0.7554796084684318,3.98235244057531,True,True,0.0006600737338686435,0.03841917790391147,0.014121436640620932,0.007654734354113124,0.006994660620244453,-0.12637638766897263,-0.05318087525870774,-0.010370963246609466,-0.0055398449906027825,0.12083654267836985,0.057116824285898316,0.15057238900530737,0.2845290578513363,0.2989741970189511,0.24185737273305274,0.00415356444931763,0.019015462851557863,0.036833040891493085,0.04165568238973827,0.03750211794042069,0.10527995539259102,0.07000481080255744,0.028772184796359068,0.011826395198605788,-0.09345356019398526
0,A_CN,A0_CN,409,0.9243561910809184,4.801865510386918,True,True,-0.0004418787598961943,-0.0020633380050769645,0.0004422958325863702,2.3247821229865906e-05,0.0004651265811260741,0.004619147533871444,0.03827658193010369,0.05521384309200844,0.05442147130427433,0.04980232377040289,0.0027126350751026373,0.027129454492266558,0.028089849419974833,0.01823184578077719,0.015519210705674524,0.0016422685420225125,0.013792498079196525,0.011292553222117196,0.004890845392518717,0.0032485768504961765,0.05801887722089316,0.027939950804043434,0.004181470516180896,-0.0022332975197073557,-0.06025217474060052
0,A_CN,A0_CN,410,0.22049479260629312,4.181744643469476,True,True,0.0023020409990889557,0.002378673934379072,-0.0013716305339321888,-0.00038585781826294685,-0.0026878988173518747,-0.03811506060523161,0.05792056261997469,0.08842520278433708,0.08771757775099975,0.12583263835623137,-0.03217486660586797,-0.1269573590336865,-0.04353476717579441,-0.02427051513065448,0.007904351475213511,0.021782952439100785,0.20762224919216982,0.13088444194639193,0.10100390051088748,0.0792209480717867,0.05881179700350769,0.027416791276570596,0.0034993419194722097,-0.0023774056494429985,-0.06118920265295069
0,A_CN,A0_CN,411,0.8961966943901353,3.783680889666164,True,True,0.009593414584055,0.05999110094783833,0.024647625656175953,0.012119319624252278,0.0025259050401973404,-0.5743209992686733,-0.22805174962715835,-0.07168045060611061,-0.06100453940258699,0.5133164598660864,-0.00888820091151838,0.02666619431477102,0.10627489183745686,0.0899416818124733,0.09882988272399162,0.1896680444907455,0.45426713498532445,0.12191201900771731,0.0744227444408031,-0.11524530004994238,0.013094562672063992,-0.021187948053306843,-0.07359363730301632,-0.08755415713000625,-0.10064871980207024
0,A_CN,A0_CN,412,0.46684478748147296,3.828946377894522,True,True,-0.014268590363624496,-0.054667587182365085,-0.016396635194205977,-0.008661781055056439,0.00560680930856805,-0.034137015782015556,-0.06858811007762255,-0.02769987498473181,-0.02098423259522264,0.013152783186792916,0.02997708522489949,0.13940385140314554,0.05965569187298159,0.032779045075378654,0.002801959850479152,0.0040105047759129014,0.035507799777454774,0.054108846394752996,0.056410117053905195,0.05239961227799228,0.12331416662077699,0.046908958344828444,-0.0017062541499802686,-0.013140574711426378,-0.13645474133220337
0,A_CN,A0_CN,413,0.8268093588435464,5.328816292115888,True,True,-0.0047378418038678816,-0.03375184074658116,-0.011011452822918155,-0.006070557561840606,-0.00133271575797278,-0.07491146956437075,-0.10755384379275723,-0.08379480684621365,-0.07746876019554993,-0.0025572906311792654,-0.013720881972369293,-0.05377839590519384,-0.018776297404601072,-0.009595695908649282,0.004125186063720032,0.024201658707410777,0.09513054793400544,-0.03972885240712887,-0.05199548063083992,-0.07619713933825067,0.01776122518989967,-0.02329929851609941,-0.0546132578510404,-0.06299780761717214,-0.0807590328070718
0,A_CN,A0_CN,414,0.5497127965383488,4.395975436193552,True,True,-0.00016326370555979491,0.0010955890265218482,0.0011518594145286665,0.0013475385170316212,0.0015108022225913675,-0.0015967096352660845,0.036625187184608776,0.14744098942252093,0.1738580620056327,0.17545477164089873,-0.006639863418760425,-0.03995461489365526,-0.017583336174172404,-0.010459699326913707,-0.0038198359081532685,0.1424126671264932,0.21541878935020609,0.10436382399455302,0.09018205460355211,-0.052230612522941144,-0.0336699605487733,-0.051923609187654485,-0.06377632978551351,-0.06574165429247913,-0.03207169374370583
0,A_CN,A0_CN,415,0.2820093876344817,4.7030603937919295,True,True,-0.0014072045033952582,-0.0008258932059849178,0.0014843852572841154,0.0004222181147131021,0.0018294226181083673,-0.09343415081735108,-0.07675001314534707,-0.03801857249844609,-0.030777575616001362,0.0626565752013497,-0.0067026445095847015,-0.029362048203307622,-0.009432469763512641,-0.0056496265550916025,0.0010530179544931961,0.026153296605498748,0.20443359649576964,0.04530907510411519,0.02981043770849101,0.0036571411029922007,0.041058787817418674,0.013636128588920826,0.0025273300033288315,0.0012835775264415927,-0.03977521029097708
0,A_CN,A0_CN,416,0.10314960257869676,5.062692357338721,False,True,-0.0005898935452548423,0.008954610968470389,0.02030886737065185,0.014837645292134716,0.015427538837389454,-0.0011288309120049966,0.0970997548729371,0.09896715970355419,0.08339729379564143,0.08452612470764642,-0.25732443711511865,-0.28186540101238766,-0.05114433223271864,-0.025056932781085006,0.23226750433403365,0.0025798792691448663,0.027356433994805418,0.0503954039011002,0.0516926419685626,0.04911276269941767,-0.03743226787525132,-0.03673486364576417,-0.03722039937101096,-0.044182470362392756,-0.006750202487141477
0,A_CN,A0_CN,417,0.8007614158394664,3.6827274611010052,True,True,0.00024731990140892945,-0.001951411982575757,-0.0005680109221682939,-0.0005765201425130817,-0.0008238400439219973,0.0011824161859639894,0.010101743345545117,0.015438190062274704,0.015497577392161677,0.01431516120619769,-3.497627471884396e-05,0.00956630357888344,0.010768987593411827,0.007340766183370873,0.007375742458089696,0.0002955207324367229,0.002776969495657422,0.0024652430414635607,2.775879321514907e-05,-0.00026776193922151137,0.0489039691957418,0.01984840175917968,0.004054093874942599,0.001874617645511223,-0.04702935155023058
0,A_CN,A0_CN,418,0.9730656968274896,4.001160720481233,True,True,-0.001311612464316582,-0.001867077837674036,-0.003168761898337258,-0.0016876635363541892,-0.00037605107203753096,-0.006688190846324795,-0.019502886123094254,-0.014751407142022388,-0.013376886461890003,-0.006688695615565177,-0.009802484332020023,-0.06925318178059092,-0.046957748926273024,-0.02846488157287308,-0.018662397240853057,-0.010889002327903342,-0.09597738275643386,-0.05071384732256856,-0.04095415175381223,-0.030065149425908877,-0.00775543880991832,-0.03849222756094687,-0.0654698037819272,-0.07338105848392745,-0.06562561967400912
0,A_CN,A0_CN,419,0.9078092436008359,3.629854669635024,True,True,-0.0005632284961338413,-0.0027189044734409196,-8.048358224344021e-05,0.0001388212208308648,0.0007020497169647477,0.0006598472203428671,0.0030585067465892513,0.0022585195886010156,0.0009497174602860481,0.0002898702399432018,0.00036292547243709644,0.003659434727437183,0.00027175892037734073,0.0008891702525883893,0.000526244780151286,-0.0008055363159852266,-0.0013421869613536308,-0.007202988895542384,-0.00812157174669581,-0.007316035430710688,0.02965923604511078,-0.0028268719271911102,-0.027125191125967785,-0.03357367485240792,-0.0632329108975187
0,A_CN,A0_CN,420,0.42740217647379375,3.5001216388591807,False,True,-0.05845743964659737,-0.21247311721089795,-0.07106409089574217,-0.036489694953460106,0.021967744693137337,0.03189016629975777,-0.08472666266346018,-0.06754579382960246,-0.06535952500410858,-0.09724969130386635,0.03006532323686182,0.1533946114905137,0.14417227186299963,0.09980523320975598,0.06973990997289425,-0.026457914914605314,-0.23527055515215478,-0.13269143689759755,-0.09829092605910195,-0.07183301114449658,-0.003905530319553884,-0.054842099718081905,-0.10415453160754656,-0.11758665521123424,-0.11368112489168036
0,A_CN,A0_CN,421,0.425751777349202,4.412946404003401,True,True,-0.01758710024793958,-0.11267982327104026,-0.09325773077891197,-0.059980457050159086,-0.04239335680221956,0.025120588437929414,0.0007883700576210018,-0.009438779384644547,-0.008449416813929411,-0.033570005251858825,0.04575066006989187,-0.00018704566466254402,-0.026814931249011242,-0.025256323906179934,-0.07100698397607186,0.003460503072356437,0.03146795414446679,0.026973760890714904,0.014880395255673418,0.01141989218331696,-0.049336005528917544,-0.13940004682253185,-0.19491606126765956,-0.20793433067783534,-0.1585983251489178
0,A_CN,A0_CN,422,0.7591089004202172,4.813804583857211,True,True,0.0026899406231669157,0.016407635210202498,0.0075160527930731025,0.004023428958669251,0.0013334883355022864,-0.01500372529098297,-0.06921202639071419,-0.053776148903289966,-0.04011600339169885,-0.025112278100715812,-0.0009196881366242346,-0.016520683926202262,-0.013153655689718602,-0.008408124126743965,-0.007488435990119724,-0.025978422155141047,-0.18167986715692902,-0.06912686556550374,-0.05554662921898379,-0.029568207063842777,0.008147643498863932,-0.026484491780387254,-0.05703876094422117,-0.0659264718284715,-0.07407411532733543
0,A_CN,A0_CN,423,0.34077186805816384,3.4020138073615898,True,True,-0.011950170398605499,-0.058295496761641585,-0.018199806123508355,-0.009728623642690448,0.002221546755915127,0.057403947791491335,0.10834227999546847,-0.017235136238941906,-0.03462359660750636,-0.09202754439899774,0.039389545670497135,0.1948794131769212,0.07349801174913018,0.03978106867604947,0.0003915230055523411,-0.10503213495661229,-0.16257581644686814,-0.05288391304416307,-0.056531309194252644,0.0485008257623597,-0.023654391644783557,-0.07920777696238968,-0.1172166424719665,-0.1271695451397093,-0.10351515349492574
0,A_CN,A0_CN,424,0.9975874275460296,3.8820530268231312,True,True,0.03133254813695538,0.08826206051214464,0.03287563896582757,0.017570063478556053,-0.013762484658399243,0.06457940342101742,0.024110862585644544,0.0052550831567169665,0.0027289372501795306,-0.06185046617083789,-0.04788201237517065,-0.12187084161537826,-0.20747781266880283,-0.233988852178595,-0.18610683980342435,-0.00047469794049756486,-0.004735566162054616,-0.004113946714884298,-0.0058716620300612865,-0.005396964089563694,0.05688903793639355,-0.016519675284617286,-0.06261519886803957,-0.07388043756319651,-0.13076947549959006
0,A_CN,A0_CN,425,0.7979574241913591,4.889566388795608,True,True,0.00028752224626473616,-0.0031170377056557452,0.00022387462165163186,-0.00011578396014566561,-0.00040330620641038095,-0.0019417211519515976,-0.01727979495453119,-0.023259889350654317,-0.02170325635635917,-0.019761535204407543,-0.0010806234778286891,-0.008122069363063977,-0.007118546081490318,-0.004101781927089099,-0.0030211584492604304,-0.002492051666729597,-0.024328779690246882,-0.02717013787723177,-0.022856112213208712,-0.0203640605464791,0.07065078422158289,0.03792737279306224,0.012661217976422057,0.005279191766749958,-0.06537159245483293
0,A_CN,A0_CN,426,0.21312381719239837,4.633122964715664,True,True,0.005012477418651087,0.021450072676660104,0.0036497043002382545,0.001971424993500559,-0.0030410524251505144,0.026696461295067996,0.0494235541831044,0.03741354364153826,0.03274754138107672,0.006051080086008742,0.001054751733434195,0.0077681761491120715,0.0030073399268020218,0.0012023261823022047,0.0001475744488680375,-0.007996111629015382,-0.07032777894816172,-0.0007084726572504918,0.005173813401122995,0.013169925030138363,-0.010268490446884215,-0.040556213657642726,-0.06313871334750654,-0.06994754458178043,-0.059679054134896214
0,A_CN,A0_CN,427,0.4266766278869366,5.276387902758978,False,True,-0.005295624031503722,-0.056527628762483406,-0.025437964210577535,-0.013104006341776775,-0.007808382310273143,0.028390315433810653,0.04881506433638794,0.03427477258848799,0.02490351609790864,-0.0034867993359020133,-0.09085842148424755,-0.16357691238148486,-0.11039837020209398,-0.07617116299375071,0.014687258490496902,0.010824603613440023,0.1215483861567142,0.09497037302305822,0.05843680623472025,0.0476122026212803,-0.051507011322316165,-0.0768069925932573,-0.0992103382968409,-0.10656480056012196,-0.0550577892378058
0,A_CN,A0_CN,428,0.7963029886147484,3.3680847867969956,True,True,0.0016607489983941487,0.004149697692531817,0.002145862688539002,0.001761277433785402,0.00010052843539132272,0.04468499142466975,0.12307239985360302,0.06184546189887519,0.038471575530132696,-0.0062134158945370555,0.0028009131151923022,0.02394667126287331,0.016520999771167055,0.010604081930354226,0.007803168815161965,-0.21524333171511845,-0.3450256725178972,-0.11815475662747987,-0.1050804902870508,0.11016284142806754,0.0004879893031455307,-0.03434773755586629,-0.0610755197605386,-0.06893999987138588,-0.06942798917453141
0,A_CN,A0_CN,429,0.42089584127114155,5.288033727666235,True,True,0.008067967861078634,0.09310350968649245,0.07197076291698457,0.04317410964725277,0.035106141786174216,-0.29629082431856574,-0.07000932572979612,0.0028268257118049256,0.008967474452511004,0.3052582987710768,-0.05634693425300198,-0.16931018475646548,-0.03925290944725457,-0.019479873740085085,0.03686706051291688,0.04917828972355989,0.3658554751285678,0.15123263411082477,0.10691326500165232,0.05773497527809235,0.043114710606970474,0.002088883335518432,-0.03008808819631409,-0.03996231443906534,-0.08307702504603581
0,A_CN,A0_CN,430,0.4648481521905802,4.845455277750499,True,True,-0.0014804256106331765,-0.006197267955754038,-0.002722871836753349,-0.0019685586726897464,-0.0004881330620565283,0.028640965904676782,0.028805048860173543,0.0058941574942934505,-0.0011462840424988352,-0.029787249947175576,0.01019876536936884,0.05908478293222702,0.023030024852012998,0.01310086413236422,0.0029020987629954087,0.006312747759341222,0.056583469225931715,0.040820978895806936,0.021677494509472983,0.015364746750131775,-0.014857664841948809,-0.05311698572988793,-0.07930946733081373,-0.08624182043305006,-0.07138415559110126
0,A_CN,A0_CN,431,0.5353887054108294,3.7771693044591155,True,True,-0.012449608877852257,-0.04249459805163963,-0.009910427730470683,-0.005247510925333931,0.00720209795251836,0.010301662463454337,0.08702606070809416,0.09840915892430735,0.09328293958886424,0.08298127712540992,0.009536985388403432,0.07891427133026901,0.0569268338873149,0.03511829115746823,0.02558130576906481,-0.46541935267268386,-0.012063787075464405,-0.018368234216476043,-0.020760596859630165,0.4446587558130537,0.03248692571065273,-0.0022705407222787244,-0.028225424312573466,-0.03526361498204156,-0.06775054069269429
0,A_CN,A0_CN,432,0.5479825516915475,4.131479019420857,True,True,-0.007277226984927686,-0.04524785096820133,-0.017032721004706652,-0.008239401019631054,-0.0009621740347033336,-0.22084125763696805,-0.13429099066943345,-0.09896597613582592,-0.09301653797745768,0.12782471965951037,0.011772067496003617,0.06672248306122613,0.024359968459495618,0.012106438728899493,0.0003343712328958137,0.01573100734409731,0.15685478983267825,0.0898090377590206,0.04994257432797855,0.03421156698388128,-0.005372149904483869,-0.05419135168352529,-0.08945940016020382,-0.09933480564697639,-0.09396265574249252
0,A_CN,A0_CN,433,0.33030421918934005,3.366082824496324,True,True,0.0022492956760146177,0.013354303500551334,0.0018399444528723885,0.0005934832932360523,-0.0016558123827785654,-0.002904965325266972,-0.02571760616349167,-0.04440192471003712,-0.04658547182462203,-0.043680506499355065,-0.0029604857579690995,-0.0344011396671397,-0.04901411942561018,-0.04057645089190476,-0.037615965133935725,-0.006409786359619824,-0.060936879119321774,-0.06787193885166876,-0.06090211458375261,-0.05449232822413275,0.025836069082898955,-0.009023889757206804,-0.03521993800770412,-0.04274396025806093,-0.06858002934095989
0,A_CN,A0_CN,434,0.9689593706019912,4.47563342520049,True,True,-0.0005143656356252149,0.002184020627943317,0.0009764017929204671,0.00026002175761707935,0.0007743873932423151,-0.0005686724785022475,-0.0063499073413545715,-0.010893534967924057,-0.012061627995411994,-0.011492955516909764,4.4828037810952515e-05,-0.002085649753798713,-0.0020638663956823455,-0.0014910842464892493,-0.0015359122843002782,-0.0009759898114544835,-0.002659853915728705,-0.00584019291578719,-0.007579520295603714,-0.006603530484149189,0.06753362605782909,0.030337032563107824,0.006936421629442191,0.0035464898692556535,-0.06398713618857343
0,A_CN,A0_CN,435,0.7719034796923631,3.424714053231699,True,True,-0.002605582733504419,-0.010071998288120665,-0.002944754206024247,-0.0021965695817414144,0.0004090131517630047,0.020432462755627163,0.037932420786058685,0.01639896618471648,0.008457404954959613,-0.011975057800667543,0.0063417699553674975,0.038979000718413315,0.018648740553089738,0.009895552339245217,0.0035537823838777127,-0.0037348804267251165,-0.02338133511491375,-0.017699888032999933,-0.028252524116585964,-0.02451764368986087,0.027346905258393228,-0.009742584417234856,-0.035429777089412196,-0.04280530158862794,-0.07015220684702117
0,A_CN,A0_CN,436,0.6196196820508914,5.077292127803731,True,True,-0.0041713271044783035,-0.024575671291188927,-0.009414542603241927,-0.005055014398822499,-0.000883687294344182,0.07238569058287089,0.0743045478693562,0.054323049428129044,0.04398896618384973,-0.028396724399021078,0.01543446706761658,0.0499889650386115,0.014796135826956713,0.00748661849715182,-0.007947848570464822,-0.06013317529712335,-0.2324688451199865,-0.05395057216936949,-0.04947781103202109,0.010655364265102163,0.07209398738532266,0.03342542621886141,0.0044015261674458794,-0.0040339698452740436,-0.0761279572305967
0,A_CN,A0_CN,437,0.1835436697457603,4.892659953573685,True,True,0.0005979818744550822,-0.00875558638934315,-0.00410380702180857,-0.0024791758977622536,-0.003077157772217287,0.19822028554739063,0.20501043769520566,0.02769635927084546,-0.005390637481779703,-0.20361092302917028,0.0067459209241649346,0.07378604868990718,0.045237194240759004,0.027727521456540893,0.020981600532375966,-0.22581471037207435,-0.43756806560083916,-0.149879512226194,-0.1298377875030391,0.09597692286903525,0.08722266084350405,0.040110734686302885,0.00362556567037553,-0.006644842933528294,-0.09386750377703235
0,A_CN,A0_CN,438,0.8326672000558042,3.2639357839366943,True,True,0.0014056075894760753,0.015797009183698085,0.005830694275370085,0.003228316471985515,0.0018227088825094606,0.030121588668198234,0.2721921388164118,0.30812997960787925,0.27361439900728113,0.24349281033908288,-0.009438449060354858,-0.05657446133047789,-0.018558078936244837,-0.008658530227942274,0.0007799188324125739,-0.7027748240479045,-0.022744664449432017,-0.01428332407369548,-0.013458875060413766,0.6893159489874907,-0.030959853368416,-0.03554531515612003,-0.058428721519980575,-0.06523077647989517,-0.03427092311147917
0,A_CN,A0_CN,439,0.6092592583706883,4.683112989205078,False,False,0.008175309470472236,0.05560076880150405,0.03670834189339267,0.021541223013042066,0.013365913542569885,-0.008105924744652604,-0.009914164707897244,0.001564127831277018,0.0008035347279184979,0.008909459472571102,-0.036957728696469114,-0.038344131075473076,-0.008966283541783415,-0.003958996312481644,0.03299873238398754,-0.0029836213129161085,-0.029763963245528546,-0.039017807305484875,-0.040447221038498626,-0.03746359972558244,0.08010997736044381,0.048901856245789965,0.017643643050350044,0.008137812802710198,-0.07197216455773364
0,A_CN,A0_CN,440,0.13076249721595046,5.488844801340985,True,True,-0.005374855361250333,-0.02663113772895065,-0.008651344611319,-0.004474199726710704,0.00090065563453956,0.05940828970590011,0.02303716276289869,-0.02617403831371301,-0.0365738230920164,-0.09598211279791646,0.007300906583567496,0.052344180181062516,0.023003828683049288,0.013232965431291266,0.005932058847723742,-0.03107808932485223,-0.20463649310817278,-0.058436000458532034,-0.0565966314667572,-0.025518542141904965,-0.01794232074775226,-0.06041578359032307,-0.0905813465615044,-0.09912365045005223,-0.08118132970229996
0,A_CN,A0_CN,441,0.6968513445352255,3.09805794914942,True,True,0.035623803862721716,0.157527429090989,0.06556055413062323,0.0363443764127751,0.0007205725500534221,0.03581803145791662,0.052113271571364916,0.028807720616836674,0.01916550513521098,-0.01665252632270564,-0.02194914891378605,-0.11243502385136156,-0.047382712003186,-0.0244082693715324,-0.002459120457746322,-0.0122879925645029,-0.12242758491035577,-0.04908943507668673,-0.023516857875423347,-0.011228865310920488,0.05740978755017534,0.021724674878303096,0.0040012971187805,0.00214661412994388,-0.05526317342023146
0,A_CN,A0_CN,442,0.7051588298391286,3.0008094863742074,True,True,-0.004654076728717239,-0.02077814158202529,-0.004864489600441835,-0.0022494807952618823,0.0024045959334553224,0.010260600351967335,0.10352398129167395,0.19199394003472742,0.2070351608315713,0.196774560479604,0.008461025808211751,0.07636196255960948,0.07754314970507181,0.05133127177014141,0.042870245961929676,0.3895593932658895,0.20969445340714932,0.10153610187110618,0.08835660580604998,-0.3012027874598395,-0.06965169265444993,-0.10321488335180995,-0.12450598503383992,-0.1290036337655111,-0.05935194111106118
0,A_CN,A0_CN,443,0.7735832337635941,4.077513508303992,True,True,-0.0038011032102665404,-0.039191465387509394,-0.01848314179020749,-0.009653963541130905,-0.005852860330864296,0.04959828354599429,0.2447550887751832,0.18243074800994719,0.15301684187478448,0.10341855832879021,0.0038735093390700748,0.021871017726503295,0.014618382374602112,0.010417095244872443,0.006543585905802396,0.02518907403395152,0.19380160420762127,0.04704978368934898,0.03128876619875376,0.006099692164802217,-0.1039461072757838,-0.14496559826519967,-0.16784868809754971,-0.17272731151217158,-0.06878120423638778
0,A_CN,A0_CN,444,0.848248863610604,4.362196769945781,True,True,-0.018460606316626646,-0.08132093751507186,-0.029513580202876866,-0.01664270136434476,0.0018179049522819568,0.047800802833194656,0.032163221349809645,0.004876445422484221,0.002740729693835431,-0.045060073139359225,-0.013378137034186926,-0.09559482542747155,-0.1621137774703746,-0.13637336962255897,-0.12299523258837208,0.0018805559715726339,0.019023487792105442,0.038288017154537224,0.044497411723334435,0.042616855751761884,-0.0015724856689425248,-0.056812864463444024,-0.09138991855221967,-0.09981988818115906,-0.09824740251221653
0,A_CN,A0_CN,445,0.976389469640192,3.5071959599684686,True,True,-0.03296831476486484,-0.04462342109884354,-0.008121357547842378,-0.004073103440801695,0.02889521132406314,-0.009305581892106729,-0.019381174988163274,-0.02118953242783206,-0.021870499544462296,-0.012564917652355567,-0.0015684379887655215,-0.016274527330889133,-0.042045324423847535,-0.05360256880579212,-0.05203413081702657,0.000871049214093915,0.01191741670927604,0.01154805237340728,0.007253268644451971,0.006382219430358105,0.10422655853960591,0.09485962922842317,0.04190265136411381,0.02678064867566654,-0.07744590986393934
0,A_CN,A0_CN,446,0.14010515901566922,5.0282654243689375,True,True,-0.0018097147947955111,-0.009806377401801791,-0.0008467624351569114,-8.996971635411022e-05,0.0017197450784414148,-0.008467093095629895,-0.05528493505917004,-0.03998201999020956,-0.03501755737234413,-0.026550464276714147,-0.0018925282251864642,-0.008861052083527388,-0.004040669361414118,-0.002678560521146345,-0.0007860322959598598,-0.002624372272539366,-0.009328553951431062,-0.023649513349129125,-0.02646402915774171,-0.023839656885202287,0.08613393091971944,0.04806502088144737,0.020563396249048238,0.013565278193219954,-0.07256865272649948
0,A_CN,A0_CN,447,0.35715639069230365,5.352338886958085,True,True,0.0016827870077875083,0.006484400271820012,-0.009320257164887213,-0.021936020671942003,-0.02361880767972946,0.0011143842030546525,0.0002853077023297068,9.794614819036429e-05,7.942256723780794e-05,-0.0010349616358168445,0.002795364044839821,-0.013470993654065011,-0.004749077840571103,-0.002445339200251251,-0.005240703245091072,0.002487084271135899,0.02162346928109793,0.02374522991673622,0.014906787413176859,0.012419703142040994,0.12773103084682147,0.12515369311641683,0.055037982581278566,0.035621843450596324,-0.09210918739622515
0,A_CN,A0_CN,448,0.09670190053999428,3.9328111417852214,True,True,0.0020896862372975222,-0.008422372363615593,-0.006623301430257356,-0.0036078515831456937,-0.005697537820443244,-0.018669941881515495,0.009892010706373688,0.0051758123394128885,0.0032723592945950175,0.021942301176110512,-0.06920295642514268,-0.11218599764136977,-0.06559210522779468,-0.0388641595186342,0.030338796906508536,-0.000557837814324981,-0.007239932525736459,-0.004989271692466546,-0.0008150764166906521,-0.00025723860236570584,0.061498587130774496,0.01723536131769654,-0.0029934453390702,-0.003997999645047101,-0.0654965867758216
0,A_CN,A0_CN,449,0.4829463524086067,4.696097373959084,True,True,-0.011343418930300407,-0.05332962629071958,-0.017114340768236036,-0.008525955084671577,0.0028174638456287537,0.055694528035372726,-0.04790858482872795,-0.09254676404367912,-0.09743062808021818,-0.1531251561155909,0.3947084685566885,0.17454714998251097,0.03478542228050341,0.0169148389280509,-0.3777936296286376,-0.029435736165298994,-0.2511889678220739,-0.11188281111904785,-0.08759870512847823,-0.058162968963179296,-0.009471323125184294,-0.06336995211715821,-0.109111247146262,-0.12185817822682038,-0.11238685510163608
0,A_CN,A0_CN,450,0.30075011553435615,5.222615508216791,True,True,0.009669362520007278,0.11491082477322656,0.08065756626907217,0.0468398446444942,0.037170482124486925,-0.46950342395643235,-0.0968050808665799,-0.08334396434951741,-0.08054986842418888,0.3889535555322434,-0.15170983804778487,-0.036553592698779114,-0.003032833526673495,-0.0010378678795689433,0.15067197016821587,0.0945630199709501,0.44937467028521405,0.10215575658700116,0.05582370523551938,-0.038739314735430685,0.016315310852070553,-0.047168018697308356,-0.09089809303022744,-0.10238473964803829,-0.11870005050010884
0,A_CN,A0_CN,451,0.644666901045172,5.147564116433488,True,True,-0.009947228071198216,-0.041978258205782715,-0.006623818926921654,-0.0034504175354900246,0.006496810535708164,-0.17744389301770166,-0.10598036767946634,-0.07643792400492888,-0.07757346139210164,0.09987043162560005,-0.08426492438774548,-0.024289849414058207,0.004329465541058619,0.002652236382156836,0.0869171607699023,0.043535410398723134,0.05594702414096808,-0.006051538733312989,-0.01327473903363574,-0.05681014943235885,-0.00623433434424784,-0.04302551200252965,-0.08026916667955804,-0.09116119771103054,-0.0849268633667827
0,A_CN,A0_CN,452,0.389960310333205,3.4507787999453146,True,True,0.0012682768840144368,0.002209453144559226,0.00034633374913362047,0.00030605009670969796,-0.0009622267873047319,-0.015992946562269815,-0.1151261878097117,-0.15597677367315388,-0.15168017649795767,-0.13568722993568788,-0.0029558310152118378,-0.03886661532104091,-0.04921331236940463,-0.032435042661807856,-0.02947921164659606,-0.014399831012059681,-0.13963573714555672,-0.13054465034018892,-0.11833637060713109,-0.10393653959507143,-0.010340339079100924,-0.05118942530893289,-0.08039731021048668,-0.0885097771218345,-0.07816943804273357
0,A_CN,A0_CN,453,0.0030975986832155744,4.836515294817724,True,True,0.02145791869066612,0.07552813552110438,0.03016086849343569,0.015389114088427802,-0.0060688046022382425,0.011472588040380316,-0.01088609861710077,-0.03002178343644346,-0.03503370957704044,-0.046506297617420755,0.141341017141435,0.05452394396919391,0.010284421688619316,0.005376714911037639,-0.13596430223039735,-0.00477422458329578,-0.04701665832221036,-0.06734428255990677,-0.06158021870520092,-0.05680599412190512,-0.003402944840258781,-0.03268209982341936,-0.06966260976648594,-0.0796073494763036,-0.0762044046360448
0,A_CN,A0_CN,454,0.446431201827035,4.953778762492513,False,False,-0.002343884640054604,-0.0052539246713474985,0.007490021487570386,0.005793401396936182,0.00813728603699082,0.01165931823581412,0.03467245852188705,0.024231555239464964,0.015539795157135217,0.0038804769213210966,-0.0177999706324376,-0.07955845068743816,-0.03032489890160628,-0.01698399583797272,0.0008159747944649354,-0.0109490812366011,-0.11545061183414762,-0.012256725725355522,-0.005199122373246823,0.005749958863354276,-0.005681810397012571,-0.030557931799842175,-0.053831634212069046,-0.06301331776303165,-0.05733150736601911
0,A_CN,A0_CN,455,0.2064954609222679,4.184836894523835,True,True,-0.007653101664028938,-0.04087472091305877,-0.013276890086499904,-0.006774495037159323,0.0008786066268695603,0.0022819713889301214,0.012420091349387291,0.007970807248676326,0.005491392897410019,0.003209421508479915,0.0037815794918955037,0.031929009046706924,0.029455679950775582,0.018687905900611312,0.014906326408715809,0.010114322863343402,0.10044008581970665,0.11211931674212794,0.0942947069036566,0.08418038404031314,-0.0196526916363417,-0.04837119658571487,-0.07173185991049286,-0.07812905250745017,-0.05847636087110847
0,A_CN,A0_CN,456,0.39987816327180836,3.0530197621229638,True,True,-0.012293763623843726,-0.0431085112749543,-0.010463097795417098,-0.005723475804840006,0.006570287819003706,0.05599599668650759,-0.12639407093637078,-0.09249149681037083,-0.0874407047913589,-0.14343670147786652,0.023660007749871308,0.19625961821033835,0.15000208555210526,0.0900416806667157,0.06638167291684438,-0.012394852495528054,-0.11972205207195818,-0.10813828528180647,-0.0976610337858902,-0.08526618129036212,0.08444687399983655,0.01632973324345105,-0.02984069404407641,-0.0418196465051045,-0.12626652050494103
0,A_CN,A0_CN,457,0.19671421155206725,4.971395325743558,True,True,0.026813263547960365,0.16745814194357705,0.14041502054489385,0.0988561026431024,0.07204283909514198,0.0315863451593269,0.013123408068135722,0.002542409694683667,0.001273328936830076,-0.030313016222496825,-0.03324211717614278,-0.05079711357339889,-0.032458154067924516,-0.02082600189759143,0.012416115278551354,0.0006296027934344708,0.0010503599034947797,-0.001375081059732275,-0.000462527697447368,-0.0010921304908818597,-0.1056806185712591,-0.15945391701431477,-0.18377455005335086,-0.18182777242153148,-0.07614715385027238
0,A_CN,A0_CN,458,0.9953440370848493,4.595558228268078,True,True,0.002554617098588209,0.009472127629416294,0.0016537089803464466,0.0007582673690195163,-0.0017963497295686581,0.10775944761905049,0.0603494701335191,0.01344295859839395,0.002560246622846929,-0.1051992009962035,0.025641640600634855,0.08932331149638673,0.026351678734854556,0.014131048851019123,-0.011510591749615773,-0.022818560670896722,-0.16429089333520164,-0.0076754870124733365,-0.0072712107407557625,0.015547349930141063,-0.015324482028447384,-0.05604962812423431,-0.08358765458840489,-0.09074722662154577,-0.07542274459309839
0,A_CN,A0_CN,459,0.9338821209529122,3.520318789745125,True,True,-0.0026623169469841557,-0.005129016715590851,-0.0014889731994215394,-0.0010371393041607169,0.0016251776428234388,-0.00392832624690527,-0.02518230546990602,-0.013700587121241115,-0.012066565884494507,-0.008138239637589306,-0.0016478467701788943,-0.0019448421243011271,0.0028027480025570872,0.0014842671666632778,0.003132113936842207,0.004321334870449833,-0.006906980783626615,-0.0134927611260095,-0.012854974868541147,-0.01717630973899098,0.010438559825379334,-0.03222948877023568,-0.06402364475222566,-0.07303597774138709,-0.08347453756676643
0,A_CN,A0_CN,460,0.6312699476702924,4.211895151203555,True,True,0.004251931973805141,0.026401385912643127,0.02243472149628456,0.01242414948921211,0.008172217515406976,-0.33791367305820874,-0.06025480269140582,-0.04705153334742185,-0.043162162400031345,0.2947515106581774,0.006507061351087376,0.05403004615086998,0.03359581130554756,0.02154727113338717,0.015040209782299807,-0.007653122400963719,-0.005862625479347461,0.007651786023668117,0.0038864046720995526,0.011539527073063272,0.05648529861695806,0.007435927659098979,-0.04067959707770197,-0.05366401672409976,-0.11014931534105782
0,A_CN,A0_CN,461,0.07217304433439353,5.27650689712506,True,True,0.08383255929611827,0.21024400751661004,0.09119829502621579,0.052629961143901394,-0.03120259815221682,0.0717217318134925,0.027291324841900777,0.006243721166463212,0.0032816196080375226,-0.06844011220545498,0.009365216238858387,-0.053090408471311634,-0.13407769536727832,-0.15290699148567044,-0.16227220772452888,0.002264115304449435,0.026615832385314564,0.03891921324387537,0.03210799327049407,0.029843877966044707,-0.030628123414909586,-0.12026664537557122,-0.17857407354697236,-0.19169256115435068,-0.16106443773944107
0,A_CN,A0_CN,462,0.10405764216144364,3.60255098717602,True,True,0.001577603399285657,0.016014117089973023,0.0026303303026862235,0.0015972472667296067,1.9643867444019136e-05,-0.0032728898463793288,-0.029520164825385636,-0.05678545543065633,-0.0630902761125306,-0.059817386266151296,-0.0011656486757466167,-0.016002671180733063,-0.025739707718827498,-0.020330989536146205,-0.01916534086039956,-0.0020433479137901382,-0.019485506058046664,-0.0424791111038898,-0.0506996894512467,-0.04865634153745657,-0.07370796072675587,-0.10971967017573364,-0.13784586361104267,-0.14512746138750843,-0.07141950066075256
0,A_CN,A0_CN,463,0.6529352931054933,4.427535448895036,True,True,-0.002236450396601544,-0.019945345882243892,-0.0069838439272268404,-0.00347680107921311,-0.001240350682611524,-0.028373042072535153,-0.09594839394777654,-0.017878289047114082,-0.00249908067028648,0.025873961402248735,-0.00010357832397821926,-0.000996961460649648,-0.0015852142426546756,-0.001108830419082496,-0.0010052520951042698,0.03634122926053018,0.0188971747318446,-0.00912351357977037,-0.00848903348360186,-0.04483026274413204,-0.0018689760545274048,-0.0390855525795859,-0.059705841749306154,-0.05918382052605442,-0.057314844471527016
0,A_CN,A0_CN,464,0.5362534044282391,3.68547725435345,False,False,0.004668335692225398,-0.004683529127534003,-0.004696654363674502,-0.002173331097160225,-0.006841666789385581,-0.012393045357950383,0.03581757194429913,0.020355602542973306,0.012996029019314848,0.02538907437726523,-0.03903894918300359,-0.11730270675357779,-0.05094636034731437,-0.027409409980822752,0.011629539202180905,0.003813677849016976,0.040375726672610024,0.07241225628001868,0.07611629720553137,0.07230261935651439,-0.055826948620180644,-0.10065404285664634,-0.13069870957576868,-0.13885266986562914,-0.08302572124544849
0,A_CN,A0_CN,465,0.11124576577376055,4.1093802019824075,True,True,0.001634225769799734,0.012222047768986388,0.0011540998986403483,0.0008357364438887904,-0.0007984893259108672,0.006240420537115019,0.025967638295021855,0.02304791081620383,0.018515343499577952,0.012274922962462909,-0.0005773241859638525,0.005795814722282577,0.006865344448009347,0.0034027216240932745,0.003980045810057176,0.0073067531194916865,0.08340303543949495,0.07763300075901958,0.05858262848073148,0.05127587536123979,-0.016740030361365454,-0.04933007350275942,-0.0737726671308161,-0.08078219860040325,-0.0640421682390378
0,A_CN,A0_CN,466,0.9118431764420187,4.513757492129028,True,True,-9.259755018453664e-05,-0.002049478516030878,0.000263142383024606,0.0005652200240914285,0.0006578175742759651,-0.013614364351709422,-0.06126319394634572,-0.05871195092492798,-0.05826228093383201,-0.04464791658212253,-0.0009894661661807233,-0.011967500095595107,-0.007176731691629801,-0.002657020996227555,-0.001667554830046769,0.003507639111865961,0.0342211132037234,0.018351069168949907,0.003096097595601477,-0.0004115415162645464,-0.0025652970845709833,-0.015388170227003117,-0.007145675016433484,-0.004164555041457629,-0.001599257956886646
0,A_CN,A0_CN,467,0.08588193061956906,3.0954750232463093,False,True,-0.002073215141210852,-0.005045707274110134,-0.0003671012430374043,0.0005144917908517233,0.002587706932062561,0.004111965456151251,0.038114686099625955,0.07241451878021088,0.07714574338444558,0.07303377792829435,-0.0011657526905436075,-0.0044859009006195105,0.0032868190830668276,0.001604093871179213,0.002769846561722744,0.03806616124038409,0.021037892162217187,0.009891448856019891,0.007341521870938061,-0.030724639369446027,-0.011168439846512723,-0.05167962365090889,-0.08547863364022415,-0.09413143681634584,-0.08296299696983311
0,A_CN,A0_CN,468,0.6534329916737704,4.8282770409588505,True,True,-0.021797543972667963,-0.2488055444715859,-0.206412277055116,-0.1220347444701062,-0.10023720049743823,-0.028260634258235995,-0.10030152593029684,-0.1543520222377497,-0.15294332947290334,-0.12468269521466735,0.41002154847136546,0.23250059695348546,0.047770436540818584,0.02416379247155198,-0.3858577559998134,-0.004196952803139566,-0.05171168403544946,0.004978198435380055,0.006877602197259747,0.011074555000399333,0.10159003812653761,-0.015151454287220478,-0.0731211544996484,-0.0865553580991264,-0.188145396225664
0,A_CN,A0_CN,469,0.6774336518188131,3.4373820793636476,True,True,0.0017330518644355156,0.011841251257030616,0.0031621993368811108,0.0019162237121993497,0.0001831718477638411,-0.006345801783610994,-0.044177545315806144,-0.06676937067151578,-0.06948447101888594,-0.06313866923527495,-0.003737278693975502,-0.03885831659601213,-0.047267051340561195,-0.031937948939693706,-0.02820067024571815,-0.0017803168188326134,-0.017536327383234795,-0.047287298640437125,-0.057248092245544835,-0.05546777542671222,-0.04478727799798335,-0.08227179990297401,-0.1102131881851941,-0.11835217728714492,-0.07356489928916157
0,A_CN,A0_CN,470,0.7642139931429706,5.356495384337483,True,True,-0.0006174734149293135,0.0020892507588509135,-5.878022319416587e-05,6.340759521017425e-05,0.0006808810101394114,-0.0010704457699844076,-0.008753807184707307,-0.013560516188437788,-0.014813218330763822,-0.013742772560779437,-0.0010110623863481306,-0.01079404125521266,-0.009397178241402404,-0.00755333900499644,-0.006542276618648368,0.0007545494863813035,-0.001037945341565094,-0.0018495753104998958,-0.0031641736985250635,-0.003918723184906381,0.051909112087246134,0.02146889055323753,-0.0032546525242921343,-0.010181221058458867,-0.062090333145705
0,A_CN,A0_CN,471,0.5718693115093546,4.980669556008364,True,True,0.010009825698607158,0.09540622877514765,0.0737811046668243,0.04617120252854778,0.036161376829940584,0.01172018658294871,0.04100468039245897,0.053785571368230256,0.04587107070345431,0.0341508841205056,-0.10329543613609538,-0.10867627652888778,-0.022770496080606106,-0.011123685652511428,0.09217175048358395,-0.011719574935762284,-0.07693024581735342,-0.002591082464961647,-0.0003658558896916242,0.011353719046070632,0.0014199117806555361,-0.03224477901731837,-0.06328179754997143,-0.07211119809555278,-0.07353110987620831
0,A_CN,A0_CN,472,0.4004664095174365,3.5780674900542846,False,False,-0.0014778526875459524,-0.009266938819709414,-0.003356798937336314,-0.0012855015623228772,0.00019235112522308917,-0.2732528181357983,-0.01262337377588063,-0.02417224796236206,-0.02700584559790631,0.24624697253789196,-0.006117987988241154,-0.06882317748667444,-0.10288859303356535,-0.07361589162258153,-0.06749790363434038,0.016016891348668974,0.1517710415053482,0.13343712844884115,0.0930148041781782,0.0769979128295093,-0.021513210341232214,-0.0810046100861086,-0.1163921704590481,-0.12603933622186925,-0.10452612588063703
0,A_CN,A0_CN,473,0.3365902355080398,3.06564406115041,True,True,0.024894650047622126,0.08081490683020548,0.020271562769014873,0.011196294898685677,-0.01369835514893647,0.5114330411135269,0.2692425224958097,0.12381657040694583,0.08751631252881409,-0.42391672858471285,-0.018189082675015456,-0.17181613855878936,-0.08368741343061203,-0.04522080250407978,-0.027031719829064382,-0.11264930474594329,-0.4921897627539408,-0.15850550926706553,-0.09308412192927717,0.019565182816666082,-0.053080775350451526,-0.0658294592276546,-0.07004128043791835,-0.06507814116012112,-0.011997365809669591
0,A_CN,A0_CN,474,0.39805829279275196,4.06641547126192,True,True,0.017363362902022096,0.054110098667653816,0.012445026646730084,0.006924694378894425,-0.010438668523127692,-0.03088477543046894,-0.015811383195079076,-0.006191698325353268,-0.0071636997410651215,0.023721075689403792,-0.02853246679784051,-0.030260952671029795,-0.007054676807993987,-0.003745887758152877,0.024786579039687617,0.0034683153692367727,0.038759449745691066,0.04052656952008904,0.019972163430814094,0.016503848061577342,-0.004369509329690879,-0.03198617633396254,-0.0619509075895064,-0.07068049321816534,-0.06631098388847446
0,A_CN,A0_CN,475,0.7433634504930375,3.709249595094823,True,True,-0.0005262626344606156,-8.846646757643128e-05,-0.00050455676137795,0.0002621882117830321,0.0007884508462435713,0.0011596366771757932,0.012365480351925251,0.020288809456765977,0.019319249021940155,0.018159612344764375,0.0008616095366786036,0.006546375251287817,0.006429792216173791,0.0035964804585574273,0.0027348709218788514,0.002223212452883351,0.018034387426380694,0.027037511073305764,0.024333675748376082,0.02211046329549271,0.04520923636337293,0.01751067541650264,0.0037235619233241257,0.0019379916536037545,-0.043271244709769174
0,A_CN,A0_CN,476,0.7197697075423248,3.020269587052123,True,True,-0.0011973680305141787,0.0010255621827108818,-0.000869031799063058,-0.0003257801957333717,0.000871587834780807,-0.00038263366667591614,-0.005290337740418746,-0.008261791327531187,-0.0072818849484503345,-0.006899251281774432,-0.001140059920121849,-0.008143815013488431,-0.010296766977305749,-0.008270974546279453,-0.0071309146261575584,-0.0013335047794644957,-0.012756201886309354,-0.011365715448929614,-0.008974069920774264,-0.007640565141309785,-0.000859861976008473,-0.010320435949625948,-0.028385256631438517,-0.034663255350254704,-0.03380339337424623
0,A_CN,A0_CN,477,0.5600186382214735,4.353935330199534,True,True,0.003709531009252108,0.01707037639638942,0.0039905473509290745,0.0017551880235952,-0.0019543429856568872,-0.011424227382289279,-0.0848866286230579,-0.0882993278534514,-0.08113123993185789,-0.06970701254956857,-0.0042535269087822306,-0.03650964056665301,-0.028007370908734286,-0.01617245659819211,-0.011918929689409885,-0.01726718386413121,-0.15978982713395817,-0.11033750839845302,-0.09351050792853977,-0.07624332406440859,0.0009281720918411507,-0.031282029121517674,-0.04143472747315047,-0.037676321353292686,-0.038604493445133836
0,A_CN,A0_CN,478,0.8841283484162269,3.6589177943836972,True,True,0.0018104664952104388,0.014179767480815952,0.006804375940847374,0.00312613647956006,0.0013156699843496211,0.014848425932470752,0.03180321104082928,0.03107261716911225,0.025406805501436702,0.010558379568965881,-0.00482775674954828,-0.0196495224319026,-0.008126814303341945,-0.004169470787313112,0.0006582859622351611,-0.020696088274157365,-0.1340619239979125,-0.057277251062212375,-0.05576646707405264,-0.035070378799895274,0.07269776804076639,0.03197993870400195,0.0008835873644098546,-0.007369831033140817,-0.0800675990739072
0,A_CN,A0_CN,479,0.5459965959291362,4.026057364017866,False,True,0.03213866331624597,0.03093677940335604,0.006084948149717384,0.0033011324492459027,-0.028837530867000027,-0.10530362735740273,-0.02422786561668544,-0.00618478919270371,-0.0034037923327877584,0.10189983502461497,-0.001954193482756078,0.00960102011930497,0.13102268888487067,0.15243180741698859,0.15438600089974464,-0.00546180551543031,-0.04515472738762755,-0.06694265269546096,-0.060626846526559586,-0.05516504101112929,0.11516894287614536,0.07466348282457497,0.03812736846777065,0.023300742709802702,-0.09186820016634267
0,A_CN,A0_CN,480,0.520401836908547,4.124986087691079,True,True,0.001236173636321787,0.006302367308177459,0.004985473268927509,0.0037872995932280995,0.0025511259569063194,-0.007544696588692279,-0.030852158268515617,-0.05026240007210825,-0.05527502885909552,-0.04773033227040324,0.1486045313963949,0.05447018254890135,0.010039281807955214,0.005052080117513902,-0.143552451278881,-0.010825586227178705,-0.09969513132088648,-0.12277933046629597,-0.10475147386693495,-0.09392588763975629,-0.0024258651586211584,-0.026378682869012078,-0.06099134781967529,-0.07182227902801365,-0.0693964138693925
0,A_CN,A0_CN,481,0.4105433554249309,3.887209265016115,True,True,-0.00527597434029739,-0.032578775928356785,-0.00995779658371665,-0.004228588631796537,0.0010473857085008254,-0.31299208941803924,-0.058589581238718824,-0.034148840144705095,-0.030438111676573953,0.28255397774146523,0.005120234536246472,0.008192601306890646,-0.007061825166843727,-0.005731780725896751,-0.010852015262143189,0.034788924524638005,0.307956858231309,0.14728365201466898,0.10787644021093423,0.07308751568629623,-0.07662835659063749,-0.13197432277230758,-0.17303615871276223,-0.1845796353577276,-0.10795127876709013
0,A_CN,A0_CN,482,0.34726492146805976,3.8865756757079737,True,True,-0.000960692984177787,-0.0035416559112324553,-0.002029785132651951,-0.0011798986741571316,-0.00021920568997935153,0.0016125939872744764,0.009199920753809487,0.015271168892038167,0.01679156257678238,0.015178968589507957,0.0003725805774120877,0.004178885142155975,0.0017750448751756576,0.0010232870932209703,0.0006507065158088965,0.0014052913392709962,0.010817094897437374,0.011527652016467993,0.00671378272843115,0.00530849138916023,0.02631085922159304,0.0033594866724374617,-0.0018596925801475095,-0.0012516688159567302,-0.02756252803754977
0,A_CN,A0_CN,483,0.16102352224873961,4.003038815298415,True,True,0.003292081052946441,0.03990958435621189,0.035379342063595276,0.02202716990090403,0.018735088847957604,-0.29592840811706067,-0.0694223822585962,-0.04890743497609362,-0.044856103491111465,0.2510723046259492,-0.03879616448399509,-0.03981348306210997,-0.007659307398247828,-0.0030631587734321064,0.03573300571056304,0.017101390812299895,0.1614400120121754,0.1604777962552668,0.11469318262193284,0.09759179180963296,0.031398619957682894,-0.01393914784257777,-0.04695041283393819,-0.0554372539707807,-0.08683587392846359
0,A_CN,A0_CN,484,0.5817554631974446,4.6625974296369295,True,True,0.009928601696486405,0.04148536033621114,0.01267380279996655,0.005823050532178464,-0.004105551164307997,0.027665940383913186,0.2239433743561967,0.19299938092168722,0.16647715082163317,0.13881121043771993,-0.012354611899855095,-0.11213554961698935,-0.07347196304266701,-0.04093272887939203,-0.02857811697953694,-0.10407581264623073,-0.008610215140919197,0.0019804670212402176,-0.0016064715279565656,0.1024693411182741,-0.0837984281077584,-0.1068322374057582,-0.1311692410568338,-0.13881878926979568,-0.05502036116203729
0,A_CN,A0_CN,485,0.4572090149502357,3.9352835659378647,True,True,0.07517542960211558,0.11244154184166089,0.020934893939528187,0.01041802279157178,-0.06475740681054376,0.06481895531038331,0.2520830584781957,0.09722843942102233,0.07800152392569915,0.013182568615315748,-0.009659301781682127,-0.14414542854558454,-0.2959628972237839,-0.2015046216084143,-0.19184531982673225,-0.004621593499012311,-0.044333635153882334,-0.0639168161644299,-0.06252990040071382,-0.05790830690170157,-0.0395083996890383,-0.08190713296542329,-0.03268986128018758,-0.034326049603047415,0.005182350085990883
0,A_CN,A0_CN,486,0.933645128224284,4.5654485025742995,True,True,0.017551776004711445,0.02544056456133914,0.0029224474531636124,0.0015352712999195939,-0.01601650470479188,0.07232355778006994,0.05649670054440514,0.003704368864052676,-0.0042578476655833475,-0.07658140544565328,-0.008342188653279344,-0.1298834939586877,-0.27978251849242153,-0.2103024357849398,-0.2019602471316604,0.0019839465082474375,0.0075334961131335865,0.017885615581521797,0.024443618437731796,0.022459671929484393,-0.052293205931559616,-0.10808045605185357,-0.1361924344834152,-0.14394830832330946,-0.09165510239174984
0,A_CN,A0_CN,487,0.7553019323481048,4.141066999554686,True,True,0.012666928166449494,0.07911388074338233,0.038509514581558824,0.02248508451249387,0.009818156346044327,-0.055043517487019494,0.0023896142862904757,0.01148066669358594,0.005788147419143463,0.060831664906162985,-0.06311587789064532,-0.13618031854299328,-0.03656413686946858,-0.01813088530830831,0.04498499258233701,-0.0005167191699672058,-0.014630975238273614,0.012430140695756098,0.007193740895200973,0.007710460065168179,0.0846615401899905,0.04549530954468822,0.015381332901110711,0.006723397128117314,-0.07793814306187319
0,A_CN,A0_CN,488,0.2888754187139104,4.442393288429463,True,True,0.0020166731203427463,0.006213016920463943,0.0023189736954362106,0.000929403952150909,-0.0010872691681917956,-0.013599359066998891,-0.08924731316652135,-0.09105176933877668,-0.08665800091256692,-0.07305864184556798,-0.006056235581326556,-0.04548799716337343,-0.025003267368109428,-0.01490093560896999,-0.008844700027643482,-0.013885423890173033,-0.13376023071338372,-0.11510608331873318,-0.10176687985382893,-0.08788145596365593,0.04646816476827342,0.007218082684246951,-0.018271191760834138,-0.0225633526314577,-0.06903151739973112
0,A_CN,A0_CN,489,0.748494766035178,4.08301264520852,True,True,0.04420126652115225,0.1052564819439672,0.04033283286284495,0.023158900972128804,-0.0210423655490235,0.1000709049206775,0.03228604848786654,0.005400428147558256,0.0010838490405374879,-0.09898705588014,0.023336543027708476,-0.06977302110143113,-0.19793328862345677,-0.24176729734697533,-0.2651038403746838,-0.004823010620299946,-0.04500300122042117,-0.06572381947963712,-0.05870072543402505,-0.053877714813725164,-0.008957723877644269,-0.07983551326870525,-0.14540032433612915,-0.156381607411027,-0.14742388353338273
0,A_CN,A0_CN,490,0.29317905081180307,5.348263502661908,True,True,-0.008278525314228128,-0.08508700485795678,-0.08096529618379955,-0.0535207002934156,-0.04524217497918748,-0.02022525119318319,-0.03967744822052566,-0.03685960556734991,-0.030500523740110808,-0.010275272546927616,0.08556882020032608,0.0689710023162774,0.01626536394188327,0.008585330949445025,-0.07698348925088105,-0.001876199330427833,-0.013300156352705539,-0.0034327470975867858,-0.0009812281919857613,0.0008949711384420578,0.05272304831663077,0.016883838111935057,0.0029268484190635435,0.0014730165674323725,-0.0512500317491984
0,A_CN,A0_CN,491,0.3301291851389546,4.30354725016097,True,True,0.005198887369917707,0.01563529766855465,0.004534615455859092,0.002743691000263615,-0.002455196369654078,-0.0037834462994540546,-0.028915842389096363,-0.04023833069193855,-0.04038629891843276,-0.036602852618978665,-0.007927034367493573,-0.07354224906355267,-0.08451487004241409,-0.06292339279200398,-0.05499635842451034,-0.015077843538697334,-0.1259173801606509,-0.10778368740753086,-0.09594289341184181,-0.08086504987314447,0.05133456713827032,0.01766765552139349,-0.009216862507906154,-0.016882845767971305,-0.06821741290624163
0,A_CN,A0_CN,492,0.6493899547244899,3.0635126766015723,True,True,-0.008564098164689497,-0.03143659549991418,-0.008061870300427931,-0.0035237989224399247,0.00504029924224958,0.013609018510115901,0.09363275662898374,0.09839123067700722,0.09856622204202409,0.08495720353190817,0.011025680268969947,0.08225975962209908,0.049231393963044656,0.029264357074594405,0.01823867680562441,0.0678718006873562,0.32747412970340967,0.14683464366228394,0.11961020164914071,0.0517384009617845,-0.0733455340250393,-0.09539889279457375,-0.10733155681543499,-0.1099848310447723,-0.03663929701973301
0,A_CN,A0_CN,493,0.9101957204478942,4.592607571305269,True,True,0.017349493301988317,0.0710728424348378,0.02350350383775912,0.01226627672754832,-0.005083216574439997,-0.02051962299506982,-0.04076950424153014,-0.03267470139866957,-0.029463108696859974,-0.008943485701790155,0.016063142634763494,0.0381274883189644,0.008974095275021021,0.004504012664816259,-0.011559129969947235,-0.01013201361050528,-0.08979321995381079,-0.0788353801441688,-0.05749731798995328,-0.04736530437944808,0.055069215318563125,0.00010623659466313384,-0.03562290626914977,-0.04618874452596966,-0.10125795984453279
0,A_CN,A0_CN,494,0.5267039842072718,4.593410743524716,True,True,0.004468991287152127,0.01871027242235157,0.007753249514814264,0.005136762270187667,0.0006677709830356093,-0.006202118328268676,-0.025904449259366913,-0.02571044898420538,-0.025988426433786405,-0.019786308105517736,-0.0018096395097587925,-0.017982582799736524,-0.013982113823876707,-0.007875468188525359,-0.006065828678766594,0.005317083971281784,0.06317226345581961,0.05500764233941624,0.036395550662773335,0.031078466691491502,-0.04854226067424505,-0.08403298624722094,-0.11136260380580959,-0.11916490027745058,-0.07062263960320553
0,A_CN,A0_CN,495,0.7529037525947367,4.53078150319413,True,True,0.004411968770908721,0.04552907269186529,0.021582033871850315,0.012002267044412207,0.0075902982735034374,-0.48915099696760445,-0.06747349721273832,-0.002337744893816107,0.0010802072720829115,0.49023120423968736,-0.06729611728788813,-0.1322922315600225,-0.05382360275632925,-0.027183288659729077,0.040112828628159125,0.06790839248322042,0.4022546347888758,0.10103298624456725,0.06703142900762393,-0.000876963475596515,0.0035073169702730667,-0.03537697410628288,-0.06913508971285309,-0.0776325717772246,-0.08113988874749767
0,A_CN,A0_CN,496,0.8347095621824764,4.327071839548393,False,True,-0.0010514415587443565,-0.0017389808540868579,0.00015196668523664858,-0.0011528488046962382,-0.00010140724595186779,-0.000780976073044698,-0.012010864959947909,-0.017545911448961893,-0.0218886320090933,-0.021107655936048575,0.0003551038349143207,0.005953286129380619,0.002866728939118879,0.0014300508981059945,0.0010749470631916669,-0.0267434732769134,-0.014048906066293165,-0.025324462512384405,-0.027051334346938405,-0.0003078610700250062,0.05230543514110758,0.005613184800858484,-0.028638881715648212,-0.03801171331257014,-0.09031714845367772
0,A_CN,A0_CN,497,0.8007507546747026,3.3475583149283192,True,True,-0.008972440352849546,-0.06114574501082021,-0.02522750164854981,-0.014080930621067078,-0.00510849026821758,-0.02612880879605721,-0.0040389215840441195,-0.00966430947402419,-0.010876639262056287,0.015252169534000881,0.015483705398387837,0.051341520646551064,0.013108542015401237,0.006671035836318562,-0.008812669562069275,0.005443392233207514,0.05676894607661709,0.05149148842731266,0.039422825230085,0.033979432996877446,0.0160340619168729,-0.02377122649383462,-0.05094595587602557,-0.05792586684758144,-0.07395992876445434
0,A_CN,A0_CN,498,0.6828476045774974,3.0423837953479467,True,True,-0.001953160179078456,-0.004053335074040987,-0.0003059683701487348,-0.0013198418211083363,0.0006333183579700918,0.11732343114199667,0.11542146962275873,0.042365112487462775,0.022665002329386952,-0.09465842881260977,0.021606235946731826,0.08628395752131712,0.028970219920661622,0.014560007445961531,-0.007046228500770302,-0.09726298447386755,-0.3303412788144291,-0.07685861951967499,-0.07415853322374033,0.023104451250127278,0.01309539898703993,-0.031052390940105257,-0.06531562803835622,-0.07546657129045686,-0.0885619702774968
0,A_CN,A0_CN,499,0.40095028541624067,4.842370038957087,True,True,-0.0025849937207020612,-0.008631182701719253,0.0005063508412492812,0.0005490463504671528,0.0031340400711692418,-0.1396246022831335,-0.08033713954570754,-0.0666001046568897,-0.06237446794397039,0.07725013433916306,0.005589967867507789,0.03195907616804594,0.009254601987696676,0.004700134341366069,-0.0008898335261418033,0.009432785842627064,0.08368868499230481,-0.01571712509197365,-0.03983021739210091,-0.04926300323472799,0.06172363529984948,0.0194691614224225,-0.01184335062114461,-0.02033154166790707,-0.08205517696775655
1,B_CN,A_CN,0,0.09965289967381419,3.251260031856553,True,True,0.00347774764052141,0.08105241693231208,0.08004994067253313,0.04979163050172519,0.04631388286120386,-0.19070203785038575,0.006526890525674456,0.05660085121688607,0.05785197323540181,0.24855401108578756,-0.11606027455766901,-0.04780941305236497,0.06184835884296147,0.046372275367624116,0.1624325499252931,0.009386717635610262,0.07837197566791643,0.09330844466448851,0.05163588023440402,0.042249162598793744,0.003941595271814623,0.04203099042714759,0.10770155853506687,0.13338492989500178,0.12944333462318713
1,B_CN,A_CN,1,0.7108179770848501,3.614732788285529,True,True,-0.0001859877648935221,-0.00889970242833038,-0.002388518093712655,-0.0006499493132675616,-0.0004639615483740256,0.0011913352618034556,0.037294386515471845,0.0897194560651201,0.09962511655163331,0.09843378128982982,0.0030926032248227847,0.01796888823770909,0.00958568868326004,0.006121851647145737,0.0030292484223228833,0.004924411424736791,0.04676315070324444,0.1319774611838348,0.14342407336868912,0.13849966194395236,-0.06134860577763035,-0.032449519428772944,-0.00922373887787753,-0.0030728932478746307,0.05827571252975572
1,B_CN,A_CN,2,0.3534240173375872,4.415229317025593,False,True,-0.014095647319088501,-0.04547727951179481,-0.012219136235569916,-0.006590068198947363,0.007505579120141159,-0.21112129683992717,-0.19849080192544777,-0.10326310794430316,-0.07162797262210074,0.13949332421782645,-0.028999147815016557,-0.12540611230833887,-0.05078052153234569,-0.028240547148157935,0.000758600666858511,0.00517282087054427,0.04358776208519877,0.07272246688291839,0.09356250126808585,0.08838968039754158,-0.045808772530756825,-0.009967653947187738,0.011066264088858246,0.01783625689789886,0.06364502942865569
1,B_CN,A_CN,3,0.4975630876967315,3.658240617688565,True,False,-0.016157851234708448,-0.05862025164852974,-0.016504876128535906,-0.008476322108234124,0.007681529126474351,-0.2687393470194173,-0.08231487994505671,-0.0016986529272401407,0.010089489377267613,0.278828836396685,-0.014188783758465197,0.17929678131382204,0.2562781383343211,0.20434436099672926,0.21853314475519448,0.0032958631712898673,0.03939391458226954,0.04293692840389152,0.022278079171570653,0.018982216000280827,-0.007970359456713039,0.08659739129802121,0.3161459765237323,0.3793741344727023,0.38734449392941533
1,B_CN,A_CN,4,0.9456118153134953,3.861717363492709,True,True,0.001254112846134199,0.00912860874500343,0.00443006619889208,0.0031554399896766006,0.0019013271435424084,0.0021739997923199,0.026564847778171086,0.039393630605870755,0.03659057970762525,0.034416579915305334,0.0027752683354355656,0.02048411570361336,0.01257015760576663,0.006447989209795946,0.0036727208743604356,-0.0028906250296364955,-0.013191740388770135,0.07029708657778655,0.08926128345025519,0.09215190847989163,-0.065937226541122,-0.03570857388914861,-0.014706652882093052,-0.0068749367214174795,0.059062289819704517
1,B_CN,A_CN,5,0.0040711435203342194,4.000788862016366,True,True,-0.011501091302508884,0.009291729172296925,0.020814432787050086,0.011567949013533751,0.02306904031604262,-0.33530417609258306,-0.11087153370281111,-0.019267730102785374,-0.008108829301634368,0.3271953467909487,0.015896056667550923,0.23550961761981762,0.43756259247426477,0.429479947540955,0.4135838908734041,0.004716162790973352,0.051438448636143885,0.10438003992402456,0.09705446965768993,0.09233830686671651,0.011467407438144207,0.08282638306703394,0.14861104781737813,0.1707937848564238,0.15932637741827962
1,B_CN,A_CN,6,0.9855602962975865,3.504972423795022,True,True,-0.02668850536265277,-0.10812572962089229,-0.03225041703133136,-0.01668271537391175,0.01000578998874102,-0.14052430061293425,-0.07737354383500261,-0.015140870107107296,-0.00596298124738337,0.13456131936555082,0.031182507798894542,0.20145301595025322,0.07251548319628809,0.03667410354913203,0.005491595750237499,0.0009189990441695606,0.005310598736949834,0.005581800299912398,0.00743034592274161,0.006511346878572022,-0.08339141116054516,-0.008465258666361941,-0.0012278420927103184,-0.0005987322067092515,0.08279267895383591
1,B_CN,A_CN,7,0.4819687987245169,3.6435445985982025,True,True,-0.003942227596237621,-0.025266226096045286,-0.006198254097510958,-0.004536662045798279,-0.0005944344495606435,0.040058532228826035,0.2301579369318294,0.012198384718517974,-0.015142033720869308,-0.05520056594969536,0.01483441038564006,0.10356801714238867,0.05032384147406732,0.02835954227639792,0.01352513189075788,-0.32806017517920505,-0.33427021385684696,-0.014656050035762092,-0.00454596755430714,0.3235142076248979,-0.11340563170780538,-0.0328449086327679,0.00616077993699371,0.01031879508527711,0.12372442679308249
1,B_CN,A_CN,8,0.4100876247360311,3.8435329113535754,True,True,0.005239323120350449,0.022047197497472637,0.007945914393825526,0.004357382684360367,-0.0008819404359901029,-0.031333905137223665,-0.05910291223197306,0.043763778458822955,0.0675399414466793,0.09887384658390297,-0.0065131438338061065,-0.04454481582988995,-0.021171788068714892,-0.010355951500304994,-0.0038428076664988042,-0.009286223406175458,-0.07813495883969834,0.07427463752769359,0.10270169787725414,0.1119879212834296,-0.005822694534072026,0.024426096002620135,0.04360158309584683,0.04842296222644593,0.05424565676051796
1,B_CN,A_CN,9,0.2986058751579118,4.291622960131329,True,True,-0.002479053579437708,-0.01281678128116348,-0.003663982539809152,-0.001547741230117028,0.0009313123493206454,0.00986714934138496,0.0910077546470956,0.15523044612105236,0.1674031250463618,0.15753597570497685,0.0064600267839538955,0.05161488910115786,0.04159792457975964,0.027357555778244946,0.02089752899429098,0.010895756044762103,0.10110924881870925,0.18124978781526047,0.19552082289078376,0.18462506684602165,-0.030192462393739516,0.0010674774157807265,0.029488688687073328,0.038803740958717525,0.06899620335245704
1,B_CN,A_CN,10,0.5806756410264289,4.856954209581659,True,True,-0.006776467146700042,-0.033486531844246104,-0.011715046753891567,-0.00556767857666518,0.0012087885700349243,0.02614892833114437,0.24075542336381503,0.31644090203556574,0.3088350168224907,0.28268608849134635,0.010806047573424828,0.08919290087132792,0.061858870953104494,0.03774535851574268,0.02693931094231783,0.023552416697152315,0.22601252253424087,0.3198901308037617,0.293500877666229,0.26994846096907665,-0.06803413856222018,0.030612291477572162,0.06353653298911655,0.06897600177238994,0.13701014033461012
1,B_CN,A_CN,11,0.5128905641696582,3.5100814400665845,True,True,-0.010654852198250651,-0.042440864768656605,-0.012061391808864896,-0.007090049893328176,0.0035648023049225097,0.021186687117571167,0.18534946096015062,0.2705060460970182,0.27583890964122126,0.25465222252365005,0.01611442682580371,0.15338891865356535,0.174289245047352,0.13040922722823867,0.11429480040243489,0.021087160076932593,0.21534544605531308,0.3321948482297831,0.32916341979002894,0.3080762597130963,-0.045792100562552035,0.01949312060134767,0.05309473458575148,0.06254065235626649,0.10833275291881853
1,B_CN,A_CN,12,0.7601002019572797,4.831457439086519,True,True,-0.00582727242338061,-0.02284336183488389,-0.007408061980038072,-0.00297101244967779,0.002856259973702868,0.017939100410759933,0.1697706053521132,0.23094036677975066,0.23286883305779416,0.2149297326470343,0.010177105495703588,0.07588714559675819,0.052108116121088455,0.03181018569911798,0.021633080203414368,0.015959786474111656,0.15506787824287627,0.2502783322089521,0.24935934890330003,0.23339956242918836,-0.05268953647370156,0.017331002097578985,0.051414510815359526,0.06231267414925756,0.11500221062295912
1,B_CN,A_CN,13,0.8818465142661941,4.08671251994579,True,True,0.008682789106686378,0.051845853693595956,0.023437547821148152,0.013037844640575336,0.004355055533889041,0.030973067825833506,0.025881943706634547,0.029617617181419087,0.02533578496504274,-0.005637282860790793,-0.024088172593763932,-0.05505634027554507,-0.004099130783458249,-0.0013707698169576066,0.02271740277680634,-0.04338422470877517,-0.3253025694120809,-0.04501729524215625,-0.019845822378719014,0.02353840233005622,-0.11341733990474179,-0.016078747432753282,0.07097749714350121,0.08956277527309131,0.2029801151778331
1,B_CN,A_CN,14,0.8087030248056626,5.025127802532074,True,True,-0.003976088110135841,-0.01684115145685655,-0.005247178727107449,-0.002558329681136229,0.0014177584289996048,-0.0006974500108501425,-0.025386688703391114,-0.08628640550783506,-0.07938206181733343,-0.07868461180648323,0.012528968352082726,0.1044789326968188,0.054034019528957145,0.02978377001334498,0.017254801661262253,-0.15564323613932846,-0.1359561974811062,-0.0073750121093242305,-0.0034589575882731927,0.15218427855105532,-0.06416854535693278,0.045820738522466875,0.12307043047606969,0.1349015345985446,0.19907007995547737
1,B_CN,A_CN,15,0.387044929365961,4.257366225436856,True,True,-0.0019626431471377187,0.028874570826902646,0.03293367962518212,0.020771396171226253,0.02273403931836393,-0.4533788311685476,-0.041270199203362834,0.010831038639161905,0.012199654182202813,0.4655784853507504,-0.09772760206303586,-0.059163729089378614,0.01890366755335604,0.014587111871556813,0.11231471393459269,0.0023593640932725035,0.022827020002522902,0.022844293922878123,0.014701697064594899,0.012342332971322478,0.028741529502407936,0.13699965619722632,0.16664132535352916,0.1595953218676337,0.13085379236522576
1,B_CN,A_CN,16,0.733879990648393,4.0932210003264355,True,True,-0.03180958428784573,-0.11382961918230922,-0.033217658787510485,-0.01700906363416943,0.014800520653676319,-0.3269697234180092,-0.07781302584929106,0.02238508118848992,0.039441834707017676,0.3664115581250269,0.014290561661159436,0.10840024990705244,0.05685597001922649,0.031433082774397825,0.01714252111323833,0.046185032474263414,0.41961724286714647,0.19002172606510903,0.14039588086699895,0.09421084839273552,-0.2025594306046411,-0.06943385344533759,0.03298870950298283,0.05394489480285847,0.25650432540749957
1,B_CN,A_CN,17,0.20467154318499503,5.073360064279859,True,True,0.004810545316503552,0.0672582032898531,0.14200169977942667,0.12107972724764016,0.11626918193113667,-0.10148070981961421,-0.010530877240746861,0.023788525186360765,0.019514227069878043,0.12099493688949226,-0.42113651987017053,-0.206046948435605,-0.041470785925231346,-0.020743081604223335,0.4003934382659472,0.00430770773969083,0.04108652304594512,0.03707189653858545,0.02197520334677272,0.017667495607081918,0.1966274740846844,0.35336933575242946,0.3120512501582148,0.2926240993262027,0.09599662524151831
1,B_CN,A_CN,18,0.7231339089629604,4.033900054265292,True,True,-0.02484767953701624,-0.08468498507517275,-0.02246442263823689,-0.01100368172233901,0.013843997814677267,-0.20563260325675395,0.07547392909583178,0.050351503500291384,0.04399687221050941,0.24962947546726333,-0.021871926459292243,-0.15470803578667625,-0.04732333591297444,-0.025561462617725517,-0.0036895361584332598,0.02702322101048972,0.24780336022571114,0.2498427851002445,0.20755611347932534,0.18053289246883564,-0.1004355425493936,-0.10727909925330831,-0.046721856980092624,-0.018012341142704752,0.08242320140668885
1,B_CN,A_CN,19,0.8819590402451084,3.1792312953760904,True,True,-0.0015763879815987175,-0.01306261852565671,-0.005176998363435881,-0.002114570278637262,-0.0005381822970386141,0.008873099095573753,-0.024830553701172764,-0.06278987772671851,-0.05374778240547451,-0.06262088150104828,0.014018277261539789,0.13363924579053665,0.10196190846020647,0.06155670554282566,0.04753842828128585,-0.08386304825760488,-0.26539665896981757,-0.0002507520358748794,0.01427848826556577,0.0981415365231707,-0.006641304461109318,0.029039025780853517,0.06617980930347656,0.07387102205012944,0.08051232651123874
1,B_CN,A_CN,20,0.5325906968777975,5.288999809406026,True,True,-0.011741406940567342,-0.04600569961153422,-0.01321365141108588,-0.005711230437442594,0.006030176503124762,-0.102916105424758,-0.0897927276012715,0.03084574770323356,0.05393529736288616,0.1568514027876442,-0.006736000192028829,-0.04088073368612871,-0.01682264633595887,-0.009398447923874564,-0.002662447731845763,0.010691596710565153,0.09930648831886224,0.14603780461930382,0.14258125789235587,0.13188966118179068,-0.038163587743028304,0.02765025965007384,0.054980032378353805,0.06243499603338809,0.1005985837764164
1,B_CN,A_CN,21,0.7579902189002158,4.359800859999529,True,True,-0.004113640397113372,-0.006942562973350497,-0.0009309503154308896,-0.0003011172905460491,0.0038125231065673226,-0.03299504594238543,-0.0434357955432077,0.020796905066162497,0.04563969276740509,0.07863473870979054,-0.010821390313335351,-0.061997188565160954,-0.03360146474345782,-0.017917287112156344,-0.007095896798821055,0.003606688457136388,0.03727547620246768,0.09357411994302234,0.11843580228590189,0.11482911382876548,0.02348921908949707,0.05851258733541531,0.08433678780884937,0.09285506756357675,0.06936584847407969
1,B_CN,A_CN,22,0.9678068168832744,3.42773321037266,False,False,0.007131223001882618,0.0338478493415183,0.009580497079887174,0.005162356929304224,-0.0019688660725784013,-0.003552417173946852,-0.027180186289700203,-0.013325854817580862,0.00017679638717249535,0.0037292135611193267,-0.007031494922999336,-0.05610228924339761,-0.026111501120268055,-0.013216613646599207,-0.006185118723599836,-0.8678750100342966,-0.4773516117478105,-0.10009447551428485,-0.05556646271436272,0.8123085473199338,0.15085533344634244,0.18442717029808797,0.1983075128277333,0.20275432954454498,0.05189899609820253
1,B_CN,A_CN,23,0.20824660778347137,4.790350333905075,True,True,0.0012874762345970112,-0.0029121584711166992,3.6085379828576514e-05,0.0003303441699921139,-0.0009571320646049042,-0.002475736996712073,-0.030925629263196086,-0.10053293708271005,-0.09876029533248554,-0.09628455833577343,0.005600619869861018,0.04662252154741198,0.03175759089593033,0.018644890052399665,0.01304427018253873,-0.18886518416400977,-0.3877397349642569,-0.05583163838913241,-0.01768175462806809,0.17118342953594168,0.023674117536959693,0.04395297109939633,0.05095792126188714,0.05195760367786362,0.028283486140903924
1,B_CN,A_CN,24,0.9492910565566687,3.5653803084437286,True,True,-0.0029149486621844606,-0.01646443903485173,-0.004614435086806035,-0.002320941801230214,0.0005940068609542326,0.038833660628295456,0.2956120347896821,0.2990216894070304,0.2855484148111529,0.2467147541828575,0.011486562669042896,0.08553496109467579,0.05418722172098611,0.029952800098105192,0.018466237429062282,0.019220362460433044,0.19623476087585545,0.2868059445090778,0.27572957421656685,0.2565092117561337,-0.18268872825828353,-0.05634444165802954,-0.0017338529395587443,0.010452086746118416,0.19314081500440194
1,B_CN,A_CN,25,0.02346585281070379,3.0005479522355536,True,True,-0.004283030758593508,-0.016095974512677302,-0.006679045217629187,-0.0038211022140333117,0.00046192854456017507,0.045146749347655876,0.38100163391071046,0.4343992473881323,0.42086382710823517,0.3757170777605793,0.01635220903662017,0.12800270842811118,0.09054268013882094,0.05510218225440422,0.03874997321778406,0.017205960408519454,0.17616922206034769,0.29089273478838173,0.29188764049808513,0.2746816800895657,-0.3192523968154066,0.003180078196905245,0.05589783221633371,0.06839954055162856,0.3876519373670352
1,B_CN,A_CN,26,0.2524196682538885,3.1656388254316705,True,True,-0.02807824285301564,-0.08901210882549637,-0.023782818588688137,-0.012172284182058069,0.015905958670957565,-0.21382267722230605,-0.0862317127251242,-0.016180303547101316,-0.0012175446776753196,0.21260513254463076,0.019879314553250156,0.137611683241686,0.0668164429980993,0.03728683691222068,0.017407522358970473,0.009869463670417848,0.11243387846813319,0.1396506983134057,0.1204679368801006,0.11059847320968275,-0.04280972124008946,0.0037012109738568666,0.05374782343786899,0.06395710771451332,0.10676682895460277
1,B_CN,A_CN,27,0.44272673275122454,5.185070047482563,True,True,-0.02341700660603116,0.010257686131347699,0.007774491482615109,0.004223096668831028,0.027640103274862104,0.01698168134980782,0.06390860359185935,0.10467884281201101,0.10447364184500985,0.08749196049520203,-0.2556492964665702,-0.13651171426705244,-0.026057989284156258,-0.012532596423820874,0.24311670004274932,0.005512605164152334,0.04821111383196691,0.07651812083507026,0.07125663269082194,0.06574402752666964,0.0131254728943608,0.15716889408099582,0.3888981884284581,0.45711581923575106,0.4439903463413903
1,B_CN,A_CN,28,0.48547313574117046,3.958062701692901,True,True,-0.01254891578097448,-0.04927167725508608,-0.013475404238246003,-0.006958931786729128,0.005589983994245373,-0.029466725036555577,-0.0039745652736825066,0.04699227341964507,0.06025491569776065,0.08972164073431621,0.015228071479992625,0.11194272564494573,0.05244231979181846,0.02968071432138375,0.014452642841391028,0.01012016571208553,0.10182248723051507,0.17031342677340877,0.17795600940811784,0.16783584369603233,-0.015167266164934835,0.028234456087516,0.060486357412598474,0.06971760236683344,0.08488486853176827
1,B_CN,A_CN,29,0.551028675052125,4.6787760560302445,True,True,-0.0025125410316632416,0.011742320321849908,0.009314868049771774,0.00558425096072912,0.008096791992392438,-0.21417899619144873,-0.15540480113792315,-0.03867690753966735,-0.02016612815625929,0.19401286803518936,-0.029394726412787446,-0.12627991684457196,-0.044556494933451596,-0.023493870273756823,0.005900856139030575,0.004202026315471605,0.02918269396352635,0.027247598699201236,0.031406560901266145,0.027204534585794526,-0.02986213196546106,0.04161800223377643,0.06820057932387114,0.07404598185890499,0.10390811382436604
1,B_CN,A_CN,30,0.0024366768491546065,4.465116506911179,True,True,0.007579722889448092,0.09535248040848299,0.1648061488252286,0.1322319391651503,0.12465221627570222,0.003352681528112411,0.0708819740923522,0.09812777195819933,0.08782082403050429,0.08446814250239187,-0.2846834668689937,-0.17283304307388436,-0.029407186622853798,-0.014783760742105412,0.2698997061268883,-0.004925431077243005,-0.04709886007380393,-0.019226890061454394,-0.00874752166913928,-0.003822090591896199,-0.04737922365223868,0.17642671377172145,0.38255153939229053,0.4367902464811748,0.48416947013341344
1,B_CN,A_CN,31,0.2102613952533844,4.315119423183657,True,True,-0.005852013622943512,-0.026111745023979394,-0.007858111724394656,-0.003832964984617715,0.0020190486383258044,0.012372113494095836,0.11734844786637622,0.19708120319000305,0.2106606909807367,0.1982885774866408,0.010507552235871857,0.09889908748706921,0.10240588606991852,0.06998457226669152,0.05947702003081967,0.013423950838338385,0.13592274243524516,0.24182260679471979,0.2624918412645558,0.24906789042621746,-0.02572026619067269,0.011162524340817104,0.04080645535601102,0.0507990121268006,0.0765192783174733
1,B_CN,A_CN,32,0.9056884246825091,3.619093102288015,True,True,-0.002368995704954968,-0.02284279548792234,-0.00928621706556243,-0.004737540373709881,-0.0023685446687549128,0.058074047002303925,0.354574321971057,0.3193016615580966,0.30231272769234907,0.24423868069004517,0.01040614517914927,0.06187609147129275,0.031168229553848903,0.016870421031243255,0.00646427585209397,0.013245379228506014,0.13790129114570343,0.23306078486434734,0.2305360865140068,0.21729070728550082,-0.20883629906095025,-0.05910223313935359,0.006368132317648878,0.019055632773400055,0.2278919318343503
1,B_CN,A_CN,33,0.9797995263360263,3.934065180425689,True,True,0.013041451133844743,0.07953753595837904,0.032586818833853615,0.017594799982776133,0.004553348848931327,-0.3280684593511614,-0.07181612622611522,0.04841295264707124,0.058919154853451894,0.38698761420461336,-0.24543379869579832,-0.3068495177325826,-0.0791183360297194,-0.04071557143006177,0.20471822726573652,0.007336337220938627,0.0891467508878857,0.11428679194572777,0.10026926330014685,0.09293292607920822,-0.02522496565464144,0.0831555339408663,0.11921477811325687,0.12772977738106295,0.15295474303570442
1,B_CN,A_CN,34,0.19544546262216578,4.661516416820028,True,True,0.007566833190311192,0.05758538738856017,0.034118243969675,0.01841496531983544,0.01084813212952418,-0.018265246434762794,0.06991646134873986,0.06964282566641755,0.060698839699659946,0.07896408613442274,-0.2072204907676704,-0.23133786675381146,-0.05745850483745052,-0.030087762846009336,0.17713272792166113,0.0025816910792600054,0.02945434902510119,0.05255155408950918,0.054781250340851906,0.05219955926159192,-0.017142958358958387,0.024824251204520337,0.1216673315225053,0.15806295417449973,0.17520591253345813
1,B_CN,A_CN,35,0.0035500122942458967,5.23203050180687,True,False,0.022585821662993444,0.1896206042005102,0.09642644563427905,0.05433912479466518,0.031753303131671684,-0.07247549062943792,0.042381390020290954,0.1758271857251884,0.1830133326924327,0.2554888233218706,-0.18771940380816626,-0.3845063031280823,-0.0909995449576897,-0.04641060032532973,0.1413088034828366,0.0427080578930884,0.2873904012638784,0.016447535499212185,0.012145918607912032,-0.03056213928517637,-0.19499086851885447,-0.0681651026275831,0.0678926396485498,0.10885227114935847,0.30384313966821297
1,B_CN,A_CN,36,0.2835787087196112,5.298871834631895,True,True,-0.00399484384339957,-0.01729236445109683,-0.004059666858009625,-0.0021114433878018923,0.0018834004555976502,-0.1496454433356133,-0.07764672651822385,0.04888994323084028,0.07522842826666043,0.22487387160227368,-0.010464140609452735,-0.06989594986010822,-0.028959024354551777,-0.016281697590377675,-0.005817556980924898,0.0071860981477972555,0.0788380349444206,0.12911972981950526,0.13894297250899124,0.131756874361194,-0.04453578258259139,0.032976468565518835,0.06401730403272898,0.07293180117414932,0.11746758375674071
1,B_CN,A_CN,37,0.784314760963243,3.91531967203828,True,True,-0.005148111516282736,-0.025994077251141,-0.00813778220770256,-0.004585527767505648,0.0005625837487771568,0.022564055739205335,0.20764010931627058,0.2586970799596868,0.2503302382431142,0.2277661825039088,0.010289850622656811,0.08380384610030656,0.05702135770833128,0.03437442592407847,0.024084575301421718,0.015100558095079028,0.14883183308203995,0.24016275577982027,0.2351931095266403,0.22009255143156126,-0.02773411971544215,0.02775236942284398,0.056271672778343995,0.06276247199968932,0.09049659171513147
1,B_CN,A_CN,38,0.3815402449510561,3.22866472454223,True,True,0.004567343256419283,0.02848747790070355,0.01112966145048877,0.006379665871021345,0.0018123226146019578,-0.149343112582773,-0.03582449241071295,0.02977967439231599,0.040807483418904056,0.19015059600167705,-0.023109082359864384,-0.08786858671846748,-0.025259449603059037,-0.013472948329702694,0.009636134030161614,-0.0011145008636434528,-0.02223673261264425,0.06095109598948478,0.0863921427579658,0.0875066436216092,-0.13615619566422008,0.011632003735829288,0.056407093593153546,0.06575876877116105,0.20191496443538115
1,B_CN,A_CN,39,0.19642845190723524,3.4669758611338253,True,False,-0.02224135706406624,-0.043245353289997235,-0.0072716303000162075,-0.0033836869036478756,0.018857670160418394,-0.019982309331424475,-0.006293377979261994,0.012435547603218522,0.015876737604028635,0.03585904693545311,0.0108546861884034,0.1115059088474577,0.0664235501628172,0.03572831186605119,0.024873625677647837,0.007975801398542592,0.08574359602977294,0.14987130432485496,0.15620187735504076,0.14822607595649817,-0.03529419918387567,-0.06537916700195216,7.778830918273028e-05,0.03579021008488184,0.0710844092687575
1,B_CN,A_CN,40,0.4563092241953465,4.417754547368743,True,True,0.004900161016458342,0.01300654404987045,0.0012828626607811477,0.00040400844595378516,-0.004496152570504619,0.0075288301473287085,0.06868113761993921,0.08967986364561026,0.08828674093701694,0.08075791078968819,0.0014156913420808742,0.008167132796742083,0.0076977658591079745,0.00431599505325142,0.002900303711170449,-0.04411210582112959,-0.16576545457071057,0.07108871163179376,0.08800723014068157,0.13211933596181114,-0.045893958037437156,-0.0008886119198339149,0.024998045030230676,0.031884514147921705,0.07777847218535885
1,B_CN,A_CN,41,0.6895579750862793,4.152288878839524,True,True,0.009733362167071588,0.06504233322565167,0.02166970297241022,0.010997485092373971,0.0012641229253023134,-0.12895822510777882,-0.2445605148348985,-0.08225860605229662,-0.05096260889179727,0.0779956162159815,-0.042178999062509576,-0.14001782809157481,-0.0438915726337048,-0.024102464481491004,0.018076534581018544,-0.00709987705589725,-0.09884135982491127,-0.03854362118078636,-0.012134709925889053,-0.005034832869991734,-0.030865739156762717,0.00958471312110365,0.017618673259664375,0.015527852051018587,0.046393591207781304
1,B_CN,A_CN,42,0.5040382954964725,3.6920277977513907,True,True,0.0013359859536800286,0.0017406194569272726,-0.0010014054818253681,-0.0007609423057589604,-0.002096928259438968,0.0043929609688047565,0.03796748798774169,0.03956110139416058,0.03630701679242798,0.031914055823623166,0.0017145734738702734,0.015292889698029666,0.009402537925868315,0.004962349536617783,0.0032477760627475094,-0.030692686902764103,-0.1788007030542033,0.02323409850258984,0.045828433185905904,0.07652112008867007,-0.09685453289723008,-0.06748084774393592,-0.05316265496024489,-0.04768412880219838,0.04917040409503168
1,B_CN,A_CN,43,0.6561529230014039,3.2134781087551856,True,True,-0.036453561870084854,-0.1049402927752931,-0.03149121492477491,-0.017032671745095485,0.019420890124989376,-0.27023830968505447,-0.12863133493861,-0.0333922974525116,-0.020842016696045795,0.24939629298900867,0.012519276348771265,0.24861399745153273,0.48421093127090487,0.48751564821486504,0.4749963718660938,0.00229659136516807,0.014965837960019823,0.03132241698269389,0.029325173546901895,0.027028582181733873,0.032879994596726816,0.20583371993622113,0.3204149048772021,0.3490405562625277,0.31616056166580087
1,B_CN,A_CN,44,0.5174248491830391,3.0914577372646668,True,True,-0.0030026694419081346,-0.014131220124833255,-0.003814360875936118,-0.0024336788852035163,0.0005689905567046738,-0.02065426134546363,-0.20131444986501418,-0.22333130397412115,-0.1928869869624028,-0.17223272561693914,0.0037497496184625,0.06664985495971376,0.044066795648167845,0.02617689547990576,0.022427145861443232,-0.1284037163472643,-0.45568971107516865,-0.1138836076920724,-0.06620778591094756,0.06219593043631677,0.03558518951037759,0.02063519610576836,0.023524425695132134,0.02522919382274269,-0.0103559956876349
1,B_CN,A_CN,45,0.5418751264289656,4.533768995970284,True,True,0.005157058380802888,0.04299779938595971,0.03769612100071107,0.022255993290900666,0.01709893491009773,-0.0053718022902855544,0.0068869528911855715,0.004272524034251268,0.0022498705730283897,0.007621672863313944,-0.02267163930242211,-0.006046911148723688,0.004073121791186574,0.00328122124996022,0.02595286055238233,0.0013183938198899625,0.0016520652943134984,0.002955183541498152,0.0021378977626130835,0.000819503942723121,-0.5079732222637527,-0.14019456699041588,0.0049470478030544385,0.03505168166191319,0.5430249039256659
1,B_CN,A_CN,46,0.2750102571099341,4.920568396040575,True,True,-0.026879000543180973,-0.039359467655105784,-0.006355505195813516,-0.003140053263825937,0.023738947279354994,-0.028296300494720428,0.06265963063165958,0.06568833514856398,0.05403426977455428,0.0823305702692747,-0.22174056820904048,-0.2143209348230954,-0.049087716393496295,-0.025212169026425313,0.1965283991826151,0.005324879203349793,0.051497895968925844,0.07432075476907252,0.062271311149026065,0.05694643194567628,-0.0935544639029208,0.08734032338295894,0.19125415779843097,0.23032254659386042,0.3238770104967812
1,B_CN,A_CN,47,0.19830295367837913,4.856910013974093,False,False,-0.03577012192330106,-0.05696352642565561,-0.010316535670569671,-0.0052910813419719815,0.030479040581328998,-0.02397154275629676,-0.0010809681658274783,0.034218965214185104,0.03735342747897963,0.06132497023527639,0.00552006358961242,0.12365502907805725,0.1599714210710348,0.11445135204414869,0.10893128845453626,0.011589514814518455,0.1110952910473379,0.16677883969904772,0.15849918668327723,0.1469096718687587,-0.23426092623482495,-0.10029287117879115,-0.01615775012652465,0.009181263692677244,0.24344218992750216
1,B_CN,A_CN,48,0.5504273049177758,3.252756594044196,True,True,-0.006054233597270198,-0.02538385606616722,-0.00856412521540828,-0.005688769544098693,0.00036546405317150477,0.006743172409495216,0.061236979611505454,0.09758329594567683,0.10542675445532634,0.09868358204583111,0.008248820674717695,0.08239794899812397,0.09323580854308111,0.06931304966361163,0.061064228988893965,0.006693255036119901,0.07174383761678454,0.1367367188634282,0.1486068809472002,0.14191362591108037,0.0042747893879799236,0.030302696184664118,0.05998189292046441,0.06988288628286303,0.06560809689488312
1,B_CN,A_CN,49,0.8765920739683591,3.74298203216029,True,True,0.00815204910863198,0.031538046211143644,0.008458607432685339,0.0037251576475642034,-0.004426891461067783,0.015593807837389208,0.11038035475932084,0.09224448001446772,0.09209959234714726,0.07650578450975809,-0.0037638056979073867,-0.03988477378657518,-0.02303022938598187,-0.011124012453211596,-0.007360206755304244,-0.7320945264364398,-0.4683328343383116,-0.10917935582061555,-0.06449220533313837,0.6676023211033014,0.09699382075196061,0.20279750153570608,0.23173921405358255,0.23819894854786433,0.14120512779590372
1,B_CN,A_CN,50,0.1374792890097789,4.607412450329917,True,True,-0.006251396871834715,-0.023084625271869497,-0.00611869796196296,-0.0030624762710190767,0.003188920600815548,0.027412503680656182,0.2477042491820149,0.33684806640982706,0.3398529867830882,0.31244048310243194,0.012570733235688077,0.1030832076263033,0.08361877896560499,0.05248037045551879,0.03990963721983076,0.02134249109022918,0.20604037711400763,0.32744012208604634,0.32548968295579206,0.30414719186556294,-0.14516605169453356,-0.0041496041730216815,0.03665246350822127,0.047613531031480694,0.19277958272601425
1,B_CN,A_CN,51,0.2892569150664044,3.6264573744967237,True,True,-0.005787853661394379,-0.023354855062621693,-0.007179760527917578,-0.004033056081267028,0.0017547975801274207,0.011615625735289722,0.10573645263081116,0.17170504468204756,0.17884427893152643,0.1672286531962367,0.006024120122503342,0.04758304356977083,0.03476255738536205,0.020975964124898883,0.014951844002395576,0.014027149222711525,0.13831467587919455,0.23277027268482742,0.23245270990911693,0.2184255606864054,-0.015534008835412672,0.028007429381073257,0.058120783434909784,0.06753013098283855,0.08306413981825123
1,B_CN,A_CN,52,0.9315848716842531,4.0704306410543065,True,True,-0.0313992634621523,-0.07104116317057041,-0.015842647605990634,-0.007342472968900449,0.024056790493251823,-0.14423605310106913,-0.06601714970310801,0.009380289053433799,0.01345017526796155,0.15768622836903068,-0.061146804703227406,0.1659968305284274,0.3067036377250063,0.28555962465796625,0.3467064293611936,0.0017220057109422898,0.01986869739963465,0.027913353287741804,0.025182944367188043,0.023460938656245656,0.004632423256035367,0.07560909605143545,0.2028093782296441,0.24895788864707258,0.24432546539103722
1,B_CN,A_CN,53,0.5624439697038162,3.730603908973377,True,True,-0.003347311511741634,-0.013672084197456247,-0.004795759637749808,-0.002203449836866378,0.001143861674875346,0.010642313657083558,0.102212885457928,0.1657686366113797,0.17725201457517992,0.1666097009180964,0.006129959287313733,0.05249150460480151,0.04047902045269236,0.02556138454593404,0.019431425258620294,0.012262997657230233,0.11557495808463436,0.20782132238198003,0.22074411578232633,0.20848111812509607,-0.041596818141890535,-0.003388626075850998,0.024633853379389614,0.033800421831507665,0.0753972399733982
1,B_CN,A_CN,54,0.1542431625331666,4.841552333002793,True,True,-0.008412662079672673,-0.04330043011199347,-0.01157275540809366,-0.006491789981463381,0.0019208720982093475,0.021531922983818362,0.1874014778597463,0.2666104417810625,0.271487934598274,0.24995601161445563,0.014245317628262436,0.12470789343863753,0.12170523581895776,0.08306729198709706,0.06882197435883464,0.02535989113809834,0.24261638067395896,0.3452587598743979,0.3348135607825198,0.30945366964442145,-0.0636233029797171,0.03254684012201425,0.06849447655179847,0.07807224274870578,0.14169554572842288
1,B_CN,A_CN,55,0.40272249581954467,3.652058098622444,True,True,-0.09921969906622166,-0.1575808960724766,-0.04033644389587876,-0.020356455616078573,0.07886324345014317,-0.2079214413120305,-0.09737483428386273,-0.021180364318947764,-0.012016004967780436,0.19590543634425006,0.02473424646997696,0.2596890902603971,0.4869827868018572,0.48388770848078866,0.4591534620108117,0.00892844712796264,0.06282201249932667,0.08429651134246041,0.06963808310275221,0.06070963597478951,-0.0164138815531105,0.08264833083967621,0.16989084831230894,0.1935839755683938,0.20999785712150432
1,B_CN,A_CN,56,0.25271762131064746,4.5373210668373725,True,True,-0.011930892622019955,0.006594666198606158,0.018656330514189468,0.010759920115522514,0.022690812737542476,-0.5921959174405935,-0.16167106141749366,-0.0492457618176787,-0.03054128295021863,0.5616546344903748,0.02568606614953977,0.2681764689447453,0.3938960856528885,0.3528312002386129,0.3271451340890731,0.0034834739642661816,0.0306920566047163,0.045176825380322305,0.033878184361843755,0.030394710397577573,0.02331296112194947,0.13651305428415628,0.20388810615050545,0.2099515785510646,0.18663861742911514
1,B_CN,A_CN,57,0.8995481401250788,3.8914092969298792,True,True,0.0012241675541943414,0.013351512307135605,0.006080136500537292,0.0030748846316808187,0.001850717077486408,-0.02029955622045114,-0.02119145011139184,0.05825503321154768,0.07956366552833283,0.09986322174878393,-0.008159523895491148,-0.04513002394805771,-0.01990481661005916,-0.010870802309554506,-0.0027112784140633783,-0.0023417776966624254,-0.0024750000773320346,0.12048096631719407,0.14857825868538677,0.1509200363820492,-0.0456356564517445,-0.0005140449948887182,0.02346338879297738,0.031158145821795102,0.0767938022735396
1,B_CN,A_CN,58,0.6349255846168943,3.3362067163836957,True,True,0.005325117807281322,0.020605177114738582,0.0043517585533932035,0.0020438034661084403,-0.0032813143411728474,0.02995705414987789,0.20120658206160308,0.16178610536706184,0.1462970463467207,0.11633999219684277,0.004808681178663073,0.029541454277836054,0.010510864928201746,0.0063716853297608456,0.00156300415109778,-0.08383867571212889,-0.2424161394883213,0.06568177854900148,0.07443804118564445,0.15827671689777334,-0.09009515609540264,0.0007437263966657559,0.0429422909585383,0.049739474353018176,0.13983463044842082
1,B_CN,A_CN,59,0.10975691422901224,4.459917527942493,True,True,0.003416030598431645,0.004066357630570283,0.0003170040461737411,0.0005086637330665722,-0.0029073668653650797,0.014628594908768201,0.04164801049128031,0.037964598479708456,0.04225733329500003,0.02762873838623192,-0.003240824364677146,0.018678759378174536,0.03992293159879379,0.02567182100016374,0.02891264536484084,-0.160773728332044,-0.06118258877605143,0.015524121182511452,0.016940707686578627,0.1777144360186227,-0.1594128929778943,-0.021362348373744955,0.10296416652914464,0.1369866940390317,0.29639958701692604
1,B_CN,A_CN,60,0.6011736628303354,3.0216020389194234,True,True,-0.006990332129652721,-0.02623432053841135,-0.007418990646798629,-0.003953776516596452,0.0030365556130562688,0.007173954029409664,0.0687086496371245,0.11763190247163796,0.12867807710992013,0.12150412308051045,0.006879048036039732,0.06239215009342847,0.06539055054166376,0.04457109189252462,0.037692043856484836,0.009415893725964825,0.10342867592617938,0.18432762417948412,0.20087876811332006,0.1914628743873552,-0.013237599951508291,0.018384654090835617,0.046483889285316826,0.05563865998148243,0.06887625993299071
1,B_CN,A_CN,61,0.6937049464922527,5.074147984102709,True,True,-0.005512451946403617,-0.0223995937107192,-0.008602522891163034,-0.004506243160093515,0.001006208786310192,0.006063119443202172,0.06293277787982263,0.1311330502699214,0.1518929475661689,0.14582982812296674,0.0035374280737284075,0.032184164849937136,0.02661292183850561,0.018255667098987072,0.014718239025258706,0.008765056222720384,0.08740381823319543,0.17317171964576084,0.19896823583798018,0.1902031796152598,-0.038719687491205634,0.008290623727026103,0.03833121938621542,0.04836568954026088,0.08708537703146652
1,B_CN,A_CN,62,0.5323140394055713,3.4754976398056283,True,True,0.007989707149139352,0.0668441847933377,0.04078563796646395,0.0228552609927537,0.014865553843614432,-0.0954479510871049,-0.09470402203779305,0.004341594351014222,0.018841812374072453,0.11428976346117736,-0.06757561289000355,-0.01268272725113051,0.09417191112360379,0.06813884149225746,0.13571445438226104,-0.019220483133585382,-0.1838394977962392,-0.052639822153537685,-0.02738289219195056,-0.008162409058365183,0.04711369628983522,0.2560070224138252,0.3672191052959895,0.37968005116125836,0.33256635487142316
1,B_CN,A_CN,63,0.770337098862442,5.205064367752627,True,True,-0.004678153440471469,-0.01414775503561716,-0.005021493681448552,-0.0027618803903527445,0.0019162730501187664,0.006797510492712672,0.09408690520574386,0.1440179963158289,0.14989977134079957,0.14310226084808686,0.00707391943402854,0.050073774500973,0.02924472936062572,0.015884778171072367,0.008810858737043792,0.011959207889478879,0.12720113336399458,0.21846233227434164,0.2196892710272058,0.20773006313772702,-0.03615556692193922,0.007620807271973118,0.036590837300384926,0.04561706307483149,0.08177262999677071
1,B_CN,A_CN,64,0.45003078420891884,3.874672451900274,True,True,-0.0029626185743357944,-0.017944504380129844,-0.005216946728843541,-0.0030887755102838588,-0.0001261569359480852,0.0065822094770359545,0.06449317928871909,0.1038316590989613,0.1089526378475768,0.10237042837054083,0.005764485786024676,0.05199447890387793,0.04672244159365324,0.031349250795448036,0.025584765009423416,0.006670240000186484,0.07081286625515137,0.14196953019798697,0.159416639228533,0.15274639922834654,-0.038125459087770486,-0.004216267213812602,0.02402572625615662,0.033775634197884985,0.07190109328565547
1,B_CN,A_CN,65,0.4361591584118,4.024609588763787,True,True,0.0047376702869573115,0.027014621516817605,0.009009684288801556,0.004444965627176001,-0.00029270465978126214,-0.03723012798986351,-0.08849913375142215,-0.021195074056977514,0.0022115364501796853,0.03944166444004327,-0.002826922687381661,-0.01551101716351233,-0.010761473413417488,-0.006917477027614249,-0.004090554340232533,-0.011353315257024897,-0.089089084331195,0.06919305080627847,0.11135098602298943,0.1227043012800143,-0.03100040114224073,0.00988683486391051,0.03204524925247432,0.038855806941411886,0.06985620808365262
1,B_CN,A_CN,66,0.24865492861748828,3.4846961859577195,True,True,0.010201160523925966,0.061971159903947526,0.024845921372418256,0.013077506023811525,0.0028763454998855797,-0.05040987366583191,-0.17034573060320035,-0.05826986804116496,-0.02889015652394955,0.02151971714188239,-0.011934826672229039,-0.05836024864399231,-0.024168454654544314,-0.013611635765227836,-0.0016768090929988322,-0.018036836103673008,-0.17363499657972115,-0.012545666003976219,0.021075221164653324,0.03911205726832634,-0.04611264316464969,-0.02394117629713688,-0.006518095672308544,-0.0034242058629897487,0.04268843730165994
1,B_CN,A_CN,67,0.20452361615002568,4.194460178759111,True,True,-0.036201398870411405,-0.07312952424170927,-0.014270928115412307,-0.006791086728487383,0.029410312141924022,-0.19132730070259463,-0.11362960067252703,-0.03261861787234632,-0.020623981636291422,0.1707033190663032,0.03403755838304852,0.30810895974604974,0.4902393991745796,0.4620161540278929,0.4279785956448445,0.0001666308782378098,0.024559133651248677,0.0498929662902966,0.047515199514409745,0.047348568636171984,0.008647232859732255,0.1100945001511256,0.1868166944205535,0.21260423518986843,0.2039570023301362
1,B_CN,A_CN,68,0.335690649370167,3.62454978928372,True,True,-0.009610393433826997,-0.04907350743938432,-0.014012671779944141,-0.007987497525144827,0.0016228959086822536,0.029286333199790668,0.2518028981060909,0.3056905606693253,0.29852767849443773,0.26924134529464705,0.015551612704389605,0.1363097405408355,0.12053669899874564,0.08191873362097912,0.06636712091658947,0.02854984306071585,0.2813978533964945,0.3645663616212773,0.3456307346485016,0.31708089158778574,-0.15376312676674497,-0.05602233859862049,-0.0145682500977517,-0.004702380881230928,0.14906074588551405
1,B_CN,A_CN,69,0.3267558761325997,3.4777587308321403,True,True,-0.0015642878391550694,-0.007279906230453825,-0.002617709160632309,-0.00027678237282258156,0.0012875054663324947,0.0059808841833237335,0.06567734700290462,0.1235168147916591,0.13428387459848568,0.12830299041516202,0.0051522036890579576,0.032940990720053076,0.01963429571195674,0.012596704678191406,0.007444500989133518,0.007997994907894351,0.08763361171459899,0.16161512173400128,0.17137229330192183,0.1633742983940274,-0.020321664907752224,-0.0031948973963021876,0.0011322787826417713,0.0008310137731352141,0.021152678680887438
1,B_CN,A_CN,70,0.2105331775140109,4.885524311257349,True,True,-0.002222779951425599,0.02577079823566275,0.016655045085902986,0.009885071632317999,0.012107851583743612,-0.1021423031813559,-0.037351063510236204,-0.010275066529885413,-0.004610675797690256,0.09753162738366561,-0.018902788377483194,-0.0177413427439001,0.007289706650031036,0.004754642283470667,0.023657430660953827,-0.0019321840665459805,-0.02962310469447016,0.017234053034825836,0.03225801577553722,0.03419019984208316,-0.15253122623603368,-0.03721308829077502,0.056052503603879145,0.07061357928420275,0.22314480552023644
1,B_CN,A_CN,71,0.5844493676638661,3.5859276267266225,True,True,-0.006453759953811651,-0.015975908052954013,-0.001645301159409862,-0.00018969984602668077,0.006264060107785019,-0.2538685682429972,-0.20085842391241931,-0.05028154185267708,-0.024403184738909123,0.22946538350408807,0.008134622699482452,0.07254572152068894,0.05641211027241233,0.0332821520877391,0.025147529388256595,0.08049395217305472,0.4610256966790948,0.12724725501404477,0.10508399857694528,0.02459004640389062,-0.27046174402150075,-0.10075689374143959,0.03867832542098959,0.06586335817821704,0.3363251021997178
1,B_CN,A_CN,72,0.8313935694206223,5.303671924698509,True,True,-0.006772933268027359,-0.03183591825991039,-0.00933801698857617,-0.004920274055887908,0.0018526592121393959,0.0277110049013072,0.23354867025660223,0.2655861073663049,0.25030990505063655,0.22259890014932937,0.012257161760277979,0.10200983304572386,0.07517177111138107,0.046743384925195586,0.03448622316491767,0.015805162104318315,0.15955381847791172,0.24789651993429795,0.242956746540274,0.22715158443595573,-0.14484855876801883,-0.037473426196308335,0.0014144048162606504,0.011838800509920588,0.15668735927793942
1,B_CN,A_CN,73,0.8225547054496344,4.346626817146817,True,True,-0.07207130373892051,-0.18289609128203327,-0.059510044651222005,-0.031237807057244438,0.04083349668167602,-0.15182051771626803,-0.08707071029827707,-0.017045160510938184,-0.00843992766489976,0.14338059005136827,0.11710070990070066,0.3348012434202675,0.45477457081865535,0.42698821247138896,0.30988750257068837,0.0066560537476537535,0.06486770643205508,0.0899843553213221,0.07335407425435536,0.0666980205067017,-0.2080031866540043,-0.01809723001098751,0.025734898605164536,0.024629477837196045,0.23263266449120035
1,B_CN,A_CN,74,0.6279922789609642,4.923797590132232,True,True,0.0002830481383733624,-0.0020387509750028343,-0.00015617612031382233,0.000347399314895247,6.435117652181521e-05,-0.026639274770459964,-0.13660131680450033,-0.11996655994844985,-0.11561900382368884,-0.08897972905322882,-0.010103281218736548,-0.013387478557339905,0.0023068489272497494,0.004395573843420153,0.014498855062156646,-0.15553113902459492,-0.40056992342353437,-0.06611280414638254,-0.037156813058718874,0.11837432596587605,0.1409414433965206,0.17881451828190414,0.1919400848573175,0.19489442135034507,0.05395297795382448
1,B_CN,A_CN,75,0.043676531427501164,4.088995493230703,True,True,-0.0008685047281250732,0.0016165746311306295,0.0006064760653763379,0.00018556201476316314,0.0010540667428882156,-0.01961225351153527,-0.06899759702594144,0.0067643568210294935,0.029441066779475,0.04905332029101028,-0.0058803475667811855,-0.042626249041671505,-0.020613616314073435,-0.011421755329778627,-0.005541407762997386,-0.0022027091952820377,-0.015342097964921197,0.056437285594317155,0.08291196753497365,0.08511467673025574,-0.053654461003906806,-0.03356436259875817,-0.012603973758081422,-0.005882309655727003,0.0477721513481798
1,B_CN,A_CN,76,0.2985703971508442,3.542939208980447,True,True,0.005799389169124071,0.021105888912839488,0.003472512636714775,0.0020157428195047844,-0.003783646349619252,0.08378814709927526,0.3145013371484345,0.22906980626011186,0.20295259232289287,0.11916444522361758,0.007164892407231477,0.03468308081836313,0.016151523349412167,0.008679000838939022,0.001514108431707517,-0.09542762488546484,-0.21286730555234878,0.09044387183112379,0.09817352219591413,0.193601147081379,-0.2550484545286783,-0.13222154573791778,-0.05022984718710777,-0.0359421134807113,0.219106341047967
1,B_CN,A_CN,77,0.6674015413068662,5.292162870546389,True,True,-0.02635141482425015,-0.10728620863704491,-0.03048322035203166,-0.015711780886976334,0.010639633937273851,-0.03806731343191183,-0.023301575966792054,-0.003492253677680246,-0.0015942526352602515,0.03647306079665158,0.03853232416948116,0.11454875971699763,0.09828171531718899,0.06811880987195773,0.029586485702476573,-0.0004551746505087051,-0.004278317798604103,-0.003635825997328479,-0.00146650269750781,-0.0010113280469991048,-0.5525252683043083,-0.056343537940452104,0.051349537954000546,0.05460292213399487,0.6071281904383031
1,B_CN,A_CN,78,0.2622898579912092,3.0308383561126924,True,True,-0.004529075984885,-0.022326338574784943,-0.006554373074985853,-0.0035861344566824327,0.0009429415282026232,0.016599149506306622,0.15052848847080202,0.21065518385798582,0.21054955963311828,0.19395041012681163,0.009906814060650668,0.0825079499448565,0.06816413360558671,0.043009121085407886,0.03310230702475725,0.01476360854349816,0.14635798915360176,0.24548238792596455,0.2465094773517491,0.231745868808251,-0.07068168859559176,-0.028611279907163834,0.00031438050298637776,0.009385187743658152,0.08006687633924991
1,B_CN,A_CN,79,0.9136447830343707,3.6625913745513956,True,True,-0.0027853551835441137,-0.0133961563957391,-0.0024195230399980394,-0.0008773459718491861,0.0019080092116949832,-0.31728324916187645,-0.12263852609225456,0.018480871436933444,0.041948691368608126,0.3592319405304846,-0.017578339489222092,-0.07013286050041395,-0.022002848168574785,-0.010455639886824408,0.007122699602397642,0.004456118862698408,0.05216590655696951,0.0667154456525223,0.06631101121973138,0.06185489235703301,-0.046107165937165906,0.04235172605771054,0.0700743222503013,0.07608021846755553,0.12218738440472143
1,B_CN,A_CN,80,0.7167218143659903,5.292128980639214,True,True,-0.01197689411067928,-0.05051553411580262,-0.015311599078217442,-0.007901974436943182,0.004074919673736188,-0.1693633475752354,-0.09667513089747659,-0.020853192701692724,-0.010633696432243656,0.15872965114299176,0.045610257845550964,0.27312580546310344,0.36933401666163246,0.3327306738589726,0.28712041601342164,0.003133972838502759,0.02393751225290741,0.026032107983984476,0.018181271140996103,0.015047298302493295,-0.27019553415394904,0.027241927667599808,0.17244068323728545,0.2154540206155262,0.4856495547694752
1,B_CN,A_CN,81,0.8077000098364615,5.41496901275093,True,True,-0.00872404910850455,-0.027984870034038822,-0.003163051728163113,-0.0006759458431762067,0.008048103265328344,-0.3967865488523168,-0.24833806348471632,-0.08828815450591987,-0.05064877438067872,0.34613777447163807,-0.038765211670915,-0.14562674503890394,-0.051161908756052976,-0.027530339468755716,0.01123487220215924,0.006885936603109842,0.06911359959672042,0.09580912674768971,0.0746218278893549,0.06773589128624502,-0.004889833990020964,0.030174324344155234,0.04877026817412977,0.05137311938997402,0.056262953379994984
1,B_CN,A_CN,82,0.004526275212450193,4.09535801015584,True,True,0.0022121360851244318,0.040663440641703574,0.0533822061644037,0.03538950488523929,0.033177368800114904,-0.053280345558698095,-0.035424534651072426,-0.007948331080165127,-0.003933053713608747,0.04934729184508935,-0.11204707438053574,0.04790351407177418,0.04300825119077023,0.026276575885303632,0.13832365026583932,6.109856914115336e-05,0.0017676576726897153,0.003620846298229119,0.0021319153338529295,0.0020708167647117692,-0.317384195301257,0.11308649803242254,0.10797113359580535,0.09153499967814183,0.40891919497939877
1,B_CN,A_CN,83,0.7342139072214263,3.937357194905899,True,False,0.002040594969870378,0.01901278149314617,0.004850432366071855,0.0024922146375447873,0.00045161966767448547,-0.038508738072980254,-0.03782522845655695,0.07685635305428395,0.09603007347816783,0.1345388115511481,-0.001426193274243641,-0.010105649653027349,-0.006703826837127447,-0.003651580438501001,-0.002225387164257353,-0.01011885130005178,-0.07900041438904093,0.06659071723975973,0.08370165154748499,0.09382050284753685,-0.048156416634511756,0.015350372841266391,0.01980223021607752,0.015712714174244247,0.063869130808756
1,B_CN,A_CN,84,0.18934642405672297,4.21643777767385,False,False,-0.004481917890019532,-0.022821518831841137,-0.00807353770244379,-0.004638102342497508,-0.00015618445247800317,0.021527166923186236,0.06094989243516358,0.04880432665358869,0.032717455890309055,0.011190288967122819,-0.05725682947141292,-0.08657334493065538,-0.01605634769213604,-0.006942080077588009,0.050314749393824965,0.004789780816866561,0.029025376439475448,0.03969143007707854,0.03235585501842919,0.02756607420156265,-0.5719134909799584,-0.2891088609237481,-0.08546603627641014,-0.04095258915385047,0.5309609018261079
1,B_CN,A_CN,85,0.36215129797199996,5.106240209730318,True,True,-0.04983902105176314,-0.13794352137966293,-0.03387816848855407,-0.01707866458343643,0.032760356468326646,-0.3308625174104076,-0.28306689110012684,-0.12719623736153962,-0.09473180874546927,0.23613070866493835,0.008837433539208094,0.11518394100842899,0.06881596377275512,0.040354967102053996,0.03151753356284592,-0.0031982692888357298,-0.03181977144064074,-0.03992180130672818,-0.021666947015429705,-0.018468677726593996,0.01334213971679099,0.04651122304791078,0.051242136396182025,0.048135759333143735,0.034793619616352744
1,B_CN,A_CN,86,0.6515090808895697,4.668812868283341,True,True,-0.01299593680313859,-0.06684271001627001,-0.026003257564444215,-0.0136980937046296,-0.0007021569014910023,-0.08980259440669591,-0.09965674043808237,-0.031022607671274294,-0.018964456167570476,0.07083813823912544,0.04280007319528834,0.30155961854082114,0.3505777531952129,0.2744424715351723,0.23164239833988398,-0.002542411194534168,-0.03450896396812242,-0.003492868644929814,0.00116775473135744,0.003710165925891573,-0.17178522417459438,-0.04816183271175356,0.07180806427560238,0.11974475752391023,0.2915299816985045
1,B_CN,A_CN,87,0.7273357936998608,5.1567410046734246,True,True,-0.009987189692323359,-0.04426894012131527,-0.013838951280261691,-0.00675914058083249,0.0032280491114908827,0.03738664893204465,0.2966821598523055,0.3072705201148457,0.2959876453031425,0.2586009963710978,0.010169914421179684,0.07341449304486602,0.044008477143772096,0.02499586548862487,0.01482595106744522,0.03311189445503381,0.3245137945758539,0.3403385867230472,0.3093331720736521,0.27622127761861826,-0.23538243266947756,-0.06831494373798774,0.007478926652516704,0.021620986432907996,0.25700341910238556
1,B_CN,A_CN,88,0.2696654356635434,4.719941367539254,True,True,0.004386262946263014,0.02572490637590108,0.01202601160169936,0.0072265963076043604,0.002840333361341374,-0.06700533780221729,-0.22510496033381966,-0.11969275654151357,-0.09191610349386115,-0.024910765691643855,0.004229657960232801,0.06056303486198267,0.034152911533727015,0.01937315974714371,0.015143501786910929,-0.033104697559946446,-0.29821019285612815,-0.05416033749925442,-0.024665818120240823,0.00843887943970556,-0.0011300525828252805,0.01713666772403133,0.014117261073970044,0.010110593915111599,0.01124064649793688
1,B_CN,A_CN,89,0.24606185651861157,4.029345153894498,True,True,-0.0020871974593896572,0.008205449489388894,0.006071083144739475,0.0039884862972792146,0.006075683756668893,-0.052024889094843325,-0.08202418428065306,0.009097157301957592,0.026039246605275124,0.0780641357001185,-0.010407289676663899,-0.05034339502518642,-0.018842949497776096,-0.009374128941281756,0.001033160735382066,-0.012830509173193824,-0.11768713799499708,0.054771801670707054,0.06714174809999451,0.07997225727318835,-0.09811469999460243,-0.023393666217021325,0.0025275316144353077,0.009154808137421533,0.10726950813202396
1,B_CN,A_CN,90,0.36702908286664127,4.215975405834339,True,True,-0.0023317613269267096,-0.006562640732236669,-0.0040991121563732635,-0.0015551289075734775,0.0007766324193532181,-0.004167377637267121,0.01631136337490313,0.09292866667207678,0.1116186957411952,0.11578607337846236,0.004423041312502832,0.03163998823680919,0.014991215349292819,0.008223978532340581,0.0038009372198377633,0.0009295247419786462,0.009192822975486792,0.08409267462795222,0.11068352820728511,0.1097540034653064,-0.02416743081625694,0.019623797875359283,0.04662343097323096,0.05622902130246388,0.08039645211872082
1,B_CN,A_CN,91,0.1695961183270004,3.665060835292509,True,True,-0.0070495267985288615,-0.025054820811455603,-0.0077863069168302435,-0.004449939314061568,0.002599587484467314,0.03744550189369661,0.27940373629548404,0.2907073344796015,0.27618827702888427,0.23874277513518766,0.01153855473937055,0.10161750172600559,0.07554834052358472,0.04843236440001619,0.036893809660645704,0.03395154996512168,0.332025701688268,0.3105852727470836,0.2847509607049308,0.25079941073980905,-0.2684664911782499,-0.12929123265894635,-0.037129649754654936,-0.020848326349596324,0.24761816482865356
1,B_CN,A_CN,92,0.7873504345717114,3.6340273008870705,True,True,-0.00038092952765242383,-0.00709426163252902,-0.004471297092741855,-0.0026841166799836946,-0.002303187152331354,0.012192950988383387,0.10746796561901961,0.12720907537331072,0.12011180415613831,0.10791885316775496,0.00584200454433937,0.042548155620985906,0.025549500474851716,0.014527501756463224,0.00868549721212386,-0.010086344290548652,-0.07287821440413206,0.04752863090087356,0.06885209532275072,0.07893843961329938,-0.05187540059201334,-0.029687726624173405,-0.008718497896433752,-0.001639971851621902,0.05023542874039144
1,B_CN,A_CN,93,0.0032595968446341717,3.241231400843915,True,True,-0.02562429553040472,-0.07706240378722734,-0.019479085612659874,-0.010985643011816482,0.014638652518588202,-0.17226809621553896,-0.08514889846944351,-0.010673733630415905,-0.003736803789277654,0.1685312924262613,-0.012304330385845774,0.18349766934014028,0.3494913217563208,0.3273759423793875,0.33968027276523327,-0.0032215507012342617,-0.03582286205368712,-0.022771469592328675,-0.011902913728961018,-0.008681363027726707,0.038472344438334055,0.20562555958379025,0.30409368086121713,0.3346132665353133,0.2961409220969793
1,B_CN,A_CN,94,0.28802390027442193,4.223049734080431,True,True,-0.0027864632148154114,-0.012291523462600318,-0.0035719802008798984,-0.0019420709982933548,0.0008443922165219941,0.013385923217572763,0.12784761213236157,0.21646433946744575,0.22717031944007932,0.21378439622250656,0.01065574504853413,0.09753435981102115,0.0922482429341811,0.06307922318988157,0.0524234781413474,0.01192441262674519,0.11715282622650997,0.2176392291353627,0.24571766844581677,0.23379325581907162,-0.052243740657234666,0.01324630866597687,0.04540778027140857,0.05563257101329372,0.10787631167052839
1,B_CN,A_CN,95,0.6457671030075458,4.106465793754582,True,True,-0.22973453722113812,-0.23283562741347907,-0.050111429700900656,-0.025321936935843614,0.2044126002852944,-0.7939924384820812,-0.3001249633619062,-0.11322047103556199,-0.0732600256346635,0.7207324128474177,0.047186385682959416,0.4278145594012661,0.654842474323092,0.6474145866490943,0.600228200966135,0.008601270251645962,0.08520707089556306,0.12920226649245314,0.1141588123979197,0.10555754214627366,-0.02804341363913379,0.2246743245180262,0.2166582169046518,0.19388488118634084,0.2219282948254746
1,B_CN,A_CN,96,0.8272945170185566,5.3466752944079925,True,True,-0.0023808724058240194,0.00398199942201205,0.002129698599415697,0.0011925083397443803,0.003573380745568344,-0.04760052407976133,0.02587330000449517,0.020474165908301978,0.023772890736423857,0.0713734148161852,0.013867669306865872,0.05280159911854315,0.012320878029577487,0.006670340925231444,-0.007197328381634449,0.008943568196915615,0.10528761363913297,0.12283246394762848,0.1240657546266013,0.11512218642968575,-0.20421724693986026,-0.07954956335985358,-0.002182374734319148,0.012175168359052524,0.2163924152989128
1,B_CN,A_CN,97,0.7815018914669951,3.30380880609962,True,True,0.02577805169033582,0.24454016702564263,0.28229351504421574,0.199461079256114,0.17368302756577814,-0.2061774350515562,0.032503082759495094,0.1502996461481907,0.15916777397710213,0.3653452090286583,-0.40589148152110244,-0.3929145590498644,-0.08484472638130836,-0.043446574285318174,0.3624449072357844,0.012989097468980762,0.1270796450860121,0.014263227984424254,0.004527511583040544,-0.00846158588594026,0.008473529925123315,0.10631877872298882,0.2972449227156198,0.3352364979585001,0.32676296803337673
1,B_CN,A_CN,98,0.5678004357490732,4.851524035406847,True,True,0.01500842174023919,0.1366807966598726,0.10452345268973329,0.06443567666927208,0.04942725492903288,-0.4731950680238403,-0.0820676874042987,0.04895806032123007,0.05999501275497254,0.5331900807788128,-0.3141952800318301,-0.3212177137699449,-0.07397323085695895,-0.03733732339521689,0.27685795663661317,0.0061521239846047335,0.05764193477563195,0.004643258908542891,-0.0012966042968638458,-0.007448728281468586,0.00745754002417387,0.11643111511412063,0.17428682403579587,0.18473603616062295,0.17727849613644908
1,B_CN,A_CN,99,0.8748307469367865,5.297314273125498,True,True,-0.0016909335008257892,-0.0021086209602174666,0.00040089869697257363,0.00023743893182748277,0.0019283724326533136,-0.11980992318050615,-0.1773291550899681,-0.048250286068774906,-0.014325250846443982,0.10548467233406222,-0.0026871101628294994,-0.019755883339951874,-0.009633778721741426,-0.005269378519622836,-0.002582268356793316,-0.00156735688796205,-0.006881831973287289,0.041656350897975924,0.06880325573964419,0.07037061262760624,-0.02544226006607564,-0.004974055657557819,0.00596661932467446,0.0062139935423153325,0.03165625360839097
1,B_CN,A_CN,100,0.6076351306143832,4.523287255090561,True,True,-0.005292451186178111,-0.02373260354320683,-0.0067046681562390464,-0.0032499207999748814,0.0020425303862032784,0.007650542889982721,0.07032036667244856,0.10653359017493574,0.11090499174693602,0.10325444885695334,0.008701814439981807,0.08220213945070293,0.09453169042045195,0.0658027272412377,0.057100912801255954,0.005817195634150719,0.06755435840510104,0.13051737678855257,0.13737510054004387,0.13155790490589325,0.00033759447650423763,0.008528576512533054,0.028890395451122944,0.037225602142444955,0.03688800766594072
1,B_CN,A_CN,101,0.9191670025495056,3.397560175626089,True,True,0.000858467270899374,-0.007815093735283385,-0.006571243833369378,-0.003411463898687739,-0.004269931169587182,0.10358838110744226,0.14650717865137697,0.03627474751387871,0.027234073288035288,-0.076354307819407,0.010953579802431945,0.08132105873426365,0.046839980396291225,0.02789395375115511,0.016940373948723164,-0.13029392086290054,-0.23164459823621952,0.003155463811801207,0.003956942876155778,0.13425086373905626,-0.18418744385136437,-0.05071344950104584,0.04750542442446537,0.07867815977928505,0.2628656036306494
1,B_CN,A_CN,102,0.6223166964948174,5.014338480583915,True,True,0.006422773700340292,0.022367981653633295,0.004845305321676263,0.0026921856110785347,-0.003730588089261744,0.006899557203380743,0.05939085995741383,0.07283055762635848,0.0788748762186321,0.07197531901525134,-0.005435685114030933,-0.039598260469118685,-0.018950835867882043,-0.010848775345963957,-0.005413090231933038,-0.5608139734604436,-0.4159406195909119,-0.05971544571223808,-0.025631439561085045,0.5351825338993585,-0.004439843840430946,0.06039738020502372,0.08357394286590814,0.08934909477894282,0.09378893861937376
1,B_CN,A_CN,103,0.11911392860002423,5.266687480860586,True,True,0.02357752497832924,0.22597432706852433,0.16106231253164738,0.09358400233693542,0.07000647735860621,-0.2728189099503065,0.09849222178960382,0.15006246379490917,0.13886339326665498,0.41168230321696153,-0.3120099683396494,-0.35137733077822086,-0.07979628406600758,-0.04053087020080259,0.27147909813884685,-0.0435244135861748,-0.2738745618886893,-0.016187880755703876,-0.006753172329884705,0.036771241256290055,-0.12800090107742818,0.10997492755951821,0.24799020448422948,0.27534905717731506,0.4033499582547432
1,B_CN,A_CN,104,0.8925333213802822,5.281683757372013,True,True,0.03059512485039794,0.13068098429960262,0.03717388597974958,0.01874105148587424,-0.01185407336452371,-0.04106761626882294,0.05466975538020458,0.05850121007724329,0.04301694922191479,0.08408456549073773,-0.38129988919908386,-0.21785347601928362,-0.04563534454763507,-0.023066158737841347,0.3582337304612425,-0.0009275011328335053,-0.00910211733040589,-0.0076764858806893654,-0.003604080773075058,-0.0026765796402415942,-0.2815597833304867,0.06413167845892498,0.08539612406485486,0.07511941683830003,0.35667920016878674
1,B_CN,A_CN,105,0.7653362107263902,4.721099359523348,True,True,0.003282432312218829,0.004215098585491961,0.00011770598403371135,0.000100694815155844,-0.003181737497062964,-0.0032680719317373826,-0.003924130917927565,0.030313328288057217,0.040256092881434946,0.043524164813172284,-0.0069843748615291,-0.05284764755716098,-0.03163318996652109,-0.019476239718185795,-0.012491864856656654,-0.010726426793934374,-0.09142790142763307,0.0007678466507738957,0.033888529806568424,0.04461495660050285,-0.0037665917274766697,-0.00323903453116859,0.014676855193976601,0.022518322716828493,0.026284914444305155
1,B_CN,A_CN,106,0.3531033962773503,3.3429670237292974,True,True,-0.0004881572547024357,-0.010938979894660528,-0.0018130632651532919,-0.0020477575187535235,-0.0015596002640511086,-0.015840420867134452,-0.011042680010716843,0.05136730619478258,0.07227394031113354,0.08811436117826799,-0.008776043600884825,-0.055831278125967165,-0.025377512306923422,-0.014581176040331156,-0.005805132439446359,0.0007629948240566176,0.012026832797151943,0.10417353151866027,0.1350809520004067,0.1343179571763501,-0.04527380142377865,-0.012484196210431175,0.009869887486979811,0.01749695585595934,0.062770757279738
1,B_CN,A_CN,107,0.3721836659972265,4.849039564746591,True,True,0.019648625155232968,0.14629243691792315,0.0979069114361415,0.05778486264929683,0.03813623749406381,-0.27380330010556453,0.09788403883546926,0.14623613629991494,0.13743493510433524,0.4112382352098998,-0.33563114883602174,-0.33742964911166995,-0.07874532072401441,-0.03973765164826848,0.2958934971877534,0.013455077422551504,0.14091512652224508,0.16550517047707625,0.13413604397604606,0.12068096655349458,-0.1474800594432879,0.013036879635057397,0.13158376846743947,0.16453487552834156,0.31201493497162947
1,B_CN,A_CN,108,0.04165790294291272,3.8996591270532157,True,False,-0.044679124705806296,-0.11305028818853913,-0.026349581726909266,-0.012907175040879348,0.03177194966492691,-0.3674577551879101,-0.265920122196795,-0.10355278306700133,-0.07542595880357372,0.2920317963843363,0.027057212247105653,0.2625135576658283,0.312345153087103,0.2302343980783811,0.20317718583127542,0.0163524395071616,0.16143584262424177,0.13330257139196622,0.10896693147920711,0.09261449197204552,-0.029067969063563875,0.07078247965740894,0.10565991637032801,0.11086461724661956,0.13993258631018346
1,B_CN,A_CN,109,0.7264596299368129,5.337885540385253,True,True,-0.012692166591934166,-0.05387423605381342,-0.013802321594670763,-0.007467318313385651,0.005224848278548522,-0.4416825987423845,-0.05245664012079132,0.020892656875235782,0.02707896200364468,0.46876156074602915,-0.07925513502644468,-0.17859183126734757,-0.048508993012229884,-0.026087853418420015,0.05316728160802464,0.015722012017229038,0.16020751227698155,0.1569783667816046,0.10463471848942207,0.08891270647219296,-0.0764569491624616,-0.006779688012752416,0.009140721640923055,0.007441290657569932,0.08389823982003153
1,B_CN,A_CN,110,0.6580889105761175,3.1790721393496266,True,True,-0.007199824968946299,-0.016194256230407267,0.0005826898332874642,0.000770190376369273,0.007970015345315495,-0.4749596523460745,-0.05790030996442286,0.0010193924104030527,0.005055671313686783,0.4800153236597613,-0.060126593365363704,-0.11992611572919376,-0.03166208557861139,-0.016573628676920027,0.04355296468844361,0.009080656612266584,0.09195409656180176,0.09511397539951638,0.05850742279165644,0.04942676617938979,-0.07394510925663778,0.06331347097414819,0.09256254230416239,0.08893644297921188,0.16288155223584966
1,B_CN,A_CN,111,0.874698696226695,3.6235988282857114,True,True,-0.019590688432425535,-0.05632651151224882,-0.011998936285084194,-0.005569513221486799,0.014021175210938708,-0.142033905883723,-0.05320520890122882,0.007823023118668893,0.011934589319245847,0.15396849520296885,-0.0062331437631059985,0.14803695698082064,0.2867999552796511,0.2580307204637149,0.2642638642268209,0.00707574170588951,0.08237556577476879,0.07155561440657443,0.04615725033575924,0.03908150862986981,-0.2008269913433989,0.013829225717120863,0.13846136915776042,0.17761932546498732,0.3784463168083862
1,B_CN,A_CN,112,0.7717536326796204,3.9187812372456277,True,True,0.001911314226695382,0.006761587941341962,0.001172740215112822,-0.0007687176955655239,-0.0026800319222609614,-0.006396968615697468,-0.038935222615903264,-0.02737890287932121,-0.015242643243319032,-0.008845674627621536,0.010942839684504685,0.06964544040286341,0.0360853732760662,0.01933935008483334,0.008396510400328627,-0.031207224075834747,-0.23295723306120064,0.023505026212571223,0.06312900890148754,0.0943362329773223,-0.11708894842173767,-0.01902545269830236,-0.008212386594618648,-0.004174927152562291,0.11291402126917538
1,B_CN,A_CN,113,0.503404383713356,3.28764083441368,True,True,-0.006813444672777447,-0.03462065823897287,-0.010060813676438407,-0.004502813918004334,0.002310630754773113,0.012450359159258302,0.1163003806428205,0.1778764057541905,0.18574803996260336,0.173297680803345,0.00989196074191356,0.09276502813963672,0.08731924185589557,0.05905394740185377,0.049161986659940204,0.01137429618398269,0.12121129252328061,0.2104568688113646,0.22015104083025872,0.20877674464627605,-0.04847685900875759,-0.0038399907467238092,0.026605128613300943,0.03655844718852613,0.08503530619728372
1,B_CN,A_CN,114,0.8100125334522976,5.493879116695466,True,True,-0.0027854689020364587,-0.02443402478986817,-0.009845311378748778,-0.0049663609851866575,-0.0021808920831501988,0.001703433637892257,-0.0006413088009878942,-0.10384223334994769,-0.09951213921722446,-0.10121557285511673,0.019033731332173228,0.10851715018529057,0.0396590690123968,0.023008897847783927,0.003975166515610695,-0.09943360905944301,0.003467177242280184,0.05842408254847453,0.055947825973905574,0.15538143503334856,-0.16270698396331626,-0.0350797834900507,0.05726786907711645,0.07147736750551448,0.23418435146883076
1,B_CN,A_CN,115,0.4828050066576115,5.379595638119014,True,True,0.016208910892541332,0.17533287619200488,0.34624167387463284,0.3296941202240896,0.3134852093315482,0.01153105013755995,0.11944915384428945,0.19466012821211176,0.19577036093646594,0.184239310798906,-0.5785614298872347,-0.2870396120619415,-0.055691060751361654,-0.028144393859042327,0.5504170360281924,0.004990936045356581,0.05566130081629722,0.07310643339081146,0.05704906152316669,0.05205812547781008,0.008824820995595152,0.17156050458716154,0.5674606602900174,0.6624701384883757,0.6536453174927805
1,B_CN,A_CN,116,0.03886397117200924,5.264775069547817,True,True,-0.004809260639581182,-0.021192289165176903,-0.005540426133429643,-0.002539512254378984,0.0022697483852021083,0.01229435445408807,0.11276378437426593,0.18920052952055133,0.20147288297927968,0.18917852852519168,0.009149860470703475,0.07389295890353825,0.0630800326123887,0.04250860886673402,0.03335874839603048,0.013012136031700882,0.12865978542759116,0.22090827170917648,0.23326526113673207,0.22025312510503114,0.033738094688259834,0.06277060743316354,0.09145176430139745,0.10133499601582086,0.06759690132756102
1,B_CN,A_CN,117,0.5645170345729486,5.356013361860806,True,True,0.004350994087664255,0.023353684036122258,0.00674408140301852,0.002722820241874979,-0.0016281738457892825,-0.36716415604032454,0.034529218466821665,0.07984414679869645,0.06922662156552728,0.43639077760585177,-0.37810256769305417,-0.30778767610240343,-0.06937209787745469,-0.03563692392078621,0.34246564377226807,0.0005507253771848755,0.010593569957030535,0.02036416622459969,0.014861009448104534,0.014310284070919721,0.03342911105364421,0.1313401815760472,0.1972691574301364,0.19994760665677158,0.16651849560312737
1,B_CN,A_CN,118,0.38204418790016803,5.341274558292054,True,True,-0.010260699474123829,-0.039627785231210466,-0.014175313004788137,-0.005804170312376344,0.004456529161747547,-0.12053156016971012,-0.03228795915636118,0.02184919295947818,0.02146240128824284,0.14199396145795296,-0.06032558590723075,0.07010324426155923,0.18358875012477882,0.1702455079966375,0.23057109390386826,-0.0008972211458370752,-0.007661071011502929,-0.006548753790902251,-0.003204155354188387,-0.0023069342083512634,0.030740212493154465,0.2611674517660263,0.4720629358970312,0.5238507081871195,0.4931104956939651
1,B_CN,A_CN,119,0.8093139902218927,3.574383837630388,True,True,-0.005716248690682761,-0.022677129079400338,-0.007097520839621563,-0.0026939471359991307,0.0030223015546836374,0.02109730164211899,0.1956178009252302,0.2615375123159132,0.26179566584124847,0.24069836419912938,0.006899606154847492,0.055445229123814554,0.03757761329284648,0.022768941433321865,0.01586933527847445,0.018586029922238505,0.19001715714649842,0.28510860781114067,0.27090307588913365,0.2523170459668951,-0.10108967767680044,-0.01556523139014665,0.02031970629518398,0.03063538989326209,0.13172506757006253
1,B_CN,A_CN,120,0.5809823081373636,5.399175823515324,True,True,0.0003056479886045238,0.03828994195601271,0.09169882347465597,0.0797782722777437,0.07947262428913926,-0.0008497453317828363,0.0680119489697848,0.10116311752777685,0.09750415163759185,0.09835389696937469,-0.24903904531538357,-0.1592076144434068,-0.03605631281338317,-0.018309406900038572,0.230729638415345,0.003361368614400201,0.03018222217272165,0.04401557626501984,0.036823383589904446,0.03346201497550416,0.028831058879963643,0.2726097921214691,0.5248622873024736,0.5817856587665087,0.552954599886545
1,B_CN,A_CN,121,0.1578275713103423,3.122354440606143,True,True,-0.2344255266922728,-0.27599643205445873,-0.07880897675977983,-0.04140509409045767,0.19302043260181523,-0.29493498766528603,-0.13512284116975393,-0.03652020357758867,-0.02219482531870398,0.27274016234658205,0.04312515514977692,0.3739514419059539,0.7062797407905874,0.736070011572507,0.6929448564227301,0.007709823050602388,0.07503935268922146,0.12316288241198214,0.12306348323748162,0.11535366018687931,0.006397675793003851,0.06358184447002481,0.14611530598141637,0.1724723696938447,0.16607469390084084
1,B_CN,A_CN,122,0.8690984732709899,4.376963231816144,True,True,0.0003697261878734953,-0.010611973830309096,-0.002911918485071885,-0.0011357239023424004,-0.001505450090215854,0.00648332939998662,0.04700884780014691,-0.03833950311768308,-0.09116452952555043,-0.09764785892553707,0.008589770958705369,0.062001610608410695,0.03392127365767328,0.019871121737366826,0.011281350778661436,-0.4058698390666588,-0.3969163810150889,-0.06635120614358547,-0.027941239227822323,0.3779285998388365,-0.030697004444541376,-0.019914612349919314,-0.010304017344949568,-0.007432191212469741,0.023264813232071635
1,B_CN,A_CN,123,0.17405326005059263,4.241271216162287,True,True,-0.0065790281748637006,-0.02494933885811146,-0.007601643597084151,-0.0037780397876540084,0.0028009883872096575,0.029456666375386447,0.2570497112268405,0.31950419409326997,0.31532423093653267,0.2858675645611462,0.01360407850149382,0.11260022384408569,0.09180063416818274,0.05869277685212193,0.04508869835062801,0.022727842654310857,0.22971415413601504,0.3407387641057672,0.32975211350634603,0.3070242708520352,-0.13775962124692565,-0.021731975503231804,0.019115017006067325,0.029959327574756722,0.16771894882168237
1,B_CN,A_CN,124,0.08705071903183714,3.997418000413253,True,True,-0.004636716806955286,-0.025982688995405567,-0.005855301250736522,-0.002448530434654317,0.002188186372301004,0.015945028385622496,0.15246030514731176,0.24153473448587642,0.2519095384582559,0.23596451007263342,0.008896740168496335,0.076184404085537,0.05981086890790044,0.036433407094696335,0.02753666692620005,0.015237330771649328,0.14776380982595183,0.2495472986147872,0.2539979222731463,0.23876059150149698,0.03683602628728411,0.07158661299947411,0.09851739883994437,0.1049982867039122,0.0681622604166281
1,B_CN,A_CN,125,0.5011383287797039,3.2657315882294102,True,True,0.001376590533837506,0.005929969901334986,-0.0005808105876969893,0.00040843603597939815,-0.0009681544978580314,0.0032031496742693268,0.032266150808252736,0.06716378103896348,0.07366982992991478,0.07046668025564551,0.0006607035512489964,0.0014777478780397812,0.002168035167117499,0.000788032732302435,0.00012732918105340385,-0.06236123107955174,-0.29630808482928134,-0.02965165196754238,0.024721283800480887,0.0870825148800326,-0.014144538843198384,0.0018121114163244245,0.01580812098804163,0.022700397979410925,0.03684493682260931
1,B_CN,A_CN,126,0.8618416135227681,4.806455984677413,True,True,-0.04641526015342687,-0.13767245300277364,-0.05842864569804462,-0.0328134581497338,0.013601802003693098,-0.12367453562789954,-0.06301480367245149,-0.01150654179204147,-0.00550925468115071,0.11816528094674883,0.056443605899434535,0.158890798300388,0.20022576970127293,0.1755632704493736,0.11911966454993905,-0.0008717067468436007,-0.007208097447618356,-0.0013328996663781734,-6.311650600432372e-05,0.0008085902408392354,0.01297021594087384,0.14721638319877778,0.33773198234341417,0.3949255837100635,0.38195536776918965
1,B_CN,A_CN,127,0.1513002141441634,3.730521346748196,True,True,-0.0018852942712300758,-0.00985118742377844,-0.003384668295255411,-0.002087880167854328,-0.0002025858966242522,0.034302989007643045,0.1852315651533134,0.13759281212327623,0.1256680274030566,0.09136503839541354,-0.010378027281945201,-0.048643764190721694,-0.005268581545898932,-0.0010811075945986737,0.009296919687346583,-0.7391790854629074,-0.0671639580826553,-0.008948977706695893,-0.00554940772381074,0.7336296777390967,-0.014721244003028423,0.09392405647501244,0.201080244067844,0.23570942146703072,0.25043066547005916
1,B_CN,A_CN,128,0.8851964999787038,4.33013820870595,True,False,-0.01860243929100485,-0.11766788255602673,-0.04937710683548702,-0.02724588821164553,-0.008643448920640617,-0.06390682120526567,-0.04104550022612996,0.013011297321061654,0.018746414080832885,0.08265323528609847,0.025869062102049374,0.22235583618044077,0.18990724966284311,0.12312091528310265,0.09725185318105334,0.010136806417315132,0.09702654112592579,0.09887700849960712,0.09116386020038902,0.08102705378307395,-0.3123180352770265,-0.2237992139184236,-0.1057547404547457,-0.06341419260793935,0.24890384266908716
1,B_CN,A_CN,129,0.7766078323147526,4.714969406424327,True,True,0.017641439203994407,0.10945533648316219,0.03931093679113806,0.020439841605903175,0.0027984024019087617,-0.10818901758041813,-0.050156240199102586,0.0390499111524899,0.04189694565350233,0.15008596323392054,-0.05945492841443985,-0.16861576813771756,-0.04635911667915693,-0.02333498190695038,0.0361199465074894,-0.01868249565975915,-0.16681726466931512,-0.062243157886309186,-0.028735129927366265,-0.010052634267607052,-0.04453363122651566,0.06830860900789248,0.09933053141761872,0.10300011127922615,0.1475337425057418
1,B_CN,A_CN,130,0.48126300545229683,4.7284538114465,True,True,0.0023889339752532976,0.03609678218007695,0.029531973155859537,0.017362894448656907,0.014973960473403602,-0.14448609889411634,-0.08629246200993534,-0.017121980680819604,-0.008510373719181619,0.13597572517493473,-0.08011919922799199,0.14998765648824608,0.2386247154545662,0.20832573107852537,0.28844493030651736,-0.00810265389398361,-0.08613723160207476,-0.03240164241898791,-0.014542469054199869,-0.0064398151602163,-0.06911339778577041,0.2710893220740968,0.34256743203333617,0.3427599115843627,0.41187330937013317
1,B_CN,A_CN,131,0.07165725425269442,5.291385494657749,True,True,-0.018740908654349166,-0.05081342481811957,-0.006289814257575799,-0.0022611525685409806,0.016479756085808206,-0.08971407206071018,-0.15457079321083234,-0.07913250006895867,-0.06230620182719837,0.027407870233511766,0.025219679797432545,0.20344058955048916,0.1508604090242639,0.0922141384544104,0.06699445865697795,-0.0010048573680903616,-0.012895941271071742,0.006433225907332196,0.009013385951483821,0.010018243319574238,-0.11189796914116962,0.01957509556575643,0.08998739378767484,0.10029803026199258,0.2121959994031622
1,B_CN,A_CN,132,0.24922708384343917,3.164451042229518,True,True,0.0068780076749297495,0.027309418681402575,0.007158430626447054,0.002786997301376437,-0.0040910103735533054,-0.0178865880376438,-0.004725603407336854,0.030724496991978212,0.042535526950322367,0.060422114987966125,0.007407698144222881,0.061494571836721246,0.03377898889945741,0.018738029212952756,0.011330331068729826,-0.018903348405287436,-0.13013348690829396,0.06609766709941478,0.07514888603171088,0.09405223443699828,-0.17570075820324504,0.03297389580960208,0.10480429158569993,0.11660795909676114,0.2923087173000062
1,B_CN,A_CN,133,0.7608638165254697,5.34013802390595,True,True,-0.012488639454802941,-0.08167861565294149,-0.07709363777279943,-0.06181986185037469,-0.04933122239557175,-0.0062745366343439635,0.0020740270677707118,0.0015207918749491345,0.0008498001208689931,0.007124336755212957,0.013368856658542927,0.006317666329758609,0.0014949528710498372,0.0006814220674334903,-0.012687434591109437,-1.0289633220549044e-05,0.007594198289133713,0.00916454172685821,0.005783344765940335,0.0057936343991609185,-0.478042437547051,-0.09672000996346375,0.18000233161551582,0.20202979523540165,0.6800722327824527
1,B_CN,A_CN,134,0.9129463553433433,3.61860024427253,True,True,0.002147235454371975,-0.012725302955400364,-0.007542213582075408,-0.0051323783800999445,-0.007279613834471954,-0.06580217840277543,0.03657510850892154,0.04983154669667755,0.05018100156065319,0.11598317996342866,-0.013294609672511594,-0.014097732040379007,0.003170155496840965,0.00325454165894723,0.016549151331458845,0.0025678211959672542,0.03219393883356009,0.06592676625246352,0.07025578011351274,0.06768795891754553,-0.09788374153532142,-0.07479410284444442,0.0031939810614833586,0.024165757354742884,0.12204949889006428
1,B_CN,A_CN,135,0.2745232950981832,3.616817468587035,True,True,-0.006625530423802803,-0.024926757493253016,-0.008484702864912208,-0.00390816560280649,0.002717364820996271,0.015658041124259663,0.008499596985826807,-0.06141823740825714,-0.05814978270432303,-0.07380782382858275,0.011550026830353992,0.10733710350515019,0.08239517112514383,0.04801179506626363,0.03646176823590963,-0.51319121214654,-0.36755537525890114,-0.07230740645244493,-0.05095558681491219,0.46223562533162776,0.12455949518002682,0.17703003109342355,0.19582447540515868,0.1977176035053287,0.07315810832530187
1,B_CN,A_CN,136,0.1546950834424402,3.688964494231539,True,True,-0.033092826813760017,-0.07438634408228251,-0.01724220409184818,-0.008388966051598667,0.024703860762161356,-0.4166921862625745,-0.31523563560233925,-0.13643068441372597,-0.1005720877772801,0.3161200984852944,0.017891428421167692,0.1750652997282547,0.16509321643846742,0.10530505631688403,0.08741362789571627,0.013619950476456533,0.13216176984634503,0.13215177646444842,0.09267511033116838,0.0790551598547119,0.032780811532827914,0.09495144539180345,0.11468490655056873,0.1207250840623848,0.08794427252955689
1,B_CN,A_CN,137,0.15431205560074013,5.126516678787322,True,True,0.029615715714975534,0.25349997066211377,0.3437269489972914,0.29150031438097534,0.2618845986659998,0.0460306031596025,0.11651442246938837,0.15977673069860965,0.15787250988153823,0.11184190672193572,-0.37379059688548183,-0.2012881140428041,-0.039807644581178914,-0.01980160600986003,0.35398899087562186,0.00540476375041455,0.054756518927894016,0.08442096104140939,0.07624665455554425,0.0708418908051297,0.010326801691419866,0.14075622869945062,0.36620530309354915,0.43928482271615943,0.42895802102473957
1,B_CN,A_CN,138,0.9995687513795501,4.450170025820881,True,True,-0.007830812519835396,-0.034367403475208946,-0.011248397328783355,-0.006640320066635841,0.0011904924531994654,-0.09201839723633087,-0.058448080233052924,-0.011585794226097734,-0.006047293728759784,0.08597110350757109,-0.016832927950711757,0.15589785358404024,0.19189701256153002,0.15034900362532866,0.16718193157604033,-0.005410609965614099,-0.03951354426676168,-0.027001017290299467,-0.014379469148771085,-0.00896885918315693,-0.2625048921798633,0.03185770022859846,0.10628535946481565,0.1118011810416143,0.3743060732214776
1,B_CN,A_CN,139,0.13823883703241413,5.117434177335904,True,True,0.0009151976643215903,0.024482747208031452,0.011643478341143765,0.006464666118330631,0.005549468454009054,-0.04376889746152272,-0.31501129656013943,-0.2530245924349427,-0.21987517443330207,-0.17610627697177939,-0.013578646400017838,-0.01703422216596595,0.003534317876727977,0.0026380646580759226,0.016216711058093747,-0.08773086297500501,-0.48120488080836554,-0.13200166843406336,-0.07887239264198098,0.008858470333024004,0.05565688759150966,0.05136448745117894,0.056937882712454146,0.05916574867104596,0.0035088610795362962
1,B_CN,A_CN,140,0.1229586020824216,4.208102876319952,True,False,0.005922233748191771,0.07445537629422394,0.05247371689880842,0.029287176681983773,0.023364942933791988,-0.29778209585967996,-0.12949884485434238,-0.04679886522279186,-0.033583876783428,0.26419821907625196,-0.02180040987120093,0.06065578130165833,0.10338771038580385,0.06954232104687152,0.09134273091807243,0.013495925716682837,0.10154418950259014,0.031467013090670015,0.01857420655208364,0.005078280835400739,0.009114507755439469,0.10003432864403108,0.17683500235380473,0.19347457248230532,0.18436006472686584
1,B_CN,A_CN,141,0.37606573123737574,3.6349467384632845,True,True,-0.0011032263916118668,-0.009747079537848036,-0.0030203465107070393,-0.0014003479735603674,-0.0002971215819485007,0.019253364429603587,0.1815548795414289,0.22015984654693677,0.21484257680901575,0.19558921237941218,0.006346449545633875,0.04736160634240211,0.02958760390439863,0.018119457364814906,0.011773007819181003,0.015055585128339863,0.1517216579476835,0.22399196526132736,0.21758933124855384,0.20253374612021402,-0.15643073260395535,-0.06983985551717509,-0.03222923050679871,-0.0221971974498808,0.13423353515407455
1,B_CN,A_CN,142,0.8508633725527157,4.142463075456653,True,True,-0.005014976722439168,-0.015672364615819334,-0.004236950508924475,-0.00199008573110393,0.003024890991335183,0.005976661562350553,0.09084362569180812,0.15014131967441213,0.15995277491251736,0.15397611335016675,0.0035008174398659456,0.028393722107184438,0.02029879769169829,0.013014292036909403,0.009513474597043547,0.02157847799721601,0.22371000588112938,0.28662377714626197,0.2763519506336065,0.2547734726363905,-0.1651771229756051,-0.03976668816808954,-0.0026872400805600383,0.007225563065964946,0.17240268604157005
1,B_CN,A_CN,143,0.193823499188023,4.610598956450756,True,True,-0.01419911030387852,-0.05532773800291113,-0.015915556438670597,-0.007361305156875164,0.006837805147003384,-0.12389781585933171,-0.15431374048425833,-0.04128794420651449,-0.020132517455125343,0.10376529840420645,-0.02174884077351543,-0.09271362878103112,-0.031094288963771755,-0.017016648028046033,0.004732192745469432,-0.0051594582115194465,-0.04727555119936799,0.009033210548635373,0.032946884312344826,0.038106342523864245,-0.057749441936774226,-0.014465291752340015,0.007449505149577984,0.013751354044996167,0.0715007959817704
1,B_CN,A_CN,144,0.7160431917993973,4.465704859721139,True,True,-0.00602021153128901,-0.025183933665776093,-0.0070416851084801335,-0.004421589989156982,0.0015986215421320837,0.018014794805959022,0.15849153729633,0.23474666486612322,0.2405514503587589,0.2225366555527999,0.00995512347560839,0.080844985196601,0.05937392540989683,0.036878771343259786,0.026923647867651446,0.018124852616814416,0.17471105234901912,0.2858604420285239,0.28128847476921714,0.26316362215240274,0.003134271526116561,0.04570906323487822,0.07533045112609993,0.0844376816592507,0.08130341013313414
1,B_CN,A_CN,145,0.23736826409141065,4.156543568954829,True,True,0.01333958432952096,0.08386540379580548,0.03112232276819127,0.016572166316087045,0.003232581986566063,-0.059450357380046365,-0.10206510759574322,-0.015887159281495644,-0.00043405973704691014,0.05901629764299954,-0.04560580874076808,-0.17649794949560188,-0.061264056430958336,-0.03259385721966712,0.013011951521101017,-0.007067670024886057,-0.06574952854193128,0.055768169811966306,0.0772473673991545,0.08431503742404056,-0.05337795395877054,0.02848948367775525,0.05664176812784183,0.06478881910633205,0.11816677306510259
1,B_CN,A_CN,146,0.5454826936154373,3.4768053064493762,True,True,-0.006534103416749142,-0.031362082797566804,-0.008393022875316736,-0.0048689958321017635,0.0016651075846473296,0.03784671263511856,0.3287706747684011,0.3832191778397202,0.36759632749512794,0.32974961486000937,0.015896831909993372,0.12373208414474979,0.08405902612050076,0.04995043576995073,0.03405360385995737,0.02000124954399681,0.19661292719157897,0.3002458254686382,0.2875341071340758,0.26753285759007894,-0.3246168469531347,0.0021101695316717572,0.05201912485592575,0.06439345926349649,0.38901030621663113
1,B_CN,A_CN,147,0.3704391909004341,4.671788080985689,True,True,0.004094788796580342,0.05562565109911144,0.05353692980863556,0.030244600955437684,0.026149812158857366,-0.02823182775121802,-0.006193965740931118,0.007148661491838237,0.00519327979387918,0.0334251075450972,-0.052217625197478246,0.0132062090478966,0.02452251167571584,0.015083691044205039,0.06730131624168328,-0.007656910830617647,-0.0692132832930048,-0.03190523646127108,-0.014655546749458126,-0.0069986359188405345,-0.3254168995927491,0.11659169554287296,0.21299015157669254,0.21517536960286687,0.540592269195616
1,B_CN,A_CN,148,0.6264075767192123,5.296347338439822,True,True,-0.0030784426892471878,-0.012918685920277673,-0.003928021033191342,-0.0025801285089790404,0.0004983141802681335,0.005885067198772083,0.05803373462982023,0.07663651234662938,0.07660615171752194,0.07072108451874981,0.006010984559699083,0.04214992230940512,0.02997675367113084,0.01804811160280151,0.012037127043102447,-0.0014172099781207884,-0.011360281534639805,0.06852128054104123,0.08981595515051322,0.091233165128634,0.008637005552844301,0.029895037800044322,0.054976567667134546,0.06411664643065595,0.05547964087781165
1,B_CN,A_CN,149,0.5583353086048397,5.028985876252555,True,True,-0.00940113388507268,-0.03660032282586234,-0.01077625713316721,-0.005454297022083776,0.003946836862988912,-0.07622755118841175,-0.00787879673660502,0.06584125789967732,0.08057773654631795,0.15680528773472968,0.00508198586833062,0.01953543991105927,0.002830819626883807,0.0015850165042622377,-0.003496969364068403,0.018576671668948004,0.1816406155575555,0.19885848072092105,0.19233725430183435,0.1737605826328864,-0.16190490458772883,-0.03121455138902296,0.021538374660751702,0.03202888229340961,0.19393378688113846
1,B_CN,A_CN,150,0.5569789168707553,4.875197937473638,True,True,-0.0060343393498876255,-0.026162382385164773,-0.006163500498484131,-0.004069820007768898,0.00196451934211872,-0.10489165820674078,-0.050885527557379795,0.011118717856219207,0.026254588419689973,0.1311462466264307,-0.0026570851382721056,-0.010880729681374823,-0.0034003887125642063,-0.002327325696147242,0.0003297594421248773,0.008952266084474622,0.08748850904295646,0.10245847549869946,0.10381744621155753,0.0948651801270829,-0.036844655543471716,0.012652558254181837,0.05705589261082672,0.06678927360819989,0.1036339291516716
1,B_CN,A_CN,151,0.7730271223155396,4.491819195466312,True,True,0.003885985260896188,0.03502780937880012,0.016313257425081717,0.00910595962418037,0.005219974363284252,-0.21424866527752562,-0.13690562146426372,-0.03132183344288286,-0.008833066324654082,0.20541559895287154,-0.015129237169314566,-0.08772255260146722,-0.03261641819242278,-0.016659577403639436,-0.0015303402343248562,0.010722681987428144,0.08802606215298991,0.08364021605427341,0.09262668118239947,0.08190399919497127,-0.08495279776590581,0.0036923646636031204,0.035324574918326745,0.04292749970454923,0.12788029747045504
1,B_CN,A_CN,152,0.4861940451458374,3.0539023035561055,True,True,-0.012334124558863853,-0.045702154191119004,-0.0116920954795795,-0.00604014170885947,0.006293982850004376,-0.060207990461150024,-0.07497444843339374,-0.004449615411562302,0.017785821326568474,0.07799381178771847,-0.0016923144803331694,-0.01956851362367429,-0.013730948774742902,-0.00909540841336165,-0.007403093933028404,0.0076747458347355135,0.08990929587103569,0.14866963118944365,0.15776930097199426,0.15009455513725878,-0.038018930270845394,0.007738560315194543,0.03313640799258946,0.04105497759383697,0.07907390786468235
1,B_CN,A_CN,153,0.6176138624110845,3.7278698301789785,True,True,-0.0061037004039649415,-0.02650164723307402,-0.00640339533402845,-0.003815527510725558,0.0022881728932394596,0.028843480804833156,0.2615662839976827,0.32466090780260565,0.31730783852723343,0.28846435772240026,0.011113276508682816,0.09008797977730476,0.06471997130417406,0.04183076856341861,0.03071749205473573,0.030173399910985527,0.2982420028660049,0.3450225083511663,0.31257197259721103,0.2823985726862255,-0.1389340008867005,-0.011692717728415736,0.03671362024699121,0.04872641431855773,0.18766041520525822
1,B_CN,A_CN,154,0.38640202479736596,3.635285667953678,True,True,0.007924624531896907,0.04141097623112849,0.015222746547688626,0.007136069056519201,-0.0007885554753777058,-0.11243121865686442,-0.07558432261872317,0.02180844994122777,0.03946372394336961,0.15189494260023406,-0.026232430427539873,-0.11027797381695681,-0.03923079356185777,-0.021335702663427547,0.004896727764112319,0.00101958683383737,0.022204256604397454,0.07621184219216504,0.09892444575355241,0.09790485891971501,-0.07580961170266037,-0.006761019279801994,0.022954787330225268,0.030877782423705313,0.10668739412636569
1,B_CN,A_CN,155,0.7788256599805061,4.964377572820496,True,True,0.010142062898040434,0.06798302599496597,0.024505049807493795,0.014225240212743961,0.004083177314703534,-0.14796625839256702,-0.10377975219979946,0.002804714976075595,0.015763676543843697,0.16372993493641075,-0.06060407814502764,-0.18485042119524464,-0.053792627908830326,-0.027784804009077235,0.032819274135950316,0.0019930251543821553,0.019871224505079388,0.05172149677870863,0.06501221659324241,0.06301919143886026,-0.08304867728500875,-0.015403230073630536,0.01331069297744425,0.020565491801243785,0.10361416908625254
1,B_CN,A_CN,156,0.19851574909529812,4.609419635468128,True,True,-0.010671518838350338,-0.04613568111989752,-0.01199222534853861,-0.00632355344871216,0.004347965389638109,0.02010646047180567,0.16180765825187282,0.21316692821047672,0.21249578313510975,0.1923893226633041,0.01688869935688602,0.15121413551401458,0.16825554347320182,0.12393387764414077,0.10704517828725468,0.014526309631487086,0.1477085234933268,0.23158351706515007,0.23009627945044542,0.21556996981895832,-0.0019080540388791492,0.0032851840383113645,0.027167330375480372,0.035400760240081944,0.0373088142789611
1,B_CN,A_CN,157,0.04310143981960446,5.46391415395925,True,True,-0.07875660571781648,-0.17476844766363364,-0.043439809398438944,-0.0215769415108944,0.05717966420692211,-0.37301243111507437,-0.12425578102020363,-0.030082205317483846,-0.017171386478799233,0.3558410446362752,0.032432904603225794,0.3233282791486016,0.441466505350032,0.38034611985952993,0.34791321525630414,0.013711751305538943,0.1244860858159465,0.1689083800678629,0.13910777429356624,0.12539602298802732,-0.07577629377291566,-0.06203861858436169,0.018114489291217506,0.048957973710080815,0.12473426748299649
1,B_CN,A_CN,158,0.37116075546205507,3.307804501825972,True,False,-0.004619900318380311,-0.011635979103426286,-0.0008093862950360187,-0.0003291385821053705,0.004290761736274962,-0.043960711435035285,-0.05389999971668055,-0.006282837521063345,0.008107817027865116,0.05206852846290044,-0.020504147416124233,-0.11388487857589602,-0.05201286863558474,-0.028902544364591387,-0.008398396948467224,8.830911106106482e-05,0.006083538146515022,0.052277582706759196,0.06712553626680351,0.06703722715574245,-0.00326381131658203,-0.0055112532502681125,0.008086647871851593,0.01372848210112046,0.01699229341770249
1,B_CN,A_CN,159,0.6668645718433629,3.292827805839801,True,False,-0.0293463136986764,-0.07990556888895384,-0.017834064873684996,-0.008560097545654455,0.020786216153021897,-0.3717084590611522,-0.043198223335953245,0.02648034343036121,0.029776475453239026,0.40148493451439127,-0.11157785973218617,-0.22129058821126463,-0.06079966917967905,-0.03129462148418072,0.08028323824800543,0.020779338678152112,0.18508379468343866,0.22636603978347736,0.19882382463726833,0.17804448595911615,-0.07275571989419188,0.052971697040385846,0.10529692486468639,0.11590151463923393,0.1886572345334258
1,B_CN,A_CN,160,0.34261392471984764,4.1842101348917335,True,True,0.00145593644231512,0.019181914690037383,0.0066874552629230255,0.002256878322690392,0.0008009418803752721,-0.021685583387605456,-0.005824945354491851,0.08024826721487477,0.09604808391239095,0.11773366729999635,-0.0037126159055368424,-0.02848921440261526,-0.010460615440510246,-0.005509756979476532,-0.0017971410739396898,0.0030267304347687263,0.03420575905993389,0.13512064492033526,0.14652137280450317,0.14349464236973453,-0.058457596954084035,-0.010561551258320034,0.013288229800699103,0.020948360257215914,0.07940595721129995
1,B_CN,A_CN,161,0.8286038732246319,4.702580536083602,True,True,0.002430379312098191,0.01007354027357854,0.0018035573179266962,0.0017113827166876927,-0.000718996595410526,0.008402925736183786,0.0754147596706719,0.09217091166869407,0.09027365878862026,0.08187073305243642,0.0001756352855388013,-0.0012936015833542314,-0.0004227919568825511,0.00017731879114168958,1.6835056029229634e-06,-0.7256801143150612,-0.3596752225554707,-0.013337469852485961,0.010265092373451856,0.735945206688513,0.005666702376632249,0.06176856457780022,0.0837301681012581,0.09008762040714191,0.08442091803050966
1,B_CN,A_CN,162,0.431534704063,5.472819282492393,True,True,0.03497396892689071,0.16589009625423434,0.09988854214554377,0.06134351580452457,0.02636954687763382,0.0092806835725886,0.05837380261682423,0.0861837078901464,0.08351560797919522,0.07423492440660662,-0.20970865226979463,-0.123724071573859,-0.02639307457763085,-0.012978880490123745,0.19672977177967088,-0.0001865519324667428,0.008520602882022277,0.010795760347964145,0.00967831139815778,0.00986486333062453,0.027309089563093077,0.26542033498860956,0.524407676528684,0.5823132616920502,0.5550041721289571
1,B_CN,A_CN,163,0.7912647327919412,3.8913635158233166,True,True,-0.009890008280227854,-0.038806434487288266,-0.011360291643081055,-0.00567772108433795,0.004212287195889952,0.0197434555859007,0.1745489921801794,0.26181891083581954,0.26920484010886103,0.24946138452296035,0.014289261375133346,0.12703333842117182,0.12973169379408822,0.09179622568952883,0.07750696431439541,0.021241252573139906,0.2021613094442366,0.3192626053651343,0.3207502074342097,0.29950895486106976,-0.08297982867816381,-0.0077784693294680185,0.02531996907619738,0.03476228604126219,0.117742114719426
1,B_CN,A_CN,164,0.2772010918326633,4.175323579842211,True,True,-0.0012736011012598886,-0.007015071732028311,-0.0012039268784848067,-0.0012603226990726135,1.3278402187233418e-05,-0.0034769509302399713,0.011342584285583213,0.05371600004245247,0.06897016328194189,0.07244711421218186,-0.0007106407176828006,-0.004668765231417293,0.0027838524296972533,0.0028652581584026615,0.003575898876085448,0.0065349723230448895,0.06874896640073419,0.15787338627542502,0.18193051074247635,0.17539553841943145,0.015427754168205271,0.05092690411461298,0.07737872794499512,0.0865900619013314,0.07116230773312611
1,B_CN,A_CN,165,0.47368969158305285,3.907851336278042,True,True,-0.003749072034775827,-0.01925921627990368,-0.00568940778134841,-0.002986958954788732,0.0007621130799870812,0.009483682325319265,0.07590367579440038,0.017947225226148,-0.005575187007790916,-0.01505886933311018,0.011168539252615711,0.0822230438701444,0.04736735826207894,0.028045401259057412,0.016876862006441673,0.005330670957264486,0.03954275729014484,0.07341932793184824,0.07662427832436547,0.07129360736710089,-0.08479841546453926,-0.06558549124582591,-0.03758813375029557,-0.027431853340811663,0.057366562123727594
1,B_CN,A_CN,166,0.7799570416862857,5.07886523088033,True,True,0.003473741522561788,0.048272581922494784,0.02953027348132098,0.016238020508538398,0.012764278985976651,-0.030645042314453974,0.07329021827810778,0.12571889435789851,0.12482832546268663,0.1554733677771406,-0.37180560706135857,-0.256395575992581,-0.03724348137967004,-0.015303351625823525,0.35650225543553504,0.0007796635218214887,0.0265543973353225,0.04770035507333947,0.05269865882603397,0.05191899530421251,-0.02344124351150211,0.054812111107682415,0.16324204889155716,0.19890199857989047,0.22234324209139256
1,B_CN,A_CN,167,0.5551840548337825,4.535609359988596,True,True,0.0006548028621429711,-0.007018720628869157,-0.0005589133366915577,0.0006806525067757363,2.5849644632702784e-05,0.013801479896608099,0.07377770314415771,0.06413841332249648,0.06293099306170913,0.04912951316510106,-0.0020480760794962735,0.011966523334557277,0.02760319827645441,0.016929886992534726,0.018977963072031034,-0.11530315759526749,0.0009754315060044316,0.040406671091908875,0.04200133217759339,0.15730448977286093,-0.13841168237630025,-0.06541226891291846,0.04315042802422414,0.08040722616041723,0.21881890853671748
1,B_CN,A_CN,168,0.48748538610032244,5.232850882295239,True,True,0.017827473635364088,0.18468148707359536,0.20430549525542785,0.14045442485861004,0.12262695122324596,-0.0038862266722812233,0.056563847985211746,0.062123469212922,0.049199714522068394,0.05308594119434962,-0.2771011209709468,-0.18819989209659393,-0.04321792119019563,-0.021389767945277693,0.25571135302566905,-0.0004718960215284451,0.003572122187901816,-0.0007920864407593431,0.0004028817639369908,0.0008747777854654082,-0.051875672694811525,0.1745728693146369,0.1841306350093047,0.172835503240915,0.22471117593572654
1,B_CN,A_CN,169,0.33308242199081783,5.4536374712714775,True,True,0.003483886772629542,0.015160400026141052,0.0018911796820247906,0.0006795358152721365,-0.0028043509573574266,0.015998341853086948,0.11340946431267446,0.10378529450686369,0.1025062708370672,0.0865079289839803,-0.00699404232050177,-0.05531593365832149,-0.020880671675851503,-0.010151581348769034,-0.003157539028267209,-0.5440263244616226,-0.2225950774627038,-0.008335862562333207,-0.0010860012335813796,0.5429403232280412,-0.01387678428393685,0.11723809325415352,0.1728117973155967,0.1819668298881989,0.19584361417213575
1,B_CN,A_CN,170,0.656151430239129,4.585970659498832,True,True,-0.01219189526576566,-0.01811209514389589,-0.000788545843251276,-0.0005240338899386021,0.011667861375827093,-0.07360722741143111,0.05060663036078539,0.07464506604751786,0.06824507138082059,0.1418522987922517,-0.19200201754811524,-0.1776701064867554,-0.02775186687443254,-0.011228369436030228,0.18077364811208496,0.006959460217993554,0.0560114217253358,0.07854571123465814,0.06302353122776072,0.05606407100976707,-0.19485738544971742,-0.012070099334700324,0.12432493990975996,0.1729559771950357,0.3678133626447532
1,B_CN,A_CN,171,0.35741767984412876,3.4978760485390072,True,True,0.008815426360771317,0.07918957669347987,0.046368473005871436,0.026008982001886394,0.017193555641115132,-0.06222383975162857,-0.08199544861520136,-0.031135433114803046,-0.021565533232727252,0.04065830651890123,0.026210530235470902,0.21008116374250163,0.1385614757601693,0.0779442095856222,0.051733679350151385,0.00200585123159909,0.03182849041801872,0.05935587989757518,0.06371776085320535,0.06171190962160622,-0.1148458861939057,-0.05235802554323932,0.04103313505171724,0.06400391018557983,0.17884979637948556
1,B_CN,A_CN,172,0.3180117379933006,3.4703539483933374,True,True,0.00016408975456333463,-0.0012280327740309405,-0.0003943442962101029,-0.0006362236338925964,-0.0008003133884558755,-0.04638437880299824,-0.11005937671469262,-0.006466345523399641,0.018238805030957428,0.06462318383395571,-0.006393068467013638,-0.04086849274553933,-0.01950899528376948,-0.011301040089362946,-0.00490797162234935,-0.010012866817227066,-0.08452851307478931,0.05347927499663485,0.0787161802891494,0.08872904710637652,-0.03395185425464342,-0.0024566999842602355,0.01651627511988507,0.021913999091637604,0.055865853346281025
1,B_CN,A_CN,173,0.8641677410212313,5.327785727463461,True,True,-0.007438170323367001,-0.039133780384044914,-0.012270341812235741,-0.006007071769329797,0.0014310985540372245,0.010420504462615762,0.14088467758237422,0.18300995888498284,0.17664952457291572,0.16622902011029994,0.009657237025708025,0.05757637603749577,0.02465771348024559,0.013703209939596506,0.004045972913888529,0.008050035961904005,0.08393976427061134,0.15433875622388238,0.15175680744994657,0.14370677148804256,-0.3791101175307403,-0.027847134778147153,0.012077375397917978,0.02163031381036673,0.40074043134110704
1,B_CN,A_CN,174,0.3671366277508048,3.3158978995687423,True,True,-0.010658648077579366,-0.04261231774603513,-0.011405589116468051,-0.005153559806087338,0.005505088271492098,0.018034064201278458,0.16677780383892393,0.24363996239166447,0.24923276648114218,0.23119870227986372,0.012710342134739892,0.12418651000139552,0.1248709771033053,0.08786387377082172,0.07515353163608185,0.023292669061438596,0.2169190278313724,0.32732264320610716,0.3238818538494297,0.300589184787991,-0.05969317876823396,0.017068370096262553,0.05095487740236482,0.06097599669995285,0.12066917546818681
1,B_CN,A_CN,175,0.20555050187080515,5.395368399045903,True,True,-0.0012488145875865983,-0.008318886624482436,-0.0013799216588856744,-0.0012378458367005019,1.096875088613114e-05,0.0017004850495812955,0.03170600858202299,0.07087579815947986,0.08108467327157465,0.07938418822199333,0.0033859142172562168,0.0225418111696693,0.020895597808230804,0.01276219732280548,0.009376283105549277,0.004941255786649924,0.04852804676489192,0.11530072111475309,0.1378211922488113,0.13287993646216134,-0.02771626323862708,0.0013756618765261575,0.029589364348976077,0.03962244706531948,0.06733871030394656
1,B_CN,A_CN,176,0.17999026068360158,4.454900648802756,True,True,0.02320190966125453,0.19162362352281187,0.11127883359656321,0.0627293139436994,0.039527404282444834,-0.05530006586885863,-0.08220975542236614,0.053686932378031016,0.06069912089231,0.1159991867611686,-0.08142233914025879,-0.2737528726387877,-0.07634737279006276,-0.038723855018012676,0.04269848412224608,0.0032454552819205784,0.045508495018581785,0.03569935753909248,0.03999591831233451,0.03675046303041396,-0.12702155089216335,0.0753750481087721,0.1366040522341283,0.1475299192838389,0.2745514701760023
1,B_CN,A_CN,177,0.6597170045193191,5.014406341935181,True,True,-0.005655581882800541,-0.022854867693958447,-0.005208456302090103,-0.002570364253667412,0.0030852176291331634,0.04634621437979114,0.0809657125786325,0.05188309351977738,0.04139628911871873,-0.004949925261072408,-0.07808138072980764,-0.15179977974618097,-0.051958891759256165,-0.02561668689730423,0.052464693832503406,0.00869176980481614,0.09086871907541372,0.12597273961093747,0.10588633191545671,0.09719456211064059,-0.25316616192803626,-0.09353772858509612,0.0004021378415580701,0.028142246398060178,0.28130840832609644
1,B_CN,A_CN,178,0.5664265438774898,5.020695876236825,True,True,-0.0071488393213233956,-0.0421101786409227,-0.013423734357849604,-0.0073997762011212,-0.0002509368797978251,0.037599219892695844,0.27509839588179985,0.3069360454554112,0.2988902202582456,0.2612910003655497,0.013990158793473047,0.11520921422270392,0.09496382617400867,0.061863163900885976,0.04787300510741299,0.018259205420658963,0.1896257463511496,0.2911156711194973,0.2858102355291178,0.2675510301084588,-0.15568656456371352,-0.05261228324551734,0.0001992032199326088,0.013098317849460972,0.1687848824131745
1,B_CN,A_CN,179,0.8470527443856539,4.1252703231259655,True,True,-0.004557800884754486,-0.025999131259313413,-0.008178884730408731,-0.003855918135959757,0.0007018827487946799,0.02276757339799502,0.19404358926600054,0.24562514046736894,0.2408859147813734,0.21811834138337838,0.011459325581439462,0.0888984306365313,0.06978344665918612,0.041839089570953725,0.030379763989514252,0.02364795818788032,0.23694144894900632,0.29260201886667503,0.2770864948038315,0.2534385366159513,-0.20067142250841888,-0.030150548094499574,0.01685200016781707,0.028034344606248596,0.22870576711466745
1,B_CN,A_CN,180,0.5337782491869232,3.9575580308379523,True,True,0.0031438556084008515,0.005855302437223764,0.0007808534010854684,0.00030514968529382624,-0.0028387059231069767,0.0004818778495653056,0.013435994287686936,0.013072094125372469,0.019274065129628593,0.018792187280063266,-0.002856656154933107,-0.021591644535363663,-0.014656153053781096,-0.008551370581390993,-0.005694714426457859,-0.7780947956777374,-0.46945934631675423,-0.11435601458645184,-0.0650668442493173,0.7130279514284201,-0.04965732783914045,-0.031572078598470554,-0.017646997572305922,-0.012909918312723145,0.03674740952641731
1,B_CN,A_CN,181,0.5833620024610819,4.278106715268098,True,True,-0.020309074943540804,-0.07248452574675046,-0.01912803281777864,-0.010181385947168886,0.010127688996371842,-0.3019690201810066,-0.06613341086984581,-0.015890168112328462,-0.009719140684753769,0.2922498794962528,0.010749716472426646,0.13017572623318824,0.1280845857563918,0.08504774350193844,0.07429802702951183,0.015527908156311353,0.14584740996892515,0.14864647482764914,0.10696835074943145,0.09144044259312001,-0.18437048086715863,-0.08055597336336967,0.006968382816162633,0.03950188959040202,0.22387237045756067
1,B_CN,A_CN,182,0.8858722302027886,4.130695550087402,True,True,-0.003998405852375798,-0.016492996409059324,-0.005624938080348585,-0.003679750390881087,0.00031865546149467683,0.017450505969562272,0.16339122435823727,0.2557468715203416,0.26484544009639116,0.24739493412682895,0.009370115418102988,0.08111534231801004,0.06405049557916886,0.040109213517005915,0.03073909809890296,0.013202553229562812,0.13962845852899092,0.23859410938878445,0.24882784747612108,0.23562529424655831,-0.06898108089587696,-0.019084427938587667,0.011110627485923508,0.020545900871524858,0.08952698176740181
1,B_CN,A_CN,183,0.717649264761709,3.2122388251162994,True,True,-0.010518965015243319,-0.03853188925761675,-0.012689603972401264,-0.006346199066014746,0.004172765949228552,0.011937085321412074,0.11040293707503276,0.18018605426057194,0.18951381692161368,0.1775767316002016,0.013020043095132584,0.12441887235945842,0.15613212193281867,0.12126283418138895,0.10824279108625634,0.014676601817899346,0.1489907651436219,0.2408657900309929,0.24343540834971256,0.22875880653181319,-0.03576813837328553,-0.019893719589299155,0.007971978767090548,0.016917612249822245,0.05268575062310778
1,B_CN,A_CN,184,0.9979460879762092,3.3778296773350083,True,True,-0.0044021058568069135,-0.020273334389504294,-0.0073447465122112865,-0.003945327217750427,0.00045677863905646543,0.010149094342187751,0.09434449388313046,0.14369180414820848,0.14580695699127189,0.13565786264908408,0.009291355759853438,0.07466856788534199,0.06837068273504532,0.04548025791564225,0.03618890215578885,0.012164863758520904,0.12458029799739578,0.219670414090681,0.23866932384362327,0.2265044600851024,-0.0771247146377314,-0.02822940811636404,0.001389941121090199,0.011097403852616428,0.08822211849034783
1,B_CN,A_CN,185,0.9125128668465072,4.298147432472035,True,True,0.006838654720892949,0.029904019095164214,0.008096223692898419,0.004529710545172483,-0.002308944175720473,-0.013096171524527356,-0.03953574618375716,0.03683586504944569,0.057134494923261725,0.07023066644778908,-0.0042698557062779,-0.02966343978209679,-0.016125398834254234,-0.008611526440157835,-0.004341670733879921,-0.033288255876896905,-0.2299591343761886,0.024092820083181476,0.06679626334643018,0.10008451922332706,-0.01177016235137307,0.022593738687790577,0.04329659074068948,0.05043543067453882,0.06220559302591189
1,B_CN,A_CN,186,0.3487294624030167,4.837808832744422,True,True,-0.006375196076471329,0.0032351837767761182,0.0111122248524681,0.006676725817030715,0.013051921893502128,-0.4680028941864052,-0.2616250867345311,-0.12454697504808054,-0.09793566876694271,0.3700672254194626,0.00020465804349284467,0.09404802503156062,0.07963831772325403,0.04762906191815541,0.04742440387466251,0.009884514254391796,0.0916476786075065,0.06446193024912827,0.02469391781155339,0.014809403557161649,0.020256521897901836,0.0875960223726745,0.11146753656205,0.11671367926741827,0.09645715736951643
1,B_CN,A_CN,187,0.7075595236570356,3.6964782949626827,True,True,-0.005981701880695717,-0.021890410615546974,-0.005585761574826487,-0.0029603681989345265,0.0030213336817611625,0.016338633444393735,0.15649505336259964,0.22062276422117455,0.2178265921631769,0.2014879587187831,0.008729557677511574,0.06702302987172248,0.04355023200399921,0.026537998979430655,0.017808441301919054,0.017218255591860472,0.16559952206069606,0.244651493413944,0.2309814922976947,0.2137632367058342,-0.07394218225632587,0.016586963894819173,0.05238424777508577,0.0630694795777591,0.13701166183408497
1,B_CN,A_CN,188,0.12580297099877213,3.994887537392465,True,True,-0.002376052784359782,0.02496340681789133,0.037411467781108265,0.02393971256928329,0.026315765353643106,-0.5354179575507076,-0.11597498527186756,-0.007896463644727847,0.006069126207109532,0.5414870837578171,-0.1271122257045893,0.053299654764532745,0.2129394725589654,0.19486621230946133,0.32197843801405057,-0.008956210372879109,-0.08445086216663367,-0.01620343071977881,-0.0069047286116172835,0.0020514817612617975,0.10712261346516488,0.4425217398444118,0.6009965856096495,0.6202297272018436,0.5131071137366787
1,B_CN,A_CN,189,0.7288394259453408,3.504325466830584,True,True,-0.008643728046431647,-0.03776920263524841,-0.014538841993229856,-0.007935013329678497,0.000708714716753156,-0.04072051078407899,-0.13661752227066648,-0.0661793073580822,-0.0444224003397784,-0.003701889555699389,0.016117780809107085,0.13083229934396423,0.08772599989130136,0.05238099033563859,0.036263209526531504,-0.009087006311584322,-0.07193866012466626,0.03981775621949357,0.049839518283472994,0.05892652459505732,-0.00437386505619255,0.02678156959027049,0.05708549014729827,0.06506038915613352,0.06943425421232607
1,B_CN,A_CN,190,0.8212559070534017,4.783224075219095,True,True,-0.015566406416442725,-0.05600437783821832,-0.013172325966769871,-0.007748045215190125,0.007818361201252566,-0.21926459925955039,-0.1475463234312061,-0.0589317356704081,-0.03838521718944943,0.1808793820701009,-0.02776780604860106,-0.07171818173032696,-0.017675068700992558,-0.010094247525797684,0.01767355852280339,-0.0005352590025894874,0.006659923840825255,0.02907785649468897,0.03793088598081151,0.03846614498340106,-0.013358980295949188,0.02846084157092682,0.05282549743773679,0.05975832055069505,0.07311730084664422
1,B_CN,A_CN,191,0.6337398444526834,3.2254665984319097,True,True,-0.003073982572419455,-0.01808124336659911,-0.006226617716842853,-0.003626916947691461,-0.0005529343752720406,0.014514617324619006,0.1309812505692077,0.15325070152967313,0.13934251009240972,0.12482789276779072,0.008905767137593182,0.07398736328797617,0.04897046191977594,0.029958721431325164,0.021052954293731996,0.007970240627498744,0.07932909203566091,0.14966489038105846,0.15646040680471018,0.14849016617721145,-0.13592083726450532,-0.08974812762053264,-0.061583215190815555,-0.05263344791816471,0.08328738934634061
1,B_CN,A_CN,192,0.8973934214571991,3.469622933135967,True,True,-0.0042928435865852155,-0.02089739956585357,-0.006466536935264444,-0.0033423841559986345,0.000950459430586581,0.015412769185769313,0.14064399858004129,0.2051673786364724,0.20838966042172224,0.19297689123595296,0.00889546400030574,0.06786683974202029,0.04514241293651766,0.028182078269549438,0.019286614269243718,0.01247331558792255,0.12630001826083298,0.21847625353928724,0.2240038397475167,0.21153052415959406,0.0023449154085437574,0.052126352774045426,0.08340632573855356,0.09241009436100689,0.09006517895246313
1,B_CN,A_CN,193,0.40507177158331864,3.401049886662313,True,True,0.010400011449393565,0.06815805845410855,0.026923095731498203,0.013529565345939298,0.003129553896545678,-0.029047023797691852,-0.08716759332119886,-0.0574294608947199,-0.04265444230512011,-0.013607418507428248,-0.01553102891639848,-0.09153120460566988,-0.043436100697990976,-0.024604620958478263,-0.009073592042079803,-0.015900049802503986,-0.1328263939892147,-0.03095443512176399,-0.00042524995278026,0.015474799849723775,0.00016961329281934287,0.00308788572159081,0.011837691286934779,0.01579525725211796,0.015625643959298607
1,B_CN,A_CN,194,0.9257628602516079,4.485989497352964,True,True,-0.003876398286405368,-0.015567651170304009,-0.006424177735211645,-0.003356441888833328,0.0005199563975720745,0.002689051426806463,0.0467825339457425,0.1103671562710874,0.12609739918586826,0.12340834775906184,0.0020770268924277732,0.014592394626357696,0.008406080337957644,0.006460528718507885,0.004383501826080161,0.00786450647566872,0.07554833763010638,0.14017128862759487,0.15219178234441022,0.1443272758687415,-0.011129664154079677,0.01416513823127219,0.03146225189097773,0.03167792031907091,0.042807584473150584
1,B_CN,A_CN,195,0.4211377899752543,4.926037689985798,True,True,-0.007599484634039845,-0.029431581550134034,-0.008161187567613859,-0.0037764281444836456,0.0038230564895561647,0.0030358057917234532,0.035540718111210456,0.07311615922871711,0.08388684899304155,0.08085104320131808,0.002719428519124413,0.022616595869040412,0.024579792427464997,0.0165255844100205,0.013806155890896066,0.008718080058305967,0.08721535673237013,0.1586872709017132,0.17604698183024425,0.16732890177193838,-0.03739696771812545,-0.0089577865552245,0.018941886279462583,0.028797520484037276,0.06619448820216271
1,B_CN,A_CN,196,0.7603756903359861,3.275810845166003,True,True,0.003748236556357719,0.022681954683887506,0.0071092886551888945,0.00430285334586944,0.0005546167895117415,-0.00817587213923987,-0.0025208539979034716,0.027876603250076903,0.03026985572887142,0.03844572786811129,0.005682430038153045,0.020715152739925746,0.005905392870709236,0.002667999917027708,-0.0030144301211253444,-0.0344116104627516,-0.24336193965811592,0.028044434975907473,0.04758005126660669,0.08199166172935834,-0.09194826607011941,-0.0394631996882876,-0.01902052425192302,-0.01408930906463024,0.07785895700548917
1,B_CN,A_CN,197,0.43192978281732974,3.5193409690741415,True,True,-0.012159212646623285,-0.04294364382783811,-0.012368847060428623,-0.0068130983424816716,0.005346114304141558,0.009323147057967088,0.08598119785434137,0.14813373490087633,0.15791947829818642,0.14859633124021931,0.012965826283370941,0.1286383553451706,0.1812520763845824,0.14771256602244986,0.1347467397390789,0.011469842077849589,0.11054531098815737,0.18541227158778434,0.19073372695408214,0.17926388487623257,0.0009887664165170742,0.012398034164701468,0.03695087599050338,0.04624586166671051,0.04525709525019344
1,B_CN,A_CN,198,0.5180189268724262,4.897364061309112,True,True,0.017451165199277602,0.1402455943718922,0.19437628407289098,0.16050884028553425,0.14305767508625666,0.01820678758434946,0.06706566045227136,0.08833474206498171,0.08470057833652922,0.06649379075217976,-0.19699326296333242,-0.11017121584626044,-0.022886541938294758,-0.011491192042143328,0.1855020709211891,0.00428290776663498,0.02953114187388689,0.04490510473475284,0.039629637068922086,0.035346729302287105,0.017093521434305252,0.18895714172284706,0.43800497031107455,0.5078346450374658,0.4907411236031606
1,B_CN,A_CN,199,0.9444573433128547,4.21436387611283,True,True,0.00585184714585394,0.019822000574122256,0.003020055622461326,0.0009410909055721506,-0.0049107562402816995,0.000518064047476452,0.0349480964050099,0.04330819923354645,0.045653618788634054,0.0451355547411576,0.0022825567048858422,0.006833210114038701,0.0015192948639810577,0.001645768871218145,-0.000636787833667718,-0.038166773760316,-0.2212514003342414,0.05695157846118215,0.0850900410902623,0.12325681485057827,-0.17801484982699145,-0.0893670046040782,-0.05828283275247631,-0.050488523597140844,0.1275263262298506
1,B_CN,A_CN,200,0.010381178803823277,4.808918398351942,True,True,0.007038445366560217,0.03784592833956374,0.01569762298918842,0.007982536242481686,0.0009440908759215105,-0.1889103968509946,-0.12936206176943232,-0.04236877857302701,-0.029965073353043215,0.15894532349795137,-0.14559853110442,-0.2912576675604897,-0.08622622100935717,-0.04634424303909668,0.09925428806532333,-0.006809333049740136,-0.07459282706948905,-0.067654796055449,-0.04587115441809975,-0.03906182136835967,0.0029386505300881115,0.030273130925286725,0.06876725097149858,0.08036962347965701,0.07743097294956891
1,B_CN,A_CN,201,0.33999196505827944,3.3655214187199802,True,True,-0.009668086603186125,-0.04608024185947768,-0.01471253179667309,-0.008015865504986008,0.0016522210982000685,0.035628989434268635,0.23041766268300862,0.24698208582251202,0.2342908650487066,0.198661875614438,0.017146723661822825,0.13727969978771065,0.12813254829622112,0.08710593598326122,0.06995921232143842,0.015301098117045157,0.14973513681210893,0.213330727032773,0.20524789892395168,0.1899468008069065,-0.002132298517086573,0.004525684260983799,0.03953217002989416,0.05122566391553665,0.05335796243262324
1,B_CN,A_CN,202,0.618731199748149,3.1266548886629177,False,False,-0.02757897541347544,-0.10417485255982484,-0.029841929274002088,-0.01510837791890085,0.012470597494574576,-0.18027728990455694,0.008195140776816268,0.0036002771374764597,0.006545911268960536,0.18682320117351747,0.014141362422907144,0.030371190365594547,-0.0033262845606187863,-0.002559145103119609,-0.016700507526026698,0.018027917184124033,0.174020994602905,0.20656163662073834,0.16508090037040812,0.14705298318628413,-0.09817219167039741,-0.12028153749594495,-0.05983517158213872,-0.03262297080069368,0.06554922086970372
1,B_CN,A_CN,203,0.04894998555244223,5.209507527663118,True,True,0.06835904984071996,0.124965140096019,0.03130562299368578,0.016045542566393012,-0.05231350727432693,0.03337154426730382,0.042906993620843714,0.03261179749787968,0.022827163679333462,-0.010544380587970359,-0.065384552396756,-0.05870204558782244,-0.014313629742330747,-0.007442951313274326,0.057941601083481675,0.001333878644614775,0.011880186227929523,0.016005819031166046,0.012892738706911544,0.011558860062296672,-0.478233283162209,-0.18953373957723696,0.09523911917794503,0.14914825642514384,0.6273815395873529
1,B_CN,A_CN,204,0.23364549857422556,3.199589555719802,True,True,-0.033324718086589315,-0.07818769859251057,-0.01406681780137986,-0.0063304900280716225,0.0269942280585177,-0.4621141457227781,-0.1629048848146195,-0.06565339901858946,-0.04891683187203366,0.41319731385074443,0.03278939841692119,0.3059184208360648,0.39276772357796597,0.31844641654338635,0.28565701812646516,0.012223200032718554,0.12037776159185276,0.1256753525000266,0.08039710613167728,0.06817390609895868,-0.08258904364769143,0.0096479015745643,0.08257282539787514,0.09873685977796498,0.1813259034256564
1,B_CN,A_CN,205,0.46211738622832266,3.5499160997162997,True,True,-0.006447718791625118,-0.027461615071638024,-0.006703536401898691,-0.0035649206084596985,0.0028827981831655025,0.009150131497363472,0.09123965542183868,0.15073016956354773,0.1611686066236021,0.15201847512623862,0.006063440090847895,0.05853393260410461,0.05549250962243735,0.03731473005570207,0.031251289964854156,0.015019508293196437,0.14467020149911908,0.2440518684952403,0.25656073059818696,0.24154122230499053,-0.04364419373244535,-0.0008822205699794416,0.027180804393759972,0.03594905060247772,0.07959324433492307
1,B_CN,A_CN,206,0.03759885953229125,4.428969443483135,True,True,-0.008260107930136852,-0.030827634628784906,-0.010275785938974158,-0.004618880338342457,0.003641227591794416,0.015591415429391041,0.1990265305667731,0.33287007562690996,0.31160780474063987,0.29601638931124885,0.011194745789897632,0.11467010298566432,0.04674261021012649,0.025217128759708496,0.014022382969810843,0.0055495882992072434,0.07007463759396781,0.15461184167023279,0.16050016328290406,0.1549505749836968,-0.3194760701590167,-0.007652292287979923,-0.0009245143924206944,-0.0004520763583556464,0.31902399380066104
1,B_CN,A_CN,207,0.642549017290503,3.9075365945793705,True,True,-0.0019399989160902784,-0.012009712235306003,-0.003700752932797702,-0.001024563225050401,0.000915435691039912,0.01696450605620737,0.15456518385073448,0.1781026232991748,0.1709212208700016,0.15395671481379425,0.009860506067143414,0.06867348218491998,0.0490009857065824,0.029522785187568346,0.019662279120424953,0.01688023992611106,0.17738346885339878,0.2294122504766839,0.21919793381369934,0.20231769388758825,-0.14677687885714807,-0.058226227306049316,-0.023674216790798508,-0.013945916380685874,0.1328309624764622
1,B_CN,A_CN,208,0.9826600808540102,3.6113227407743738,True,True,-0.006091191793267024,-0.02627168605640129,-0.008333973383795268,-0.004908309967119107,0.0011828818261478968,0.014212300641206307,0.18392539777152705,0.17989292671527346,0.17208792447770294,0.15787562383649656,0.00536715066346042,0.018886731501987664,0.0075228354991296875,0.004351062378079251,-0.0010160882853812447,0.00990707633273799,0.09767785943876711,0.1694526874215183,0.16363219247734473,0.1537251161446067,-0.15446766638103082,-0.06005909604079773,-0.014821003181979653,-0.004461404037636396,0.15000626234339443
1,B_CN,A_CN,209,0.951983246507091,3.9853559714721825,True,True,1.6802270145901965e-05,-0.011565304590842207,-0.0067691627651195185,-0.0032923949412848597,-0.0033091972114307477,0.016330842850111972,0.13692582226193944,0.09562334943692608,0.07033361004817673,0.05400276719806474,0.0040564674809976525,0.029016049435871494,0.01202698930788293,0.0073630916537608115,0.003306624172763173,-0.27303422828666984,-0.37079469992367564,-0.029700273950683198,-0.005943341372890321,0.2670908869137796,-0.06386507017688703,-0.016352415861078606,-0.0038123851073463833,-0.002875725183103306,0.06098934499378372
1,B_CN,A_CN,210,0.8559177477892531,3.697407498008748,True,True,-0.038010827481680005,-0.13368948161035088,-0.03868611684946832,-0.019884934447771063,0.01812589303390888,0.11466070992272212,-0.0030258560789535593,0.03294599294973288,0.03983235217131764,-0.0748283577514045,0.03994078867009171,0.3343717901573962,0.27391315689007956,0.16518491339634245,0.1252441247262508,0.01216367927376518,0.10337182423806351,0.15925983245805297,0.15059493942392888,0.13843126015016372,-0.22757167679167845,-0.13692993366630657,-0.06230379907590089,-0.029203162787671544,0.1983685140040069
1,B_CN,A_CN,211,0.8762784702449767,5.083625327329146,True,True,0.01135494271081191,0.028217344484119278,0.00509712096730941,0.0028498056174274256,-0.008505137093384407,0.13305038467557362,0.1993316345557049,0.16522995596070722,0.1608206975050791,0.027770312829505595,0.024674386571708645,0.13343335874098794,0.04817861727559514,0.0255205710262697,0.000846184454561083,0.0009996312579924962,0.008092817211684644,0.11974528687557617,0.14398698494992113,0.1429873536919286,-0.2945019313480354,-0.12235341575298248,-0.0031493560681815636,0.024076410461786657,0.31857834180982203
1,B_CN,A_CN,212,0.06877566680295066,3.655035607163022,True,True,-0.0004851207412564576,-0.008377531184294296,-0.003876916878072345,-0.002826153120925934,-0.0023410323796694277,0.03548215124101865,0.1888302066043271,0.11231543838941827,0.0843342641834427,0.048852112942424086,0.005430778244865167,0.03433384855336136,0.015429504730795518,0.0073220640371737256,0.0018912857923085724,-0.5853122284529546,-0.24790069380214164,0.0035790806661987196,0.01574294962119227,0.6010551780741469,-0.11788254642186108,-0.014066617814323001,0.05164217857462916,0.06370701498447723,0.18158956140633828
1,B_CN,A_CN,213,0.9197927570697183,4.772808841799597,True,True,-0.007252796569476853,-0.04047676031065173,-0.013310640945331409,-0.006659749861444686,0.0005930467080321744,-0.07267583903139667,-0.16202999907667454,-0.052280859640343125,-0.038265952758059774,0.034409886273336965,-0.02511943959528333,-0.11833793476306081,-0.03858922497159056,-0.019396174081962814,0.005723265513320475,-0.027637875717886853,-0.24556617231335198,-0.0392295326846287,-0.010867890991521523,0.016769984726365372,0.0015482106597080048,0.04118224158163153,0.05899402167037271,0.062430065183457284,0.06088185452374928
1,B_CN,A_CN,214,0.8587745038765736,4.935089614003514,True,True,0.0006639465722418914,-0.0027742645333164173,-0.003942433738501561,-0.0016427329143228198,-0.002306679486564711,0.029609807722361818,0.1667105331852543,0.10443764109752152,0.09227845297939208,0.0626686452570302,0.015734685934663484,0.08801706829323053,0.036411481135939616,0.020560366645860695,0.004825680711197267,-0.058986178212313334,-0.2909751728276805,0.008985339171903806,0.031560980700409136,0.09054715891272247,-0.1124091099237059,0.00030859786355463825,0.005242683163986905,0.003270625093455548,0.11567973501716144
1,B_CN,A_CN,215,0.8320409762141527,4.367329793751566,True,True,-0.030799561359102313,-0.10444870642214577,-0.026439431730794882,-0.013348667517162571,0.017450893841939763,-0.4027589207296435,-0.1511330856038442,-0.04662912511552053,-0.03400668724264333,0.36875223348700015,-0.09291805976022058,-0.2042096881112091,-0.056986879445236616,-0.030377118594674957,0.06254094116554554,0.013717550281536858,0.15200149178699957,0.1262823949028592,0.0850980958433113,0.07138054556177442,-0.0799787167502849,0.027714699497702,0.0650732591199934,0.07348585672763974,0.15346457347792464
1,B_CN,A_CN,216,0.43350714853619643,5.386970897655797,True,True,-0.003925141624535182,-0.04312956847542623,-0.08744767068227677,-0.09392964631329337,-0.0900045046887582,-0.0023540872923117906,-0.0005841613530860323,2.421950983255705e-05,5.0761591150472185e-05,0.0024048488834622628,0.01938319381973097,0.011153290162238094,0.002577450270624282,0.0014740699623025932,-0.017909123857428377,-0.001841590017313828,-0.020512714678435517,-0.01518697437635308,-0.008024645181370471,-0.0061830551640567055,-0.7256864419974338,-0.25172631548400304,-0.01627686280859242,-0.0035702182528822846,0.7221162237445515
1,B_CN,A_CN,217,0.03044290567698682,3.259460581596646,True,True,0.001436052733199876,0.007137278470919717,0.002561651959527955,0.0012289954505178002,-0.00020705728268211043,-0.005180469973160615,0.06784105927560025,0.12451531142285555,0.13360065274946198,0.13878112272262266,0.0018409693352872403,0.0020664173422677012,0.00046278479961425756,-0.0008231442281193546,-0.002664113563406678,0.006586022472030051,0.07251645725222972,0.1824655333878349,0.19457022829836335,0.18798420582633324,-0.09098634263309274,0.0017243889166883575,0.03388386799465054,0.04321173499166464,0.13419807762475738
1,B_CN,A_CN,218,0.21529203127259977,3.7467681456311417,True,True,-0.007542691716149519,-0.03260349567347165,-0.009763718460734427,-0.005090294529017991,0.0024523971871315275,0.02300652712160244,0.21017478070148934,0.26762512728457105,0.263856868990741,0.24085034186913856,0.008784509444809907,0.06914728127082492,0.0450117483208049,0.027419156977312342,0.018634647532502435,0.02783380796619713,0.2810639637333343,0.3239326652108844,0.29367865676999705,0.2658448488038,-0.11983029220324626,-0.01223214525827232,0.03012536833751711,0.04071754062705113,0.1605478328302974
1,B_CN,A_CN,219,0.8903801112287726,3.3437770165685543,True,True,-0.010471250708676202,-0.0563983750390209,-0.020288148232015857,-0.010306881524888567,0.00016436918378770482,0.15872701505419548,0.49609385199803435,0.4404065497083895,0.4094790284614934,0.25075201340729786,0.01355790644006898,0.10959881165652197,0.07906016477959332,0.046856329275119735,0.0332984228350508,0.03079206255988761,0.30235504214182335,0.3615631389099677,0.328689031750632,0.2978969691907444,-0.4181860118452525,-0.2577101928091153,-0.1372597044577865,-0.09598394323963666,0.3222020686056158
1,B_CN,A_CN,220,0.7665430099309306,4.53055890603841,True,True,-0.004535747613851664,-0.023805285151845046,-0.00946280202669647,-0.003971315768609207,0.0005644318452424635,-0.09417415920609329,-0.05727502996323086,-0.010170154862371716,-0.005004270899655272,0.08916988830643802,0.07753628249449496,0.24258739291931714,0.2836915604463832,0.23918781995793603,0.16165153746344108,-1.981028829797782e-06,-0.0022207609319350174,-0.0025551210168965888,0.00017524810277869118,0.00017722913160844733,-0.3679507061986005,-0.03680314212761204,0.0689729935100446,0.08646110684256825,0.45441181304116873
1,B_CN,A_CN,221,0.16388244102067184,3.7757712730396062,True,True,-0.01468545822466577,-0.029509154936635196,-0.006893575965736143,-0.004274325447579663,0.010411132777086163,0.0027675926445008825,0.019652212589062912,0.015291537502652996,0.010438493362721069,0.007670900718220186,-0.03845723088681158,-0.00875767655123788,0.021217900614607155,0.01427535943561642,0.05273259032242805,0.008974449732095609,0.08186778838420367,0.10045040678323469,0.07675125811286054,0.06777680838076494,-0.17682703167916652,-0.03021562538455208,0.08812334061931931,0.12378362682269384,0.30061065850186036
1,B_CN,A_CN,222,0.7614185247768683,3.8848808741456153,True,False,-0.009753542624610013,-0.05207226894518352,-0.023503489466309313,-0.013820884902416175,-0.004067342277806141,-0.07064131957169306,-0.02151162198993717,0.013963866286413107,0.012659575066565343,0.0833008946382584,0.020830907226034215,0.14885466758314014,0.25444919467658045,0.22071136205524367,0.19988045482920946,0.005632170806103912,0.0429643518193496,0.0664984211363644,0.057074844141498104,0.05144267333539421,-0.2678639069058816,-0.07067585103103025,0.019656237109454744,0.0447222481761681,0.3125861550820497
1,B_CN,A_CN,223,0.5920258452346946,4.187238999821156,True,True,0.0003590407217301736,-0.004449470011906431,-0.001081163313652933,-0.0008723212494794463,-0.0012313619712095436,-0.001172476132540793,0.015519045371694351,0.06580277679883173,0.07753825116466806,0.07871072729720885,-0.0008919024930875916,7.539637590942005e-05,0.0012601539286307695,0.000593682495755421,0.0014855849888429917,-0.010553711482104815,-0.08005663998170298,0.04591872022006305,0.07775779565852858,0.0883115071406333,-0.002221377278015857,0.017973821187342365,0.04101335453789434,0.048356205896890825,0.05057758317490668
1,B_CN,A_CN,224,0.17769611787178052,3.594920717969063,True,True,0.0008849214273771097,0.0036090978375069582,0.0011115740864541257,0.0003959856222734981,-0.000488935805103563,0.005462799174375713,0.08366396383834679,0.1780454776540028,0.1942223834274731,0.18875958425309736,0.0029081638482570046,0.013666562922053482,0.007208775419190294,0.004310477145644476,0.0014023132973874919,0.0055286567153535054,0.06075312033967922,0.13289928568431064,0.14752851507190523,0.1419998583565517,-0.0671322833110447,-0.024035077380049064,-0.004538091497035768,-0.0015696512041442068,0.0655626321069005
1,B_CN,A_CN,225,0.49105489836909644,3.5136755588509647,True,True,-0.005177791964587855,-0.018644266301639845,-0.006856300804070514,-0.003325583391545539,0.0018522085730422466,0.000507305951211387,0.0798866946447625,0.09363062508524167,0.09305871745737226,0.09255141150616086,0.0057160761971266,0.02890682634550823,0.014576222224359614,0.007638799615012348,0.0019227234178856856,0.002592031618626006,0.021558437829696853,0.09036073131897548,0.10973223408338573,0.10714020246475975,-0.08451870725219829,-0.03346855110611044,-0.00138145065671888,0.0076012836682815554,0.09211999092047984
1,B_CN,A_CN,226,0.25721841848192206,3.9741132633794742,True,True,0.016990412769995442,0.16804711551691648,0.08247908457842534,0.04326742128175909,0.026277008511763733,-0.05737786691886815,0.08325069859352763,0.15807675851255398,0.16276212260525824,0.2201399895241264,-0.3219278471969972,-0.2999244854649733,-0.06179455599829187,-0.031001289514542396,0.2909265576824548,-0.034434213615749595,-0.2085392889039096,-0.009819032613374468,-0.004047676357653351,0.030386537258096147,0.020768322948862394,0.21000389119842125,0.41987441547939797,0.4854339417953407,0.46466561884647833
1,B_CN,A_CN,227,0.22825230263704088,4.521933482115841,True,True,0.0016785117734693586,0.004643633331773422,0.0006400315875343399,0.0001419829678490636,-0.0015365288056202742,0.006412333632445217,0.06891874176382351,0.13190413440273485,0.14074714965966195,0.13433481602721664,0.002093906902231636,0.01538713804460301,0.010800650558453917,0.005746172089566626,0.0036522651873349687,0.004607117731325799,0.04435691701923877,0.11105583556323895,0.12441409074514709,0.11980697301382137,-0.04194524755771356,-0.01661703485216559,-0.0033496270773399894,-0.0016837254254840062,0.040261522132229555
1,B_CN,A_CN,228,0.07062441515222051,4.287727335121461,True,True,0.016193002976724158,0.22091373650945342,0.24275738466996188,0.15165235241721287,0.13545934944048865,-0.023065648445104503,0.08714597986039752,0.1259389646443122,0.1177416775050113,0.1408073259501158,-0.48232810417870553,-0.26103005548335034,-0.05229535353049031,-0.02629422422537042,0.4560338799533351,-0.009401463891321661,-0.09092866210709982,-0.015896757733393718,-0.006490320956605844,0.002911142934715838,-0.24585434647657012,0.2739316045291844,0.4471355364796904,0.45834443724348173,0.7041987837200518
1,B_CN,A_CN,229,0.3626936680899042,4.498011232933023,True,True,-0.008680081354927274,-0.05237764329190664,-0.018213221548535663,-0.009861807073840767,-0.0011817257189133956,-0.06494830171381065,-0.05267054463411347,0.040374641231325836,0.05754939908268508,0.12249770079649569,0.016484360818633255,0.10703693201310321,0.043657151023682284,0.024775489915854654,0.008291129097221406,0.0009039932925530639,0.012268796766032763,0.10853209501723249,0.1255161075395389,0.12461211424698582,-0.13810059475251296,-0.0011096675513055931,0.032207563633992575,0.03992179513173444,0.1780223898842474
1,B_CN,A_CN,230,0.23223940552676958,5.278024796999896,True,True,-0.010625882720071665,-0.04515248032581032,-0.012009345635848323,-0.005986730812922114,0.004639151907149475,-0.14054103897509593,0.09427027889064354,0.09274886034302121,0.08671313678749315,0.2272541757625891,0.03613210044768741,0.18382907159714063,0.05562990735358253,0.029485803485378992,-0.006646296962308451,0.010529130319256494,0.10420279965010593,0.07901270583016984,0.06879033736696794,0.05826120704771143,-0.11965419354112616,-0.009448565117871066,-0.0013395492743143445,-0.0006396216186175252,0.11901457192250864
1,B_CN,A_CN,231,0.635412597568986,3.3862413760462102,True,True,-0.009133553448247247,-0.03758581218629964,-0.011358546214281895,-0.00605013758182138,0.0030834158664257982,0.012716813295469243,0.11691898845397442,0.19692102894873054,0.21028303719268843,0.19756622389721923,0.011507165986363154,0.10227325775711316,0.1105583988889347,0.07896216848310356,0.0674550024967403,0.013851291083550224,0.14272374603150645,0.2450907862415077,0.25539632977391336,0.24154503869036315,-0.010329251384148128,0.04020205666668797,0.07180639136633757,0.0825196225525982,0.09284887393674633
1,B_CN,A_CN,232,0.1672226080315321,4.3587712781520995,True,True,-0.02316083333712908,-0.024823895879148794,-0.0036769188577820966,-0.001271090633303884,0.021889742703825155,0.028882124663547115,0.11529416436442086,0.1232445979382083,0.10951413864746906,0.08063201398392195,-0.298824117276191,-0.2713186422315825,-0.06152587454231517,-0.030263164082574456,0.2685609531936166,0.004219947083762415,0.038406325191923385,0.06713036355178958,0.06675796975124781,0.06253802266748543,-0.1671893106223137,-0.09611180346565584,0.012741581395722956,0.04492568319043794,0.21211499381275165
1,B_CN,A_CN,233,0.2178590050434881,5.208786033563011,True,True,-0.055106000577847696,-0.15968416671788388,-0.0439137221812389,-0.02245250015219513,0.032653500425652515,-0.05860102219268426,-0.032901545716548464,-0.006191762062234929,-0.0030551817207408183,0.05554584047194344,-0.12852116261673127,0.021122332170861235,0.06535695203770231,0.04270696672825913,0.17122812934499043,-0.002159053006702445,-0.02593579491878828,-0.009024844561813739,-0.0031350480541247894,-0.0009759950474224066,-0.009042410714219629,0.1322974078258633,0.1852664209787651,0.19295938405107327,0.2020017947652929
1,B_CN,A_CN,234,0.9849219155394515,4.994101957876766,True,True,-0.005747868672019936,-0.0287858107948209,-0.009096968478939926,-0.004718032129087835,0.0010298365429320944,0.018662829364623396,0.1769832628768794,0.2533426567972119,0.25548671486364066,0.23682388549901728,0.009923490363945343,0.08658476544498056,0.07348627953162656,0.04737506608151709,0.03745157571757174,0.02236685010903591,0.21945862352667728,0.3242532956444478,0.3191794801624761,0.29681263005344016,-0.1349822279659621,-0.014953681908430605,0.022444104513583585,0.032445314366910116,0.16742754233287221
1,B_CN,A_CN,235,0.7869305473412042,5.461849916172026,True,True,0.0005049048675982298,0.004138942333522966,0.0045013196040959436,0.00226173954269715,0.0017568346750989061,-0.00788106767074278,-0.07886064503447887,-0.14887212131110927,-0.14540439676213857,-0.13752332909139575,0.002329467996241473,0.03581647906180835,0.022881185598887632,0.013257359693575888,0.010927891697334324,-0.3141171197727625,-0.4541206799117763,-0.12510750734119136,-0.08259547977558013,0.23152163999718245,0.14143425817079813,0.151363851492191,0.15359743621150418,0.1547132071204128,0.013278948949614677
1,B_CN,A_CN,236,0.9450071695373876,3.0849641088378927,True,True,-0.00948751947461491,-0.06274941447117632,-0.023756980184856613,-0.01253602899915185,-0.0030485095245369465,0.0572811245042185,0.3274630021202564,0.26309873524446015,0.23055349742075415,0.17327237291653563,0.009852028325838515,0.06380893139733496,0.037302299164322594,0.02105331816452194,0.011201289838683404,0.018778182810221387,0.21320262223187736,0.20838575753772848,0.19621532178451617,0.1774371389742947,-0.3239705236734898,-0.21718994886952217,-0.08224262086844214,-0.04658123935819136,0.2773892843152984
1,B_CN,A_CN,237,0.31906940066108536,3.176440890784738,True,True,-0.00515241414012213,-0.022076062916208006,-0.008096273464053061,-0.003492743558601852,0.0016596705815202784,0.015992238206116473,0.1485619893922149,0.22490763858135243,0.22837690322144655,0.21238466501533015,0.007426250620387771,0.05458235193277028,0.03890042352785428,0.02257921931199891,0.01515296869161109,0.012679875782275939,0.1315499319922112,0.21362977238019953,0.20969436016735443,0.19701448438507851,-0.0339029166272421,-0.006771083473462114,0.0017547637329138333,0.0017300424553274851,0.03563295908256958
1,B_CN,A_CN,238,0.1407308089713878,4.120410329726625,True,True,0.0009552938341312184,-0.0029685057871735032,0.00045087843974589425,0.0005262376201736751,-0.0004290562139576126,-0.10186858425352119,-0.020115880146281184,0.04154929091647286,0.04188744919868115,0.14375603345220234,-0.14403628822828024,0.03030019945730078,0.16969777025123267,0.15859644698030717,0.3026327352085874,0.002975310498530656,0.02239703638024415,0.032740585577966885,0.02568096071777437,0.022705650219243756,0.024983305549029423,0.2115117036792769,0.37303396780715364,0.4143032294379836,0.3893199238889542
1,B_CN,A_CN,239,0.9101999215062567,4.719895199364218,True,True,0.0017207926491826508,0.021402684667521155,0.009596254705012575,0.0048622494472225775,0.003141456798039899,-0.07597504666691267,-0.14601537000416467,-0.09773642266213262,-0.07728309645779119,-0.0013080497908785627,-0.0291153957360756,-0.13857602550603315,-0.06354764451413397,-0.03460973144919566,-0.00549433571312008,-0.010891891085157562,-0.09389088089385095,-0.021860627658816467,0.0101575777394044,0.021049468824561934,-0.004709250553015472,0.007166803131706784,0.025685556844952717,0.03236920809511787,0.03707845864813333
1,B_CN,A_CN,240,0.24001597138102138,4.06074886219851,True,True,-0.0060115429015373395,0.0035980247225024797,0.015065451125852114,0.008790195534119083,0.014801738435656464,-0.25622921405877785,-0.11588421504721846,-0.025895140121297455,-0.015051786069248063,0.2411774279895298,0.039290373443758034,0.3085993861423742,0.578108911570108,0.5917153343102746,0.5524249608665164,0.0001231759925328091,-0.0036357130026060114,0.014864063019969787,0.021070176721046052,0.0209470007285133,0.02040974822401229,0.15735727360734642,0.2562271860217063,0.27895756435493896,0.25854781613092664
1,B_CN,A_CN,241,0.2551149732468575,4.835598940977801,True,True,-0.00808427058390948,-0.02990859748654584,-0.007984348893638082,-0.003644385854735699,0.004439884729173782,0.002385328803012069,0.036558783070389345,0.06275329242941435,0.06922704314553524,0.06684171434252312,0.0035439590647700706,0.02885744585178518,0.02176589152944386,0.013393749099761654,0.009849790034991535,0.007159228629821546,0.0693436092818071,0.1350357599334452,0.14802479135827074,0.1408655627284492,-0.06039633211930259,-0.032692045078210275,-0.009676417879381227,-0.0017884054265666638,0.05860792669273593
1,B_CN,A_CN,242,0.18360135326549332,5.093984992102357,True,True,-0.0008563050387241922,0.00872233279014012,0.002964734199197072,0.002206601174245648,0.003062906212969785,0.04523474692870368,0.17165477211191776,0.0958989456267948,0.08120366865388506,0.0359689217251814,0.013892552624267522,0.05907293286513832,0.022449431481808668,0.012170076593948198,-0.0017224760303193865,-0.04278891652510374,-0.2082496586259326,0.062417306576181275,0.06517889726823767,0.10796781379334142,-0.186857455640282,-0.08399419443596223,-0.01611553457379955,-0.004958688262000632,0.18189876737828137
1,B_CN,A_CN,243,0.4002196449630462,5.433252772679337,True,True,-0.0022651574126347426,-0.012187353720614635,-0.00398633264852799,-0.0013876265206647087,0.0008775308919699576,0.00625892776142065,0.06688196088530204,0.1347455270631196,0.15215295412537833,0.1458940263639577,0.00627213372720075,0.05078080470237423,0.04593823441780032,0.029799950444551526,0.023527816717350825,0.009191084382128244,0.08431754756410492,0.18005640383116228,0.22196585676485736,0.21277477238272902,-0.037011332255726725,0.013145758462603852,0.04442438694310419,0.054613432088727876,0.0916247643444546
1,B_CN,A_CN,244,0.24017107880062605,4.5731322117461755,True,True,-0.000617551037269834,-0.005290029412461372,-0.001951285881019782,-0.001143470560285187,-0.0005259195230153946,-0.12215970012695591,-0.11214640104241846,0.000429079335450111,0.029546421701559744,0.15170612182851562,-0.005646731642535839,-0.04805727242421576,-0.02361797863909254,-0.012433478268135123,-0.006786746625599305,0.0019775755338010265,0.019451920611208207,0.0665597481453899,0.09758696281757606,0.095609387283775,-0.03552406026380445,0.011004365915503467,0.03602840401629259,0.04389187129102534,0.07941593155482979
1,B_CN,A_CN,245,0.62314274040989,4.311420977830551,True,True,0.0030285006722049826,0.02179120655915423,0.010325152511304503,0.006129350621250196,0.003100849949045248,-0.08868725565008131,-0.2025395653724527,-0.07578898674563028,-0.0491041941331537,0.03958306151692759,-0.02048082030444147,-0.09062558674140903,-0.033775355986636724,-0.017358505765487142,0.003122314538954285,-0.015159303709126666,-0.13507538780484607,-0.018536667041430643,0.00770664269671717,0.02286594640584383,-0.05912857504080549,-0.03082039961496752,-0.009189758902926393,-0.00507926016871274,0.054049314872092746
1,B_CN,A_CN,246,0.5453152306830288,5.376007274936052,True,True,-0.004323352156472039,-0.04013133840549299,-0.020821325197935336,-0.011444634170105439,-0.00712128201363349,0.2592137910195754,0.07815991797007948,0.02355720509115733,0.018490356840766276,-0.24072343417880904,0.03284841325494801,0.11255950829168176,0.0420549288297799,0.02181452429509334,-0.011033888959854687,-0.04367052285722271,-0.3243931454490854,-0.036557504208593494,-0.013660631885712093,0.030009890971510633,-0.39130019163122354,-0.18648419467164884,0.06513591659237061,0.11967415987194585,0.5109743515031695
1,B_CN,A_CN,247,0.6453005493173739,5.022657288807091,True,True,0.006372666066194452,0.0401261424465435,0.015071387868901276,0.007588262647866939,0.0012155965816724734,-0.014207848361753758,-0.020861307880740976,0.03137074683557722,0.04695322565673099,0.06116107401848481,-0.005164879412897103,-0.03176236295427293,-0.016754355194693482,-0.008654255646462161,-0.0034893762335650447,-0.009406544840962573,-0.06670207458072464,0.05458269280559214,0.08916247269526778,0.09856901753623037,0.00695770330470552,0.03734181957894783,0.05931222234666725,0.06701823025686121,0.06006052695215569
1,B_CN,A_CN,248,0.25449678296238665,4.896953025205361,True,True,0.02278659785249017,0.1918745856034516,0.15001622822559602,0.09511282917974584,0.07232623132725569,-0.4063206305571663,0.030972294477781936,0.09719451882766961,0.09304169505782822,0.4993623256149945,-0.3693159247312554,-0.29895657945794296,-0.06525073818040095,-0.033566379684499714,0.3357495450467556,-0.006376132092868365,-0.04603177026194105,-0.018891730218162373,-0.008363712466255002,-0.0019875803733866437,-0.11406221128867872,0.07883565171214602,0.19305551198303117,0.2096155331904883,0.32367774447916703
1,B_CN,A_CN,249,0.9736289788025612,3.975981886210831,True,True,-0.008127925171278062,-0.03645633445500407,-0.01225524594778371,-0.006110015767868515,0.0020179094034095124,0.009468973109226925,0.08818248242234719,0.10702173596169057,0.10631508062053047,0.09684610751130357,0.009114072006374048,0.07237015099293181,0.05984298265436905,0.038357841792912906,0.029243769786538865,0.010108413294723312,0.10204057443906805,0.16424153803498132,0.16316980976388584,0.1530613964691625,-0.06499116434764671,-0.040718235437910186,-0.012319639784633352,-0.0037074238851368957,0.06128374046250981
1,B_CN,A_CN,250,0.8936890718966022,5.302363132078474,True,True,-0.022244733406173466,-0.04501756735415263,-0.007712578283600835,-0.0029417718974898976,0.019302961508683603,-0.4387893046733009,-0.21335228953778712,-0.07450423278413365,-0.052415356454613926,0.386373948218687,-0.11745702307490363,-0.1450284159099416,-0.027480068950249015,-0.01282822764617364,0.10462879542872994,0.0026076643386556547,0.0357000107618588,0.02435178976849739,0.00605182325470266,0.003444158916046991,0.03976447833026037,0.14976543573378281,0.17506634979474583,0.18105839086901004,0.14129391253874968
1,B_CN,A_CN,251,0.12788564153925397,4.273127792835905,True,False,0.003493682262496814,0.056395026629246614,0.058206705517499624,0.03576841542554132,0.03227473316304452,-0.11965944573016873,0.015667282751521294,0.08719968846338944,0.09254918306239412,0.21220862879256286,-0.24037821701314432,-0.12329984481569223,0.02488583016330803,0.021678403720702177,0.2620566207338465,-0.013451385992415209,-0.12867838825777045,-0.03211636629951209,-0.014064161575102152,-0.0006127755826869086,0.03150017681175803,0.21430080985263603,0.38420449980718785,0.43894810935116974,0.4074479325394117
1,B_CN,A_CN,252,0.9290661705399043,4.504134001863937,True,True,0.002528659194455149,0.018867440735682306,0.005754769003749494,0.0026682578380446964,0.00013959864358958907,-0.05531430685100468,-0.18204904244015396,-0.06893350465537618,-0.04172176359515223,0.013592543255852463,-0.031204338200454915,-0.1469546961798699,-0.05477032996191755,-0.02882699145266876,0.002377346747786113,-0.018619700034685036,-0.16853597207226245,-0.06364629382015885,-0.01917644572666455,-0.0005567456919794989,-0.06873021695467385,-0.049522828223789506,-0.03865635076187879,-0.03445276076168646,0.03427745619298739
1,B_CN,A_CN,253,0.1371787327354691,3.743662565900187,True,True,0.005140928931967291,0.021418164031371423,0.005000763223823701,0.002075851064043399,-0.003065077867923871,-0.016169172789289588,-0.10060658019172974,-0.05379203297387403,-0.040181309023912926,-0.024012136234623394,-0.006713777355417221,-0.038569920384688094,-0.015345219966479196,-0.00877490810177095,-0.002061130746353723,-0.046123742305955374,-0.3164242691371779,-0.06222983612368316,-0.013772262685254444,0.03235147962070084,-0.05117388596882705,-0.030287766912935,-0.021253154395157847,-0.017704109520452538,0.03346977644837451
1,B_CN,A_CN,254,0.9784514162605529,5.240600499351199,False,True,0.005605733394407925,0.02343806258879899,0.005216382516014195,0.002681457588113334,-0.0029242758062946184,0.009264497636157526,0.078154138802001,0.08260643985285165,0.08263969600341847,0.07337519836726092,0.0028440416089768328,0.013380981576096906,0.010701899955671834,0.007480486851260237,0.004636445242283349,-0.39869282097098446,-0.41905534393533705,-0.061655071179849585,-0.015611029911672736,0.3830817910593117,-0.0942499552889226,0.11918928219311076,0.146844879774906,0.1548016284846805,0.2490515837736031
1,B_CN,A_CN,255,0.3314057116536865,4.71800577383821,True,True,-0.004442366377567342,-0.02237742989116631,-0.006344238967586402,-0.0037615402016066835,0.0006808261759606582,0.008072398060962334,0.07933900323983922,0.1333749518080724,0.14300163049317616,0.13492923243221383,0.005368545063622172,0.04962617049155971,0.040569213465740495,0.026322524944568215,0.02095397988094605,0.011529772143902182,0.10752553375773621,0.1880836905653268,0.20041258804972595,0.1888828159058238,-0.1000397940594161,-0.07101205578706371,-0.044398702140087454,-0.0356848812062488,0.0643549128531673
1,B_CN,A_CN,256,0.9607085487388569,5.177979642882198,True,True,0.010885412369560268,0.05799240269108641,0.01884969871101172,0.009232813881332902,-0.001652598488227408,-0.025316846511617468,-0.1239674175617792,-0.055540575857119134,-0.028663653085708063,-0.0033468065740905883,-0.00925081534159624,-0.05452671491291339,-0.027151920200147672,-0.015037326115337035,-0.005786510773740816,-0.0418271401327316,-0.2957174891709357,-0.025221339613240912,0.028044106437735805,0.0698712465704675,-0.02969430297993103,-0.0013939684786203888,0.018354713871006068,0.024536742790223665,0.054231045770154696
1,B_CN,A_CN,257,0.2554306479318962,4.624384694472944,True,True,0.006001230934377114,0.021265516593937328,0.010857545751420616,0.00654840331005202,0.0005471723756749203,0.03679147512836223,0.054598075668890855,0.03688183878775919,0.024819845901985826,-0.011971629226376401,-0.06174290205273136,-0.06828552500352325,-0.01818440310763647,-0.009337882682323051,0.05240501937040831,0.0022264067712762584,0.019573499774629577,0.02305184419186357,0.01681584030902994,0.01458943353775366,-0.6543885497311241,-0.12847370278182602,0.012580472242316953,0.01966890513802544,0.6740574548691496
1,B_CN,A_CN,258,0.12495872850711731,5.42192770078271,True,True,0.011573675922492508,0.09580180259457532,0.05643315622318701,0.03358343035665434,0.022009754434161755,0.09767330586840678,0.08965932389393205,0.05647734524034698,0.03900721352168279,-0.05866609234672393,-0.029326903186605524,-0.14248687795269427,-0.0442431868936477,-0.02227683700322114,0.00705006618338444,-0.025788382765640924,-0.22781918659060607,-0.017826466046523604,-0.007233586775424294,0.018554795990216588,-0.1209407666400083,0.020180446102798455,0.12437077765024718,0.15874536063995937,0.27968612727996767
1,B_CN,A_CN,259,0.7149508326300178,4.507524367545391,True,True,-0.0033712951158431995,-0.013470847305155353,-0.00535771870814461,-0.002177615733877758,0.0011936793819654623,0.012003989871416848,0.11042748906697783,0.1793608301147364,0.18647487706602772,0.1744708871946109,0.0053350269951090434,0.04897792115941296,0.032918955513632664,0.018857942609692313,0.013522915614583297,0.01175460843571901,0.1168296626407278,0.19667288119342974,0.19644867305088154,0.18469406461516258,-0.02220061691070263,0.00023328239785780358,0.004296701555027149,0.003054135376773681,0.025254752287476312
1,B_CN,A_CN,260,0.006211301151140991,5.098434781324956,True,True,0.013044085124064863,0.12652795341972561,0.16024168027977903,0.11554717637087575,0.1025030912468109,0.0002546480708007781,0.040776525255564966,0.0519583249393154,0.04685591001702627,0.04660126194622549,-0.1232872686589831,-0.0731749909832422,-0.014925219929642797,-0.007335875987070861,0.11595139267191223,-0.0023636461979934034,-0.03287423000425482,-0.028476785042651942,-0.01720337469522537,-0.014839728497231919,0.04192005722517625,0.37627641236424314,0.6211308584882622,0.658429831105928,0.6165097738807518
1,B_CN,A_CN,261,0.7869047209332262,3.0240521567295264,True,True,0.005757784079516597,0.01741793275535053,0.002833860482037598,0.0009962412690720512,-0.004761542810444608,-0.0036190422499627686,0.02735453090935841,0.0794282544614997,0.08575609179039634,0.08937513404035902,-3.911882004676431e-05,0.0035236069983110574,0.003097868128967063,0.001425624207637699,0.001464743027684401,-0.027162450886899447,-0.19490430530876596,0.049599239362652425,0.08013544301877673,0.10729789390567623,-0.08279956409235589,-0.03468687331679288,-0.014694827707762426,-0.008218973317503542,0.07458059077485235
1,B_CN,A_CN,262,0.21511609043835223,3.0669739681067942,True,True,-0.004133703916148278,-0.00888697877789646,-0.0015404233012079604,-0.0012606495106377569,0.0028730544055104446,-0.3793415769418957,-0.10835941058110032,-0.030836235821795288,-0.021799980064741598,0.35754159687715403,-0.06415219036739081,-0.1739120436678276,-0.0514662552580607,-0.027139485953089904,0.037012704414300934,0.001061289246356338,0.01304669171501427,-0.004736847243855924,-0.0038622532496201956,-0.004923542495976485,-0.02442191907804403,0.10073870601330492,0.14069924113843568,0.1489995513627833,0.17342147044082734
1,B_CN,A_CN,263,0.5169281785686575,4.4352906080638945,True,True,0.0038830375958836746,0.02022615889524315,0.005360625945283526,0.002919427114788209,-0.0009636104810955004,-0.07906353828226202,-0.16551889164634837,-0.04586573176635367,-0.0165229742022297,0.06254056408003239,-0.011643301098016937,-0.05250260794351397,-0.019132610426398577,-0.011903218525422421,-0.0002599174274054983,-0.013041791557012912,-0.1116048200284987,0.023748140969205078,0.051381723962565795,0.0644235155195787,-0.00023782452316478686,0.028122094913848872,0.04480133833366262,0.047810878261610346,0.04804870278477513
1,B_CN,A_CN,264,0.8185276921940615,5.386160879578448,True,True,-0.033616616898405206,-0.09117173137101531,-0.02175236889869503,-0.010988695743450294,0.022627921154954933,-0.3785956252892429,-0.2533392348575456,-0.12700384942337783,-0.09933125041227486,0.2792643748769681,0.021555451981523317,0.23631745563494788,0.15519913372016192,0.08233228124125958,0.060776829259736265,-0.007084645222177187,-0.05080463779814082,-0.02199459613120025,-0.01162087305921744,-0.004536227837040219,0.01855703185270391,0.08586180094428303,0.10762956066398233,0.11302205746179883,0.09446502560909492
1,B_CN,A_CN,265,0.9247556544529547,4.5982388605378866,True,True,-0.008023484293564531,-0.03329799398869904,-0.010031778502254896,-0.005104213609669284,0.002919270683895192,-0.09635685881958742,-0.007923361255941286,0.07652809226298773,0.09292518803143124,0.18928204685101868,-0.0030915434010897677,-0.024639314801703283,-0.012579831901903815,-0.00583983133724808,-0.0027482879361583334,0.01622728260965462,0.1688867147548086,0.2107379546655348,0.20640078336758083,0.19017350075792616,-0.10202097923943876,0.01323595758777063,0.05236935946996246,0.061240539851842635,0.1632615190912814
1,B_CN,A_CN,266,0.9023857110460874,4.842986262958407,True,True,-0.04332023126021082,-0.12062867167594049,-0.028808239893510335,-0.014942839796977414,0.02837739146323337,-0.37388531126844315,-0.04467502038172955,0.04096945050128975,0.043873141351615574,0.41775845262005873,-0.1353579234593395,-0.25605270545611536,-0.06835367920638746,-0.0348356305447618,0.1005222929145777,0.025744927045736984,0.2655662021427133,0.2617768295966123,0.21949579849933099,0.19375087145359404,-0.18396343132273563,-0.008468380289465394,0.0574055296644711,0.06971197959317399,0.2536754109159096
1,B_CN,A_CN,267,0.11681081735722298,3.3081580714231604,True,True,-0.010547545267029439,-0.030272729704906243,-0.006319137635967809,-0.002950287932570461,0.007597257334458929,-0.19592849543351692,-0.29603546227256367,-0.15981270727083197,-0.1259923759585898,0.06993611947492717,0.02395300630230773,0.19287065992242017,0.11238435312811135,0.061862380058094524,0.037909373755786846,0.0037532281513599983,0.0317282044267414,0.056644189939492495,0.08154384946517335,0.07779062131381331,0.018828928938333322,0.04707258895596819,0.058285670239870746,0.06356063597522016,0.044731707036886836
1,B_CN,A_CN,268,0.20896335374019015,4.799445836747315,True,True,0.00705021890065774,0.05152280791167552,0.04769619951348769,0.02898200673838025,0.02193178783772254,-0.05429233091891139,-0.019878856186957616,0.0016403196630514483,0.0014983595816450146,0.055790690500556406,-0.0923994403284405,0.006881207699869107,0.03728956789335258,0.02731681137602171,0.1197162517044622,-0.003988476824693443,-0.0343012732541258,-0.027678211207249115,-0.013838724591726637,-0.009850247767033249,-0.18331019274995985,0.24304146973465834,0.3359741959795487,0.3388328193070821,0.5221430120570419
1,B_CN,A_CN,269,0.3171991366123924,4.646942346531885,True,True,-0.012840334278382132,-0.08258709537185893,-0.05132016178393317,-0.030371784660297108,-0.017531450381914948,-0.06248296843409984,-0.0373605395571589,-0.0071066472329145425,-0.0034973148890491412,0.0589856535450507,0.04677556699211288,0.10132828751642631,0.10538532514858934,0.07742638664904755,0.03065081965693467,0.0009369173093104963,0.0014721860087648642,0.0033533746333974657,0.002585173458357848,0.0016482561490474001,-0.5641067025832283,-0.13835993666169533,0.02105400194675089,0.04314200050532224,0.6072487030885505
1,B_CN,A_CN,270,0.3713896578735093,4.7378361577455905,True,True,0.0026353677021665467,0.027677897016967046,0.012812740427809444,0.006545776229497591,0.003910408527331044,-0.18380453472212047,-0.1549952913458102,-0.05775249396479709,-0.03156002389614965,0.15224451082597085,-0.018301754833572235,-0.06105096791311815,-0.018293928136195903,-0.010010968013201227,0.008290786820370988,-0.0016691465261524652,-0.012650270451885437,0.015362754264947376,0.03813638037721023,0.0398055269033627,-0.021660791021276778,0.023181073526557905,0.04630195766272979,0.053057093550010176,0.07471788457128695
1,B_CN,A_CN,271,0.6251393170469292,5.413344859130801,True,True,0.00986876643356787,0.10607391515374123,0.11097679971682328,0.07006921896049911,0.06020045252693129,0.027698684564074316,0.05145345600070028,0.031032260307397475,0.01966122889858768,-0.008037455665486637,-0.05470460249798437,-0.05205623042317287,-0.013440363893906904,-0.006837098384651297,0.04786750411333307,0.0007669584078399613,-0.0009690773842163658,-0.0021861707354443594,-0.0007248837967440691,-0.0014918422045840929,-0.4500917226553575,-0.04159405459801424,-0.004558362636425617,-0.0020919778195336303,0.44799974483582383
1,B_CN,A_CN,272,0.056370025778447186,3.8310761995781193,True,True,-0.0009059127142710538,-0.001964730971356743,-0.002223555142552347,-0.00015956442720543862,0.0007463482870655458,-0.012648062823155642,-0.027073964497073333,0.024815446627924787,0.03771345529874914,0.0503615181219047,0.005475938752658921,0.02811813651446904,0.01323061776297374,0.005733153928556889,0.0002572151758979402,0.0028524452508985262,0.02756867922117856,0.10649527164417094,0.12549747965043367,0.12264503439953511,-0.07156277408649148,-0.037797836559359865,-0.014668857643022393,-0.006663558045741147,0.06489921604075033
1,B_CN,A_CN,273,0.4938136538053216,3.0474379875086206,True,True,-0.00896910956754221,-0.0378231948999439,-0.010135568957457708,-0.004755503913309478,0.004213605654232677,0.010111158343576128,0.10651345339137377,0.16818581735898996,0.17734933992641622,0.16723818158284015,0.005526967025000246,0.040236006472774644,0.03132087837349895,0.02017975590364074,0.014652788878640521,0.016667614868431074,0.16341843587590482,0.2613071794984626,0.2670660783425173,0.25039846347408623,-0.04736448123147016,0.023967059242518407,0.0563370884683575,0.06621672515114235,0.11358120638261252
1,B_CN,A_CN,274,0.8240922412732562,4.628590617820292,True,True,0.006292898054989296,0.057157513224699086,0.02629462724454268,0.01427686837657216,0.007983970321582823,-0.0815231339533985,-0.20595293460390462,-0.07910229589765583,-0.051218899143109176,0.03030423481028932,-0.037316607369927965,-0.08030631705340835,-0.006110264275579702,-0.0012584077326698306,0.03605819963725809,-0.692927009480882,-0.46646560435761186,-0.09769935648262884,-0.055478803484995565,0.6374482059958865,0.35636076643088266,0.48860984849242906,0.4954233241706573,0.49494963992034896,0.1385888734894663
1,B_CN,A_CN,275,0.06411987493787608,3.522340509977334,True,True,0.0055444662245481,0.011300401354882583,0.0020305206096027373,0.0006978142803355514,-0.004846651944212521,-0.002506364044773904,-0.0008192421679021344,0.03526715167730099,0.04606852766942737,0.04857489171420126,0.002727306781772465,0.017568366551048042,0.010261341336029628,0.005755083889353307,0.0030277771075808424,-0.06040282769082616,-0.24730176435983708,0.05612960328274308,0.08772839681839828,0.14813122450922445,-0.024873415015692957,0.02071234510700004,0.03933883390874604,0.045471461292191595,0.07034487630788455
1,B_CN,A_CN,276,0.6431237444161805,3.7930654453737724,True,True,0.012651681900656908,0.07931519114386987,0.05022001457021574,0.02988585032664881,0.017234168425991903,0.011420730530788514,0.07641051308791902,0.08225292268075557,0.06673237884646499,0.055311648315676476,-0.17284778571297213,-0.1553066699339628,-0.021255237922140346,-0.010160886044490502,0.1626868996684816,0.00287937611290668,0.02870965930330527,0.03497115773960513,0.025264459327714373,0.0223850832148077,-0.3159161693111784,-0.08568333124965288,0.02280079169420779,0.05511963537735165,0.37103580468853004
1,B_CN,A_CN,277,0.2589382668930226,4.679258326767659,True,True,0.0038568525781155216,0.013601755147666261,0.003866854365356498,0.001737542040945672,-0.0021193105371698495,-0.0011398819363001578,-0.05396731364533619,-0.05940379098406168,-0.04757041643821014,-0.046430534501909926,0.003281030034731895,0.04955139410807469,0.036759624988449646,0.02113688196765795,0.017855851932926048,-0.1230703581972884,-0.44969467311518074,-0.11063823841252107,-0.05980033353268566,0.06327002466460274,-0.0887535556819411,0.06424487360669484,0.08707127891282129,0.0926936376171209,0.181447193299062
1,B_CN,A_CN,278,0.35703595660802,4.580168738881886,True,True,0.025605194809196784,0.19656048719002167,0.10331657508215686,0.05713982576673149,0.031534630957534726,-0.03477690730199057,-0.08507460891473961,0.06595062397508233,0.0861745046581961,0.12095141196018666,-0.10332651717294566,-0.37400716294266934,-0.09271680418955908,-0.047776151269517286,0.055550365903428434,-0.028412109145765245,-0.24152728128051926,-0.06055763362663702,-0.03842344652223362,-0.01001133737646831,0.16378931843401429,0.32392294841673064,0.37548692483546975,0.38421013474940324,0.22042081631538896
1,B_CN,A_CN,279,0.028855809173727542,4.8628975742274525,True,True,0.022437322597055075,0.18336405873057204,0.08773419827001094,0.04549944691146979,0.023062124314414678,-0.08008683573923484,0.09094658312508053,0.17789846504552675,0.17849335674538913,0.258580192484624,-0.31632706146614903,-0.4009567205416449,-0.09127351595195121,-0.04698997720639375,0.26933708425975533,0.0027658027999100457,0.02558187946754864,0.0031673481227821876,0.005708614526029887,0.002942811726119765,0.00559571669318255,0.061785119740085465,0.16012482047926763,0.19833739091505287,0.19274167422187033
1,B_CN,A_CN,280,0.7493549302437614,3.543199594225216,True,True,0.013385951429919316,0.10683731315658274,0.0609403800241578,0.034931312981177354,0.02154536155125808,-0.2529592103553991,-0.14220056063771241,-0.04670613481272634,-0.03607583157766325,0.2168833787777359,-0.14868188557241757,-0.2914388235211391,-0.08446896087112488,-0.04343316454207036,0.10524872103034721,0.004166368976657689,0.035089236879386865,0.009713159135917193,0.006310942121579344,0.0021445731449216687,0.01165367240675276,0.0686439900041323,0.09738204452049448,0.10441249771516556,0.09275882530841278
1,B_CN,A_CN,281,0.8158346641444948,4.792946286919322,True,True,0.030553907916435807,0.2737647601169878,0.23939806957879217,0.15897532059324837,0.12842141267681262,0.016533886456614577,0.13001957094671024,0.18418967360658667,0.17692019429790407,0.1603863078412895,-0.5747578586560005,-0.3331814634336848,-0.06963319159841808,-0.03499279261977861,0.5397650660362219,0.006803068550493417,0.06897145998601117,0.08058202670277159,0.05942799389839204,0.05262492534789864,-0.02442496115692827,0.23161924579378787,0.4650285169154276,0.5270312069679719,0.5514561681249002
1,B_CN,A_CN,282,0.5382188001999875,5.1497352815811785,True,True,0.031329863476902045,0.13050001054487353,0.05591766689881017,0.0331417261708723,0.0018118626939701565,0.038068421796260465,0.06294764883249504,0.05529688962317858,0.043705916803323586,0.00563749500706312,-0.131793550806532,-0.10516202853178391,-0.025959048799037876,-0.013541006556545332,0.11825254424998666,0.0014489545842723342,0.022297347668548517,0.029542621809270142,0.02244284361740423,0.02099388903313193,-0.5711773050392409,-0.15725462441040416,0.07220702713061566,0.10787438831891516,0.6790516933581561
1,B_CN,A_CN,283,0.4703556589639527,3.9529059900839942,True,True,-0.016314261580137733,-0.05299691845104648,-0.011955621439249553,-0.0062383922083592,0.010075869371778623,-0.37487860477356644,-0.2270637362013208,-0.08369996777949384,-0.05925842433226303,0.3156201804413034,0.02611632688866851,0.2667433468330058,0.3433307609546734,0.2673046262987915,0.24118829941012287,-0.00399640131347153,-0.0463513895718507,0.007270495701997337,0.010959731882517865,0.01495613319598943,0.023297317448121968,0.1125291214367482,0.14307530654200673,0.1469139788174877,0.12361666136936572
1,B_CN,A_CN,284,0.8864799770742293,4.595081797165625,True,True,-0.0047729497702023935,-0.022498068217518097,-0.007554478792461294,-0.004704879390338812,6.807037986356068e-05,0.031276502082432045,0.27845747438457613,0.31219606743741357,0.3012586247598388,0.26998212267740673,0.01184531037237907,0.08965778006124875,0.058103353501826605,0.034811468651374744,0.02296615827899562,0.023705098563903168,0.22967579759794426,0.30777691027557796,0.2850350870069729,0.26132998844306976,-0.13194318688390616,-0.052299056555289325,-0.013217875658343092,-0.0028075057979634055,0.12913568108594276
1,B_CN,A_CN,285,0.42000216433212234,4.515802628211036,True,True,0.0005231439306662838,0.02043088372344648,0.01119865783988172,0.006365096751008603,0.005841952820342389,-0.19557077943993653,-0.21131639511675748,-0.07106564263298121,-0.0364595902588718,0.1591111891810647,-0.012787586194832702,-0.06564102174116626,-0.02706755668923866,-0.01385694704693008,-0.0010693608520973008,-0.0008783702248065933,0.0063480518621957804,0.03008687056295123,0.052655067776875675,0.05353343800168231,-0.007409761352517807,0.018895635065930394,0.03507613883680494,0.03772527026613215,0.04513503161864996
1,B_CN,A_CN,286,0.024645604612260952,3.3366304316984587,False,True,-0.020575736083785254,-0.10081371276430884,-0.032988866244310855,-0.015955910192512746,0.004619825891272522,-0.07196357603928316,-0.019967251447449486,0.02652858640861211,0.024467621769526993,0.09643119780881015,-0.08364813004523133,0.05912169936483125,0.14413683485860118,0.1154556732101395,0.1991038032553708,-0.004166889076295165,-0.0369208708502865,-0.01616987585606866,-0.007279738758018017,-0.0031128496817228735,-0.1314446072944237,0.05842953140304469,0.2413317061433815,0.2966374771793619,0.4280820844737856
1,B_CN,A_CN,287,0.7238560477258663,4.810173426969821,True,True,-0.005201269719271075,-0.01718323945429734,-0.006060387068919315,-0.0035297668577276564,0.0016715028615434946,0.011157813329734458,0.10149395910790987,0.16951324164126735,0.1817603394043965,0.17060252607466203,0.0064472811822191,0.06006040242299393,0.043852831040006146,0.027558286995278403,0.021111005813059358,0.01132744536188992,0.11419176073233206,0.1970606818570828,0.20784581746485153,0.19651837210296164,-0.055148445853203,-0.025201297899915653,0.002508889440479889,0.012201989005146685,0.06735043485834968
1,B_CN,A_CN,288,0.41823381958274997,4.323188725332508,True,True,0.008033699923379059,0.03746951473609622,0.009094593307933163,0.004817775108399647,-0.003215924814979454,-0.00855736916130245,-0.013379061545859577,0.030805144757932668,0.04392480958391198,0.05248217874521438,-0.00911851449457625,-0.05367580848085879,-0.02661348442918332,-0.01444653300971066,-0.005328018515134425,-0.024637591713049092,-0.16073353070648688,0.04138402071948,0.07687796118690837,0.1015155528999575,-0.06519199276409217,-0.03627132310297401,-0.016444251354938655,-0.009869242147119095,0.05532275061697309
1,B_CN,A_CN,289,0.7020687317133386,5.408947762019954,True,True,0.006879878424827193,0.03867390022997558,0.015843667207991796,0.009203718697135321,0.002323840272308142,-0.0059590168337840255,0.017058203149468376,0.0627862767314119,0.05543022227567995,0.06138923910946392,-0.023679365623776462,-0.12847428997613075,-0.04201993979491225,-0.022669949860678273,0.0010094157630982092,-0.09941829687178248,-0.37519476643404925,-0.034688187757994204,-0.01547141915363981,0.08394687771814269,-0.07338238090065585,0.013775709349024168,0.04226381290553061,0.0424206569084814,0.11580303780913725
1,B_CN,A_CN,290,0.765294809774064,4.403635594754376,True,True,-0.0005944535526325942,-0.006644392136965771,-0.0005007504199697754,0.00017081903289706268,0.0007652725855296083,0.020041547562381606,0.07082904504709131,0.03993706054681012,0.03733730895583942,0.017295761393457787,0.010109763796007011,0.06661850717219375,0.03380393807594395,0.019132975364166804,0.009023211568159772,-0.02847007592450526,-0.14409512032704863,0.06666595957005017,0.07564643440105268,0.10411651032555791,-0.05074539404327569,-0.04030075096279501,0.007481281205069912,0.019306782384575505,0.07005217642785119
1,B_CN,A_CN,291,0.13103526317215386,4.744235816705594,True,True,0.0066472732553300926,0.03989425845091382,0.022334640513578363,0.012677776348994807,0.0060305030936647075,-0.012839140481245348,0.09720804193698385,0.13484782527908945,0.1293128026385313,0.14215194311977664,-0.34160186887039906,-0.2648073611666416,-0.042076123914729924,-0.017164128788970112,0.3244377400814289,0.0011446019099078455,0.0065614680435217565,0.016904453171978973,0.02032495100747922,0.01918034909757138,-0.03720334478534016,-0.01591528576444924,0.08892204604985346,0.12516526138016862,0.16236860616550877
1,B_CN,A_CN,292,0.5180437556217914,4.948790665127429,True,True,-0.010563632979593458,-0.04277355825357709,-0.014072075623916325,-0.007746453189313995,0.0028171797902795115,-0.08832592569264452,-0.01627608557757676,0.043689738334703354,0.044946678736811574,0.1332726044294561,-0.10339399780132064,0.04839575598482321,0.17991841215796545,0.15375492043417016,0.2571489182354908,0.002002901717046472,0.02616912523123116,0.044732290470235525,0.03964359071235435,0.037640688995307925,-0.010011328103274092,0.019071909519834562,0.13037030460225724,0.17072993498621863,0.1807412630894927
1,B_CN,A_CN,293,0.09452261282188834,4.99750278740956,True,True,0.0023811343089208056,0.03406130903056348,0.016170343698440948,0.007999923604484094,0.0056187892955632535,-0.2922414244283008,-0.23039942271059338,-0.09909288363934043,-0.07297614479574288,0.21926527963255793,-0.011006988131380478,-0.01810993256650323,-0.0022795172400512653,-0.0004945181616567984,0.010512469969723659,-0.0032972198533951294,-0.01849589778291716,-0.02864094605143408,-0.01271913896152188,-0.00942191910812673,0.030609964071381168,0.09435558408444844,0.11680958509316397,0.12296083211050524,0.09235086803912407
1,B_CN,A_CN,294,0.9300551365689423,3.098542904823726,True,True,-0.16588806347018104,-0.24598735914901304,-0.055306784492127115,-0.02863394553509746,0.13725411793508357,-0.6040463212927198,-0.20474415583666639,-0.058539900837041636,-0.033705062697568566,0.5703412585951513,0.03868846683938834,0.3742104198048389,0.5638771689766601,0.5220257730649762,0.4833373062255879,0.026857932433635087,0.25013014831235847,0.2793094588052307,0.23852806377603586,0.21167013134240076,-0.08986156021107544,0.07728711599657168,0.1583372815439541,0.16876653083591286,0.2586280910469883
1,B_CN,A_CN,295,0.6146546447133027,5.179918457647899,True,True,-0.09115909293718004,-0.11501944707469836,-0.026923922500477704,-0.013546700931059141,0.07761239200612091,-0.18312118362483631,-0.08980064824235312,-0.01669978284654494,-0.008304736691945536,0.17481644693289078,0.036113615504899776,0.18647742092066816,0.33529157510636876,0.33226116107952375,0.29614754557462397,0.00045044667976714553,0.0008977815382980592,0.006409844892989569,0.00610216628395277,0.0056517196041856455,0.016418641925198905,0.16050560836806377,0.31904077473526704,0.36060999395816107,0.3441913520329622
1,B_CN,A_CN,296,0.9816526153430727,5.358499058776159,True,True,-0.0013604952393009642,0.008027025057351311,0.00424207037876978,0.0028014657027363166,0.004161960942037246,-0.12924480399417462,-0.2630365525262889,-0.11440756513032391,-0.0772734016905916,0.05197140230358299,0.004596216071881418,0.02363968791937171,0.006178993999256255,0.002721038155627409,-0.0018751779162540227,6.547585728135241e-05,-0.006884066454914017,0.009019177843534898,0.022552412912338893,0.022486937055057554,-0.02450571039507654,-0.007703167407635325,-0.0014057497551995812,-0.0006768898900594289,0.023828820505017112
1,B_CN,A_CN,297,0.10057597814877328,3.2245520193521537,True,True,0.008075333677297215,0.03644691627529384,0.016275900269968613,0.008406344414974676,0.0003310107376774951,-0.02266174410715483,-0.0232978262787068,0.0396855779981089,0.055997725090190076,0.0786594691973449,-0.008042659905483647,-0.041956509679430376,-0.01880968308165365,-0.01143742859252872,-0.0033947686870450244,-0.014243797747039044,-0.10717937846560355,0.09993851871876702,0.12593518431216266,0.14017898205920165,-0.0588163148136594,0.023632183422242603,0.052150233583563965,0.06025210061429592,0.11906841542795532
1,B_CN,A_CN,298,0.8789555874391183,4.483025470799995,False,False,0.015213456420727349,0.13314809350929735,0.08096811419457817,0.04716117545125453,0.03194771903052718,-0.23388650779244413,-0.12504265404579284,-0.00022841501583636958,0.014202872673077849,0.2480893804655221,-0.07441672060005454,-0.194946690322011,-0.05698061973214896,-0.02901632363446749,0.045400396965587064,0.011057962274021942,0.10774989219447684,0.028439239064214084,0.02482045275503275,0.013762490481010858,-0.04791311693682154,0.06636952038450405,0.10641980050829292,0.11541483373104044,0.163327950667862
1,B_CN,A_CN,299,0.338934399119892,5.365188523067652,True,True,-0.01449522140017205,-0.06503220464919784,-0.036470948672522874,-0.02409314819982178,-0.00959792679964977,-0.036367683677057894,-0.017458477507486858,-0.003393631546259601,-0.0017445664071430445,0.03462311726991485,0.01768200099301631,0.04662066109944529,0.025789335942102865,0.015675407622408377,-0.002006593370607934,-8.204008119903905e-05,-0.0038629301349353273,-0.0011091885016063507,-0.0013993219742062246,-0.0013172818930072827,-0.6250444641989465,-0.07786613990491353,0.035912095105025355,0.03319732321431168,0.6582417874132582
1,B_CN,A_CN,300,0.7531918580085608,4.921899086495019,True,True,0.011266169414684654,0.05759094950554272,0.020367144861258235,0.012013499424238128,0.0007473300095535151,-0.06733952294202764,0.1695700873059337,0.14867357858198604,0.13981648486568732,0.20715600780771504,0.012022402636925097,0.014406751719416189,0.0011997857970821313,0.0005421187753420487,-0.011480283861583063,0.0016321411059209076,-0.0018319107349368258,0.03517481180076809,0.05471289928797762,0.05308075818205671,-0.37713794091361996,-0.09115915523735829,0.004095220870075078,0.008912193807206426,0.3860501347208264
1,B_CN,A_CN,301,0.3460751633913952,4.481980772627945,True,True,0.0005356553399232036,-0.0037084137586664845,-0.0015402324690585445,-0.0004760410786961433,-0.0010116964186193123,0.0017559526187680176,0.025117589108365423,0.061406530652681646,0.06902502407829647,0.06726907145952854,0.0006594586894143259,-0.001252049575528713,0.0011230677785414311,0.0002492733800555369,-0.0004101853093587682,-0.00444577135275305,-0.036394251014351675,0.017951502777301176,0.04378522364832349,0.04823099500107664,-0.023546288498706325,-0.0074584673067502605,0.0024284969119990896,0.0024785815728093352,0.02602487007151566
1,B_CN,A_CN,302,0.6194178850524857,3.700329406188898,True,True,4.396703508449673e-06,-0.0058674919456785934,-0.003215359907287718,-0.002245262197467013,-0.002249658900975504,0.006009086350912813,0.054654137909533884,0.09024785410268515,0.09652763825598532,0.09051855190507241,0.004532804117258246,0.03907635712595642,0.027421347872344626,0.01815689142231869,0.013624087305060373,0.003352222287665546,0.04409284960745058,0.11523124519510375,0.13709153597682888,0.13373931368916336,-0.061303574410500494,-0.03426515606801728,-0.008734484964851297,0.000523291778425361,0.061826866188925855
1,B_CN,A_CN,303,0.38892983987967233,5.043872459665777,True,True,0.0074658925830671935,0.05155125342671263,0.025467963807221272,0.01464350940015946,0.0071776168170922805,0.032794708421134605,0.00043232185997288397,0.045558625844727474,0.04895809782737315,0.016163389406238515,-0.041273054821249516,-0.018825403949024433,0.04265342648748016,0.028730264718460297,0.07000331953970984,-0.026478823606075196,-0.19161503581957162,-0.004698772970777476,0.0011286253108155897,0.02760744891689082,0.005815504247581621,0.07542566774332778,0.1694195393086684,0.20391394780002411,0.1980984435524425
1,B_CN,A_CN,304,0.983465846313331,3.363460627901996,True,True,-0.053506056766190004,-0.1525881608296737,-0.03825950010071322,-0.019711273347706948,0.033794783418483076,-0.33851719895691673,-0.25824232631253846,-0.09007441711480046,-0.05795990646214044,0.2805572924947763,0.024939142334587033,0.23936229501731202,0.24138065645662865,0.15909687969105146,0.1341577373564644,0.02534913710284126,0.23060632656789326,0.2354445366552681,0.19776673531885902,0.17241759821601776,-0.034402259661428236,0.03349462173836376,0.06834575656679553,0.07607630975483937,0.11047856941626757
1,B_CN,A_CN,305,0.48471095852107005,5.21038661041554,True,True,0.00135934416247592,-0.0017767250219148378,-0.0009219136454999832,-0.0008719291061682899,-0.0022312732686442516,-0.1308976833547961,0.09466794837111159,0.08919701092451549,0.09086841306194116,0.22176609641673728,0.02662055535159577,0.1056660919915191,0.02141380506742485,0.010616963093587728,-0.01600359225800796,0.012313832949803219,0.1251120004730244,0.14214262787000087,0.1260763146544186,0.11376248170461534,-0.3070985400781048,-0.1410064643852822,-0.02641897631371304,-0.003949556908402041,0.30314898316970273
1,B_CN,A_CN,306,0.9409748299405202,4.732579569259786,True,True,-0.005270497130208544,-0.020819153504546883,-0.006215073938918292,-0.0040724944922694295,0.0011980026379391218,0.02012642464196383,0.1806237104058117,0.20375386008362117,0.19665750213373934,0.17653107749177555,0.00835899668171302,0.05444888153851485,0.03496702056393575,0.018660518789228142,0.010301522107515115,0.02161056680437528,0.21633987464159038,0.24811062781248716,0.23487652738132003,0.2132659605769447,-0.18260836783800732,-0.08466507123747002,-0.042698203522150036,-0.0323563564315541,0.15025201140645322
1,B_CN,A_CN,307,0.41676098453401766,5.1272081923647885,True,True,0.0019842561608914636,0.016477828637620096,0.006297317467765184,0.0032437588157196995,0.001259502654828215,-0.19366914625731393,-0.17351537549893148,-0.029829525944748858,0.003129863444881753,0.19679900970219566,-0.028032960641097934,-0.11930203290296526,-0.04229199218026025,-0.022744788658728865,0.005288171982369083,0.005053576905788448,0.052846640232190045,0.07215278563141747,0.08411490865882243,0.07906133175303398,-0.0014812644150479226,0.0170335326507165,0.015614092143588332,0.011249992576078283,0.012731256991126205
1,B_CN,A_CN,308,0.21669817319945672,5.482491141216036,True,False,0.034663566761834706,0.20410114408300756,0.12214554661037014,0.07378107297462522,0.03911750621279053,0.03244475254649448,0.11406380060373877,0.15466946385231484,0.15007255935093233,0.11762780680443785,-0.41845830465920636,-0.2753425509818378,-0.06289048658805119,-0.031645962348129775,0.38681234231107653,-0.005357172400347422,-0.05416624521319979,-0.031953259029712355,-0.01400193617998946,-0.008644763779642073,0.03387662761014137,0.26548272243353965,0.45737591901494895,0.5020117003607352,0.46813507275059385
1,B_CN,A_CN,309,0.09686043014277335,5.453872976857715,True,True,-0.0038504188085659863,-0.015847394363432854,-0.003454375362468398,-0.002226854225374164,0.0016235645831919054,-0.039652248600662555,-0.0085695156772847,0.06309572813970521,0.07579701346494572,0.11544926206560824,-0.005267401479775578,-0.028219056892276217,-0.010589653781824526,-0.005786294543254522,-0.0005188930634789646,0.00739268115209378,0.0819915556480737,0.1490567573320558,0.15405829531932191,0.14666561416722812,-0.10583374614450997,-0.022166566217558192,0.0049882636630869115,0.012489412588088444,0.11832315873259841
1,B_CN,A_CN,310,0.7653054155022725,3.9136867980304757,True,False,-0.08691736132517625,-0.12781245407311692,-0.030671235076934922,-0.015446750690409905,0.07147061063476634,-0.0918717753974655,0.008267243312099493,0.06064360916014,0.05733752826938088,0.14920930366684637,-0.19233625625481549,-0.04964565751021166,0.13802416555736963,0.13424476952927833,0.32658102578409387,0.0017325561075251517,0.0276000126833853,0.03816891064424366,0.03381555138035908,0.03208299527283387,-0.019488418726639877,0.07553092347407217,0.2048192486725785,0.24154965650702984,0.26103807523366973
1,B_CN,A_CN,311,0.6930336290100408,5.1232245497973254,True,True,0.004248080700476241,0.01886607446823546,0.004476712969627483,0.0021443141896358986,-0.0021037665108403214,-0.03690937092971865,-0.08966029920781793,-0.005352641441863426,0.014963109650896755,0.05187248058061533,-0.012614822554816656,-0.06323447909387653,-0.026499025902642526,-0.014216515312851508,-0.0016016927580349005,-0.01485976911207583,-0.116371387813346,0.09465293751647041,0.1141589703457856,0.12901873945786146,-0.10002082490488567,0.004270171709406467,0.03123984556258097,0.038234105141953245,0.13825493004683892
1,B_CN,A_CN,312,0.743645648455421,5.105841159010193,True,True,0.03532074335744407,0.26607771588201595,0.24332699378995137,0.17338811803420418,0.1380673746767601,0.030583953400045272,0.0575145853545872,0.03955628915875453,0.02635595085682596,-0.004228002543219311,-0.06706415329211557,-0.07438190757685192,-0.01986068983724032,-0.010282437108845133,0.056781716183270436,0.00043570094553076893,0.018204241581634917,0.016307221656085114,0.009387012285832053,0.00895131134030136,-0.3085372647321295,-0.04326873890284433,-0.006399186770652543,-0.0030714005672629607,0.30546586416486654
1,B_CN,A_CN,313,0.11225010385409984,5.020717733811071,True,True,-0.0006133466401710766,-0.0006142769462689213,4.85752130126027e-05,-0.00025232073253478315,0.00036102590763620324,0.004425733048258305,0.07351543022290985,0.11541225062804594,0.12034013098311136,0.11591439793485303,0.006304475661554454,0.034364773062851184,0.022066902260924004,0.013190772764806291,0.006886297103251837,0.005858366861583975,0.058450641178608376,0.1641086468938815,0.18836754507213305,0.18250917821054902,-0.12718077673266273,-0.0414778254587686,-0.010827063501079426,-0.0013143672996095979,0.1258664094330531
1,B_CN,A_CN,314,0.607488077673269,4.756530100651046,True,True,-0.0023980957013535337,-0.007003663109847458,-0.0029431376672859333,-0.0010105214162270393,0.0013875742851264805,0.003988915717629531,0.05716336396789223,0.11143803181641626,0.12415531215777031,0.12016639644014082,0.001666655324721343,0.021728678455329664,0.023454198994503517,0.016226367390962615,0.014559712066241293,0.011204949474685102,0.11127473725977122,0.20186146600603627,0.22077553040360454,0.20957058092891945,-0.07031827029982482,-0.028694452927893577,-0.0010159928249591776,0.0077989149052813955,0.07811718520510622
1,B_CN,A_CN,315,0.8398410916060326,4.5470164402454145,True,True,-0.00020905986791609071,0.03476860923181069,0.025914473893496437,0.014779035210627733,0.014988095078543817,-0.48241706948378443,-0.11386223684881303,-0.03882304410398496,-0.02417322307575953,0.45824384640802485,-0.024403202763844,-0.0376444351424009,-0.003365127811029156,-0.0014066848754065164,0.022996517888437484,0.003355454880222014,0.04779232401502387,0.06671849963331355,0.04981386370803609,0.046458408827814046,-0.07629272502306889,0.1276333489232514,0.17360636140040453,0.18147129813756468,0.25776402316063357
1,B_CN,A_CN,316,0.9192978244298069,5.400348331218496,True,True,-0.015889205865090288,-0.05372284773857622,-0.020843151111126113,-0.011761247895225369,0.0041279579698649815,-0.055427092045579385,-0.0025142038287291335,0.01463997399720851,0.009795274260449682,0.06522236630602907,-0.09926855212769287,-0.024121644335991066,0.054542352183236886,0.04406066107805584,0.14332921320574876,-0.001685553041411894,0.00020370389602003547,0.005799674144424505,0.0046168072729402265,0.006302360314352162,-0.2783317861646696,0.032377202287132256,0.151522877101523,0.17982593439443606,0.45815772055910564
1,B_CN,A_CN,317,0.4136398857098005,4.116432154909052,True,True,-0.002494151147151638,-0.019791780132353387,-0.008273303181269287,-0.004007172398607706,-0.001513021251456026,0.013915287337500151,0.127148442639104,0.20382939905573833,0.21128607072511651,0.19737078338761638,0.010290757901067208,0.08555244924213551,0.07605287546788142,0.04958748911975719,0.03929673121869004,0.010457981705084517,0.09942800631679222,0.19698650841569354,0.2168393214961286,0.20638133979104412,-0.060823098778929024,0.019796637625985936,0.05222537436356767,0.06252668913623977,0.12334978791516879
1,B_CN,A_CN,318,0.405984914873878,4.238827365853572,True,True,0.00873084126611385,0.07971544891966953,0.05214416802499955,0.02952316899052021,0.020792327724406312,-0.24703889861623077,-0.2685361204715824,-0.11041125925941708,-0.0782474665853462,0.16879143203088465,-0.03236915199554859,-0.06679850072043914,-0.01201679584706239,-0.00634253449975708,0.026026617495791493,0.00032867251767166455,-0.020287841588271682,-0.01690723139675754,0.0019085154858149433,0.0015798429681432857,0.04789663591286786,0.10304109847797482,0.1232357119660955,0.1292732019041798,0.08137656599131193
1,B_CN,A_CN,319,0.3254492203534036,5.1006562008118355,True,True,-0.0038955501035875043,-0.009984473795488724,-0.002406997432119251,-0.0008098980933223254,0.0030856520102652274,0.005268918923891593,0.04999325392710663,0.09443273446101424,0.10615717858925083,0.10088825966535925,0.004577572525705481,0.0376826332950535,0.03641517232615499,0.026239540571550313,0.02166196804584486,0.006024899218699954,0.05413872053794577,0.12255362772445655,0.14805381649462201,0.14202891727592204,-0.04387585739277221,-0.011320195446084563,0.017314422000186014,0.02720956668644181,0.07108542407921403
1,B_CN,A_CN,320,0.4034608261419572,4.1089705074289515,True,True,0.0035391966942910635,0.00428052512720245,0.001246592562727078,0.0002497607865410423,-0.0032894359077501045,0.002911321579063861,0.011005359950873927,-0.005337839016839707,-0.005415919794373392,-0.00832724137343721,-0.001162706871682885,0.02249388573885741,0.012684408824117588,0.008514119803045617,0.009676826674728467,-0.052223199665994466,-0.22021085120586414,0.007066798451191625,0.018488254854009734,0.07071145452000416,-0.0026865517996121236,0.021313468949105546,0.07614410801553656,0.08817616681481111,0.09086271861442324
1,B_CN,A_CN,321,0.5891084487321632,4.419840881090172,True,True,-0.0004493872128426418,-0.004399569078073928,-0.0008466653652475786,-0.00032744071647672346,0.00012194649636598776,0.006300531225783801,0.05588792468255957,0.09083342503518643,0.09482534842381318,0.0885248171980294,0.007527315517070313,0.06516478532470471,0.06911971287584084,0.04728046552735854,0.03975315001028823,0.00040518365474161155,0.003549067447420118,0.04877766194804045,0.06478911696926803,0.06438393331452641,-0.0005498012987746972,-0.00027238045585924187,0.013225672494355814,0.01970014879138199,0.02024995009015669
1,B_CN,A_CN,322,0.3513585441646482,4.200515154030326,True,True,-0.0010316967723927803,-0.008876035865479692,-0.00100716717653615,0.00043922323776390826,0.0014709200101566955,-0.0004698796689298068,0.06613140092442826,0.1165452651064608,0.12113015121277926,0.12160003088170912,0.006130888781982778,0.031057856223169367,0.014942271368625692,0.008368808453980803,0.0022379196719980454,0.008379146129278155,0.07921021376444742,0.1556433903808675,0.14906163611734158,0.14068248998806343,-0.08148763588707464,-0.02676467174349939,-0.0019329164760264472,0.0026495271947188925,0.08413716308179353
1,B_CN,A_CN,323,0.44425476342809533,5.050406473587009,True,True,0.0013074332214071116,-0.011804317232289474,-0.005035822581434535,-0.0024600598998493206,-0.00376749312125646,-0.00922530866389775,-0.011613946007343001,0.0028776582069219847,0.0022208746464030815,0.011446183310300895,-0.0074515363828889306,-0.036237212626727966,-0.01046013809439994,-0.005475550510790073,0.0019759858720987955,-0.050911629687621245,-0.24122296276498878,0.010268234521926933,0.030028296741055227,0.08093992642867642,-0.03584569975494544,0.009516049981751318,0.04182067572712822,0.049305849414784414,0.08515154916972986
1,B_CN,A_CN,324,0.6501866130378,5.228990440860282,True,True,-0.0002685212921424429,-0.008401080206330458,-0.003917690199801371,-0.0021436778075937246,-0.0018751565154513372,0.00028592387135999847,-0.004819343394725395,-0.005951013804247451,-0.008036300291730192,-0.008322224163090142,0.00025269224493623677,0.0016232323844094232,0.0009588526305950307,-6.597116071171971e-05,-0.00031866340564790097,-0.21312173115763688,-0.4069552767853624,-0.06376355864870487,-0.026399063203884743,0.18672266795375214,0.015631416657005515,0.03566381266458718,0.04372014509332933,0.04330847860998199,0.02767706195297648
1,B_CN,A_CN,325,0.438721744087764,4.327320280875332,True,True,0.01263537156045777,0.06742613310092033,0.016052410232789582,0.008127234125333005,-0.004508137435124793,-0.06061903980415029,-0.0193122350998316,-0.013648563271368208,-0.01217242922004047,0.04844661058410993,-0.026811591438205724,-0.06494673946037705,-0.02059995713389584,-0.011627665335479875,0.015183926102725898,-0.057633020233604164,-0.33623160685070685,-0.02846413960394112,-0.012630130209642432,0.04500289002396174,-0.03555872981159969,0.038757457127283734,0.03824384586298035,0.028409485892324837,0.06396821570392452
1,B_CN,A_CN,326,0.43611113665081325,3.6652587952602333,True,True,-0.0067191093019058,-0.0333897850141498,-0.010845842177104048,-0.006241300004404482,0.0004778092975014081,0.03342839300883317,0.2870330216565107,0.2962869094225651,0.2617993006898599,0.22837090768102675,0.015457731962031002,0.11604755605146538,0.07428656270817657,0.04563748042872373,0.03017974846669269,0.016729121790651245,0.1637763713056936,0.2647696288477339,0.25481391177037827,0.23808478997972704,-0.16427292028101093,-0.0434893103433861,-0.0034726905455045864,0.00667237140234711,0.17094529168335804
1,B_CN,A_CN,327,0.6088267502743149,3.862559791926297,True,True,-0.0021816074309586736,0.0024684215886086047,-0.0008088939033984444,-0.00011100959694398949,0.0020705978340146425,-0.0647330560878423,-0.016726152126404714,0.03551994383149637,0.034632599469357817,0.09936565555720012,-0.13465069993901468,0.02931694271284091,0.11531472558678901,0.09422100255290322,0.2288717024919179,-0.008227416459970723,-0.07382460390953582,-0.05858968888805216,-0.03484784587600176,-0.026620429416031044,-0.013584484461117402,0.11245178644125944,0.2721295759246083,0.31729479213204376,0.3308792765931612
1,B_CN,A_CN,328,0.60998708922873,5.243403278683634,True,True,0.0009278181965396287,0.005318192076341877,0.0028318640604233503,0.0012569750089995724,0.0003291568124599298,-0.010463694357129197,-0.023714556171691603,0.05495535813536112,0.07597985725849854,0.08644355161562767,-0.005333567478886442,-0.027802572692950833,-0.013338422621770651,-0.007172622634858961,-0.001839055155972491,-0.0015298227557585253,-0.013436248004022822,0.06269362499399833,0.08663795220257375,0.08816777495833228,0.014079046364964709,0.03444264724141943,0.04611477554215515,0.04543998094222479,0.03136093457726008
1,B_CN,A_CN,329,0.07198453081359113,3.223489858415941,True,True,-0.0013503710351097445,-0.00302663682193427,-0.0007336521495163728,-5.6943087271443815e-05,0.001293427947838377,-0.0005576503966459485,0.010045284656571896,0.051927139698200286,0.06501537732110385,0.06557302771774975,-0.001445267363783434,-0.007022562707467872,-0.002098423751267564,-0.0009950101576504666,0.000450257206133009,0.0038974118365151314,0.03921068074160411,0.09469091798015061,0.1116604302215316,0.10776301838501645,-0.0023743665762036015,0.02097953559147403,0.04632462935944026,0.053932647155774616,0.05630701373197822
1,B_CN,A_CN,330,0.16943705419480692,5.067181744518953,True,True,-0.017349827860778516,-0.05560886910548668,-0.018488941384573465,-0.009040676302258799,0.008309151558519634,-0.21900917985681434,-0.4748323909237735,-0.2246676735979214,-0.16660327476049985,0.05240590509631449,-0.0033178800353516683,0.14700889549224527,0.17387471062988713,0.1074950414189425,0.11081292145429422,-0.027550682857629162,-0.25933877496629937,-0.11616606579115885,-0.06792418418156254,-0.04037350132393347,0.08766883510207812,0.0760072689902046,0.05805917826913154,0.0551189654644183,-0.03254986963765982
1,B_CN,A_CN,331,0.5549525675022605,5.082867546296331,True,True,0.014862825594713289,0.1154920467672032,0.05621710850627937,0.02976610486200104,0.014903279267287739,-0.03728985768283468,-0.031104609994427157,0.029269778469285246,0.03539775059059114,0.0726876082734258,-0.03193115399002406,-0.1042532017588575,-0.03137274883473795,-0.017102786235974055,0.014828367754050054,-0.018712609083673587,-0.14351199611522747,0.04787253739752739,0.06325080151311668,0.08196341059679024,-0.10038641373122614,0.05710487595157843,0.11015058618143941,0.11978312229191407,0.2201695360231402
1,B_CN,A_CN,332,0.5298646045997013,5.074014439761324,True,True,-0.03250147740218262,-0.15270755421599064,-0.05325425440187315,-0.02800524382584213,0.004496233576340547,-0.010372630983953551,-0.07776895439909237,-0.006560807638548938,0.003131824042989839,0.013504455026943307,0.02861136400014245,0.2557069754932221,0.25248320321107953,0.16785022037032749,0.13923885637018507,0.008773848755425306,0.07505026405297544,0.08005934482117327,0.06807402966994869,0.05930018091452338,-0.2697346768487031,-0.12064273520317675,-0.0298534244877251,0.001820061080489932,0.27155473792919305
1,B_CN,A_CN,333,0.00194828200457986,4.828700469728172,True,True,-0.012721858700219926,-0.06870667338936876,-0.02677733783810221,-0.013691339583921436,-0.0009694808837015234,-0.02537123011910114,-0.00855693110945066,0.002322785230545077,0.0019153446092632365,0.027286574728364377,-0.056578960850791504,0.08871154594944375,0.08063732367927035,0.052463391707967766,0.10904235255875927,0.003345986603420663,0.023353834568411003,0.022219448149148113,0.014454068737517645,0.011108082134096975,-0.2125181904280714,0.003994882209073514,0.014988679297790464,0.010300209142267924,0.22281839957033933
1,B_CN,A_CN,334,0.3877487505843109,3.6214913623286553,True,True,-0.002652951952554654,-0.013446350656610151,-0.0021844860328549265,-0.0010511102188072163,0.0016018417337474444,0.014946944319049325,0.13951462082874058,0.2074953471117571,0.21293401776819743,0.19798707344914812,0.005631336330280373,0.03948887322266548,0.02505675343026348,0.013216754541619857,0.007585418211339401,0.014021836974521869,0.1488550378292482,0.2337027192867489,0.22823369588220133,0.21421185890767935,-0.07018606950101058,-0.017856775222769183,0.012672708546522693,0.02190293336143212,0.0920890028624427
1,B_CN,A_CN,335,0.3362055571026573,3.956741091908362,True,True,-0.006634809886490081,-0.026633952921358506,-0.007804780950854906,-0.0049141749235322996,0.0017206349629577122,0.01395222622837073,0.1332122828742144,0.21338520926675447,0.22430817790628904,0.21035595167791826,0.009295883867551924,0.07779927106824536,0.06453508853371193,0.041106060704978575,0.03181017683742671,0.015972256729717454,0.16912447459655516,0.27997988092656856,0.2835319684489934,0.26755971171927595,-0.020700047654410803,0.018795168631387305,0.04813308692721119,0.05772440813358226,0.07842445578799306
1,B_CN,A_CN,336,0.5010173521169682,3.6338035610614026,True,True,0.0026608324902470393,0.03584636956167364,0.01853022304577412,0.010091713160529703,0.007430880670282636,-0.059227963853439834,-0.280081606030968,-0.18755761449779718,-0.15990641609836354,-0.10067845224492378,-0.018543393463993293,-0.04888058254570232,-0.009569947780820875,-0.004859641370269729,0.013683752093723633,-0.046938768696740824,-0.37105743538833297,-0.11006411476213684,-0.06723553457760467,-0.02029676588086382,0.05497792392363843,0.06870465862409902,0.07780409004192346,0.08132244437114544,0.026344520447507014
1,B_CN,A_CN,337,0.7546284178041652,4.412864603986421,True,True,-0.0014722275141542326,-0.0055353145926870795,-0.0017816209348553436,-0.0011315523768316016,0.00034067513732261023,-0.00011262505518696078,0.019194117058211724,0.0627035077110989,0.07524060016087963,0.07535322521606658,0.00019917478815467682,0.004760425348858122,0.0013019382793010292,0.0012151027727470565,0.0010159279845923797,0.003286859599602218,0.033511403419326014,0.09579511560130594,0.11889637691872279,0.1156095173191205,-0.022871906967515843,0.003999399955828431,0.03166639089135315,0.04138387713909919,0.06425578410661503
1,B_CN,A_CN,338,0.340313228697507,5.109839003423637,True,True,-0.01841706221895527,-0.06695996789244463,-0.018210350477469772,-0.009236510068411197,0.00918055215054403,-0.1471442463733546,-0.2891824789501867,-0.13024763207541734,-0.09541092424160391,0.05173332213175075,0.005149822242374723,0.0725843032935885,0.040042197151134995,0.02374227834505216,0.018592456102677457,-0.01208830166195854,-0.1198664279571292,-0.0518499820932552,-0.024006227304319117,-0.011917925642360605,-0.021634564478082097,-0.005455919402513887,-0.0009890741176754592,-0.00046324386217000413,0.021171320615912093
1,B_CN,A_CN,339,0.9858046806674231,4.376536175390732,True,True,0.0013951801778677789,0.01454896006873263,0.006677557986021543,0.0035460159398192914,0.0021508357619515195,-0.023688364391062776,-0.14615587627804577,-0.08673501356812696,-0.073512332139818,-0.049823967748755194,-0.013361244849543832,-0.06453599687595118,-0.023175457325765092,-0.013197784465198814,0.00016346038434500443,-0.08419063495599684,-0.3390414665958722,-0.024334792114129145,0.004498475214985365,0.08868911017098224,0.02290678856460021,0.0835304807407592,0.10083160702810101,0.10567485928295584,0.08276807071835562
1,B_CN,A_CN,340,0.2705218873095613,4.281405971673211,True,True,-0.010911050780186608,-0.04595406177478023,-0.0126085498594396,-0.005913297457810884,0.004997753322375731,-0.32944789517760464,0.04166757955217604,0.09002456791726743,0.07968587529267135,0.409133770470276,-0.22717201746588048,-0.2906425261130995,-0.07276488632597544,-0.037499075887233446,0.189672941578647,0.02848358775177945,0.28270086635154096,0.1983138186454092,0.14563146872366484,0.11714788097188544,-0.09283991916880577,-0.028102118695285533,0.0659162539907934,0.09844099092723924,0.191280910096045
1,B_CN,A_CN,341,0.867458306515425,3.4135179440531283,True,True,-0.32499331324543973,-0.24413768218900478,-0.04911522811972513,-0.024672773153555094,0.3003205400918847,-0.4175790689489844,-0.18186584955356266,-0.06542433041672446,-0.047213217882039804,0.3703658510669446,0.04559018978663251,0.426835609698492,0.6681254062289483,0.661606102664721,0.6160159128780884,0.01196492721016082,0.11286897138473356,0.18928509858241482,0.1930003440511343,0.18103541684097357,0.014360595270389458,0.09764660920855932,0.19151086059066616,0.2247673098170781,0.21040671454668863
1,B_CN,A_CN,342,0.8946046022001778,5.271724075068395,True,True,-0.00617596529776452,-0.03186172788746544,-0.007562409014387872,-0.0038439224910442604,0.0023320428067202803,0.013359090280775993,0.12383692078164499,0.1959110204605939,0.20627936946931758,0.1929202791885416,0.009586533070872663,0.08967092544044131,0.08632988469877634,0.057896362368651366,0.04830982929777872,0.02023754447431396,0.20145649476345961,0.3204785758175055,0.3264625452067931,0.30622500073247905,-0.07648072691233349,0.003973300764605336,0.03631930855724924,0.04643819294818802,0.1229189198605215
1,B_CN,A_CN,343,0.9312178444005124,4.1928998924624015,True,True,-0.00714301182859485,-0.030208115608215902,-0.00794191658754928,-0.0038120848810664354,0.0033309269475284564,0.01841596098311556,0.1672215616762083,0.2569094994650543,0.26514701756307457,0.24673105657995897,0.012164672588881327,0.10623551690713129,0.09601743579165567,0.06271352664238938,0.05054885405350806,0.015883373437855928,0.15922181302283128,0.2667136675882906,0.271918438775568,0.25603506533771203,-0.021395040267748744,0.023609262767420702,0.05416937959476231,0.06394635780814628,0.08534139807589503
1,B_CN,A_CN,344,0.31908642693424805,3.146682741758829,True,True,-0.0034033891227413793,-0.014526304293134062,-0.004809791294045684,-0.003364982465155486,3.840665758592099e-05,0.004109697980512483,0.06462737392672774,0.10447050882613795,0.10979334345022751,0.10568364546971509,0.006433256988288866,0.04338311823693164,0.025864044031601918,0.015310617109580926,0.008877360121292033,0.006601587469872196,0.07115864685983303,0.15485371542069637,0.16760941466179435,0.1610078271919222,-0.04811349109877705,-0.010626910912971188,0.016364821644217376,0.025294370225326435,0.07340786132410348
1,B_CN,A_CN,345,0.9098485009656266,4.611017578640787,True,True,-0.027631234258924713,-0.1039756636796425,-0.029056848826000903,-0.015805549562224908,0.011825684696699756,-0.31297023827456205,-0.2536329819991436,-0.12271708904226997,-0.0940883084312295,0.21888192984333255,-0.025320887646988012,-0.0978567089133765,-0.037475591918502804,-0.01959546568153525,0.005725421965452782,0.005846244796313314,0.06284423567778508,0.05028104084890406,0.04555651818652651,0.03971027339021327,-0.057560271456575385,0.02877286966604986,0.054802190009786145,0.06146987525468639,0.11903014671126178
1,B_CN,A_CN,346,0.20895495930871122,5.455958049636177,True,True,-0.0018255641336058573,-0.0031070382258531204,-0.0005278293759810593,-0.00018009857920864292,0.001645465554397263,0.005030155407278792,0.06114137573892198,0.10859113152950012,0.11625649626023926,0.11122634085296046,0.004016874091967285,0.0327344782784571,0.024644392002955873,0.014525204432916161,0.01050833034094889,0.008441539043527763,0.08328997302147828,0.15839474211726645,0.1754124174769509,0.16697087843342318,-0.0017910206247774285,0.03025094348066193,0.060164797081624366,0.07042423274760479,0.07221525337238222
1,B_CN,A_CN,347,0.16019237220451377,5.418610696172186,True,True,0.004020685857227695,0.01542708681245597,0.003366379852783874,0.002514046014777782,-0.0015066398424499194,-0.006243749164981115,-0.005181634923793976,0.03339032243472062,0.05007824192751653,0.056321991092497636,-0.008789728679826421,-0.056786678436502924,-0.02917107256557916,-0.014673458810211315,-0.005883730130384901,0.003436688207141953,0.0351094274020729,0.10016389056710451,0.12626699925602003,0.1228303110488781,-0.01515825999659072,-0.007306768969612368,0.017396345099219834,0.026341796124484923,0.04150005612107564
1,B_CN,A_CN,348,0.2175233335582344,3.904995245111733,True,True,-0.0007562043542142793,0.006933755817132403,0.003254957939102021,0.0014762640660832549,0.002232468420297451,-0.11441176289064361,-0.05682877609062542,0.017753537062935143,0.03688978192357906,0.1513015448142227,-0.01552115772091546,-0.09519814379047342,-0.03841982629655005,-0.020762746444617175,-0.005241588723701729,0.01411741919604318,0.15018133103698272,0.16246071528233863,0.15702079403973646,0.1429033748436932,-0.07915869925735738,-0.007620651330411982,0.0250129447924545,0.03354029191003616,0.11269899116739354
1,B_CN,A_CN,349,0.11528944611135605,3.2029559868442448,True,True,-0.021310915632177393,-0.10632134084257067,-0.0355430347166672,-0.019378811555684328,0.0019321040764931352,-0.2639878101642821,-0.10393713012244377,-0.026833494113638445,-0.012810045655316848,0.25117776450896523,0.04247457791858497,0.33105962956054114,0.28126824321421573,0.18101950333491978,0.1385449254163349,0.007229946640490259,0.07125189136478194,0.07181632927181458,0.05662104656565614,0.04939109992516588,-0.2474824911497202,-0.023245481201601415,0.14020259576539962,0.1590021806025721,0.4064846717522923
1,B_CN,A_CN,350,0.2028819583887992,4.90922584394527,True,True,-0.00031151182597174976,-0.0068016493552034984,-0.0025872207772812406,-0.001683309048791437,-0.0013717972228196595,0.03834783037115033,0.22627806785110116,0.1494688616342913,0.12718942580109038,0.08884159542994008,0.0018857711740693853,0.00402932709221232,-0.0005576915464454713,-0.00045895202166490456,-0.0023447231957341996,-0.6678630534241469,-0.1572455009924606,0.00551477935477207,0.006315057018778325,0.6741781104429252,-0.11092005448747722,-0.008269935839208098,0.06936021113154889,0.0841015586629772,0.1950216131504544
1,B_CN,A_CN,351,0.6293169557820447,5.306943501465065,True,True,-0.015935985463091155,-0.08531326546228885,-0.04432728209522041,-0.02555138211045782,-0.009615396647366659,-0.061527680618523095,-0.02929295391196407,-0.0010006737519853148,0.00018915043449108104,0.061716831053014176,-0.0727637449235326,0.060856152066911195,0.07094929281396156,0.047983458759954356,0.12074720368348701,0.00010683657415842124,-0.002511193579001869,-0.0037164678694927566,-0.0025247937577601576,-0.0026316303319185996,-0.3935192534682189,0.04607434154525525,0.2290308788590073,0.23754224573166682,0.6310614991998857
1,B_CN,A_CN,352,0.47607454705562036,4.136924080942929,True,True,-0.0021206400866794622,-0.007141324039624697,-0.0001242560365901646,0.000796671940197724,0.0029173120268771724,-0.053058338739280786,-0.053739844516160984,-0.01170543919635647,-0.005870624681169168,0.04718771405811162,0.05216650529111461,0.16227619053046882,0.1518365571707717,0.10417764486281489,0.05201113957170028,0.0005441544893422523,-0.004109941416775675,-0.0019439525554670878,-0.002006947838465334,-0.0025511023278076417,-0.5593892691194264,-0.09582039742775972,0.06033332275798331,0.06643952042011125,0.6258287895395377
1,B_CN,A_CN,353,0.11723039319395945,3.681662511782332,True,True,-0.0012297318786017794,-0.003979907506115987,-0.0010906519535450743,0.00016480491431092315,0.0013945367929126817,-0.014320692057931572,-0.029296207009114117,0.038084637678573285,0.0550573726979674,0.06937806475589903,0.0005887773160805285,0.005690569540858337,0.0036183232398006027,0.0015400427041000198,0.0009512653880194843,0.0028698975546569486,0.018228856349168487,0.09175802686734125,0.11141449581821661,0.10854459826355967,-0.01775898753422045,0.0036898987153376472,0.02156272059861386,0.025867622882377983,0.04362661041659843
1,B_CN,A_CN,354,0.4771396840821833,3.330314798640469,True,True,-0.0023789394744070866,-0.00920632826034018,-0.004034056863211122,-0.0021448875340265294,0.00023405194038050858,0.047912072798444005,0.35502345301586874,0.36473071513475264,0.35052259377010647,0.3026105209716624,0.012914247522922452,0.10201123101692372,0.0693310864955341,0.042454322310838455,0.029540074787915982,0.020746852549115118,0.21069541881494708,0.3132290182644931,0.29933410938698746,0.27858725683787233,-0.16318639480378477,-0.031050634653794873,0.0259363422847374,0.03846733792665513,0.2016537327304399
1,B_CN,A_CN,355,0.5744926088155292,5.401104937831194,True,True,-0.0156588111369432,-0.06733456204528232,-0.019765458565578542,-0.010355523754793317,0.005303287382149802,-0.06883064453287457,0.10189350392685592,0.13106613650694598,0.11715372032591298,0.18598436485878755,-0.3644210262984624,-0.3311112510178518,-0.07268241193021419,-0.03619978267187551,0.3282212436265869,0.008935733426038449,0.08497553850323203,0.14579473262639098,0.13609378958749507,0.1271580561614566,-0.06769059569822919,-0.06901132708902502,0.0010041621303814585,0.0314969733567137,0.09918756905494286
1,B_CN,A_CN,356,0.2699784008763991,3.2218757205427373,True,True,-6.130907735605456e-05,5.008195816325056e-05,0.0006963603936479545,0.00022273276527218222,0.0002840418426282021,-0.027313026945150636,-0.10548610357298316,-0.05424897996171418,-0.03638329779869043,-0.00907027085353973,-0.0020505216657775577,-0.006440382479067974,-0.0010010822047150647,-0.0016387140812701428,0.0004118075845074287,-0.013502281397475877,-0.109643366525905,0.0503483477060932,0.07687160829726336,0.09037388969473914,-0.054548065186378114,-0.024184614738980703,-0.009685943142813902,-0.004283664158550415,0.0502644010278277
1,B_CN,A_CN,357,0.6644372866557635,5.111374889109225,False,True,0.021404096890259246,0.1568741862903375,0.06979091758390421,0.036764810880402954,0.015360713990143715,0.053543790566629945,0.1152201801201388,0.12122567290274489,0.10424480770022793,0.05070101713359798,-0.2853683073349478,-0.23126407013172912,-0.05314199124102448,-0.026570739570151325,0.25879756776479645,0.004512651516505969,0.04667088843180178,0.057696641160845163,0.041177730134363766,0.03666507861785773,-0.43174425311478265,-0.1616343062562992,0.054070884521457474,0.10351917514027487,0.5352634282550575
1,B_CN,A_CN,358,0.7653606024844627,3.369542546901244,True,True,0.0017587623413589867,0.02108338427309736,0.012405432326222599,0.006178257758807426,0.00441949541744846,-0.09426463748035058,-0.08806401182745544,-0.03051401822741906,-0.01596187144959793,0.0783027660307527,-0.0019647517380656093,0.04102251675902768,0.03131540979692993,0.01930313530474792,0.02126788704281357,-0.007635004596315019,-0.07170893333784545,-0.001191350458747964,0.019239871543981213,0.026874876140296267,0.0033206583845520367,0.03625641466614439,0.07707858773930035,0.08791288674313205,0.08459222835858
1,B_CN,A_CN,359,0.002104259373023387,3.3592614573135577,True,True,-0.05453557668348977,-0.09943412255123962,-0.02161745717159269,-0.010474219360562587,0.04406135732292715,-0.47080384924917273,-0.10598928360356541,-0.030704576403484785,-0.017911061596632027,0.4528927876525407,0.004729284091224861,0.18348974687010733,0.20187113292293524,0.1438719463184408,0.13914266222721594,0.0052266903416225766,0.05396584033738211,0.07817752799516253,0.06367878484619993,0.058452094504577334,-0.0900953769697358,0.03194740858040035,0.09839412617697152,0.09800008001749594,0.18809545698723174
1,B_CN,A_CN,360,0.32739448584834896,5.283584532943037,True,True,0.034567260321990555,0.15496648089307158,0.044722343933151665,0.02247973226217337,-0.012087528059817165,0.003170506131084161,0.13659983113109953,0.18024120732991988,0.16890512387097856,0.1657346177398944,-0.519386908471173,-0.4080930134605227,-0.09052780507149871,-0.04534503790775146,0.4740418705634215,0.006370493388439487,0.052599774429352375,0.09219563393541963,0.09711475135967018,0.09074425797123065,-0.006108610794717835,0.04719291592119643,0.15279711476064098,0.18953612720245105,0.19564473799716892
1,B_CN,A_CN,361,0.5211997091467495,4.9461298216804765,True,True,0.009766184611113407,0.05468668102435936,0.020345006822849787,0.011433868302509698,0.00166768369139636,-0.4316195822257389,-0.004317582046710178,0.13814321598600043,0.15640061599556343,0.5880201982213024,-0.5901081281306289,-0.4022782313953211,-0.08528598403854437,-0.042743809618035256,0.5473643185125936,0.00842063062961474,0.09290926398708377,0.14180696029122952,0.13183616733589654,0.1234155367062818,-0.0498442300315051,0.18773879569959645,0.2816527960607503,0.29297907611681506,0.3428233061483202
1,B_CN,A_CN,362,0.9570958422636108,4.268725394807646,True,True,-0.002086812037776345,-0.010889698098970668,-0.0019604272066121586,3.7616615365609896e-05,0.0021244286531419965,-0.05984832044715305,-0.053072347033661926,-0.009193827867833293,-0.004472948134046972,0.055375372313106075,0.011464965917390268,0.13981567098896036,0.18875472123183235,0.14057088433088505,0.12910591841349484,0.0013333778660419987,0.014360236233967039,0.020190642824117644,0.013050442185252642,0.011717064319210713,-0.3242276921084762,-0.07799841036304567,0.021875483831134246,0.04595348464707716,0.37018117675555334
1,B_CN,A_CN,363,0.7058519294324291,4.539981588821048,True,True,0.00543139805162135,0.0414567480426043,0.033666753517569425,0.021566767431844935,0.01613536938022353,-0.013524126693259642,0.012544839660399654,0.012321775658292955,0.0076891886841926604,0.021213315377452302,-0.07390187271680687,-0.04387270068743365,0.006316505099185243,0.007024260968886531,0.08092613368569346,-0.0005785525086265675,-0.020014225942039054,-0.013032143662685347,-0.0068805011494440516,-0.006301948640817567,-0.327338016823186,-0.057331313313568,0.06752793676116031,0.09967624178940904,0.427014258612595
1,B_CN,A_CN,364,0.5845107626308804,4.94152802208324,True,True,-0.011025975230858645,-0.014609765247296291,-0.0011611016967929544,-8.5010267633856e-05,0.01094096496322483,-0.16193956474715998,-0.06065618619415336,-0.004247367246152711,-0.001205465621296753,0.16073409912586323,0.03125043930781924,0.22313938405213804,0.425105841545679,0.4185707075605152,0.387320268252696,0.001240808262509989,0.0243759645602456,0.044514781258545355,0.04323785802027169,0.04199704975776164,-0.15969342611462015,-0.05599679857492185,0.0339763023416918,0.05891740573762422,0.21861083185224436
1,B_CN,A_CN,365,0.07937865433400937,5.168551361108149,True,True,-0.0016373071075846055,0.0033228256137018963,0.003138670532633503,0.0030211431917067655,0.00465845029929135,0.02643620248790779,0.08853777269915397,0.06388359871451987,0.043348625673653496,0.016912423185745706,-0.1361940801230403,-0.14991230729496008,-0.03539190868390596,-0.01799529638790387,0.11819878373513637,0.007352558780583357,0.06140413345423085,0.06658846256627304,0.04137428344856353,0.03402172466798015,-0.2603100837866025,-0.015984972973159817,0.06764082530170068,0.07793740067235044,0.3382474844589529
1,B_CN,A_CN,366,0.30967800347205543,4.984207818106951,True,True,-0.0019945084800025506,-0.011947043157234827,-0.003734725493906077,-0.0015551538364165785,0.0004393546435860207,0.01172921334375357,0.13048718355693556,0.23958309568842373,0.25000863815387164,0.2382794248101181,0.004964778255170721,0.034015638907982426,0.023023675698658486,0.012822328562404062,0.00785755030723334,0.010818942091009157,0.11129636754835143,0.1887562195621605,0.18950280715691836,0.17868386506590916,-0.02820110756859484,-0.0005101888676195543,0.0005082982711622774,0.00033679537237751855,0.02853790294097236
1,B_CN,A_CN,367,0.2625231107096452,3.7644465874357116,True,True,-0.0029295122641851273,-0.008120401034848734,-0.004263579531225581,-0.0021483939822113385,0.0007811182819738027,0.024540879027096153,0.22705251176617497,0.25156093168425464,0.2438923587600036,0.21935147973290747,0.004012427370577297,0.023285317633234492,0.011355726545841827,0.006284604130943672,0.0022721767603663956,0.01693992321089663,0.15647445823483036,0.2166560990647437,0.20027143692904226,0.1833315137181456,-0.1526998778208395,-0.029688680348834873,0.01806264341539965,0.029191924788858348,0.18189180260969784
1,B_CN,A_CN,368,0.8843901251826367,5.47898995175595,True,True,-0.015938406760885516,-0.04569324813996639,-0.010261078384144806,-0.0046968494290491325,0.011241557331836294,-0.005475614207190227,0.05853936640020552,0.08004397762549953,0.06903660944210954,0.07451222364929977,-0.21374682819125423,-0.13377549627620355,-0.0183680785903102,-0.007052655554995013,0.20669417263625922,0.002845983473849255,0.025833174112795232,0.043041330388660204,0.03246606599232271,0.029620082518473367,-0.45402904852973835,-0.1667189878861774,0.04249223938607105,0.09442359414097912,0.5484526426707175
1,B_CN,A_CN,369,0.3606984040172907,3.3720284467217665,True,True,-0.004078284457715041,-0.015475880780998985,-0.006242675395214059,-0.003308013608056437,0.0007702708496586386,0.017469489021653316,0.18746393811631107,0.2409493513920521,0.23838557792289505,0.2209160889012417,0.004637160410311439,0.029374936643910166,0.017709222805543434,0.01079927962927385,0.00616211921896237,0.014518079339088504,0.1563294505812436,0.22099905695571187,0.20473907960198945,0.1902210002629009,-0.10313826664709302,-0.0011720942973206805,0.038215113115657506,0.04722307667704195,0.15036134332413498
1,B_CN,A_CN,370,0.06505247284776183,3.6362626517358514,True,True,0.0031512525778329137,0.021927580325708795,0.00908869291465264,0.003989386600430911,0.0008381340225980249,-0.02000062920977199,-0.17449309170941707,-0.1339045018915359,-0.11860379080844441,-0.09860316159867244,-0.00821207141247917,-0.048700337119004844,-0.020072440122269164,-0.011386795529320981,-0.0031747241168418316,-0.07698262583709913,-0.4338795593964637,-0.12540875784387928,-0.07493466425782436,0.002047961579274671,0.015696736635842923,0.014564676427282874,0.005922974414612758,0.00338614876289145,-0.012310587872951473
1,B_CN,A_CN,371,0.8828155818841465,4.395847965677582,True,True,0.0002701869377534638,0.0024102948081544673,0.00145525230859056,0.0009325665846317,0.0006623796468782084,-0.01637570993290046,-0.08200327485346898,-0.05040358383842369,-0.045084959734574825,-0.02870924980167433,-0.015106491346741982,-0.0690482837011635,-0.02596083679441885,-0.013108817234307457,0.0019976741124344555,-0.12760917495255208,-0.350733701164444,-0.06329049913018969,-0.03217501105701748,0.09543416389553461,0.028691166137298187,0.09126109837777385,0.11459134992669798,0.12075716894969452,0.09206600281239632
1,B_CN,A_CN,372,0.5586158086396138,5.472252155170544,True,True,-0.007327170175766354,-0.0031231479646202653,0.015557818225064968,0.009562188794305038,0.016889358970071378,-0.005375163150565743,-0.0012232287100416572,0.003128830710058983,0.0014616914606560005,0.006836854611221743,-0.04116528439244821,0.015067588005609478,0.02244552644893527,0.013036055418662706,0.05420133981111097,-0.00017377443653936175,-0.0009077918824130782,0.0018779883873557557,0.001419266775040895,0.001593041211580326,-0.21980373449133872,-0.027384425115837607,0.027473953640333337,0.032492554332292145,0.25229628882363087
1,B_CN,A_CN,373,0.8544553995616345,4.805207466975928,True,True,0.005180241463717705,0.05212454346741113,0.023182369249656998,0.012351680492337147,0.007171439028619497,-0.04985392930605204,-0.08856005571894593,-0.012106275463183436,0.007794060401712932,0.05764798970776497,-0.0029759263839320357,-0.024632026544678554,-0.013587282458067618,-0.007408017520327603,-0.004432091136395533,-0.0003047129524709896,0.005096424594335347,0.11020730169854287,0.12276814597576469,0.12307285892823572,-0.14239993043844412,-0.03281946794263213,-0.007654378145034668,-0.001954253571346931,0.1404456768670972
1,B_CN,A_CN,374,0.3475423577755826,5.043725554159858,True,True,-0.005751446558103453,-0.0223710595967746,0.016925330434964025,0.015789111183570514,0.02154055774167396,-0.018238128890180394,0.03046134958783342,0.053383543378197396,0.04914363971719382,0.06738176860737422,-0.10967526754322177,-0.06542334677823114,-0.011314680799630161,-0.005541288328202221,0.10413397921501955,0.004391325901821563,0.030502330788564458,0.03970899670928363,0.030455472707514586,0.026064146805693023,0.0020253047244581344,0.1330237120571246,0.3657728884954354,0.4308945662943999,0.42886926156994176
1,B_CN,A_CN,375,0.1557064894657214,3.592855453033439,True,True,-0.005577649191653919,-0.02873908012640458,-0.00853264367480222,-0.004359247069555261,0.0012184021220986718,0.013656787272529065,0.12330776759713039,0.1817525130410655,0.18854604772317973,0.17488926045065062,0.00884290951546296,0.07457955041610165,0.07136879790197503,0.04851021457367477,0.03966730505821181,0.016772499453706808,0.17251722896483118,0.26086261851397197,0.2575228163366896,0.24075031688298276,-0.06408763714154664,-0.018658895831808797,0.011389471220470015,0.020108682252146265,0.08419631939369292
1,B_CN,A_CN,376,0.48529572896533335,4.869450307561067,True,True,0.004455548128008295,0.013914318983840213,0.0019784635922777127,0.0006281730817895292,-0.0038273750462187728,0.002745645637464999,0.024214575102461444,0.0471629190119498,0.04997811820283782,0.047232472565372885,-0.00013283122131694386,0.0037331447559637576,0.0001643748367595732,0.0018204140354186604,0.0019532452567356806,-0.0797522110303342,-0.29436745714698515,-0.011773805839627505,0.04084355662960992,0.12059576765994418,-0.03246406698261406,-0.01296561739288521,-0.006171708040031809,-0.0010842931500024688,0.03137977383261159
1,B_CN,A_CN,377,0.8356121989276775,3.887034344842013,True,True,-0.00453192915535966,-0.016715633383538653,-0.005515128624062449,-0.0029444889924280515,0.0015874401629316637,0.015624972265256509,0.1293933797302331,0.16937029050356212,0.1718806385393486,0.1562556662740921,0.010241256842940642,0.08982473507203625,0.08684778437687424,0.0594457974635354,0.04920454062059476,0.011669383836361968,0.11839229490375053,0.19675414931739432,0.20000118842055303,0.18833180458419108,-0.005321379242203909,0.00684936163496979,0.03524469181083302,0.04495445614296632,0.05027583538517022
1,B_CN,A_CN,378,0.5136318338713833,4.747153196573093,True,True,0.0024058398699238065,0.008450164728291798,0.0013701033236924731,0.0012459990199648052,-0.0011598408499590152,-0.002320082190263334,-0.010539203053649082,0.029880154750116183,0.03721109321721472,0.03953117540747808,-0.0055736709491279735,-0.03290875619788902,-0.015172689787827709,-0.008803966154974474,-0.0032302952058465007,-0.09974317688639596,-0.31137086410905135,0.011171506264066045,0.0376242813944343,0.1373674582808303,-0.040902989547997315,0.003362187299655206,0.015481433722703608,0.01809237126608154,0.05899536081407886
1,B_CN,A_CN,379,0.11450068234568389,5.375566661872064,True,True,0.009675227335177117,0.09751701831804199,0.053881911196489995,0.030271126821287853,0.020595899486110736,-0.21899296338376473,-0.2079391728242998,-0.05633804041879531,-0.03632884109623857,0.18266412228752615,-0.07777494192096943,-0.2093080459547853,-0.06231007541993483,-0.03221598403333226,0.0455589578876372,-0.0038036622368914363,-0.03453499055480047,-0.02385218927375299,-0.009137918407327028,-0.005334256170435592,-0.02119873588763488,0.00588309534876541,0.006174390098792171,0.004077599040871682,0.02527633492850656
1,B_CN,A_CN,380,0.04036427523489594,3.4657373945333854,True,True,-0.006687470987770491,-0.02914043287996082,-0.009259019721868933,-0.005370828138075656,0.0013166428496949045,-0.08334787877882484,-0.22186566423854143,-0.10645519906494794,-0.07484702352841954,0.008500855250405226,0.010228063051463,0.08601102707344144,0.04708991248154126,0.02517470748561479,0.014946644434151835,-0.009449346633282847,-0.07528776674059467,0.049873526277761315,0.0919163357428936,0.10136568237617649,-0.10521614161957998,0.02083123326030112,0.042910324349236695,0.049457541850131403,0.1546736834697114
1,B_CN,A_CN,381,0.18580777476385235,5.492482819682788,True,True,-0.008121253628907248,-0.031837088873158836,-0.007924778606431815,-0.003719624679837774,0.0044016289490694804,0.006009955381842548,0.016936907646853627,-0.007093712934476137,-0.008602024209843129,-0.014611979591685698,0.00408329971917578,0.03458231943449863,0.021384391497222377,0.011604112652907173,0.007520812933731413,-0.07597149891609578,-0.262034136084074,0.017188034714612943,0.03784143962754516,0.11381293854364094,-0.05356383639680541,0.022782312301205365,0.056671578163651204,0.06365967893908331,0.1172235153358887
1,B_CN,A_CN,382,0.49118616592814146,4.483581829875439,True,True,0.005965504623281839,0.04418505884878887,0.01805410215845804,0.009273517283735488,0.003308012660453663,0.003755001392399114,0.0191294265261579,0.01132850221373416,0.014314562170497203,0.010559560778098165,-0.0034130791946567277,-0.00419480848303988,0.007941705526501974,0.0049808991434342476,0.008393978338090968,-0.1886213706464664,-0.29589632430300195,0.0018208692586608732,0.01865805570754575,0.2072794263540122,-0.1133469554747843,0.07915006102200661,0.11693416893241887,0.12385533614358124,0.23720229161836553
1,B_CN,A_CN,383,0.3697021813042519,5.105837737460433,True,True,-0.014490343152628052,-0.09507730001116493,-0.06532564523256446,-0.04165054741674379,-0.027160204264115695,-0.04206968242083642,-0.018817716630582737,-0.0035214624699136943,-0.001711916631074728,0.04035776578976169,-0.002952286044938246,0.015772839152006446,0.007269710195292212,0.004305017287680957,0.007257303332619203,-0.0015192095204381306,-0.005128473033818137,-0.005062467429729489,-0.003211472932606485,-0.0016922634121683267,-0.6967338834416573,-0.10164922770209861,-0.007309439153239894,-0.0026620872728412293,0.6940717961688161
1,B_CN,A_CN,384,0.3299685166757643,4.5569474075045395,True,True,-0.0006289571544286082,-0.018733305260335897,-0.013220473828371104,-0.006996435946418966,-0.0063674787919904,0.007125917636010115,0.06485845742060015,0.05132378942502913,0.03341673593636785,0.026290818300357732,-0.14018582319971495,-0.13659554393290863,-0.02886672072371066,-0.014722302642078855,0.1254635205576361,0.00018546122325937414,0.01605606340530963,0.018045541689779898,0.010854801271128922,0.010669340047869569,-0.4489413382770545,-0.11653249414754385,0.04241349753418511,0.08403563397332225,0.5329769722503768
1,B_CN,A_CN,385,0.9108206060023988,4.465413464407714,True,True,0.0015635740693049904,-0.007156099323229026,-0.0008142271349967922,-0.00035706157941917116,-0.0019206356487241338,-0.0026101363908888064,0.0735647726282741,0.10604040829898975,0.1027196006183877,0.1053297370092765,-0.3701437602468052,-0.26875023124246955,-0.060214120235156376,-0.029723472881081348,0.34042028736572383,0.001343795071377614,0.013343013981865881,0.02334041693476241,0.025533906652162597,0.02419011158078499,-0.020079066884260807,0.020831521275942122,0.11429219981272712,0.14792660035995345,0.16800566724421429
1,B_CN,A_CN,386,0.3962437350047804,3.2611854937447404,True,True,-0.004092702559377451,-0.02140294213973093,-0.005309482493196849,-0.0030838717533755444,0.0010088308060018925,0.014106425572653715,0.12765036931728005,0.20748637308012396,0.21674902000144708,0.20264259442879334,0.007984493199034208,0.06616626048095037,0.0558860690468409,0.034926342238328356,0.026941849039294197,0.010035035612580658,0.11028834680096505,0.19181883922778165,0.2034156352141112,0.19338059960153053,-0.049572241382632276,-0.010526352472577494,0.018747994966534898,0.02875727855517629,0.07832951993780857
1,B_CN,A_CN,387,0.6952890737079819,5.266513079569359,True,True,0.012989848302057763,0.1105890486184593,0.08799608164254702,0.05290985162030648,0.03992000331824874,-0.07937890526209695,0.03840474471598754,0.1109283022559534,0.10984202593331616,0.18922093119541317,-0.19267278828966397,-0.27995317420754445,-0.0648714171020921,-0.03223261725985538,0.16044017102980868,0.00704067203364233,0.0735675471427375,-0.0046115130716111175,-0.004033627983225596,-0.011074300016867933,-0.010625020594840263,0.030383124926445182,0.1322191020391339,0.17091839651299828,0.18154341710783856
1,B_CN,A_CN,388,0.3013789633351287,5.322193136273639,True,True,0.011801391911283834,0.060203483601758645,0.021167219675434445,0.011042384506031122,-0.0007590074052526985,-0.027264679691987863,-0.13499232171541076,-0.07365963752082993,-0.062149472379324666,-0.034884792687336796,-0.04944658930381555,-0.22473076609430165,-0.0841158321218336,-0.046733526411177895,0.00271306289263773,-0.04632612053938928,-0.34227100531113497,-0.12813495141323883,-0.09053348239187964,-0.04420736185249041,0.0011355048506317457,0.012910899156626595,0.03371781063774083,0.040941431599204006,0.03980592674857226
1,B_CN,A_CN,389,0.5992361552568982,3.170664477764857,True,True,-0.0060094648590704874,-0.028536900447340474,-0.007244732134967569,-0.003155333831082907,0.002854131027987594,0.019957030729011643,0.18110972646423162,0.27293754696838823,0.28069427040726763,0.26073723967825596,0.01173731630130219,0.0940057386191322,0.07884068282118206,0.050707743795343374,0.038970427494041116,0.017104305308031083,0.17349241692972645,0.28539401387065577,0.2875848558748175,0.27048055056678644,-0.06556349222820923,-0.019238421452064447,0.010074828338828778,0.019460511354603027,0.08502400358281226
1,B_CN,A_CN,390,0.04402012310506709,4.756148705302041,True,True,-0.01739167442179889,-0.09060147302925076,-0.03603018899791832,-0.019107714286468513,-0.0017160398646696162,0.39583196917291774,0.17701608597296403,0.11220940322577755,0.09252211366990148,-0.30330985550301626,0.07744143568994763,0.22576775899536405,0.06364148330191755,0.03163230165966724,-0.04580913403028042,0.004980771215284049,0.04944780542090654,0.08456255553556735,0.09214786454110246,0.0871670933258184,-0.6298230115401036,-0.30865962345066766,-0.14695532310688808,-0.09465385666298554,0.535169154877118
1,B_CN,A_CN,391,0.9282719631480676,4.893448689464091,True,True,-0.007198407337429921,-0.07879240123938297,-0.045689268620030976,-0.024028613042641922,-0.016830205705211987,0.05123934468399194,0.03184962445613615,0.021239982438073235,0.015287497159869656,-0.03595184752412228,-0.0032330086677847814,0.03095102652867776,0.029321608086422146,0.01848163476373288,0.021714643431517633,-0.017210326341503095,-0.16842184988559028,-0.026189860378305174,-0.011020671038900809,0.006189655302602293,-0.1560666914535408,-0.059317071394196175,-0.012415417325461031,-0.006227357132554068,0.14983933432098673
1,B_CN,A_CN,392,0.24129980437471255,3.694067507179123,True,True,-0.00021159937424659186,0.00314722259603184,0.0019478132006116589,0.0003640416318471118,0.0005756410060937522,0.019609359205923466,0.18255442098062302,0.19264768406593902,0.1869748086977765,0.16736544949185306,0.0008414516146215342,0.0046095109517900745,0.0042373296302640195,0.002515762777491881,0.0016743111628703122,0.005940891972355984,0.05564668155135705,0.17150194691390575,0.18142822776932832,0.1754873357969723,-0.24979248140630006,-0.0856739101268233,-0.032055551506835034,-0.02121533932350439,0.22857714208279567
1,B_CN,A_CN,393,0.1398102361638145,3.1901675436909804,True,True,0.0048041380523069985,0.025606634271747697,0.010300675992191977,0.005592216682697826,0.000788078630390876,-0.006920359293570315,0.11177642991676728,0.15526440435101363,0.15975650387149076,0.16667686316506103,-0.002496306534793699,-0.015868201855729236,-0.005374273276051,-0.0029463232424715713,-0.0004500167076778583,0.009885803701623293,0.0929884224233703,0.1989708013494571,0.2071877843380524,0.19730198063642912,-0.14879149031857059,-0.002928902899868302,0.04228429002822559,0.0520743045218095,0.20086579484038009
1,B_CN,A_CN,394,0.6032340687878565,4.927210363706425,True,True,-0.0014111907488448053,-0.011176028297473772,-0.0026260632498696923,-0.0008978269655599558,0.0005133637832848148,0.008929429244533865,0.09898341784417852,0.1624870300210719,0.17141312190771396,0.16248369266318008,0.005255330824707263,0.03421383355846819,0.02044863288186549,0.011842344423535933,0.006587013598828739,0.01065034204848126,0.10365258871894173,0.1835003425339753,0.1928661166118486,0.18221577456336735,-0.045688456002264455,-0.010526672956482352,0.016106667074881842,0.02483858062440003,0.07052703662666449
1,B_CN,A_CN,395,0.7602255594599702,4.17453813648622,True,True,-0.01657704548788963,-0.03898035322191318,-0.003179181934793829,-0.0011618447688186428,0.015415200719070987,-0.3285021154266784,-0.13405018668538848,-0.03251675034850332,-0.012964498881763542,0.31553761654491486,-0.007247126828231351,0.041661647247479394,0.048080476507731285,0.0291069503998741,0.036354077228105464,0.022995243899878344,0.2135974666966005,0.1531049051652994,0.11327875708282353,0.09028351318294525,-0.11842874567265688,-0.0016702462057210932,0.06278119788889203,0.07459507057366299,0.19302381624631984
1,B_CN,A_CN,396,0.6359891065740533,3.379583694347772,True,True,0.0077867833579362625,0.060751338716660774,0.02427510855151893,0.012472454364938823,0.0046856710070025676,-0.11136257251622587,-0.16607824841687197,-0.07120816292594412,-0.042613665803284184,0.06874890671294165,-0.014700269629730575,-0.07944437305363733,-0.036049970672951015,-0.018587898791687096,-0.0038876291619565073,-0.0036124152879733057,-0.025746835809978497,0.025011165722659934,0.07035841071983873,0.07397082600781213,-0.056667769877772556,-0.007709976932902041,0.01473677347798047,0.02185870125039968,0.07852647112817224
1,B_CN,A_CN,397,0.7189275740978173,4.194694589077487,True,True,0.009799587404775677,0.05005377548435408,0.015236510511645984,0.007998614620223998,-0.0018009727845517132,-0.0036422510160888655,0.051354460184640294,0.07235637447784671,0.06316523927508122,0.06680749029117006,-0.09417097455596887,-0.2061101946904863,-0.055376552045302896,-0.02747052975438291,0.06670044480158599,-0.0063804907062573885,-0.06170918273454984,-0.005077396695450931,0.0007261634164531516,0.0071066541227104985,-0.017643972580865315,0.012254692544585236,0.10728662262201619,0.144518091820327,0.1621620644011923
1,B_CN,A_CN,398,0.016426393319823762,4.97207285425341,True,True,-0.00617704840717747,-0.030031812820005332,-0.006490197424366739,-0.0035611531728722,0.0026158952343051656,0.015609961540641917,0.14322562389227708,0.21122467806094863,0.21511722945456285,0.19950726791392098,0.01188588261951358,0.10533146921969827,0.09644967033536656,0.06383600203572004,0.05195011941620642,0.01735208824543551,0.16838603725736512,0.2748949103007198,0.27936195328132885,0.2620098650358933,-0.04682980155717059,0.006455750255250858,0.03669507255025023,0.04612580037400127,0.09295560193117186
1,B_CN,A_CN,399,0.8148424952537955,4.044932964425181,True,True,-0.03161322951503859,-0.053657397892492575,-0.01248260005862456,-0.0067048042455228885,0.024908425269515755,-0.1675136614210072,-0.08369162113258544,-0.016777435853301714,-0.009084391320032914,0.1584292701009743,-0.05366536714912094,0.14275147422069595,0.33051094273944903,0.3154752402130503,0.36914060736217125,-0.005206252307029313,-0.06390785042243885,-0.04520264962363019,-0.025421981300685625,-0.020215728993656312,0.008827911893604379,0.15084297467217192,0.22558736725641515,0.24691259260111798,0.2380846807075136
1,B_CN,A_CN,400,0.3904568473142611,4.321940965727718,True,True,-0.003657267280363724,-0.02074722300972409,-0.007055814554677964,-0.0032559154050798567,0.00040135187528389515,0.010139113201028734,0.08944619007258181,0.14341073369979163,0.14952299699510752,0.1393838837940788,0.005985869160268491,0.05959942540316021,0.044328184658791514,0.026742548061699734,0.02075667890143129,0.010845789517319453,0.10271292302285895,0.182480565104863,0.19143761514437596,0.18059182562705656,-0.05833471656341849,-0.03151222581827329,-0.0049224694596271545,0.0035069187145968517,0.06184163527801534
1,B_CN,A_CN,401,0.4395779037527331,5.313627242920366,True,True,0.012527105253729132,0.12264242495517919,0.07155159615442042,0.040353251779451704,0.027826146525722573,-0.0895437058566648,-0.19736482880238415,-0.0461224630400523,-0.024449392083051524,0.0650943137736133,-0.05579385819484737,-0.12571102620192853,-0.01728777800553849,-0.0058841861618730285,0.04990967203297436,-0.022968422932755077,-0.2303656947597411,-0.06908394482525049,-0.033852281255399075,-0.010883858322644047,0.011440130307919516,0.15544021465502023,0.1817372732687681,0.18725791668666303,0.1758177863787435
1,B_CN,A_CN,402,0.1597653246508457,4.964601212408834,True,True,-0.0054375967081069995,-0.019740671709825186,-0.005084658044720802,-0.0025300407851452933,0.0029075559229616577,0.01526488858212291,0.14558748892038365,0.2139485234648109,0.21777146129055813,0.2025065727084352,0.00872184479345306,0.07200453917267535,0.05307509051984227,0.031619884000850806,0.022898039207397747,0.015127200993289722,0.14528407511621028,0.24121546059699073,0.23916930353089327,0.2240421025376036,-0.07114646986081896,-0.042377076108626066,-0.016284538290873174,-0.009555503846039648,0.061590966014779314
1,B_CN,A_CN,403,0.5693615437693597,3.418246707904866,True,True,0.0008655791478633171,-0.0021551030867729137,-0.0018881954456112515,-0.0009872669273571777,-0.0018528460752204046,0.008355307146040714,0.12204207735569655,0.19103124998433574,0.1952013955152897,0.18684608836924899,0.004125918616267453,0.02254146754994346,0.009405548909732886,0.004866213871920433,0.0007402952556530007,0.007746211549422316,0.08756299292948766,0.16582323196843807,0.16881789600993435,0.161071684460512,-0.10750365127079176,-0.049855267619156596,-0.018473489922017472,-0.011101607283040549,0.09640204398775121
1,B_CN,A_CN,404,0.8451875710545468,4.616191305164701,True,True,-0.034262623779058365,-0.10402851522545187,-0.025285665331346685,-0.012780531971214648,0.021482091807843662,-0.26948798293073223,-0.13449585774251388,-0.031143645259854913,-0.013963659219593971,0.2555243237111382,0.03073696649667394,0.29617765813770125,0.34131449009512826,0.25467545519959256,0.22393848870291866,0.011466416495618685,0.12028759391430044,0.15452940386817882,0.12996408115382385,0.11849766465820522,-0.0016858090144088733,0.005163232925507653,0.047093312109413935,0.057266954787444424,0.0589527638018533
1,B_CN,A_CN,405,0.8462488541028055,5.001301322468638,True,True,0.006592523195429932,0.028240534783159577,0.007935689368334997,0.0035173968372234077,-0.0030751263582065036,0.002346646275632115,0.03601933832127818,0.06215824072571696,0.06836225757802805,0.06601561130239592,0.001031706030820409,0.01324846005019864,0.01409786921237588,0.007943286656082793,0.006911580625262315,-0.027153967394595822,-0.16000656949460618,0.02317477959228087,0.05224971765733599,0.07940368505193174,-0.0010867637473470485,-0.0020981862647807825,0.009960133106122024,0.01582925123623559,0.01691601498358264
1,B_CN,A_CN,406,0.8235917393557005,3.020332719343847,True,True,-0.0021546103924300272,-0.013111198062974005,-0.004527172357930764,-0.002942577798278334,-0.0007879674058482999,0.019715133973454875,0.1812554069694008,0.19585241986257784,0.1802827192462615,0.16056758527280657,0.010764826686033416,0.07274141998395539,0.04278118854125801,0.025731283294087248,0.014966456608053846,0.009176087951576643,0.08313662499669022,0.17335284715901433,0.17896141582445402,0.16978532787287737,-0.13489438363797612,-0.05347849933976068,-0.01965453920380411,-0.0099870924545169,0.12490729118345922
1,B_CN,A_CN,407,0.6182776376429095,4.07326034828899,False,True,0.013986224008386797,0.08321602059752398,0.03353639686905785,0.01888360987945603,0.004897385871069249,-0.04877324769675749,0.04329836494062145,0.09126978021941212,0.09756502259119593,0.14633827028795343,-0.009910764287123765,-0.045836813941950494,-0.014112160220449144,-0.008089655121667927,0.0018211091654558587,-0.006871084206932325,-0.05506435256199371,0.06545866771833275,0.08335526913970825,0.09022635334664053,-0.1373782758010551,-0.035423581442141305,0.007301438480810329,0.016703720852739856,0.15408199665379496
1,B_CN,A_CN,408,0.7554796084684318,3.98235244057531,True,True,-0.04614297814692613,-0.1635782793177969,-0.06000808353861686,-0.031642644626410865,0.014500333520515274,-0.03058240697899761,-0.04252581494642127,-0.00799592553032491,-0.004139684638373109,0.026442722340624503,0.014855362316490872,0.15451783716704304,0.1533907988643961,0.10344387575141456,0.08858851343492369,0.0015069167849249832,0.02956919120456003,0.04698865294305932,0.04058436218141859,0.039077445396493604,-0.20362245096353385,-0.19592297846885606,-0.06543418533821888,-0.01674453683093713,0.1868779141325967
1,B_CN,A_CN,409,0.9243561910809184,4.801865510386918,True,True,-0.005544791951415842,-0.01775909741140258,-0.006612033569545872,-0.0035213063973886793,0.0020234855540270935,0.010238439648833912,0.09951332703616289,0.1442283187012694,0.1465897496879477,0.13635131003911372,0.00754085896302166,0.060007235367997624,0.042981617776348124,0.025569610447163105,0.018028751484141514,0.013686141556210236,0.13084670745159188,0.22613220547198787,0.23106396102698745,0.21737781947077717,-0.06958721229067866,-0.02387811721419375,0.006861949975735193,0.016869405049483643,0.0864566173401623
1,B_CN,A_CN,410,0.22049479260629312,4.181744643469476,True,True,-0.011901807659424841,-0.047702263079378304,-0.013440635770370246,-0.007190993321023353,0.004710814338401481,-0.04952252455871596,-0.18838751533573114,-0.1441611777015584,-0.11874739692290692,-0.06922487236419095,-0.010988175259935735,-0.059177403419981456,-0.032151434697354375,-0.017009649471116828,-0.006021474211181155,-0.017535517902813193,-0.1755996085443403,-0.06095826669478721,-0.01078839104075513,0.006747126862058139,-0.033710710606231015,-0.01668661168107663,-0.0022701393719666285,0.0026202229053435278,0.03633093351157454
1,B_CN,A_CN,411,0.8961966943901353,3.783680889666164,True,True,-0.0015645326391985973,-0.005781237410539375,-0.004217286934580566,-0.001385391435171912,0.0001791412040266227,0.001324877254694573,-0.06572550223396867,-0.07004870951318365,-0.055904709764462934,-0.05722958701915759,0.011675647268414462,0.12094123467574047,0.09589625840857363,0.05916819913237659,0.047492551863962174,-0.16200631911718885,-0.18045253072977374,-0.01363733183209892,-0.008293616791618108,0.15371270232557077,0.020108107324070743,0.12519137065597077,0.19956153860036735,0.21004341736611482,0.18993531004204406
1,B_CN,A_CN,412,0.46684478748147296,3.828946377894522,True,True,0.002153057773153201,0.017121131963612646,0.004578021145944744,0.0030313917495454756,0.0008783339763923648,0.06507141471502531,0.0856607685046521,0.03969473290235681,0.0297114633096337,-0.03535995140539161,-0.0348701423189262,-0.11056454931742676,-0.03572936063969501,-0.016162207611701618,0.01870793470722454,0.0064080278178563835,0.06967076860217336,0.10729569041599374,0.09079994055670004,0.08439191273884361,-0.394377051132436,-0.27129335700004115,-0.15057134186387489,-0.11379218559520554,0.28058486553723044
1,B_CN,A_CN,413,0.8268093588435464,5.328816292115888,True,True,0.012212871975065188,0.0766061894859636,0.029419603510870362,0.015198494218797154,0.002985622243732,-0.0014075182594478625,0.044650459535881815,0.07435999512501956,0.07797247725667211,0.07937999551611996,-0.006730212281412837,-0.04168411525168808,-0.017433261973193948,-0.00989289152389572,-0.003162679242482924,-0.03842132137796684,-0.2167700862762338,0.023191016441058254,0.05450837541420317,0.09292969679217,-0.058356736794368605,-0.02651451480537738,-0.0025084879014252437,0.004506772054953617,0.06286350884932221
1,B_CN,A_CN,414,0.5497127965383488,4.395975436193552,True,True,0.001980319361687452,0.004019647449754138,0.0010052302101830612,-0.00019852028932620946,-0.00217883965101362,-0.0027803221535758864,-0.031535055913374244,-0.09295124519858011,-0.10713684569134752,-0.10435652353777158,0.004549486268865872,0.02932096276556162,0.010645745889878988,0.006349979061813449,0.0018004927929475834,-0.16818304337834855,-0.3442688055845099,-0.02465446266618254,0.017759325353624678,0.18594236873197323,-0.06889791503402037,-0.03970322595548015,-0.030237662404204446,-0.02798946697968674,0.040908448054333635
1,B_CN,A_CN,415,0.2820093876344817,4.7030603937919295,True,True,0.0029367726966691154,0.009752281361684156,0.0025654201317979464,0.0009403261801131935,-0.0019964465165559497,-0.030967533483752634,-0.1232890064288859,-0.02205497697203207,0.0016791927652181071,0.0326467262489708,-0.009614187102926643,-0.05101953695244571,-0.021424525528986438,-0.011559007426046874,-0.0019448203231202665,-0.02915328677170348,-0.22775599660611223,0.008501428913745723,0.030695396362730554,0.05984868313443403,-0.001616966289995414,0.0007375353408923813,0.00023110143891780233,0.00012849199814490841,0.0017454582881403224
1,B_CN,A_CN,416,0.10314960257869676,5.062692357338721,False,True,0.01919767907552008,0.1313684382983336,0.04613351783840747,0.02179905156495321,0.0026013724894331514,0.02229622993210334,0.004969758392380119,0.02635481738995904,0.0310510573158429,0.00875482738373956,-0.04719214739404151,0.0004385765897055305,-0.012956520538176974,-0.00717841040190792,0.04001373699213351,-0.001987001254230035,-0.03011171509440763,-0.025101962090139707,-0.014051528971773752,-0.012064527717543738,-0.004818852750991316,-0.053928601246180555,-0.003423359225870448,0.029220180364491533,0.03403903311548284
1,B_CN,A_CN,417,0.8007614158394664,3.6827274611010052,True,True,-0.0049787744842588605,-0.020238730197553068,-0.006896737017964227,-0.0039398750047762165,0.0010388994794825468,0.015528288107178458,0.1516010869268018,0.24065564978033643,0.25033709973239704,0.23480881162521855,0.009169558835501447,0.07029086045554372,0.05328751179706781,0.03282337094781207,0.023653812112310657,0.015793302180472993,0.15440196611489798,0.2542744939151522,0.25427299027884476,0.23847968809837172,-0.0017566075184901608,0.010995541322641578,0.00658603469531982,0.004028060400637856,0.005784667919128017
1,B_CN,A_CN,418,0.9730656968274896,4.001160720481233,True,True,-0.008008553512863746,-0.02892838214981175,-0.007938460668325265,-0.004384825452627195,0.003623728060236475,0.0027019046587527552,0.042123629062349593,0.07984349621216613,0.09024998781901811,0.0875480831602653,0.003930454102067618,0.035585634031081226,0.03370661971996325,0.02297981603576993,0.019049361933702214,0.00866659086309719,0.08800708830856496,0.15688497540915924,0.16458132884297316,0.15591473797987598,0.003686006362736997,0.02696403438367572,0.052353723015225936,0.061229794000822624,0.057543787638085625
1,B_CN,A_CN,419,0.9078092436008359,3.629854669635024,True,True,-0.00474321588346574,-0.025689635889850293,-0.007536947499903968,-0.004030050034333987,0.000713165849131725,0.021434721855999112,0.2000915897932992,0.2685428529000457,0.2633604527041127,0.24192573084811353,0.010009982887130044,0.08797074739736094,0.0669010607261088,0.04134945209963703,0.031339469212506965,0.01815856662621841,0.1697154360644021,0.2740843801657308,0.26793062095905695,0.24977205433283856,-0.051492868212436926,-0.006529074107005983,0.021709139876482597,0.029651068320762586,0.08114393653319951
1,B_CN,A_CN,420,0.42740217647379375,3.5001216388591807,False,True,0.0025880766664439572,0.028180831116035088,0.017295435848675322,0.00927745293393134,0.006689376267487335,-0.145957910401893,-0.020106941355128694,0.02093965675508136,0.025840713911586266,0.17179862431347925,-0.0014990639489033952,0.10027951433605364,0.10080117622378615,0.06410938739090077,0.06560845133980409,0.008266954442833728,0.09350092967040258,0.1413226148927238,0.11380139883591334,0.10553444439307957,-0.01905018763797878,-0.02513968053420018,0.03678333824109248,0.06556776359548067,0.08461795123345944
1,B_CN,A_CN,421,0.425751777349202,4.412946404003401,True,True,0.013462722678440758,0.10883794891793963,0.10539663078495187,0.0691132786460168,0.055650555967576065,-0.13054647519363305,-0.04121564158778568,0.009878651429575114,0.010185458269788672,0.14073193346342172,-0.25308099176106597,-0.05599193371844924,0.054647254354268204,0.04776545968351831,0.30084645144458433,-0.005596049662171761,-0.050852111682242684,-0.04223733696604537,-0.02286645870448023,-0.017270409042308477,0.20332681316266848,0.6188062758307739,0.6852276547679945,0.6826323725637182,0.4793055594010497
1,B_CN,A_CN,422,0.7591089004202172,4.813804583857211,True,True,0.0008640629687043447,0.00909874138809097,0.002339892336328697,0.0010643180348490766,0.00020025506614473887,0.010654118106414152,0.10451426282191759,0.127651025383001,0.1243307382196579,0.11367662011324375,0.006176291900274862,0.055771081213913054,0.033079402699814575,0.019665904758349617,0.013489612858074818,0.008518272682716758,0.0870263584495044,0.16335232381737375,0.16778471227683267,0.1592664395941159,-0.0780834051345099,-0.017886413263506373,0.0120377751908059,0.021007943840459176,0.09909134897496907
1,B_CN,A_CN,423,0.34077186805816384,3.4020138073615898,True,True,0.008445947240338654,0.044044011910381986,0.014019572417613646,0.007953985214406822,-0.0004919620259318247,-0.05474136696039319,-0.08628987601602323,0.01018218323510589,0.025101671328157327,0.07984303828855055,-0.028970547437370688,-0.13476061796684424,-0.049532941365073135,-0.026964843358616153,0.0020057040787545555,-0.0206797039161858,-0.18807146115227735,0.0036171226173248305,0.04344886349319099,0.06412856740937678,-0.023436518199783596,0.07755557596185719,0.1044625914177797,0.11207482350144088,0.13551134170122447
1,B_CN,A_CN,424,0.9975874275460296,3.8820530268231312,True,True,-0.03137098632913984,-0.08092571931912534,-0.022347257698248746,-0.011592856256961603,0.019778130072178213,-0.19346158191652518,-0.09964617114783003,-0.020812076165833027,-0.011106642178231652,0.18235493973829353,0.06111503414156936,0.29454738902606703,0.45912533869567496,0.4414391319808342,0.3803240978392648,0.004143039168260358,0.03839619036254516,0.051264886541670496,0.04317668350661985,0.03903364433835943,-0.19741520986212666,0.050573309286711,0.14525435974539824,0.17322726075803985,0.37064247062016653
1,B_CN,A_CN,425,0.7979574241913591,4.889566388795608,True,True,-0.005485494598285304,-0.022666954443918752,-0.008150088190494675,-0.004443912049056031,0.0010415825492292585,0.01742477065115806,0.16093245320909308,0.2512893698814862,0.2584081160551369,0.24098334540397887,0.00912528159880354,0.07632575559159382,0.054513413236435326,0.03283412015528775,0.023708838556484202,0.01431281032428254,0.1421274192721737,0.23761351805555864,0.24012965142843268,0.22581684110415012,-0.0072793767297092415,0.03350348347441923,0.06127004201616937,0.06868010018510862,0.07595947691481786
1,B_CN,A_CN,426,0.21312381719239837,4.633122964715664,True,True,-0.006837312821895196,-0.027968705311614217,-0.005893408389431309,-0.002525572034127621,0.004311740787767637,-0.042206631831414626,-0.0472366893871744,0.030154276381541667,0.04943346700856999,0.09164009883998459,-0.005157572600372515,-0.032468589335442055,-0.01418178112388191,-0.006571496571596613,-0.0014139239712240848,0.0035569960887269422,0.039439592859285444,0.09767206582569943,0.11730177851481616,0.11374478242608921,-0.03949404170792509,0.003601307939616105,0.025392575254166827,0.032512304637635436,0.07200634634556052
1,B_CN,A_CN,427,0.4266766278869366,5.276387902758978,False,True,-0.0029265354219008763,0.013490379880765624,0.009039887914396694,0.004031469887411876,0.006958005309312787,-0.0726907732870532,-0.030502027569027645,-3.3517432985963325e-05,0.0006114122055913551,0.07330218549264456,-0.12900938225271652,0.01826560359305973,0.08581367917312688,0.06435549282223263,0.19336487507494904,-0.008082878532766062,-0.08530751149904436,-0.04801436854513774,-0.023254993654357126,-0.015172115121591112,0.026650623731419076,0.16786035350736583,0.22710139365726922,0.24226249063278327,0.2156118669013642
1,B_CN,A_CN,428,0.7963029886147484,3.3680847867969956,True,True,-0.0013134088419317971,-0.0024388131056426454,-0.00019073627232535362,0.00044805428570315886,0.0017614631276349213,-0.03181363577115357,0.0007346818157984991,0.08747336147817686,0.10590217672316327,0.13771581249431675,0.0021129859238544005,0.010362394337416703,0.0010565630011165617,-0.00042917014188692537,-0.0025421560657413744,0.004749605746094329,0.053325293361928816,0.13585735433825474,0.15436009006787677,0.14961048432178248,-0.03556353089160269,0.01645242986819384,0.0433940152818616,0.0516665162299198,0.08723004712152249
1,B_CN,A_CN,429,0.42089584127114155,5.288033727666235,True,True,0.004159181182138809,-0.007451098102863096,-0.014319586545925356,-0.007915352888441252,-0.012074534070580123,0.19212333235522677,0.20427650830313804,0.10561794325197715,0.08519573325949303,-0.1069275990957338,0.007611223327974932,0.0009346241498093821,-0.012009470318718907,-0.007060975217431098,-0.014672198545406023,-0.03375186990723209,-0.21197378153234203,0.07420730061474023,0.08837111603397718,0.1221229859412093,-0.28168641983232345,-0.2299482058179805,-0.1372856586799714,-0.10438394235382958,0.17730247747849387
1,B_CN,A_CN,430,0.4648481521905802,4.845455277750499,True,True,-0.0053881402623604455,-0.019257429518581892,-0.002875044820703221,-0.0012178633823791696,0.004170276879981283,-0.03792164409263658,-0.022299378316166185,0.0469559902090938,0.06413720170082893,0.10205884579346552,-0.013823469910329927,-0.08384756367565299,-0.03547363145288407,-0.019262901643463448,-0.0054394317331335484,0.007526718641958044,0.08046915491028672,0.15863671861229578,0.17244958563169566,0.16492286698973768,-0.05417201364659946,0.0025177769677169892,0.02744813876426827,0.03522605240301668,0.08939806604961614
1,B_CN,A_CN,431,0.5353887054108294,3.7771693044591155,True,True,0.008118676403006932,0.02819199554083235,0.00484181179552845,0.0025199054824198708,-0.005598770920587026,0.00032323696154446316,0.005840989066239366,0.018756775240668988,0.0190100009628964,0.01868676400135194,-0.0023513102494242683,-0.01446824870878749,-0.006830613404458674,-0.0033128264382054073,-0.000961516188781153,-0.19641441183080088,-0.3225827196787826,-0.005664620978194312,0.038903272835228764,0.23531768466602965,0.0045850165665516085,0.0547915162101405,0.07741689209576352,0.08457939120202435,0.07999437463547274
1,B_CN,A_CN,432,0.5479825516915475,4.131479019420857,True,True,0.005957258628147319,0.027664889383212043,0.008090667407900987,0.0034100251105774193,-0.0025472335175699135,-0.05729787627882355,-0.06036052714945278,0.030642865281435894,0.05215164223796065,0.1094495185167842,-0.010882682392447718,-0.06633307094589491,-0.026684189407534475,-0.013383487522844906,-0.002500805130397188,0.004158602735456152,0.04477212113095175,0.14672759215053055,0.16231918373523446,0.15816058099977826,-0.11310503560940732,0.014979037287926988,0.04837482429019724,0.05729199926459083,0.17039703487399815
1,B_CN,A_CN,433,0.33030421918934005,3.366082824496324,False,True,-0.008459257481695563,-0.042652694591219675,-0.011522777828114283,-0.00600232330554229,0.002456934176153225,0.012621484754069727,0.11546852531966426,0.18969519849526323,0.20037551774763168,0.18775403299356197,0.012629824743765256,0.121644065328954,0.13906405526385568,0.10267983805005876,0.09005001330629359,0.017509731990434815,0.16697245990676363,0.27544237941737015,0.2820246620459548,0.26451493005551996,-0.03603955366865089,-0.00012373166881146647,0.026809689500107703,0.03519923079083942,0.0712387844594903
1,B_CN,A_CN,434,0.9689593706019912,4.47563342520049,True,True,-0.002909703161665375,-0.017046447050037106,-0.005533904037332671,-0.0034268014686810178,-0.0005170983070157398,0.028450784541979742,0.2676683742867485,0.34778216703120357,0.3408041595521255,0.3123533750101458,0.011433649333642423,0.08682312299214262,0.05558374409352873,0.03188811084829102,0.020454461514648692,0.01873568725475558,0.17278852475419026,0.2697136935955574,0.25849362902069795,0.23975794176594234,-0.08459314191053502,-0.028882323200546844,-0.006115311728766226,-0.0030701318305313974,0.08152301008000362
1,B_CN,A_CN,435,0.7719034796923631,3.424714053231699,False,True,0.0038577877105867436,0.019428789458402873,0.006422928678710527,0.004263320582735486,0.00040553287214872835,-0.02457843366231971,-0.013158773619916686,0.09414410234490578,0.12066714911578502,0.14524558277810473,-0.008010815285315658,-0.04760791562909994,-0.02011894875434006,-0.009993011505582183,-0.001982196220266519,-0.0019047658471586723,-0.022639566178992543,0.09928123182470971,0.13861707524071987,0.14052184108787857,-0.06431184328643119,0.004738089099734277,0.031054448268235335,0.039639990036940964,0.10395183332337216
1,B_CN,A_CN,436,0.6196196820508914,5.077292127803731,True,True,0.004255936134725781,0.02120118227337514,0.007625898566301581,0.003663986902384231,-0.0005919492323415154,-0.08758763441765045,-0.1300720196628969,-0.05380858209768713,-0.029923372903476797,0.05766426151417359,-0.032962101610020625,-0.14548737586113863,-0.057987830577194255,-0.03124735802756362,0.0017147435824570456,-0.003704150551615458,-0.03543852987259072,0.0371581433499335,0.0696798883392008,0.07338403889081635,-0.05562739253893684,-0.02532352052326714,-0.0058744737717904005,0.0008791793451312091,0.056506571884068046
1,B_CN,A_CN,437,0.1835436697457603,4.892659953573685,True,True,-0.0010319525218346198,0.013829785746181544,0.004965509744792929,0.0024615132968971443,0.003493465818731778,-0.1751726821002386,-0.023371667251465555,0.07312892969945528,0.09224690775447764,0.26741958985471626,0.004661519710871476,0.010474155204915903,0.0024307812821000585,0.0007986252079206224,-0.0038628945029508532,0.007159729677639663,0.05521717381188629,0.09732999842355117,0.11470532701942715,0.10754559734178748,-0.12522123179366695,-0.018189323993732298,0.01738824928611582,0.026781511041223394,0.15200274283489035
1,B_CN,A_CN,438,0.8326672000558042,3.2639357839366943,True,True,-0.007407971439410847,-0.04997137610326069,-0.016691282926496798,-0.008339376195665271,-0.000931404756254417,0.026480579360972374,0.07196082023547079,-0.03428935228096741,-0.031571849988730305,-0.05805242934970267,0.020033915052486365,0.1190108918591049,0.047748986073749555,0.025654767892683727,0.005620852840197421,-0.07612975233710423,-0.28810560169042354,0.010110674369054107,0.01651147914807516,0.09264123148517933,-0.10563864631050068,-0.013859635086848399,0.04455698060852964,0.05372510152387722,0.1593637478343779
1,B_CN,A_CN,439,0.6092592583706883,4.683112989205078,True,False,0.005401560412145699,0.04346114104104831,0.017251176970851878,0.00797870547814783,0.002577145066002151,-0.25339184790567837,-0.15401130413078318,-0.04357379583371368,-0.020104581407132338,0.2332872664985461,-0.07756032185348737,-0.21054957947908343,-0.06805137377481896,-0.03686564409643611,0.040694677757051156,0.009827104132025734,0.09907716291390234,0.12060925681902579,0.10743379235706252,0.09760668822503671,-0.01618104225429104,0.08303372552516725,0.1142474565992444,0.12290787033534653,0.13908891258963757
1,B_CN,A_CN,440,0.13076249721595046,5.488844801340985,True,True,0.006442159546469928,0.025999566170357036,0.00716430802024115,0.0037924667431323833,-0.002649692803337489,0.03893948419466764,0.2226942316526666,0.20022351940399763,0.19504229476420454,0.1561028105695369,0.004933459484044826,0.009471840557302436,0.003316465856892714,0.0002988952897307051,-0.0046345641943141835,0.005805518198852035,0.07504953238344758,0.1695294402980937,0.1765731099597484,0.1707675917608964,-0.2688224434497091,-0.1304327402391523,-0.03150483151504313,-0.011955214554772664,0.25686722889493646
1,B_CN,A_CN,441,0.6968513445352255,3.09805794914942,True,True,-0.028030051684480306,-0.09073756372732605,-0.02455519591516986,-0.011755648064766921,0.01627440361971333,-0.48971117251529916,-0.10651579663986,-0.046446788189124066,-0.031233733086436954,0.4584774394288622,-0.046629100926380014,0.01923049405439159,0.023415237590507787,0.011702688659267824,0.058331789585647775,0.010348687388098812,0.09876391737660606,0.05398048255722909,0.02673468738823115,0.01638600000013235,-0.02838664758734044,0.0068396497277994905,0.005234319074414073,0.0029689666780262636,0.031355614265366705
1,B_CN,A_CN,442,0.7051588298391286,3.0008094863742074,True,True,0.0007673163482999762,0.0014712935328164978,-0.0013838779096044806,-0.0010155158342759485,-0.0017828321825759108,0.00454676248264527,0.03056410608348492,0.0062537461234828395,-0.006484645880318052,-0.011031408362963346,0.003460814316019495,0.022089468169046445,0.016138871916379305,0.009976244435337622,0.0065154301193181,-0.4211594021353778,-0.3832824304823117,-0.0698522577577988,-0.017308723506756274,0.40385067862862156,0.010393182213628616,0.04315515047899149,0.06038781099018453,0.06598347024077517,0.05559028802714655
1,B_CN,A_CN,443,0.7735832337635941,4.077513508303992,True,True,0.005243109234160569,0.05278368907011066,0.021983307192006585,0.012243614635622624,0.0070005054014620205,-0.02025130360052388,-0.028887979656105844,0.0058328727187526574,0.01675779939614519,0.03700910299666904,0.0053413687102860305,0.04704991984001311,0.02866265835458026,0.015312294311011998,0.009970925600725988,-0.020917745006881087,-0.1548339714477508,0.061688781840968376,0.07998708120116926,0.10090482620805041,-0.09348820692946519,0.0036507911123351278,0.04071076361093562,0.047896329366836965,0.14138453629630215
1,B_CN,A_CN,444,0.848248863610604,4.362196769945781,True,True,-0.014549629544360121,-0.0223075304729502,0.001284913313762237,0.0016356543354517639,0.016185283879811885,-0.4209873301317798,-0.07585354754298446,-0.009473314373941277,-0.0028690333946832514,0.41811829673709655,0.0450019593822171,0.27683576440142926,0.2693731832661035,0.19749653492020924,0.15249457553799217,0.007416564541476232,0.08183389972825655,0.0986666317949777,0.06700880552664035,0.059592240985164024,-0.3201600272032476,0.02505503157221456,0.14598603621353334,0.1545322873192918,0.47469231452253946
1,B_CN,A_CN,445,0.976389469640192,3.5071959599684686,True,True,-0.14943227657599356,-0.2500556358695465,-0.057142041940144384,-0.029965758202572745,0.11946651837342082,-0.33227586094302874,-0.13176237305117244,-0.03632181942463342,-0.02394892619391653,0.3083269347491122,0.04166519191868159,0.4057454157561507,0.6615333665094042,0.6507136301539764,0.6090484382352948,0.01196106776813951,0.10689620661872895,0.20737485736375738,0.20155344205178727,0.18959237428364772,-0.11587702030513908,-0.16048489154219567,-0.11143875886468144,-0.0865193198062858,0.02935770049885328
1,B_CN,A_CN,446,0.14010515901566922,5.0282654243689375,True,True,0.005414884400988959,0.019055784871984893,0.0038425148443993473,0.0007853755163244047,-0.004629508884664513,0.0035800236175502834,0.03286201835407948,0.05028891364319199,0.050817217806154336,0.04723719418860395,-0.0007404170401877214,-0.0050069333807585825,-0.0005833903345656699,-0.0005979216314307978,0.00014249540875688194,-0.21500004588063357,-0.3412908023390734,-0.0038478017863341485,0.028113817480795666,0.24311386336142926,-0.0495453445947579,-0.015854660722407488,0.0023292087139510365,0.0077121747269035534,0.057257519321661454
1,B_CN,A_CN,447,0.35715639069230365,5.352338886958085,True,True,0.0009540147591069539,0.012442712966863362,0.039793274352305674,0.051888841162448296,0.05093482640334135,-0.022248463341138502,-0.010049217013532008,-0.0018950473068390927,-0.0009356125171130492,0.021312850824025453,0.004801913805397073,0.018649981183319397,0.0063614112347839535,0.003279573815069492,-0.0015223399903275814,-0.0016653540592970126,-0.012901775155828021,-0.014616630594929347,-0.008986155321369038,-0.007320801262072019,-0.0681651424315292,0.3512385453054385,0.489627939745496,0.47525504116183426,0.5434201835933634
1,B_CN,A_CN,448,0.09670190053999428,3.9328111417852214,True,True,-0.01587170304300508,-0.08078210711057948,-0.03069642361255831,-0.01671006920960727,-0.0008383661666022668,-0.027933794720464977,-0.025719696299624895,-0.004826448731968247,-0.0026867556468848086,0.02524703907358017,-0.011697553442079539,0.10829161048680619,0.09229942271706304,0.056429966888977945,0.0681275203310574,0.007768297939798677,0.07235855063218238,0.07515508628805734,0.04873543311152506,0.04096713517172634,-0.14499903390843416,-0.03766848231929132,0.0026427166590428097,0.005152689391455634,0.1501517232998898
1,B_CN,A_CN,449,0.4829463524086067,4.696097373959084,True,False,0.041593182988815515,0.13390228551368077,0.03192726761738718,0.01630523676647655,-0.025287946222338875,-0.020680445897675703,0.09259305962882569,0.15191710452275886,0.15034359322588764,0.17102403912356334,-0.5113897456833347,-0.3518559671583903,-0.07166349297944308,-0.0359484978035155,0.47544124787981923,-0.001970151947091568,-0.017261174634219445,-0.0052848763838564405,0.009040576605117256,0.01101072855220886,0.004350083921372946,0.05276977024566102,0.1473862204839484,0.187507667024078,0.18315758310270508
1,B_CN,A_CN,450,0.30075011553435615,5.222615508216791,True,True,0.012348055807690536,0.05547016975021324,0.01397303551863538,0.006803539021234539,-0.005544516786456066,-0.0037776737534181565,0.04607535424372655,0.10170073219910891,0.09965990464477226,0.10343757839819046,-0.06043705430579269,-0.21112119666665735,-0.05471371777784528,-0.027176217584437,0.03326083672135571,-0.081832046294278,-0.327204864673282,-0.02414590770809666,-0.011081195048290526,0.07075085124598746,-0.0018853978319057219,0.10404004483677909,0.1824553225961869,0.19673932208988254,0.19862471992178826
1,B_CN,A_CN,451,0.644666901045172,5.147564116433488,True,True,0.014516864277057999,0.0812018101070191,0.02574054983200491,0.012588376927117562,-0.0019284873499404442,0.052059348003456025,0.09565802529675466,0.11820933194673344,0.11936711262426558,0.06730776462080956,-0.03140975977345991,-0.20736462853265725,-0.06360215168933714,-0.032994579223167175,-0.001584819449707231,-0.13069250121478615,-0.35851409871482876,-0.059289229767736096,-0.043010185751552577,0.08768231546323357,0.045033323296059365,0.14579154119604623,0.22046105791943055,0.23613792033424338,0.19110459703818403
1,B_CN,A_CN,452,0.389960310333205,3.4507787999453146,True,True,-0.008825518400387998,-0.04207520039745327,-0.012356763751380728,-0.006046501972650331,0.0027790164277377016,0.029482661105062057,0.2563646735015278,0.3169668329325621,0.3081776157087874,0.27869495460372534,0.01440382027381943,0.113829155313809,0.09191370863632664,0.057972601563015425,0.043568781289195946,0.03140174829290835,0.31622884659637773,0.3748274458199413,0.3469510217156063,0.315549273422698,-0.18918663298082783,-0.052291785461589635,-0.005499903863979916,0.0059509958309850175,0.19513762881181285
1,B_CN,A_CN,453,0.0030975986832155744,4.836515294817724,True,True,0.03781802271681277,0.08163621337416671,0.019771189786480292,0.010545752433151923,-0.02727227028366086,0.03520871964124961,0.13649058256054536,0.2057615694550743,0.20567574753935736,0.17046702789810775,-0.5873294336645214,-0.36544425563023597,-0.07611155422535965,-0.03830047445809637,0.549028959206425,0.0016676514478760548,0.01598070535106194,0.03761740233080557,0.041604959155123966,0.039937307707247904,0.0029432393822521933,0.03996811656443033,0.12578095201474226,0.15865256124310323,0.15570932186085104
1,B_CN,A_CN,454,0.446431201827035,4.953778762492513,False,False,0.008847987085311086,0.07104756011556518,0.03562739925487535,0.019812260066570997,0.010964272981259904,-0.04410603497532328,-0.02698740253874865,-0.007268602084794185,-0.004276657740809542,0.03982937723451374,-0.15297592552160413,-0.02542838934435321,0.012680817803787825,0.008188962744653971,0.16116488826625808,-0.010492766411807797,-0.07687999304870519,-0.03576414458179866,-0.017036884873483538,-0.006544118461675796,0.014983981819174624,0.22646110674321118,0.3081237049183886,0.33187437915208007,0.31689039733290547
1,B_CN,A_CN,455,0.2064954609222679,4.184836894523835,True,True,0.002523889549373909,0.01990022062165908,0.007271400016363838,0.0034072486388705414,0.0008833590894966603,0.003218905931307088,0.04237017527907172,0.08897851923956845,0.0983469453999517,0.09512803946864457,0.0006649308145524752,0.011760648800134998,0.011390772590800013,0.008533709524179534,0.0078687787096271,0.002795006676828256,0.02799135953385934,0.11051655960789653,0.14319106528160308,0.14039605860477478,-0.02949365505666307,0.004946896819475688,0.030927345798975603,0.0400190176280239,0.06951267268468697
1,B_CN,A_CN,456,0.39987816327180836,3.0530197621229638,True,True,-0.0029985210200132867,0.00814648754679359,0.004916023739066855,0.0032907218928927007,0.006289242912906001,-0.2059268461475266,-0.07539057919334058,0.011533616024339888,0.03062178190807352,0.23654862805560012,0.0025454651364464273,0.0356266726727168,0.017995804301340845,0.009294778731497755,0.006749313595051376,0.016601101338354317,0.17080850285425153,0.15584227155511754,0.14212728309766354,0.12552618175930919,-0.11611131224338368,0.007946406366982017,0.06184878232824592,0.0723623442558074,0.18847365649919107
1,B_CN,A_CN,457,0.19671421155206725,4.971395325743558,True,True,-0.03153046733821752,-0.20383704180937967,-0.1475380087340037,-0.09495317152609661,-0.0634227041878791,-0.0749211591554817,-0.03413490669960151,-0.006379125362418914,-0.0032285664046342033,0.0716925927508475,-0.0010048966107497614,0.02997252559050423,0.028622478500073822,0.019352168681547544,0.020357065292297305,-0.002023847422830162,-0.0031892935292684443,-0.004030687906366959,-0.0030113373796839538,-0.0009874899568538265,-0.4938093203072341,-0.015058024543256776,0.1693249405565217,0.17771958636357588,0.67152890667081
1,B_CN,A_CN,458,0.9953440370848493,4.595558228268078,True,True,-0.0046431267120746605,-0.019176355945276446,-0.0031925769126713854,-0.0017795340886771482,0.002863592623397526,-0.14802789265088506,-0.16484398105657616,-0.03983909585784262,-0.011689839957478187,0.13633805269340682,-0.029643569511183708,-0.12246340005832435,-0.0425243462567656,-0.023056885372166103,0.00658668413901764,-0.00030485317937044287,0.0028125797442395406,0.0595051683116008,0.07943821902743764,0.07974307220680799,0.0008487756344566222,0.047101203383823065,0.07084982999246481,0.07797752752489662,0.07712875189044
1,B_CN,A_CN,459,0.9338821209529122,3.520318789745125,True,True,0.00481430595950641,0.01021457541132087,0.0016662491088413889,0.0008037817059948216,-0.00401052425351156,0.013999903208680713,0.11325416075054784,0.10833066041680584,0.10461063228496248,0.09061072907628187,0.0004039882403005582,-0.0041846261760800085,-0.003528856554278481,-0.0027038432840635895,-0.003107831524364113,-0.8524946784284035,-0.45063818874278033,-0.09686685848026899,-0.05764826925582134,0.7948464091725822,0.07529943523098759,0.15351418371450892,0.17698925664828213,0.18279171927306131,0.10749228404207373
1,B_CN,A_CN,460,0.6312699476702924,4.211895151203555,True,True,0.005449183826728432,0.050911709318903875,0.02917736481668698,0.01647263239219332,0.011023448565464888,-0.07928028286633168,-0.05721696318073344,0.006707369094066107,0.013357126612112746,0.09263740947844445,-0.044436299950865794,-0.012965577873073786,0.07553882541117274,0.056119103218991495,0.10055540316985734,-0.03334571946372271,-0.26607055189784135,-0.03289647360825332,-0.015842512588718827,0.01750320687500395,0.05828620532775926,0.17976438233730382,0.2619742423906166,0.2875502009612084,0.22926399563344918
1,B_CN,A_CN,461,0.07217304433439353,5.27650689712506,True,True,-0.06925994197443473,-0.11726296062438069,-0.031712966853875035,-0.017620006718509384,0.05163993525592536,-0.1611238437907352,-0.08953394922515967,-0.017403172452807203,-0.008434653700575612,0.15268919009015958,0.0463109066932067,0.22027253843796718,0.304748070140773,0.2809861119404301,0.2346752052472234,0.0006386880920623908,0.000407200539434327,-0.0016243471105229501,-0.0013219084621323152,-0.0019605965541947823,-0.040947046197845526,0.09763669416380502,0.2970309559011294,0.35286079292017375,0.39380783911801925
1,B_CN,A_CN,462,0.10405764216144364,3.60255098717602,True,True,-0.00869715358626564,-0.042398891220397084,-0.012133669818251702,-0.0065333295195836305,0.0021638240666820296,0.02909452413595021,0.24629863994701454,0.3140535227605568,0.3133237642298215,0.2842292400938713,0.014962079630522498,0.12725124427022977,0.11558513298306017,0.07743413570894708,0.06247205607842454,0.023791611280018395,0.23598429755459455,0.34090710166157967,0.33270641567419623,0.30891480439417784,-0.11289096524799529,0.021437716753912983,0.068970708179452,0.08081430262019007,0.19370526786818534
1,B_CN,A_CN,463,0.6529352931054933,4.427535448895036,True,True,0.007301423255304557,0.05268538152867802,0.022447897734002686,0.011821712068316392,0.004520288813011808,-0.0033371794420084117,-0.04510703158776863,-0.06176797545627266,-0.05693604471900093,-0.053598865276992536,0.0016808826766272003,0.02109810095881165,0.011582986997746403,0.006599981015660061,0.0049190983390328125,-0.12062980747199972,-0.3801563564169992,-0.04209625222474789,-0.01558818732015188,0.10504162015184781,0.005089803545446192,0.03211709148461983,0.04226601498352345,0.043331772611798325,0.03824196906635213
1,B_CN,A_CN,464,0.5362534044282391,3.68547725435345,False,False,-0.02780899728246563,-0.09634300567060394,-0.02597125053721472,-0.013611807783965868,0.014197189498499796,-0.29918141068184967,-0.1944635154181264,-0.09141780335647065,-0.07001521580956449,0.22916619487228518,-0.03759805828557745,-0.052693755678448084,0.001448804676704829,0.001792252205750633,0.03939031049132802,0.007647421515080202,0.07223724893726546,0.06389354253405943,0.0428026135941133,0.03515519207903317,0.030444170568560556,0.08496363056384351,0.10905009974214844,0.11531628758663429,0.08487211701807373
1,B_CN,A_CN,465,0.11124576577376055,4.1093802019824075,True,True,-0.006854838981454683,-0.028111350873941232,-0.005868542247166819,-0.0030040359874098366,0.003850802994044833,0.0006909639397809503,0.06302810350715976,0.11276007339439864,0.12127446195547853,0.12058349801569757,0.0035691013659956833,0.019602687445500477,0.009410761569908832,0.006589747227808362,0.0030206458618126097,0.00915926664983023,0.07720243638405616,0.17083643106644586,0.18514743025059954,0.1759881636007693,-0.08760369883929753,-0.024399362761918397,0.0034500996490732794,0.012337096376533796,0.09994079521583132
1,B_CN,A_CN,466,0.9118431764420187,4.513757492129028,True,True,-0.0016478521221888129,-0.012081852620650424,-0.006581589411348232,-0.004066784993937311,-0.002418932871748436,0.010567779723479664,0.14535278813426178,0.20663126991245462,0.2085392228660331,0.19797144314255344,0.003329958678614117,0.019995483829865712,0.008949610608759762,0.005183412427573697,0.0018534537489596214,0.008513010810004697,0.0814082042976057,0.16006827812605995,0.16000752222611814,0.15149451141611348,-0.040463570224654966,-0.0008181783475030846,0.002888239793460423,0.0019399868983945856,0.04240355712304955
1,B_CN,A_CN,467,0.08588193061956906,3.0954750232463093,False,True,6.846891658994492e-06,-0.004956516811154499,-0.0034983082895254647,-0.0029282906599954472,-0.002935137551654421,0.015814344313718576,0.12108142539756855,0.10296785875973624,0.08919712069975128,0.07338277638603263,0.004016887481633057,0.03284856344392589,0.014274645277499887,0.008559442998810063,0.004542555517177083,-0.8396409039342484,-0.33707095601197323,-0.036053476830361864,-0.017167118619202726,0.8224737853150457,0.05270252184439231,0.20280236672786162,0.23746680885727336,0.2444215811408233,0.191719059296431
1,B_CN,A_CN,468,0.6534329916737704,4.8282770409588505,True,True,0.024653889218213966,0.25310969212476464,0.19559622147086975,0.1154876040198568,0.09083371480164282,-0.3339875465411879,0.0888155716823934,0.16024077617475962,0.1578184073104001,0.491805953851588,-0.5479529985369879,-0.3767341211123898,-0.08255900085952139,-0.041811717249450986,0.5061412812875369,0.002953543726268902,0.03415579451388895,0.01974406897040426,0.01040780009396769,0.007454256367698808,-0.21241812116545758,0.16871529777853744,0.33937580258831834,0.36573343082279,0.5781515519882475
1,B_CN,A_CN,469,0.6774336518188131,3.4373820793636476,True,True,-0.006272868298462533,-0.026574056168168325,-0.007648165021387876,-0.0041467419478921075,0.002126126350570412,0.034870669095127135,0.2633116128428196,0.30600120370095935,0.3005814138684271,0.2657107447733,0.014823192617409438,0.11608750577972626,0.09885833997399507,0.06475212383917439,0.049928931221764894,0.02093380435874257,0.20275950081879135,0.31185006584402786,0.307229415440579,0.28629561108183654,-0.12093546132232194,-0.015948126929705986,0.030167570326494864,0.041438248868970906,0.16237371019129285
1,B_CN,A_CN,470,0.7642139931429706,5.356495384337483,True,True,-0.005806007494428812,-0.02928845657328516,-0.007792301148619174,-0.004615456944590868,0.0011905505498379654,0.013421770505163107,0.12305879142185303,0.20185639799531474,0.2111238885900965,0.19770211808493343,0.00986698371005456,0.08582168736745732,0.0766775959271202,0.05038712819421076,0.040520144484156195,0.014892981002752177,0.15456877267379676,0.26478956650900176,0.27433482054136027,0.2594418395386081,-0.033475352704277705,-0.00421497492880607,0.021616190378627165,0.03017115647332791,0.06364650917760561
1,B_CN,A_CN,471,0.5718693115093546,4.980669556008364,True,True,0.004716555740888521,0.04468082796771938,0.024264019631501377,0.011763639941301807,0.007047084200413223,-0.4358298515109815,-0.025512745703207163,0.008963176664727013,0.010750357205836725,0.44658020871681825,-0.1091959968931788,-0.17364669353656875,-0.04770753382874582,-0.025502323873380583,0.08369367301979824,-0.004313285290131592,-0.03900510552767711,0.004887984325119166,0.003201432236884627,0.007514717527016268,-0.06397774873680628,0.09412923340530266,0.1890569189854694,0.20393123629851218,0.26790898503531846
1,B_CN,A_CN,472,0.4004664095174365,3.5780674900542846,False,False,-0.013539258253546266,-0.07373650910826834,-0.022265227035091817,-0.011612259044259887,0.0019269992092862953,-0.14545934411369588,-0.13391275553725945,-0.04272715412409955,-0.02738736783547846,0.11807197627821742,0.025270266553527116,0.23479998457702494,0.22103818479206794,0.14502443668218423,0.11975417012865719,0.004436890529567465,0.054240144056589834,0.07115037151312686,0.0699617993038234,0.06552490877425587,-0.1020618495859979,0.0006796926933411163,0.07578016158634954,0.09222089642370646,0.19428274600970435
1,B_CN,A_CN,473,0.3365902355080398,3.06564406115041,True,True,-0.02264283705796411,-0.07329814676514385,-0.017453809417388166,-0.0090988773970484,0.013543959660915705,-0.4506838365408305,-0.09541352506416334,-0.03102152937461833,-0.01746568393294945,0.433218152607881,0.03133463232613199,0.2211855893459697,0.09632817580541653,0.05193729057857133,0.020602658252439343,0.007744054798254629,0.08419454315556707,0.09656050028865826,0.0642158866218796,0.05647183182362503,-0.28208139072220706,0.039749763945023386,0.0774885339656558,0.07038154923657836,0.3524629399587854
1,B_CN,A_CN,474,0.39805829279275196,4.06641547126192,True,True,-0.009788642755902383,-0.01846532890251895,-0.003122582998756007,-0.0016004625232807212,0.008188180232621689,-0.17521835763873556,-0.14759682174208508,-0.07883420918453521,-0.059570881048159885,0.11564747659057567,-0.07846476690261064,-0.23864534008084454,-0.0854694471037808,-0.046529288408638125,0.03193547849397249,-0.002576216774150965,-0.022946126859757998,-0.012797225186414574,0.005699844087135975,0.00827606086128696,0.006255498387178695,0.03408163217824048,0.05790989101751827,0.06516415629572393,0.05890865790854523
1,B_CN,A_CN,475,0.7433634504930375,3.709249595094823,True,True,-0.004704458265608932,-0.024539509494853284,-0.007239609552045612,-0.004162547874914657,0.000541910390694289,0.027066717500795694,0.24484842452925154,0.30562577783539174,0.297765616999467,0.2706988994986713,0.010369122203469035,0.07777167576988026,0.05114590991413004,0.030481976756610907,0.020112854553141823,0.018968825729311314,0.19245139338288014,0.2784509573973548,0.25864106600982617,0.23967224028051481,-0.039864190393424925,-0.010425680951495764,-0.0016256631501740948,-0.0008501455702417671,0.03901404482318316
1,B_CN,A_CN,476,0.7197697075423248,3.020269587052123,True,True,-0.0077454342765186784,-0.034973765663140255,-0.008763777549378737,-0.004071383185745958,0.0036740510907727897,0.007024763517048248,0.06715671591474734,0.11710887723912072,0.12479126630388537,0.11776650278683715,0.010949729177746628,0.11148166232736512,0.1531768484046937,0.12471818589400407,0.11376845671625746,0.0089097145022199,0.08925439167667715,0.1510504580681552,0.15743004235402297,0.14852032785180308,0.0006192382421919629,0.008138238251945233,0.026055613219320678,0.033400691722573594,0.03278145348038164
1,B_CN,A_CN,477,0.5600186382214735,4.353935330199534,True,True,-0.0043623478516321285,-0.014978175882110034,-0.004630454114142979,-0.0022238858114542737,0.0021384620401778687,0.010467104888563512,0.10559676177402949,0.1603600889948441,0.16274153223410126,0.15227442734553764,0.006841584382537742,0.05296987626689831,0.03696879540678155,0.020941617643112642,0.014100033260574851,0.011403731303888553,0.11380713163263467,0.19378430241872013,0.19781212163175121,0.18640839032786272,-0.030295375328618812,-0.0008955399282256638,0.019882541648093888,0.02277041328792251,0.05306578861654132
1,B_CN,A_CN,478,0.8841283484162269,3.6589177943836972,True,True,0.00023389758494146706,0.003752597856763462,-0.00023999942375807493,-0.00021522279104946307,-0.0004491203759908746,-0.015474189227018043,0.043941351413969154,0.11308588003927,0.12350826507455759,0.13898245430157563,-0.0020360099770261597,-0.01967065239232224,-0.008180778897701413,-0.005021135331721771,-0.002985125354695639,0.021088061691050153,0.20007516985794904,0.21848844513199317,0.21369072619800833,0.19260266450695818,-0.26957662593656984,-0.07222131749957916,-0.020939692520396402,-0.010954662024947548,0.2586219639116223
1,B_CN,A_CN,479,0.5459965959291362,4.026057364017866,False,True,-0.05095033564660041,-0.07614642464469645,-0.016892736139129116,-0.00898420628349672,0.04196612936310373,-0.019742873608310396,-0.03678679616309577,-0.002636751793571146,-0.0015296216550909625,0.018213251953219434,-0.013058200405679891,0.11348836670046247,0.14096221162060307,0.08949491132653142,0.10255311173221138,0.006137274604120481,0.05616253786897901,0.09122157830004962,0.08470102176973993,0.07856374716561942,-0.17024768898398868,-0.13304613387535,-0.07534635902820358,-0.051771004924783426,0.11847668405920525
1,B_CN,A_CN,480,0.520401836908547,4.124986087691079,True,True,0.025882401730055946,0.10526375571792657,0.036065937990289565,0.01820102269126933,-0.007681379038786629,0.02293020817777247,0.13782821810162538,0.21067478094494385,0.21202277832321081,0.18909257014543834,-0.5956817664228731,-0.3797002498580542,-0.07867185646576236,-0.0394617790829076,0.5562199873399655,0.005143026806996638,0.04783581152178923,0.08912864594562198,0.09627127394463841,0.09112824713764178,0.004958782854572597,0.05835758709984482,0.15847885387894117,0.1936676091709596,0.18870882631638702
1,B_CN,A_CN,481,0.4105433554249309,3.887209265016115,True,True,-0.004556808368268023,-0.03467664189574848,-0.011221422754130406,-0.007421680933469621,-0.002864872565201515,-0.06787123661159046,-0.16493954827778534,-0.06841693182514008,-0.04952963894935736,0.01834159766223309,-0.009925910013601151,0.02033648173020164,0.039572764400112925,0.025592139278442394,0.035518049292043496,0.001388476915091863,0.010753695852015355,0.039792287777510316,0.043177924017689606,0.0417894471025978,-0.07266395644051231,0.05573154983091794,0.11622260024662046,0.12658797914168152,0.1992519355821938
1,B_CN,A_CN,482,0.34726492146805976,3.8865756757079737,True,True,-0.004057891163137081,-0.020516006326489977,-0.00627633961352525,-0.0030896431332461116,0.000968248029890928,0.04461931414307967,0.3599307156750535,0.36584766280485964,0.3451591417179728,0.30053982757489306,0.014039205249280644,0.08981081907931576,0.05484224902041146,0.03284149087044763,0.018802285621166925,0.022541820098982902,0.21781804565348672,0.28902840138295116,0.2596267181356241,0.23708489803664112,-0.08290505960060768,-0.019954814776051544,-0.0019852276600198504,-0.0006930388691022138,0.08221202073150546
1,B_CN,A_CN,483,0.16102352224873961,4.003038815298415,True,True,0.012656986435197054,0.08809956259131463,0.04108076496470525,0.021104160367241054,0.008447173932043972,-0.18495697762247396,-0.23924346167579313,-0.09176897836801778,-0.06034811296028919,0.12460886466218468,-0.047199263383649236,-0.1665071755922446,-0.0526822299348747,-0.028678960453483837,0.018520302930165378,-0.00912419499618601,-0.08194565660889763,-0.04214683600165858,-0.004437156274369691,0.004687038721816306,0.04313807577881146,0.07969981107985513,0.10145067678029007,0.10802063369609383,0.06488255791728237
1,B_CN,A_CN,484,0.5817554631974446,4.6625974296369295,True,True,-0.005179137596346091,-0.01799443320318328,-0.0052340975814058055,-0.0013198095834195955,0.003859328012926544,-0.006228761450808459,-0.07143782516482444,-0.0514555859580601,-0.03718559999786686,-0.03095683854705833,0.01385399885411382,0.12461958090115277,0.07851329071021873,0.04321551961433301,0.02936152076021914,-0.03169519386199351,-0.1497888325728095,0.06007118929765576,0.07044333824940596,0.10213853211139945,-0.09180307789614164,0.0031323690553620165,0.045449126266680795,0.05269984279414602,0.14450292069028764
1,B_CN,A_CN,485,0.4572090149502357,3.9352835659378647,True,True,-0.10942934115038355,-0.2503871863589872,-0.06113191350210134,-0.031317117967197716,0.07811222318318578,0.0675839300455161,-0.12838143163621418,-0.03759233504756665,-0.023561151258886026,-0.09114508130440213,0.0429567297429353,0.380972285631376,0.4300037257817374,0.278432237576674,0.23547550783373872,0.03281224958428153,0.3143855044199285,0.2786270166872721,0.2291166312908739,0.19630438170659237,-0.22102825661607184,-0.13912583585186566,-0.13383306291625086,-0.10598805709918735,0.11504019951688449
1,B_CN,A_CN,486,0.933645128224284,4.5654485025742995,True,True,-0.040660513482703636,-0.12440628863790293,-0.030997865005751524,-0.015651368389726805,0.025009145092976803,-0.330695665154291,-0.1241505657176647,-0.012687024739647668,0.0017650064369785223,0.3324606715912695,0.03360362215906995,0.31506198431181476,0.363159649483486,0.256017521864386,0.222413899705316,0.03061143195285379,0.29904191056867,0.22597444881038442,0.18043414494870746,0.1498227129958537,-0.07366136357457183,-0.058310721673023605,0.023982603651166584,0.05466684772122071,0.12832821129579253
1,B_CN,A_CN,487,0.7553019323481048,4.141066999554686,True,True,-0.001523064456001276,0.0035757204367611317,0.0018838120519499846,0.00043080254313554445,0.0019538669991367996,-0.16908620134155922,-0.15512690318065958,-0.06942458515435546,-0.041986599172987416,0.12709960216857175,-0.017675818850061344,-0.083851191006512,-0.036404327595276786,-0.02056388539440368,-0.0028880665443423714,0.00626563697602963,0.06748380353176081,0.09466739068240082,0.10479745088476455,0.09853181390873489,-0.04765000225040994,-0.01202596468245759,0.00911503660317109,0.016156986781206584,0.06380698903161652
1,B_CN,A_CN,488,0.2888754187139104,4.442393288429463,True,True,-0.0035566956558246154,-0.014294607030300499,-0.0029468962203861304,-0.0013131990747278222,0.0022434965810967933,0.009484182090654221,0.09163026002097652,0.1574038007814983,0.16908200203068469,0.15959781994003042,0.004212270381840362,0.03288406190219051,0.019355445798613813,0.010726659944249595,0.00651438956240924,0.008801548134507946,0.09860518546652702,0.17445794622231503,0.18441816387991428,0.17561661574540632,0.0004838758347507355,0.025830665694403065,0.04001755726887002,0.03930373061501902,0.03881985478026828
1,B_CN,A_CN,489,0.748494766035178,4.08301264520852,True,True,-0.019175774313666433,-0.02114411723482923,-0.0039963129414657406,-0.0015719371149002237,0.017603837198766237,-0.1857445223883566,-0.0954820317086239,-0.0003387274640781479,0.008627780447216016,0.1943723028355726,-0.013479816140829354,0.2662582553900768,0.4450478459773822,0.43524382475203083,0.4487236408928602,0.000792434442696277,0.014596850716621868,0.02864489171786455,0.02855809124991726,0.027765656807220984,0.006852614276299908,0.07321618798152532,0.1654120343041739,0.19343507765890558,0.18658246338260567
1,B_CN,A_CN,490,0.29317905081180307,5.348263502661908,True,True,0.013233765694602037,0.12219000106608968,0.11838234558597138,0.0784025571700866,0.06516879147548449,0.011970153219735935,0.0765425406944662,0.07060361239097157,0.0527401587241757,0.040770005504439766,-0.28682361936422107,-0.21489443395484364,-0.05047793694382374,-0.025829337495051563,0.2609942818691695,0.00023735700470763066,-0.00018231064826146337,-0.0022215486191448086,-0.0009210171040531234,-0.0011583741087607402,-0.05296911016003236,0.0007097015637794746,0.0015088257445566855,0.0008070010132403826,0.053776111173272745
1,B_CN,A_CN,491,0.3301291851389546,4.30354725016097,True,True,-0.007026142999560489,-0.028731739157502934,-0.008318649379424947,-0.004344900760126724,0.0026812422394336677,0.01353868377475072,0.12279646432203983,0.20692185373883176,0.2200978966738929,0.2065592128991422,0.012330326674440218,0.11253679511948778,0.12729302410009768,0.0925086032439918,0.08017827656955157,0.013420370111359641,0.1319712233595779,0.2293464610146856,0.24416313021389824,0.23074276010253858,-0.03683996169976623,0.0034674895461619393,0.034215525145670306,0.04394561261134872,0.08078557431111495
1,B_CN,A_CN,492,0.6493899547244899,3.0635126766015723,True,True,0.004301685781834,0.00778108308430292,0.0009171839555266459,-4.50373434988105e-05,-0.0043467231253327965,-0.006337384076587519,-0.019431153193642636,0.029402887428267244,0.03866133634686475,0.04499872042345232,-0.008293436448901133,-0.05373557917471361,-0.02419688914908491,-0.014048756335263368,-0.005755319886362242,-0.06250960733382023,-0.2721695084704179,0.009530023618871564,0.055853632151811716,0.11836323948563199,0.0002800855642308142,0.03501802414288968,0.048673821080214674,0.05282579225420325,0.05254570668997244
1,B_CN,A_CN,493,0.9101957204478942,4.592607571305269,True,True,-0.012837158146134307,-0.038736861163875314,-0.010201359704230861,-0.00593333439530741,0.006903823750826876,-0.40103998187884227,0.024460748970296486,0.05988616502911437,0.06365334860921867,0.46469333048806094,-0.060159881935298316,-0.15692414647979613,-0.03967075497863026,-0.019865760942981425,0.040294120992316884,0.009948129073787691,0.08689115954657683,0.13758475062650055,0.12620969379327063,0.11626156471948301,-0.2838246236795406,0.0411168291302213,0.11141211065365764,0.12348354281230611,0.40730816649184665
1,B_CN,A_CN,494,0.5267039842072718,4.593410743524716,True,True,-0.006753653453194126,-0.033809310257390424,-0.013263677197668744,-0.006669203900605214,8.444955258890552e-05,0.045032882043981926,0.27100481093425816,0.2542947352447683,0.23989834466819115,0.19486546262420923,0.007942174837234736,0.05352478333042876,0.03109262333194207,0.016962934102956795,0.0090207592657221,0.022108598793452013,0.20223618982758046,0.2584420180757564,0.24778422698900637,0.2256756281955543,-0.24729294903503457,-0.10042827173537566,-0.017604975162016312,-0.001706791011495179,0.2455861580235394
1,B_CN,A_CN,495,0.7529037525947367,4.53078150319413,True,True,0.004825720160013473,-0.0010815250888664418,-0.007552123607244998,-0.005553143930258075,-0.010378864090271556,0.12236387238832658,0.057209114573028796,0.03826992292393572,0.036866948334079996,-0.08549692405424658,0.0009330908218649833,0.05355724242124216,0.057404139622441175,0.032821197899185806,0.031888107077320815,-0.06104842001142099,-0.3236353095568614,-0.01595251925971175,-0.005216435493962002,0.05583198451745908,-0.22132552882879283,0.006595769652447847,0.14208002737887238,0.16971210592704278,0.39103763475583564
1,B_CN,A_CN,496,0.8347095621824764,4.327071839548393,False,True,0.0038553160176021187,0.009760950135542235,0.0009311714942971117,0.0003511987056111776,-0.003504117311990962,0.0025598655552229108,0.016556332911839555,0.00784686521815181,0.009851662634328018,0.0072917970791051,-0.0009031250789202847,-0.007248111173066951,-0.0005256578662233835,-0.00015582645677747475,0.0007472986221427336,-0.7526778075490013,-0.399774940759163,-0.0473976419042732,-0.009016493862991637,0.7436613136860096,0.04431894178252466,0.10023548885244526,0.11862590314101296,0.12405009688824853,0.07973115510572387
1,B_CN,A_CN,497,0.8007507546747026,3.3475583149283192,True,True,0.007096069346537857,0.048649768237472746,0.019271286541525656,0.010916749190437613,0.003820679843899777,-0.06313186639414067,-0.11627508403456532,-0.035783701853691285,-0.01638273781112276,0.04674912858301794,-0.03644560650101043,-0.16159938063949442,-0.06052072079775905,-0.03236469269292974,0.004080913808080622,-0.010673504286929675,-0.1068289390222289,-0.004539670282408648,0.03444228497789914,0.04511578926482884,-0.03508445719959727,-0.006153498160664295,0.01173262269545633,0.016529457265528125,0.05161391446512539
1,B_CN,A_CN,498,0.6828476045774974,3.0423837953479467,True,True,0.009344453758497899,0.041937107981946276,0.014803282052430866,0.008976526239145466,-0.00036792751935244006,-0.12652551780914506,-0.17075159195482914,-0.03954760130214885,-0.005760581744814641,0.12076493606433047,-0.025549686837221565,-0.117776711706022,-0.044794963526174625,-0.023783445855050656,0.0017662409821709302,-0.0018478876931417032,-0.023873496525345372,0.030692121725464094,0.06612848250909464,0.06797637020223635,0.016226422299516208,0.05366555986842769,0.07855438202451448,0.08675574335850156,0.07052932105898535
1,B_CN,A_CN,499,0.40095028541624067,4.842370038957087,True,True,0.0034308098843426615,0.018389584033887796,0.00648084952056005,0.0037829352413447648,0.000352125357002131,-0.08701091306085273,-0.18044980174306574,-0.06446412377180377,-0.031248130612762326,0.05576278244809041,-0.026210080178476855,-0.1233996210832835,-0.04715457064649853,-0.025344865958288443,0.0008652142201884816,-0.012331635273060353,-0.10320856203209855,-0.006621455974443635,0.03543680378733238,0.04776843906039274,-0.03236194151895444,-0.008066947912505729,0.01248273163501945,0.019209466189409996,0.051571407708364436
2,B_G,A_G,0,0.09965289967381419,3.251260031856553,True,True,0.000916273033408542,0.02022215489814788,0.010045718739838616,0.004409686487874875,0.0034934134544662987,-0.018617354681027376,-0.026618701241623244,0.01802825580698142,0.02064339372453672,0.03926074840556404,-0.04107093936854296,-0.014808291098363013,0.0477890621781184,0.03298183891048556,0.07405277827902856,-0.016938079665555772,-0.1278028838718468,-0.001879739995904628,0.003796053914798758,0.020734133580354586,0.004339928073717523,0.053469438891544485,0.13852498707498243,0.1680566535444467,0.16371672547072919
2,B_G,A_G,1,0.7108179770848501,3.614732788285529,True,True,-0.0012364618708507052,-0.01389689228918456,-0.003101070285420615,-0.0014422534576714607,-0.00020579158682076937,0.003459017712492886,0.05016304393427795,0.09476142962535561,0.10053944876030274,0.09708043104780983,0.0019314271569711161,0.018087715864457066,0.010028783382158735,0.005157439920851492,0.003226012763880348,0.003039817582894469,0.036807184896489153,0.10613742071798393,0.11732276639108752,0.11428294880819312,-0.06008194582186466,-0.03310223027646053,-0.010402560398874883,-0.003854636505457143,0.056227309316407514
2,B_G,A_G,2,0.3534240173375872,4.415229317025593,True,True,-0.0092262746092735,-0.05027854943409493,-0.01521662838508342,-0.008374942995965085,0.0008513316133084148,-0.13793756672534183,-0.12442088451433125,-0.04237924103396806,-0.021769480385799067,0.11616808633954279,-0.007905297164085362,-0.03576393185246318,-0.018898738290452743,-0.010408546756994763,-0.0025032495929093734,0.005182574806783864,0.0657447393562558,0.10018136170046832,0.1122553381055752,0.10707276329879134,-0.07013568888578209,0.0009937091404589316,0.02777194120752874,0.03527775140425554,0.10541344029003763
2,B_G,A_G,3,0.4975630876967315,3.658240617688565,True,True,0.007342131941739188,0.04984917557514357,0.020243222422927643,0.011781071347386596,0.004438939405647435,-0.053389545156665906,-0.2973587395789766,-0.16747216385190755,-0.13972508601786449,-0.08633554086119855,-0.03912995397032449,-0.12769018488033224,-0.035933567231994146,-0.01882287854282627,0.02030707542749821,-0.05426406303805193,-0.39752770779615987,-0.07344919705973663,-0.033004792036702146,0.021259271001349722,0.07383334264506172,0.2390550242784535,0.24866466417985417,0.2509674914493013,0.1771341488042396
2,B_G,A_G,4,0.9456118153134953,3.861717363492709,True,True,-0.002167890488180592,-0.013045067567284852,-0.0033402903974754095,-0.0017449407199311429,0.0004229497682494143,0.01174901191628622,0.11576944998489641,0.17844072617829687,0.18486461094443357,0.17311559902814733,0.007561455768860165,0.0529770811592753,0.041975784370549274,0.02600967564156964,0.018448219872709393,0.011472798761732218,0.11916875510513303,0.20988037204874221,0.2191074797795146,0.20763468101778237,-0.021316060227076716,0.01564728552688366,0.04360548124578101,0.05308444776629495,0.07440050799337167
2,B_G,A_G,5,0.0040711435203342194,4.000788862016366,True,True,0.014160362569405997,0.1234646231503897,0.06739439985162199,0.037402730808374196,0.023242368238968192,0.012465811610742061,-0.06602136162560168,0.001218207769139168,0.0073460769443312035,-0.005119734666410802,-0.015481845824968726,0.11041224656664511,0.2102506144617634,0.16503357471034363,0.18051542053531233,-0.013836473607441696,-0.15395627113779176,-0.027392205065666753,-0.016944873612578015,-0.003108400005136347,0.005238014288210987,0.05330563335158853,0.1293922755961137,0.15753992312707013,0.15230190883885916
2,B_G,A_G,6,0.9855602962975865,3.504972423795022,True,True,-0.001238002750918378,-0.004483790071304394,-0.00036243784253187084,-0.0006044273301909486,0.0006335754207273947,0.006539093220188016,0.08062070383373188,0.11834688518147274,0.11698708976377614,0.11044799654358817,0.005796048169861033,0.03429269037403487,0.017160584335184748,0.009453190861478222,0.00365714269161721,0.002361251657503588,0.03914869724566261,0.1235752564296726,0.12155579889157198,0.1191945472340683,-0.045795568563594125,-0.0159677820468348,-0.0029221142133619704,-0.0014565312479293269,0.0443390373156648
2,B_G,A_G,7,0.4819687987245169,3.6435445985982025,True,True,0.0016708116106588788,0.0090520321962273,0.0023327891511821797,0.0008533714355427602,-0.0008174401751160909,-0.00035341876246771514,-0.014583891732107113,-0.02092543727994811,-0.021168218984090714,-0.020814800221623075,-0.00288574224463245,-0.023096401166074865,-0.011519780697165083,-0.005269212153624525,-0.0023834699089920752,-0.377150817696606,-0.45485175498670144,-0.09362607227105602,-0.049732358672707644,0.3274184590238983,-0.018704450600283695,-0.0037962195157213996,0.0015945826107609529,0.0013280358372953494,0.020032486437579045
2,B_G,A_G,8,0.4100876247360311,3.8435329113535754,True,True,-0.005255399987362588,-0.025440197327160963,-0.0076901950965279076,-0.004666264848695922,0.0005891351386666521,0.033268829652465526,0.2904696925116121,0.3103544386779551,0.28893252753124643,0.25566369787878096,0.011750423539718217,0.07456150483978874,0.038876542279657866,0.02228569585476803,0.010535272315049804,0.004995677786914232,0.05399144713640708,0.14321124147750142,0.14133238704162943,0.1363367092547152,-0.308328442462265,-0.05845792117082815,-0.014287766245847378,-0.005391215785789938,0.30293722667647505
2,B_G,A_G,9,0.2986058751579118,4.291622960131329,True,True,-0.0012070902992118437,-0.008240083461954484,-0.002637607111649065,-0.0017374172479418526,-0.0005303269487300089,0.0046739854317226805,0.07124724877387778,0.13634899814488832,0.1476488214731887,0.142974836041466,0.0019046506155426107,0.010262291959768632,0.005769306491199999,0.003671844761819143,0.001767194146276574,0.013296831967774599,0.11607209878110741,0.20497233962796946,0.20955982787280913,0.1962629959050345,-0.02706519783209882,0.015809426767258605,0.04379075324982018,0.05240792563955854,0.07947312347165736
2,B_G,A_G,10,0.5806756410264289,4.856954209581659,True,True,-0.0029780426112507377,-0.013236112961728441,-0.004393363166614872,-0.001928682357878686,0.0010493602533721003,0.0017640359538846975,0.05294411304735014,0.11415064089991778,0.1268665838880435,0.12510254793415887,0.002038104568346806,0.017776793412646485,0.010444206635070619,0.0062357534302059925,0.004197648861859138,0.011887688497601197,0.10815349621889336,0.18617277815983224,0.19244348209094275,0.1805557935933415,-0.0490705798914286,-0.019991397084939466,0.005049283194582532,0.012884380745771695,0.061954960637200296
2,B_G,A_G,11,0.5128905641696582,3.5100814400665845,True,True,-0.007128327322849445,-0.02994841282183991,-0.0093817035023257,-0.004942258048979631,0.002186069273869773,0.024707978477891315,0.20506910931898698,0.2598240172926487,0.2554879000699711,0.23077992159207977,0.012399485553008013,0.11807867328828525,0.11745458332950276,0.08150620183710411,0.06910671628409604,0.013976801236199151,0.14104984822661154,0.2327103783280856,0.23172136717507763,0.21774456593887848,-0.10357219156944118,-0.05274572738118247,-0.007392538125914672,0.005659458138431828,0.10923164970787301
2,B_G,A_G,12,0.7601002019572797,4.831457439086519,True,True,-0.002820836527991581,-0.021495006251733728,-0.007091493543838423,-0.0037285907488455727,-0.0009077542208539846,0.03858628454327097,0.3212332765047393,0.33347548068892763,0.3163388335310595,0.27775254898778856,0.010864236015832238,0.0751778164969461,0.04258397040301087,0.02500410217940585,0.014139866163573656,0.019332642458731578,0.18713543219135143,0.2621618686982077,0.24269482628515393,0.22336218382642237,-0.1569850468915004,-0.02185864490508027,0.030085803856188864,0.04203505404790875,0.19902010093940914
2,B_G,A_G,13,0.8818465142661941,4.08671251994579,True,True,-0.005846685405825468,-0.015020662892803072,0.00011348292684398853,-0.0003823990533886601,0.005464286352436898,0.39504162226006534,-0.0068920067080895375,-0.014520828833483934,-0.009918075077457011,-0.40495969733752235,0.04607878947456752,0.2349980753366857,0.11002048199105852,0.062242034105500776,0.016163244630933216,-0.015507522308714522,-0.13759255342182364,-0.022153790156554387,-0.008479455764076382,0.007028066544638167,-0.5046049545346409,-0.3059839576994405,-0.11368838728928365,-0.05051318547727324,0.4540917690573677
2,B_G,A_G,14,0.8087030248056626,5.025127802532074,True,True,-0.0030726320398030346,-0.016039880774989856,-0.006525790859493674,-0.0031769055901188503,-0.00010427355031583652,-0.2676493465044654,-0.10202008657705253,-0.020652490100354415,-0.009261529579431826,0.25838781692503354,-0.027496925348931396,0.028352903730381962,0.08655791808692725,0.060896429837425936,0.08839335518635738,-0.03806950694942334,-0.29547022778116483,-0.05937576241565634,-0.02863538426050183,0.00943412268892152,-0.08994240476297288,0.08355500194092358,0.1630358496601394,0.173198961802967,0.2631413665659399
2,B_G,A_G,15,0.387044929365961,4.257366225436856,True,True,-0.05009420601574036,-0.11724966528836234,-0.033680829314184035,-0.01707004292778902,0.03302416308795131,-0.093777163438165,-0.07331385659336398,-0.021930683903446768,-0.011397541802590783,0.08237962163557422,0.014463797577345533,0.22230112002070818,0.17276097354150055,0.11369979140979503,0.09923599383244952,0.004012689932392288,0.03062042951873617,0.03404379383177547,0.0271616963646516,0.023149006432259256,-0.4285214296168173,-0.1686429272679213,0.10047575195295289,0.17396668167160967,0.6024881112884269
2,B_G,A_G,16,0.733879990648393,4.0932210003264355,True,True,-0.011338373298630695,-0.04684976093463189,-0.01304977517703021,-0.006580232071264458,0.004758141227366175,-0.2328910633198757,-0.06300398159587561,0.04948277339637608,0.07063202423469561,0.30352308755457136,0.0022130714022595838,0.0043317072449342575,-0.0035720895997459756,-0.0040960684454728336,-0.0063091398477324034,0.006397115988250171,0.06403429776758074,0.0874656027325652,0.0939206274199812,0.08752351143173098,-0.08495557695801914,0.017594108180821966,0.05024667307190267,0.058475256900086925,0.14343083385810607
2,B_G,A_G,17,0.20467154318499503,5.073360064279859,True,True,-0.014411718401558776,-0.039056229731764924,-0.008806168240731327,-0.004335326684105634,0.010076391717453226,-0.01928714259865416,0.0100243571273807,0.013411083674767066,0.008913829961881281,0.028200972560535442,-0.05583326125406274,-0.036339712273496194,-0.006823664298039933,-0.003631506725287892,0.052201754528774846,0.0018463264099564114,0.008436323458960837,0.010834758562973335,0.006545489916605529,0.004699163506649118,-0.4169836833377287,-0.001871694067052343,0.21677394357963475,0.2431780755899916,0.6601617589277202
2,B_G,A_G,18,0.7231339089629604,4.033900054265292,True,True,0.0034208710198977144,0.026040614707425802,0.017364501583153946,0.010455168438702533,0.007034297418804902,-0.220329292322909,-0.032274704046992175,0.00540459971648477,0.01194256459281795,0.232271856915727,-0.010513473794894736,0.013013481205714772,0.024433137965072405,0.014948682462363472,0.02546215625725823,0.010973719494089922,0.10419370434430514,0.1108746321330264,0.07786724373966036,0.06689352424557038,-0.06827304666382582,-0.062423515147630323,-0.001515139888886352,0.014095119583222793,0.0823681662470486
2,B_G,A_G,19,0.8819590402451084,3.1792312953760904,True,True,-0.009461384412137328,-0.036651844000264444,-0.00908681671245215,-0.004412415687733429,0.005048968724403968,0.007589912830155934,0.0284607714730295,0.019036637588081162,0.019579057928220123,0.011989145098064258,0.023696911748174464,0.1592656885872163,0.07695427739029004,0.0418593243686447,0.018162412620470247,-0.000684464866025733,-0.010098053909334326,0.0649895540386537,0.07866866588495702,0.07935313075098271,-0.05399859974975616,-0.08711822848181926,-0.03674401666769733,-0.02209151644849941,0.031907083301256745
2,B_G,A_G,20,0.5325906968777975,5.288999809406026,True,True,-0.0045429715043601646,-0.02010223529346944,-0.005154910190501738,-0.002741450894930164,0.0018015206094299518,-0.004009140730181937,-0.0009922468972784482,0.044015764907681554,0.05529912978104856,0.059308270511230554,0.001111532560789788,0.012049137457463999,0.006434086403905748,0.003508624638740243,0.002397092077950469,0.003808296149684004,0.036757660809003,0.10725351876567046,0.12015327110238994,0.1163449749527059,-0.02538628183863112,0.001561143600753434,0.024673717717098698,0.0327387112977604,0.05812499313639152
2,B_G,A_G,21,0.7579902189002158,4.359800859999529,True,True,0.0014102195077015725,-0.000652751109350258,7.173573278174139e-05,-0.00035533722875258356,-0.0017655567364541769,-0.11917844416294673,-0.11190029232920806,-0.051421753285263105,-0.03202354302139809,0.08715490114154867,-0.010854071705643953,-0.04609173126732069,-0.018280568446832235,-0.01014973400354624,0.0007043377020977681,0.00013947052096744544,0.012070301726349653,0.019391720957367298,0.0340537509642187,0.03391428044325129,0.0009346896486971388,0.012164789006012797,0.033734035993404896,0.04172437397693185,0.04078968432823471
2,B_G,A_G,22,0.9678068168832744,3.42773321037266,True,True,0.00019550147514148242,-9.636151111069857e-05,-0.00016419279031476552,-6.784211455812539e-05,-0.00026334358969959393,0.01432157207695127,0.10638986707759818,0.08357475595070452,0.08032065635516339,0.0659990842782121,-0.004536801725098821,-0.031334026428008144,-0.015012062049647112,-0.00800727843078275,-0.0034704767056839003,-0.71909550512892,-0.34547077744822474,-0.03425069526236102,-0.017091578630878845,0.7020039264980411,0.01640345381354963,0.10823800582485044,0.1436063736810803,0.15086640751238867,0.13446295369883904
2,B_G,A_G,23,0.20824660778347137,4.790350333905075,True,True,-0.0022516071505568683,-0.011843056108192918,-0.0039170951900135975,-0.0017406637720868146,0.00051094337847013,0.012864240208077506,0.12119439818810754,0.182644234668895,0.18699938294633556,0.17413514273825803,0.006853233340731499,0.055974875379804,0.03924443457723903,0.023055074424889077,0.016201841084157564,0.010803985357290526,0.1148863655949634,0.1980740254853618,0.20301649546739342,0.19221251011010287,-0.04853442420942766,-0.010362582009399102,0.018788020019547158,0.028169940336442267,0.07670436454586993
2,B_G,A_G,24,0.9492910565566687,3.5653803084437286,True,True,0.0003989733182606439,0.010301831304048048,0.004665587938732618,0.0034187947439839883,0.0030198214257233236,-0.09767289720418487,-0.14781513800139062,-0.04321648653863741,-0.015221367581759737,0.08245152962242519,-0.0017043040754154207,-0.01629043867987573,-0.011239137450355985,-0.006128458768064005,-0.004424154692648563,0.0001947194570959196,0.0023556931802638514,0.08696461542701117,0.108664779470105,0.10847006001300907,-0.027033794801384015,0.009116266429906816,0.03129142308164368,0.03803965333966408,0.0650734481410481
2,B_G,A_G,25,0.02346585281070379,3.0005479522355536,True,True,-0.0014944910388324656,-0.0075229436366863744,-0.001586241551228107,-0.0009552397181225025,0.0005392513207098659,-0.011856945736499189,-0.005141452986872519,0.07982245904412655,0.09929815893283711,0.11115510466933631,0.0009541827023539923,-0.003920998846311918,-0.001380258692385672,-0.0003956956568558212,-0.001349878359209855,0.00514415980037828,0.060950601483623745,0.13481567073582146,0.1544360599696264,0.1492919001692481,-0.07032215840852796,-0.03041283589717858,-0.003115830967616806,0.005737497723406371,0.07605965613193433
2,B_G,A_G,26,0.2524196682538885,3.1656388254316705,True,True,0.011677659782874626,0.10961865011853389,0.05687159041402645,0.030397542717332082,0.018719882934457366,-0.03633341030102303,-0.0074949956321337385,0.03431092752512177,0.044588589348486085,0.08092199964950908,-0.002713095741014568,-0.0012362705277146335,0.0022195726261055038,0.0031822341048971525,0.00589532984591179,0.006023603436628826,0.04877911253181,0.10435242629402508,0.10854118636582033,0.10251758292919155,-0.1412807693840431,-0.02109467532408804,0.041686330834602325,0.053154610376311084,0.1944353797603542
2,B_G,A_G,27,0.44272673275122454,5.185070047482563,True,True,0.014805054084598708,0.1137363957864237,0.05280165529434577,0.02890990118720138,0.014104847102602625,-0.00016637402835961712,0.05731370591595031,0.10629336263784861,0.10748078305069986,0.10764715707905947,-0.3028941264290336,-0.14632125768826132,-0.02678069686590212,-0.013246791290828286,0.2896473351382053,0.0036899090352259106,0.02986027029459637,0.041455461517798775,0.033004529258045645,0.02931462022281972,0.012382909605912162,0.18840714268554032,0.4467545624082959,0.542154216577864,0.5297713069719518
2,B_G,A_G,28,0.48547313574117046,3.958062701692901,True,True,-0.007874180987695663,-0.034385236271430974,-0.010924949259830563,-0.005556174824185578,0.002318006163510078,0.01168594354062297,0.10349135932274264,0.1432168403570762,0.14404112403511,0.13235518049448702,0.012456892385925688,0.10703565443912938,0.10605248363982878,0.07344688316347037,0.060989990777544634,0.015919259525576365,0.16302498422485318,0.24452532890061085,0.2411439319300268,0.22522467240445043,-0.06236035328160644,-0.017512067971847817,0.01187406948009534,0.020836576475109198,0.08319692975671564
2,B_G,A_G,29,0.551028675052125,4.6787760560302445,True,True,0.007899791994095393,0.037215057471991,0.012046295804483576,0.0056572797716401,-0.0022425122224553062,-0.049233129510031795,-0.12353768043701752,-0.008870185939994224,0.01494912731997744,0.06418225683000922,-0.01270597730684301,-0.06351927625826409,-0.026849960531318495,-0.01482538603533734,-0.002119408728494254,-0.019712523680414602,-0.190815706565575,0.004091369779415932,0.03895094276388922,0.05866346644430376,0.006747170793877655,0.03189538819741833,0.04047531325563514,0.03798844922913902,0.031241278435261366
2,B_G,A_G,30,0.0024366768491546065,4.465116506911179,True,True,0.011964711122144138,0.09204528631947823,0.10170152029059343,0.0702996896642002,0.05833497854205605,-0.02693212889086638,0.038797868845936945,0.05979576990154967,0.05244993436321954,0.07938206325408592,-0.180016269638202,-0.11366643979721647,-0.006175524391466625,0.0008196951506508343,0.1808359647888529,-0.0011745552104846999,-0.020106883514180884,-0.02189763689452595,-0.013698968047485605,-0.012524412837000898,0.02978836892650098,0.2508264346364848,0.4096359629098573,0.4465274853456603,0.41673911641915934
2,B_G,A_G,31,0.2102613952533844,4.315119423183657,True,True,-0.0022787248502947957,-0.011972437612185027,-0.0030917587636598576,-0.0012569973362357434,0.0010217275140590454,0.00965928873456236,0.09385875086635684,0.15781728134445233,0.1687404885779636,0.1590811998434012,0.005690733672317337,0.04285199272600326,0.03276946974471184,0.0219770358715774,0.016286302199260083,0.010926576548472344,0.11168018119143519,0.1996385765004013,0.21195131831924496,0.20102474177077256,-0.003664417834932321,0.03063230863502231,0.060270541434301106,0.06991730670654361,0.07358172454147593
2,B_G,A_G,32,0.9056884246825091,3.619093102288015,True,True,-0.0018960429291779435,-0.006721835655616126,-0.002584304440735541,-0.001080955177321874,0.000815087751856014,0.013925729525035308,0.1299236019672968,0.18565055415016074,0.18328864873934947,0.16936291921431412,0.006480478250437745,0.05102561472490058,0.03392111904763173,0.01994144908450257,0.013460970834064834,0.008506677187613165,0.0838747875115291,0.16236354021913635,0.16786630876960196,0.15935963158198885,-0.07233605220788808,-0.01731850251825906,0.014352867512124834,0.02385876257699937,0.09619481478488745
2,B_G,A_G,33,0.9797995263360263,3.934065180425689,True,True,0.00662933971641036,0.03386429581834416,0.010568107400099724,0.006409186225895591,-0.00022015349051474065,0.02347369886366106,0.10680518194266053,0.07535994337992802,0.06362943164571755,0.04015573278205642,0.0006754707996031173,-0.003233844524462237,-0.00015616632483428372,0.0013212130895617902,0.0006457422899587284,-0.11903441751875692,-0.18682678385950013,0.04899713772138681,0.05907901331403531,0.17811343083279219,-0.1379858924387638,-0.022185930449416802,0.048417785852130524,0.06088866708292057,0.19887455952168437
2,B_G,A_G,34,0.19544546262216578,4.661516416820028,True,True,0.005914937227902081,0.05502799061864355,0.03279277751201182,0.019159403990952395,0.013244466763050244,0.038157999037478296,0.08943708737242695,0.13788497661285803,0.13493962852090347,0.09678162948342517,-0.23318539264161461,-0.2813252164091423,-0.05777519398712416,-0.026297405300346854,0.2068879873412678,-0.014697548523341757,-0.13053990933110615,-0.011058069555105354,-0.004952458358075007,0.009745090165266701,-0.0002656270429027968,0.05380128308404668,0.13763673711839827,0.16609519793579947,0.16636082497870225
2,B_G,A_G,35,0.0035500122942458967,5.23203050180687,True,True,0.021024684464352274,0.13196160629703924,0.057734160968817005,0.0306020422385479,0.00957735777419555,0.06757412186306411,0.06991015653785393,0.11048274479557563,0.10427867448117245,0.036704552618108344,-0.12627694819365154,-0.2715747620201191,-0.06531861608670975,-0.034106631092709505,0.09217031710094203,-0.02915074349835338,-0.25078083301001897,-0.038780559582734964,-0.018243525641920888,0.01090721785643245,-0.0665426933809369,0.04971763326597259,0.1381505047192919,0.17057708094483126,0.23711977432576814
2,B_G,A_G,36,0.2835787087196112,5.298871834631895,True,True,0.000708903520469796,0.006273728736991502,0.0013457023059251227,-9.033896036014788e-05,-0.0007992424808298537,-0.0355503607834428,-0.10697639379676727,-0.017234037441109296,0.006025763291837571,0.04157612407528044,-0.012751163311941115,-0.07442074021300882,-0.031022543688042803,-0.016212871724972322,-0.0034617084130312836,-0.013114205186568785,-0.1222440524832703,0.035625264828328174,0.07080123477526556,0.08391543996183437,-0.026222418852579366,-0.0003128573945535562,0.01842927504603764,0.024579664701083415,0.05080208355366278
2,B_G,A_G,37,0.784314760963243,3.91531967203828,True,True,-0.0028292297086571494,-0.011127440400724442,-0.005474460231854272,-0.002377235524173904,0.0004519941844832731,0.003615264207554019,0.04220591748955682,0.07877160271322425,0.08656883378371139,0.0829535695761574,0.0035812452324070487,0.026384713855737096,0.014832138295644004,0.007883442328386003,0.00430219709597901,0.0035552216871530956,0.043959063736244586,0.10289967760912289,0.11726171830767851,0.11370649662052534,-0.09032041330034157,-0.06766099150522076,-0.043772803879089994,-0.035197628751881926,0.05512278454845965
2,B_G,A_G,38,0.3815402449510561,3.22866472454223,True,True,0.012290804556389597,0.046351567296796625,0.012218550136797512,0.006311712669131553,-0.005979091887257981,-0.0017765486479976375,-0.012684641087071291,0.031136983161416554,0.04005841640350094,0.04183496505149864,-0.008974883894484045,-0.06565722829794562,-0.02876326940484286,-0.01645995237114095,-0.007485068476656975,-0.27812972566273675,-0.3977788240320608,-0.057549239369570904,-0.014685378678810701,0.26344434698392605,0.04630399736489155,0.09804742058253951,0.12050994208799443,0.12701840236324236,0.08071440499835081
2,B_G,A_G,39,0.19642845190723524,3.4669758611338253,True,False,-0.018750193133948406,-0.07132561207109767,-0.016520667236571418,-0.009485618950818786,0.009264574183129648,-0.14520347711131373,-0.14264369000129407,-0.0607660708670591,-0.04887624738543639,0.09632722972587726,-0.016812159242104663,0.009418050453378957,0.034412675251194624,0.02055388322798568,0.037366042470090344,-0.001575069072658003,-0.01862655433949989,-0.016579583319808244,0.0015402506092255797,0.0031153196818836104,0.0015904699301128224,0.06575381418850688,0.1262573597456863,0.13645457663084445,0.13486410670073162
2,B_G,A_G,40,0.4563092241953465,4.417754547368743,True,True,-0.002067575911814022,-0.012174669482723277,-0.0029192273212576003,-0.0019286794183517308,0.00013889649346232602,0.019178862285339066,0.15998054087620528,0.16385211352693685,0.1521765439547167,0.13299768166937764,0.009818308935024826,0.07037738984635578,0.04840959873180728,0.027325786240999572,0.017507477305974684,0.012435188202257016,0.12897697967583976,0.17182822561629685,0.16800541833698213,0.15557023013472504,-0.14795518198841795,-0.05021216650540264,-0.007865490808873443,0.0022907045148843896,0.15024588650330234
2,B_G,A_G,41,0.6895579750862793,4.152288878839524,True,True,-0.001966641269651924,-0.016892441814703063,-0.005840782890729979,-0.002274691632182746,-0.00030805036253089835,-0.280007019186068,-0.06636536710366359,-0.014632366097407368,-0.00734681192556097,0.272660207260507,0.021795114646709114,0.18185026804371957,0.15674794432948325,0.10707060972330718,0.08527549507659804,-0.006624250910612063,-0.07118981032088822,-0.01673568833888417,-0.007712693887747868,-0.0010884429771358395,-0.05101070671243879,0.05488354502144677,0.07616623049565907,0.06760844126583476,0.11861914797827355
2,B_G,A_G,42,0.5040382954964725,3.6920277977513907,True,True,-0.004970778600112587,-0.026208924775028564,-0.008625552092183186,-0.004638398170484059,0.0003323804296284649,0.004982241861900629,0.05617856033713456,0.09851352767902649,0.10786231697562776,0.1028800751137271,0.00505491922303461,0.047933709377695644,0.04636574447153208,0.031331124098974095,0.026276204875939402,0.010226014624410206,0.09692147019827718,0.18500563896025324,0.20629627600067513,0.19607026137626482,-0.01791783314432696,0.01947488851260243,0.04754202529730728,0.056841986336243655,0.07475981948057062
2,B_G,A_G,43,0.6561529230014039,3.2134781087551856,True,True,-0.01933485329491269,-0.046995956596255106,-0.008803872317953099,-0.0050110976384205586,0.014323755656492132,-0.2544142254181666,-0.13012276245942578,-0.03654472588726876,-0.02463440384502069,0.22977982157314591,0.023425236532873844,0.29437346163784917,0.5114368826369317,0.5041110010156142,0.4806857644827405,-0.00020723117042222017,0.006363430016096461,0.021085338829088474,0.02759968859344719,0.027806919763869398,0.006463176403300419,0.06639107092545976,0.151064082697684,0.17962569771657205,0.17316252131327164
2,B_G,A_G,44,0.5174248491830391,3.0914577372646668,True,True,-3.1528906467105655e-05,0.022060020966632843,0.012634042880539598,0.006874680617524942,0.006906209523992013,-0.02579769566471239,-0.23147594558717138,-0.23917454988443154,-0.21073048453027832,-0.18493278886556597,-0.0005713826258947688,0.021590791538487253,0.010210686794557056,0.006064382172854876,0.0066357647987497215,-0.09518357408665454,-0.473021834437047,-0.13373782091731234,-0.08218373926123357,0.012999834825420886,0.00011042868207800094,-0.002939694360700962,0.0026644498492005564,0.0048759706778022105,0.0047655419957242096
2,B_G,A_G,45,0.5418751264289656,4.533768995970284,True,True,0.03728174760037801,0.21746982386507546,0.09858950938894762,0.0546520766634353,0.017370329063057355,-0.006432354035378229,0.048492860256493575,0.05088875802918469,0.037252513130396014,0.043684867165774244,-0.25497362457279293,-0.18885402934393491,-0.044279015381268994,-0.02302062788276682,0.23195299669002611,-0.0032770441144030493,-0.03651400824642165,-0.03728263997373926,-0.021910134278407267,-0.018633090164004162,-0.24343958073796135,-0.025673461025792932,0.04728998662739836,0.056897133937109934,0.3003367146750713
2,B_G,A_G,46,0.2750102571099341,4.920568396040575,True,True,0.0038356162104474546,0.053361055365488186,0.08011475396654888,0.055446176214665965,0.051610560004218486,-0.026502639422094854,0.07946120015792457,0.1020859226558467,0.09056765096459485,0.1170702903866897,-0.2282214548437056,-0.1866773144607119,-0.03135387884155594,-0.014729388261239817,0.2134920665824659,0.0025172741649842206,0.01964343420932435,0.019190748370643718,0.01085540580258093,0.008338131637596669,-0.3229218832393626,-0.042817143775460864,0.16363088267270331,0.2236697288178402,0.5465916120572027
2,B_G,A_G,47,0.19830295367837913,4.856910013974093,True,True,-0.006654841464498219,-0.007470626284758197,0.007387786760455817,0.004151521165236094,0.010806362629734223,-0.2522197085519454,-0.06323899468402372,-0.023477319739910074,-0.016798542881094836,0.23542116567085059,-0.0157590321352664,0.001467099600396815,0.01691984991638118,0.009428526303472573,0.02518755843873899,0.012026426358709964,0.12205896105919078,0.023747321240725983,0.012019365857353637,-7.060501356348503e-06,-0.0442543632248702,0.027342622237124026,0.10120806929337012,0.11975910919998978,0.16401347242485997
2,B_G,A_G,48,0.5504273049177758,3.252756594044196,True,True,-0.0013840233675695562,-0.0022649155628147177,0.00011887894038487001,-0.000439712328323294,0.0009443110392461929,-0.0079196280056061,0.0017064537167930105,0.03753409155196896,0.05246684537952079,0.06038647338512687,0.00251693146280612,0.010488091779653042,0.01119728708229184,0.007288437442912077,0.004771505980106006,0.003350648393287664,0.038831238572712645,0.11308917190848833,0.12630328342699537,0.12295263503370768,-0.006712822590865501,-0.003003619527174442,0.016044630471134108,0.02339161763493222,0.03010444022579771
2,B_G,A_G,49,0.8765920739683591,3.74298203216029,True,False,0.009014555517930463,0.032152254671625746,0.005545698103312624,0.0021806054553945575,-0.006833950062535954,-0.18360398960078023,-0.14350517289461018,-0.020345749415336956,-0.009335394334489044,0.17426859526629124,-0.10520082121055904,-0.23793075535748914,-0.06528399843907651,-0.03367524279110079,0.07152557841945828,-0.004063291647001886,-0.06146437842441521,-0.006189034000380067,0.01644766729766467,0.02051095894466659,-0.002933676418858777,0.09961090683828777,0.1301317602581885,0.13751990646419898,0.14045358288305776
2,B_G,A_G,50,0.1374792890097789,4.607412450329917,True,True,-0.0021823299438409813,-0.006947067090456116,-5.022593813941434e-05,0.0001071381321356979,0.0022894680759766306,-0.008121563202741877,0.058142764069082475,0.12555815583558294,0.1347567296286144,0.14287829283135633,-0.0009065102230267977,-0.0032307208644748453,-0.0009326257705803975,8.212374176619353e-05,0.0009886339647929843,0.010180607843324675,0.10500326789141784,0.18769600825700383,0.19203044926608737,0.18184984142276273,-0.03270193690944834,0.013748228632351367,0.04049692393301718,0.048607002379114084,0.08130893928856242
2,B_G,A_G,51,0.2892569150664044,3.6264573744967237,True,True,-0.006119290480237592,-0.024764825385959144,-0.008493614418596085,-0.004584621649761367,0.0015346688304762601,0.03607234075562162,0.31027873472405604,0.35051982785717856,0.33757425457632056,0.30150191382069896,0.011605805587546633,0.09451960237479379,0.06866635697371326,0.04130731272711463,0.029701507139567984,0.023635468353144076,0.23957509522411136,0.31693392191331027,0.2894059516446882,0.26577048329154407,-0.14196992497219074,-0.04790546274190233,-0.00400129614635536,0.0074450985262953795,0.14941502349848612
2,B_G,A_G,52,0.9315848716842531,4.0704306410543065,True,True,-0.0007976269617162163,-0.001966386566799261,-0.0052195903812413125,-0.002964471813149294,-0.0021668448514331473,-0.10101393763662159,-0.033188996035863894,0.01656314450128238,0.015632542963119445,0.11664648059974103,-0.017183502558707653,0.11262343222634519,0.1897470459686471,0.1614151806364329,0.1785986831951405,-0.0074606517196313255,-0.0632758155856421,-0.015593558843016053,-0.006920850615453,0.0005398011041783946,-0.0658988588505654,0.046437513361494626,0.2021345121931678,0.24837177027810836,0.31427062912867376
2,B_G,A_G,53,0.5624439697038162,3.730603908973377,True,True,-0.006796534736668192,-0.02420392400174387,-0.007098116599008164,-0.00445026040860641,0.0023462743280617815,0.015884218905667213,0.14998815060531012,0.23008382672875044,0.2370961053453658,0.22121188643969864,0.010854032174726386,0.08848462996106604,0.07556155595823677,0.04828463454581544,0.03743060237108908,0.01274696823781657,0.13155783437242757,0.22609933739096855,0.23528186692796826,0.22253489869015164,-0.028425376858568274,0.012009949772898487,0.04311664276823246,0.05317479863289487,0.08160017549146314
2,B_G,A_G,54,0.1542431625331666,4.841552333002793,True,True,-0.003261727893363889,-0.006632656028117134,-0.00057699458742555,-0.0008931891397155889,0.002368538753648397,0.006377367945085064,0.05777196026116213,0.09670513560080463,0.10233588979790498,0.09595852185281989,0.0053045209879085745,0.04016971048748408,0.032471768458678385,0.02118959441636603,0.015885073428457464,0.00734006609058125,0.07308801666627945,0.1550988671892093,0.1784307914734823,0.17109072538290104,-0.0685437739859101,-0.031055294016204105,-0.004742161871509831,0.00450892565565586,0.07305269964156597
2,B_G,A_G,55,0.40272249581954467,3.652058098622444,False,False,-0.0193403648454141,-0.011280083430410315,-0.000365018904384784,-0.0003216868408493223,0.019018678004564804,-0.2046406213350095,-0.1057932017335037,-0.02147050293817787,-0.01104288690750388,0.1935977344275056,0.050959475709534886,0.29331616644507263,0.5126895904788416,0.5084560622841208,0.4574965865745859,0.0019846966727896168,0.008102550198377023,0.015586256611834881,0.0163690936184665,0.014384396945676947,-0.016308256415114537,0.036060536618144845,0.12706097965487168,0.15151238436121356,0.16782064077632808
2,B_G,A_G,56,0.25271762131064746,4.5373210668373725,False,True,0.01867365789470033,0.14880464367181467,0.08990310125328171,0.05304877267735497,0.03437511478265465,-0.5926936058739577,-0.19116709780484942,-0.07193562461745973,-0.051156444824147385,0.5415371610498103,-0.16370680685149544,-0.14470167193152594,-0.026240337563898763,-0.011913139427068398,0.15179366742442701,-0.005380750417864101,-0.061208655273484625,-0.016552007650773914,-0.007911663910791344,-0.0025309134929272226,0.09291741413824761,0.15056010208655346,0.1532702543090636,0.1440483900875178,0.051130975949270185
2,B_G,A_G,57,0.8995481401250788,3.8914092969298792,True,True,0.008096301728494099,0.04427665771719147,0.014692586298650778,0.007203970933692183,-0.0008923307948018877,0.046925276014648507,0.28238365023846385,0.24992688027783772,0.23638332690080843,0.18945805088615997,0.009094043185082903,0.05221339516711515,0.02621484572570032,0.015314157785655813,0.0062201146005729235,0.004466269469352836,0.04874921926657533,0.17353070744269794,0.18401511930182346,0.17954884983247066,-0.36257101433365513,-0.15908961439377667,-0.0717398388182715,-0.05701738568237624,0.3055536286512789
2,B_G,A_G,58,0.6349255846168943,3.3362067163836957,True,True,-7.67230111987302e-05,0.010417932769684224,0.0028240860958151925,0.0014925901491112947,0.0015693131603100596,0.01289437247832688,0.18337577944927114,0.1915514322962133,0.18600082237280402,0.1731064498944771,0.0037283844440687552,0.011941914389982489,0.004705487280514342,0.001760143594021879,-0.001968240850046876,0.004632269548823176,0.029183089499061787,0.13197007067907685,0.12737507438674522,0.1227428048379221,-0.060343692073574706,-0.014504103996218265,-0.0021329640792494553,-0.0009714841373280603,0.059372207936246646
2,B_G,A_G,59,0.10975691422901224,4.459917527942493,True,True,0.019131157116934618,0.09484956561478858,0.031004168725596415,0.01659371037585622,-0.002537446741078364,-0.016483030399294482,0.035836734300675355,0.08584659678310713,0.08186853735979627,0.09835156775909071,-0.062358959629703774,-0.19723948725281154,-0.05089692414618752,-0.02586225160797495,0.036496708021728774,-0.07026689536201897,-0.29948172320497024,-0.012651470677750187,0.008737660634595135,0.07900455599661416,-0.058921040487992404,0.07873498951818048,0.15305823517415507,0.16527927382803154,0.22420031431602394
2,B_G,A_G,60,0.6011736628303354,3.0216020389194234,True,True,-0.006293999550490377,-0.023382467610233437,-0.004828223831086831,-0.002396845643786727,0.003897153906703643,0.007185256339697049,0.07054842023606545,0.1190102453924834,0.1263701601693809,0.11918490382968389,0.008450635434808711,0.08037793805848992,0.08638317852160426,0.061788666827358174,0.053338031392549445,0.01039344863304464,0.09860413809765989,0.17018147018767282,0.18022902842569044,0.16983557979264585,-0.07101016534092634,-0.04569313936297889,-0.01923601914770451,-0.010602464383218685,0.060407700957707644
2,B_G,A_G,61,0.6937049464922527,5.074147984102709,True,True,0.005588667908010887,0.04106069732912149,0.01422024927530452,0.008245374237363046,0.002656706329352221,-0.023197918955400403,-0.09255474565246219,-0.048193583049097044,-0.03034118404616859,-0.007143265090768236,-0.009559744021240865,-0.06569973869107609,-0.031181701961778163,-0.016589307991313418,-0.007029563970072594,-0.015539245597943382,-0.14437779579233473,-0.03619861107779043,0.0019242165788985188,0.017463462176841915,-0.006997694955022671,0.01072564025244549,0.032098253753003236,0.040736486379052916,0.04773418133407559
2,B_G,A_G,62,0.5323140394055713,3.4754976398056283,True,True,-0.005910418040200559,-0.01937191569792207,-0.006274946921524194,-0.0037635428671887183,0.0021468751730118196,0.02637256213356283,0.058066481712700846,-0.05483913981435262,-0.05095899877444843,-0.0773315609080113,0.009553180317797824,0.11085162968285273,0.0838299054379592,0.050515861541871265,0.04096268122407343,-0.15754479305770114,-0.32128530321464954,-0.05527166478666712,-0.04331526224117399,0.1142295308165272,-0.0015345239295742642,0.054053008230267346,0.1273305826516437,0.13701559220196757,0.13855011613154186
2,B_G,A_G,63,0.770337098862442,5.205064367752627,True,True,0.0022195912055198302,0.008353321488247634,0.0019383671962631688,0.0008108157760898793,-0.0014087754294299648,0.03577101246022861,0.29642347232723587,0.2947590672225372,0.276706260814084,0.24093524835385538,0.014585048477959321,0.09696805765892774,0.055354016750345125,0.03170839986823337,0.0171233513902741,0.011621444356174335,0.1168083486764217,0.20158468372443983,0.19994759029562525,0.18832614593945085,-0.24346420014263592,-0.027593907218772418,0.019598634124164738,0.03061293711033297,0.2740771372529689
2,B_G,A_G,64,0.45003078420891884,3.874672451900274,True,True,-0.0038972731473334785,-0.024525551257621236,-0.008018887684594578,-0.00352709016635544,0.00037018298097812874,0.01016550633749732,0.09063301114445005,0.0774180695812664,0.06792046355638037,0.05775495721888302,0.014955242110117093,0.11044985271266144,0.08673484885094118,0.05582282289690166,0.04086758078678465,0.009643004248496817,0.08797520042906154,0.16582080181037318,0.17633891456580675,0.1666959103173099,-0.038965392283974803,0.004612492525326917,0.03179855351749694,0.04044269242766119,0.07940808471163599
2,B_G,A_G,65,0.4361591584118,4.024609588763787,True,True,0.0011234641649906993,0.001329721069576295,-0.0006754293817560209,-0.00016537040746367193,-0.0012888345724544337,-0.029726159566450062,-0.005013755768142669,0.043245504681459934,0.056944891821581134,0.0866710513880311,0.013004553978289812,0.09156372627372733,0.04646280627662258,0.025460025698070377,0.012455471719780564,-0.00163554131417349,0.0005252738433026982,0.1380036548109823,0.14970138190332494,0.15133692321749836,-0.19072975471181342,-0.051717843235507654,-0.007591935906241298,0.0014249250089924947,0.1921546797208059
2,B_G,A_G,66,0.24865492861748828,3.4846961859577195,True,True,0.0002609082825050027,0.00248209546727296,0.0015313160366168255,0.0006620222181261681,0.0004011139356211446,-0.012602152128284257,-0.04560373273253143,0.030812132233718148,0.04913304147991404,0.061735193608198236,-0.003798982388401255,-0.02987421178670735,-0.014318555214959394,-0.008860279132436921,-0.005061296744035659,-0.009959409405447497,-0.09389288334951129,0.026923788481734157,0.05597917620823356,0.06593858561368104,-0.012992645774134282,0.0008162323665840132,0.0036674890080292677,0.002580006163119819,0.0155726519372541
2,B_G,A_G,67,0.20452361615002568,4.194460178759111,True,True,-0.015243592029326652,-0.022365321834147633,-0.00276855173005619,-0.0016553757287048887,0.013588216300621792,-0.14126939465079535,-0.08120388148892566,-0.013688878268324878,-0.006548344363106806,0.13472105028768855,0.0331785470951297,0.264282908082451,0.396205350413563,0.36082716741867926,0.3276486203235496,0.0034394419913576293,0.029076380422816683,0.046626260366284145,0.038905114733376545,0.03546567274201884,-0.22061254757598356,-0.06779095556220127,0.0517443395866074,0.08641358912835251,0.30702613670433604
2,B_G,A_G,68,0.335690649370167,3.62454978928372,True,True,-0.004184890600841262,-0.02313211153687944,-0.006546559514750916,-0.0031347960955736554,0.001050094505267607,0.01235768213443128,0.12090542140106675,0.19790622605507868,0.20894671291976297,0.19658903078533174,0.008749203487607413,0.07308608408638223,0.06342729598194607,0.0416666018583175,0.03291739837071006,0.015702060349815777,0.1533174669615443,0.2615877023316876,0.27213240907841285,0.25643034872859705,-0.017664148318348505,0.03069996187330626,0.06082044870727765,0.07053790484490907,0.08820205316325758
2,B_G,A_G,69,0.3267558761325997,3.4777587308321403,True,True,9.075663817197793e-05,-0.003199085280135794,-0.0029779124353495057,-0.0012784440990474266,-0.001369200737219467,0.01151037655136835,0.11131121174353248,0.16231285461714462,0.1614451072547558,0.14993473070338748,0.005181193608981463,0.03924856767196866,0.023230761840149272,0.013112553520302717,0.007931359911321323,0.0009386654510228631,0.02300073711674716,0.10238712904335845,0.1174952281292142,0.11655656267819137,-0.07666366478768172,-0.04089965594653666,-0.014981520371927126,-0.007440338894351695,0.06922332589333002
2,B_G,A_G,70,0.2105331775140109,4.885524311257349,True,True,0.004787206892972781,0.015188999079379872,0.003880875472700329,0.0022944695056781317,-0.002492737387294608,-0.017268680803489537,-0.14153504505794856,-0.11590989034371568,-0.10146848197700375,-0.08419980117351422,-0.012572019468907104,-0.07056049263461606,-0.03372681288855628,-0.01810444222954044,-0.005532422760633371,-0.10001360786018822,-0.3810985799341801,-0.06356327379138271,-0.005416868042097178,0.09459673981809102,0.0035149345601333537,0.030786918827103826,0.04652083450197647,0.05260260977840853,0.04908767521827517
2,B_G,A_G,71,0.5844493676638661,3.5859276267266225,True,True,0.0007196401899991559,-0.01293343892388843,-0.006569889675653751,-0.003097982698894497,-0.003817622888893646,-0.033831580520842966,-0.09914848368751056,-0.03966536512905572,-0.02534505173974555,0.008486528781097347,-0.007891135633922984,0.00222906746655982,0.015062906343892513,0.011413312435130551,0.019304448069053515,-0.04262672241343062,-0.2594112689520225,0.0026267093124816565,0.027047930209255666,0.06967465262268624,-0.11829020377944446,0.019212010400329882,0.05708750809510221,0.06446809471034914,0.18275829848979358
2,B_G,A_G,72,0.8313935694206223,5.303671924698509,True,False,-0.0016583619085009105,-0.00695180240386728,-0.002584216976135534,-0.0018541384148175188,-0.00019577650631663612,0.008760149793370035,0.0931307938691047,0.14457026583754629,0.14995082124520265,0.14119067145183262,0.007153942317088706,0.05197551669117623,0.03809774150606482,0.022787406314706327,0.01563346399761767,0.009581671775569005,0.09506317500343964,0.18581968287949957,0.20068801005223513,0.19110633827666612,-0.012169470679249117,0.023863859635668394,0.052864546733288775,0.062481614545593867,0.07465108522484298
2,B_G,A_G,73,0.8225547054496344,4.346626817146817,True,True,-0.008243693428145453,-0.028003708115774184,0.002883400060948227,0.00147162274414403,0.00971531617228949,-0.026456006078479755,-0.0010408081026356264,0.009192842438496052,0.005782173077101049,0.032238179155580804,-0.045058621192821946,0.028037167631817073,0.05346141125601911,0.03806135819315515,0.08311997938597704,-0.0027580199065156755,-0.019429413659865058,-0.010966368807413973,-0.004919619786175278,-0.0021615998796595814,-0.08771097518329773,0.05790082941339669,0.0923688021954342,0.08858800694343905,0.17629898212673678
2,B_G,A_G,74,0.6279922789609642,4.923797590132232,True,True,0.007257825762549033,0.06773445875922651,0.02560397134621961,0.01393403177638075,0.006676206013831787,-0.388595429392466,-0.037567715426567005,0.000500030643591276,0.002959212417486534,0.3915546418099525,-0.05779335189816637,-0.06319392780856464,-0.0026366115250151534,0.000643059056750106,0.05843641095491647,-0.011356197003287397,-0.11139518063890819,-0.026668692983001674,-0.01339651900748362,-0.0020403220041962378,-0.03472839040513748,0.10684481011461111,0.1967740078763931,0.21058712724645634,0.24531551765159382
2,B_G,A_G,75,0.043676531427501164,4.088995493230703,True,True,-0.003644206368478238,-0.018202774543148337,-0.005954818873936341,-0.003173184769510451,0.0004710215989678357,0.01691013691187452,0.1657864202797368,0.2298764252556469,0.22939057484412484,0.21248043793225035,0.007337522359609182,0.055837841600960836,0.03669719181927744,0.022071581248558125,0.014734058888948964,0.012322089549215251,0.12186632634493211,0.20729031723870517,0.2073397587414474,0.19501766919223207,0.0019800364923165947,0.04415939331179852,0.06251295708942273,0.06245606279935778,0.060476026307041186
2,B_G,A_G,76,0.2985703971508442,3.542939208980447,True,True,0.0004891233152381214,0.0038763725796937543,0.0005906341937776949,0.0010779759248991105,0.0005888526096609059,0.0010308625349990247,0.03376995864758314,0.07978450938615311,0.08887261035133098,0.08784174781633192,0.003572040288017511,0.025520286891476063,0.015175304968985337,0.007749156990848327,0.00417711670283083,0.005660911072592541,0.06095197741499925,0.14199983051131737,0.15226905144037717,0.1466081403677847,0.004065387279093224,0.029464164423944506,0.052206835667253815,0.05920159978253359,0.05513621250344036
2,B_G,A_G,77,0.6674015413068662,5.292162870546389,True,True,-0.017925761148714435,-0.11204517443209816,-0.06702099463981437,-0.03921312970546864,-0.02128736855675417,-0.04964368259445484,-0.02256632209412368,-0.0024338112235645637,-0.000752797923291193,0.04889088467116365,0.06023746740424868,0.10185445944418159,0.08965833533258294,0.06244702859042972,0.0022095611861810416,0.0008312629102558908,0.009362345705416941,0.0106097812713849,0.006231138428765881,0.005399875518509956,-0.6540088508342573,-0.32055851365751464,-0.07662095794622137,-0.03142428568415634,0.622584565150101
2,B_G,A_G,78,0.2622898579912092,3.0308383561126924,True,True,-0.006801768814991518,-0.019455953707047224,-0.005071429506196656,-0.0028298565430904254,0.003971912271901079,0.01480707433416159,0.13443612663475132,0.1986801786336393,0.20207885580335755,0.18727178146919593,0.009032390467913147,0.07330422775647649,0.05733309221079452,0.035807853069426465,0.02677546260151331,0.015243499622565541,0.15072688366508913,0.24650618712932826,0.24456802663185506,0.2293245270092895,-0.042380154884994914,-0.0036844307516894492,0.024144523398344497,0.03361522394972982,0.07599537883472474
2,B_G,A_G,79,0.9136447830343707,3.6625913745513956,True,True,-0.015486905001622114,-0.08698831388185657,-0.03122364849761816,-0.016116398237160046,-0.000629493235537848,-0.08591579008050976,0.08961264142330871,0.07042910364289878,0.06507466555235042,0.15099045563286012,0.01035282946515037,0.009858606670306802,0.0011927984697878147,0.00018204268806698565,-0.010170786777083274,0.015515014267555326,0.13268661695349238,0.12184157690247288,0.07365393520869401,0.058138920941138705,-0.2509216357716977,-0.10977832946896926,-0.002195443518061335,0.026014209803927435,0.2769358455756251
2,B_G,A_G,80,0.7167218143659903,5.292128980639214,True,True,0.0023206072805371514,0.022825160205886763,0.021248986249844948,0.014334745948015426,0.012014138667478358,-0.002356620466101189,0.08412868347683533,0.0744318547358842,0.05526402970144262,0.05762065016754381,-0.2703857435003761,-0.279738188548621,-0.07137111516669004,-0.035642650730311476,0.23474309277006455,0.0012561156191133183,0.005675392743120566,0.01033491319590929,0.007929186277108702,0.006673070657995384,-0.2919563470217205,-0.039967968490286276,0.07271090896168986,0.1068524212876717,0.39880876830939227
2,B_G,A_G,81,0.8077000098364615,5.41496901275093,True,True,0.0154324388004849,0.11968447779551122,0.06099176455772126,0.03287425343571515,0.017441814635230313,-0.08995088953811062,-0.16609031485684256,-0.030865120505820687,-0.009802223838092705,0.08014866570001788,-0.040384399006040114,-0.15255682590545083,-0.04998013483100183,-0.026123742324126953,0.01426065668191323,-0.012289251904536128,-0.11151818177995043,-0.009250942176489474,0.013451805026832186,0.0257410569313683,0.003528241706879931,0.05517459937863978,0.07777118480546963,0.08311017618159011,0.07958193447471018
2,B_G,A_G,82,0.004526275212450193,4.09535801015584,True,True,-0.020679291139923166,-0.1289641228226842,-0.08174002522623225,-0.04992272810954568,-0.029243436969622616,-0.04820816552400253,-0.025202283352644406,-0.004065843625278731,-0.002049123765717975,0.04615904175828456,0.028399758369238748,0.08494565048618352,0.0815339902309935,0.05645734531296609,0.028057586943727342,-0.002103735246914408,-0.010199709904421539,-0.005144651423070967,-0.0020323609337157267,7.137431319870213e-05,-0.3355200947156731,-0.00565350572512624,0.0197683625268793,0.014541811904048463,0.3500619066197216
2,B_G,A_G,83,0.7342139072214263,3.937357194905899,True,True,-0.007324056679713364,-0.023429649156232135,-0.004740976108057904,-0.002914145859440942,0.004409910820272422,-0.2847121088066026,-0.26782472018792136,-0.11511288646950502,-0.07107979468142911,0.21363231412517347,-0.0048348039620286914,-0.03733482205107247,-0.01979290439639081,-0.010974992010876261,-0.006140188048847639,8.254394312041252e-05,0.015829824859638852,0.02442376491679432,0.04029990318004073,0.04021735923692038,-0.013157086470157564,0.008685610454750026,0.01731089798686547,0.01567340898543479,0.028830495455592353
2,B_G,A_G,84,0.18934642405672297,4.21643777767385,True,False,0.005257092368831789,0.019699483726408062,0.0026074296601321656,0.00039095976332004234,-0.00486613260551183,-0.0713655620613991,-0.04734434502874707,-0.008327956066640385,-0.004127130889056696,0.0672384311723424,0.006039243440570663,0.11871195821791125,0.14771290422879158,0.11347851306149725,0.10743926962092654,-0.003205273914294572,-0.03316601724410562,-0.026666374572379192,-0.014776880005251791,-0.011571606090957198,-0.13015109221869814,0.0019830460529230987,0.02890534107509135,0.025745173151879408,0.15589626537057755
2,B_G,A_G,85,0.36215129797199996,5.106240209730318,True,True,-0.017484303240728874,-0.06093464581859076,-0.016929747047811472,-0.008068660038864084,0.00941564320186472,-0.17180249647758913,-0.23557669476445608,-0.09586693647702615,-0.06816923317457069,0.10363326330301847,-0.017554882871484934,-0.03864769278646529,-0.006487945689350294,-0.004262723063874985,0.013292159807609893,-0.0062416182488002,-0.06352644257326334,-0.02265247195688147,-0.008237008642357324,-0.001995390393557117,0.03962582749018195,0.047356332280444446,0.027009132282941106,0.018364135424302264,-0.02126169206587969
2,B_G,A_G,86,0.6515090808895697,4.668812868283341,True,True,0.019106173414132614,0.13519465471993047,0.049202895431879945,0.026594688558572943,0.0074885151444402664,-0.02966123217435928,-0.10101844080210354,0.06050775538654152,0.07214853060783066,0.10180976278219,-0.045481034894859655,-0.23517761332562004,-0.068162479325932,-0.03412289477159536,0.011358140123264304,-0.0764889208047233,-0.36676090952133356,-0.032690378766432215,-0.013589607905196921,0.06289931289952644,-0.1433598971652824,0.20652797586256355,0.2527577224121401,0.2607494782222866,0.4041093753875691
2,B_G,A_G,87,0.7273357936998608,5.1567410046734246,True,True,-0.006042975460006997,-0.027518779733575083,-0.009029235846350625,-0.004301755524040662,0.0017412199359664315,0.01590762470775457,0.1470808097325572,0.22368488630125377,0.23316764556708408,0.21726002085932955,0.010205641348852757,0.08822641366269024,0.07065476059873876,0.0443867778911986,0.03418113654234589,0.014049290895551594,0.14251478157338232,0.242722456602655,0.24835886752818448,0.23430957663263285,-0.006631799458972187,0.03817154148385704,0.06952459421512225,0.07994782902886233,0.08657962848783451
2,B_G,A_G,88,0.2696654356635434,4.719941367539254,True,True,-0.009182543769609607,-0.05328847943117504,-0.017438983249279838,-0.009353808682274534,-0.00017126491266494792,-0.10072263730344744,-0.04840173200799114,-0.02903127537694794,-0.01887132816965642,0.08185130913379102,0.023197513081757375,0.12403306749312443,0.04037922379853731,0.02166436244146608,-0.0015331506402912476,0.001602794813272912,0.025423573528357335,0.003930364346565018,0.005700813298364471,0.004098018485091504,-0.09588175453537717,-0.03585047883186532,-0.0068162431469867,-0.0035020396175909907,0.09237971491778618
2,B_G,A_G,89,0.24606185651861157,4.029345153894498,True,False,-0.0014734395512885495,-0.009461815995623013,-0.0007449165378745626,0.00010198840076891535,0.001575427952057451,-0.010193799076244354,-0.10772071149728357,-0.09669752749801597,-0.08210610935818252,-0.07191231028193823,0.00202726931760442,0.01687099948267423,0.009009585518508278,0.005271165255601007,0.003243895937996566,-0.0769542123751142,-0.28359321714287167,0.011935296782804916,0.02332106680752033,0.10027527918263457,-0.07227983097903645,-0.0015374690239123856,0.019632939389802373,0.02489692109917241,0.09717675207820886
2,B_G,A_G,90,0.36702908286664127,4.215975405834339,True,True,-0.0019100114492993786,-0.014025394110006584,-0.00404880297132193,-0.002042712621906251,-0.00013270117260688608,-0.008110246315624521,0.1070442852897791,0.15490414899750848,0.15820324367525285,0.16631348999087736,0.005468339620568051,0.022577372212930547,0.007911057204395444,0.004685769230492465,-0.0007825703900755654,0.0013013139318817854,0.009394869741444767,0.13193524446166072,0.13607346268537845,0.13477214875349675,-0.13321658185802254,0.00365367599986699,0.040173972874268604,0.04682576014865025,0.1800423420066728
2,B_G,A_G,91,0.1695961183270004,3.665060835292509,True,True,-0.0076078268819740336,-0.033867741846770216,-0.011593154970435227,-0.005691956101170792,0.0019158707808032416,0.030278961179415673,0.21940313004828574,0.23338224846811884,0.22181457686595646,0.19153561568654076,0.012317931707602849,0.1016079085820828,0.07741432489493816,0.04702111117040608,0.03470317946280321,0.018707825700733396,0.17813011365993509,0.24747753198112143,0.2342130780129532,0.21550525231221984,-0.20739021248585499,-0.13796568583005903,-0.09466010146165771,-0.08412316758929222,0.12326704489656276
2,B_G,A_G,92,0.7873504345717114,3.6340273008870705,True,True,-0.002870588296904175,-0.013869259811939982,-0.004666481065396022,-0.002161898840472243,0.0007086894564318769,0.012257955042046492,0.11590909551964179,0.17297010613269292,0.17533818751913588,0.16308023247708936,0.0068501793016638585,0.048453012223044545,0.030197235146491308,0.01632784941880161,0.009477670117137738,0.012569302260288358,0.13093688162500944,0.20085460627968377,0.19177504332776696,0.17920574106747866,-0.03300091995899734,-0.0111041573798355,-0.001839707734619167,-0.0008236420073363115,0.03217727795166103
2,B_G,A_G,93,0.0032595968446341717,3.241231400843915,True,True,0.0008700262175272283,0.01609506655682874,0.015559808808048192,0.010020315560776982,0.009150289343249796,-0.682731147904736,-0.23396995760236627,-0.09651797817060004,-0.07371977312625555,0.6090113747784806,0.019329589392616857,0.22866830725177098,0.3865589289347322,0.36641707163281534,0.3470874822401985,-0.028308394805027268,-0.20543374259131575,-0.009646812609978128,-0.0038866820923221246,0.024421712712705212,0.2885817913015066,0.33372092762814565,0.3746445841127484,0.3807938995158097,0.09221210821430315
2,B_G,A_G,94,0.28802390027442193,4.223049734080431,True,True,-0.008596994847467204,-0.03009010358910158,-0.01013266262746293,-0.005597378872123637,0.0029996159753435947,0.021442192494499634,0.19575151025860188,0.2854338969747298,0.2900431836321199,0.2686009911376203,0.0135182164151256,0.12245019382448996,0.11513485073577279,0.07814040412029766,0.06462218770517203,0.019106358835104354,0.1833068157498946,0.31821572052788993,0.3388003810960414,0.319694022260937,-0.12092056429165665,0.024361484917511167,0.06283243109323056,0.0734994417727769,0.19442000606443355
2,B_G,A_G,95,0.6457671030075458,4.106465793754582,True,True,-0.15119645080121205,-0.1956227811662099,-0.04176704211766069,-0.021021956772315886,0.13017449402889614,-0.5651774347654016,-0.20907343776817344,-0.08745703818705286,-0.06526538410702831,0.4999120506583733,0.030754400238031273,0.30106919219094375,0.4042398757466025,0.3457328961714743,0.31497849593344296,0.01198080907021496,0.13072617606188125,0.17313233941803174,0.15060154387397828,0.13862073480376336,-0.10915700494169209,0.04026565755023592,0.1144229956863787,0.12117908423896762,0.23033608918065968
2,B_G,A_G,96,0.8272945170185566,5.3466752944079925,True,True,0.0059551394872607855,0.03843466015522906,0.01428105644807598,0.00871981685241241,0.0027646773651516243,-0.009916678484973594,0.0031472181106688146,0.05658189410604353,0.0709337127801346,0.08085039126510829,0.0023554007268073995,0.023143934350958018,0.008813675434783619,0.005186204063630795,0.0028308033368233954,-0.020703822439410484,-0.13381951055622343,0.10231923543463395,0.12159688423997728,0.14230070667938777,-0.08470400341245593,-0.010931662794758545,0.013509332341366864,0.02062425190114936,0.10532825531360529
2,B_G,A_G,97,0.7815018914669951,3.30380880609962,True,True,0.0061316377180140325,0.04020802308423227,0.01602327658323588,0.009403002304690045,0.0032713645866760954,-0.024701542804712123,-0.2383321969888509,-0.13539772815987777,-0.10609061345956139,-0.08138907065484935,-0.043936947944901134,-0.24809858231608983,-0.08206532507900988,-0.043603739628603644,0.00033320831629746195,-0.07167218750739784,-0.48275959641347455,-0.18724182290941327,-0.13750999996840885,-0.06583781246101106,0.06839810647819788,0.1343408837432029,0.1627082013151051,0.16920479698183633,0.10080669050363843
2,B_G,A_G,98,0.5678004357490732,4.851524035406847,True,False,0.004724651355897148,0.010525673565896732,0.002488424014015278,0.0008468319013940073,-0.003877819454503051,-0.1006233382963746,0.02832203223361951,0.03932055005216295,0.030352458395479842,0.13097579669185444,-0.14056504122783622,-0.1643922448401115,-0.0328061445616461,-0.016494473483281924,0.12407056774455427,0.001017476133325361,0.015098321800355863,0.02073223263866364,0.010816920098997374,0.009799443965672006,-0.29580531641016444,-0.11756924442081523,0.049097907275009844,0.10085699485351218,0.3966623112636766
2,B_G,A_G,99,0.8748307469367865,5.297314273125498,True,True,0.003582848269361248,0.016297355771588362,0.004566916538888188,0.002347311065903468,-0.001235537203457815,-0.014011587830840465,-0.08409675749816964,-0.019733474083909575,-0.0025350289198705633,0.01147655891096988,-0.003700359186635707,-0.02706233943327291,-0.012202041470067537,-0.006714648321769823,-0.0030142891351341294,-0.05446797708664844,-0.3013643689361808,0.0036447902373623053,0.03363914300823223,0.08810712009488064,-0.022411448126190114,-0.0046192996893991145,0.0017937503266838295,0.0017468763897990902,0.024158324515989205
2,B_G,A_G,100,0.6076351306143832,4.523287255090561,True,True,-0.0015522993208820848,-0.006051952689164697,-0.0031453214590180245,-0.0008691529144783106,0.0006831464064038784,0.007665824315580695,0.07376679514159223,0.1210879558674417,0.12954956410501373,0.12188373978943301,0.005720485713049096,0.05850800741828738,0.06903235913477879,0.048396724108110134,0.04267623839506096,0.005425505655801924,0.05886417782394465,0.12816269682483572,0.14244951617046353,0.13702401051466162,-0.0028000744679735016,0.008053843070152104,0.03185255053974079,0.0412389835550586,0.04403905802303211
2,B_G,A_G,101,0.9191670025495056,3.397560175626089,True,True,-0.07824772162662466,-0.08794620067768355,-0.015344881261549426,-0.007496571550891562,0.07075115007573307,-0.15522995613278656,-0.09429017433430775,-0.018658378383089036,-0.008606446672438817,0.14662350946034775,0.04367128983221685,0.3364228278990433,0.4691773286335572,0.42262678899281225,0.37895549916059545,0.009060773281168721,0.10536953959144674,0.15663850535911483,0.14119870904715548,0.13213793576598676,-0.229599542713261,-0.06369962331665996,0.018590415065456,0.04922034963314015,0.27881989234640114
2,B_G,A_G,102,0.6223166964948174,5.014338480583915,True,True,-0.007260380015836176,-0.0024781452585944663,0.010616352099472537,0.005882397110303028,0.013142777126139205,-0.10909608499679783,-0.17872840891819913,-0.05381964999329947,-0.030798882219018497,0.0782972027777793,-0.017723640298399186,-0.009357260085713026,0.015579889859413387,0.011461102578803284,0.02918474287720252,-0.0019911493917932344,-0.01693431470225415,0.015296231317108666,0.021659233205955974,0.02365038259774921,-0.17920120491994107,-0.007312772872820283,0.03188129695155151,0.03902342182863905,0.21822462674858012
2,B_G,A_G,103,0.11911392860002423,5.266687480860586,True,True,0.01941222969153193,0.18202070445690693,0.14073594537484702,0.08621598346265169,0.0668037537711198,-0.49316792832910095,-0.032835250649207115,0.06540655953332786,0.06789553147747229,0.5610634598065732,-0.3359076342507705,-0.32836340007728865,-0.07789081492691063,-0.04003471929879732,0.2958729149519732,0.003639150921426894,0.03800451223716106,0.010330338074528989,0.004024135637148096,0.00038498471572123716,0.08576104022575776,0.20827283377054562,0.2790266398865595,0.29040944213868736,0.2046484019129296
2,B_G,A_G,104,0.8925333213802822,5.281683757372013,True,True,0.012094144549582651,0.051692018485039626,0.0196782720230968,0.010837125782606871,-0.0012570187669758148,-0.008411089197181365,0.004732691003818679,0.007612448860141119,0.004681861159562706,0.01309295035674407,-0.04761371721922958,0.033260992844731385,0.03537977177091456,0.023322954236166482,0.07093667145539606,-0.0026846041651799255,-0.0438587709188733,-0.03718129716716867,-0.02110378312304051,-0.018419178957860605,-0.3206074141771312,-0.04290806779933354,0.03007445573195988,0.03647973444734187,0.3570871486244731
2,B_G,A_G,105,0.7653362107263902,4.721099359523348,True,True,-0.004516691279796467,-0.009767938806770071,-0.0007205203742514099,0.0005995690402552656,0.0051162603200517465,-0.017967117596064022,-0.010869605723815956,0.04229025610777948,0.062236931487590685,0.08020404908365475,-0.013142469990358292,-0.07549940012237666,-0.03347430221762593,-0.017784039400267515,-0.00464156940990923,0.006781464227354508,0.06791542817534152,0.12807371872861917,0.14228540746131946,0.13550394323396486,0.005813094573404057,0.04066938688032158,0.07512241301204384,0.08548291742863288,0.07966982285522883
2,B_G,A_G,106,0.3531033962773503,3.3429670237292974,False,False,-0.0004780743378803576,0.007297061928625337,0.0024492073579074347,0.0016180130226770562,0.0020960873605574415,-0.15704468930598448,-0.11609405092539038,-0.02142108465530257,0.003759428509239937,0.1608041178152244,-0.009571191187517411,-0.05139584938390668,-0.02433205361009294,-0.012797347840704187,-0.003226156653186818,0.005144503524607144,0.057970071016620384,0.09417427716337923,0.11668626835998441,0.11154176483537726,-0.008463907226954087,0.04799087057429474,0.07399120994819225,0.08229998050644777,0.09076388773340185
2,B_G,A_G,107,0.3721836659972265,4.849039564746591,True,True,-0.0005382102319816742,0.021501595746003077,0.014928219126627673,0.008367624742328439,0.008905834974310078,-0.13444129751017136,-0.13987949695120316,-0.037390763003790295,-0.023080664463416056,0.11136063304675525,-0.03475380775275944,-0.01083006861633734,0.04173313893955377,0.028936234060121246,0.06369004181288074,0.018972197959400236,0.13400551844579278,0.016097759898251462,0.012324385438942431,-0.006647812520457763,-0.1250405278754962,0.05336619920881369,0.15987293864076163,0.17850690506126615,0.30354743293676234
2,B_G,A_G,108,0.04165790294291272,3.8996591270532157,False,True,-0.010413161348197891,-0.03456983326315244,-0.007730550127945324,-0.0028153916547837277,0.007597769693414191,-0.20371292169593438,-0.13344404184909386,-0.040869678384500285,-0.022340102842540843,0.1813728188533935,0.021702487197958004,0.16959592423940228,0.0876907078794682,0.04812640357974318,0.026423916381785095,0.01156616088668308,0.11657304721243639,0.11006055382763846,0.10656014124452007,0.09499398035783702,-0.13577169293953092,-0.005996008614624571,0.051907930681793946,0.06131454287697091,0.19708623581650184
2,B_G,A_G,109,0.7264596299368129,5.337885540385253,True,True,0.000982532670164779,-0.002353046209362164,-0.0015964343088595845,-0.001360535409258068,-0.002343068079422861,0.010628957979360247,0.08561826430689956,0.07841372526485468,0.06944846504141677,0.05881950706205652,0.00021412402548173087,0.0032029617860098725,0.001020754001475388,-0.00034339309058528666,-0.0005575171160669967,-0.3125188261725257,-0.35034160078895704,-0.020307555247608855,-0.003507836107395468,0.3090109900651302,-0.02843805625697493,-0.006568902037664248,-0.0009034039262743043,-0.00043291943064027727,0.028005136826334653
2,B_G,A_G,110,0.6580889105761175,3.1790721393496266,True,True,-0.008023791179844489,-0.034095569739957476,-0.009093661875776315,-0.004013440450387762,0.004010350729456769,-0.11658909198803324,0.06267957500050148,0.043359555952691364,0.032085451493729544,0.1486745434817628,-0.058284493284633615,-0.12065655929010188,-0.031803493681854644,-0.016564301263025216,0.04172019202160848,-0.005515839244654791,-0.06688601721644438,-0.023041910788472064,-0.010709061144648868,-0.005193221899994049,-0.2706245714326234,-0.1542136989786751,-0.060135718953084005,-0.03383146312287144,0.23679310830975198
2,B_G,A_G,111,0.874698696226695,3.6235988282857114,True,True,-0.03933459042720777,-0.09329860938249035,-0.020143073235003972,-0.009586088588332986,0.029748501838874786,-0.22501857977831785,-0.11476887576129835,-0.026587280481287112,-0.01508504916961284,0.209933530608705,0.04028549136126927,0.33659679340183324,0.5150307453400593,0.495641279172204,0.4553557878109347,0.007087472699670715,0.08573004131639161,0.10288659046507587,0.08348393059321713,0.07639645789354643,-0.14280862353241444,0.02152393094381394,0.15461198202063164,0.19818407528157383,0.3409926988139883
2,B_G,A_G,112,0.7717536326796204,3.9187812372456277,True,True,-0.001279094658397227,-0.009564954112001867,-0.004766562512879657,-0.0024051391688877377,-0.001126044510490476,0.028689940314789837,0.2483255284787584,0.2963874878687543,0.28968116251384435,0.26099122219905446,0.007979299257668639,0.07570035429978517,0.056161096206659544,0.032832556953567016,0.024853257695898412,0.01242461632198124,0.1229141683030524,0.21668298722153667,0.2338396773140976,0.22141506099211639,-0.3299665606284621,-0.12766684991304117,-0.0806425374793811,-0.06868421853107987,0.2612823420973822
2,B_G,A_G,113,0.503404383713356,3.28764083441368,True,True,-0.005671634583331635,-0.026471009899588394,-0.007872019145345854,-0.004059167849010059,0.0016124667343215826,0.00996815082405353,0.09092523977837491,0.1465839285545299,0.15157551191264013,0.14160736108858663,0.009253349063544823,0.08562751145954156,0.08184931046091148,0.056997391604321934,0.04774404254077713,0.011355986651037576,0.1209731800294,0.21102640954174046,0.2236865655717747,0.21233057892073715,-0.03169208983428318,0.00031155809459743056,0.027159758182436877,0.03601634040831825,0.06770843024260143
2,B_G,A_G,114,0.8100125334522976,5.493879116695466,True,True,0.0032406737614021214,0.020246496014909132,0.008526925249724981,0.003686786784312779,0.0004461130229106436,-0.3758300479947251,-0.016047977015530734,0.0306395935497078,0.03249870151106449,0.4083287495057896,-0.06209806745529659,-0.19824738259479696,-0.053404719313456805,-0.027996261384284793,0.034101806071011875,0.021208518233526784,0.19557812132231733,0.12506024618893063,0.0765944286939777,0.05538591046045083,-0.25003106911929507,-0.005911521494875838,0.0890714013666678,0.10233314285303019,0.3523642119723252
2,B_G,A_G,115,0.4828050066576115,5.379595638119014,True,True,0.02723601062257791,0.19844556220710685,0.09464462291090014,0.051559029183695704,0.024323018561117737,-0.607048670977428,-0.3915878053581156,-0.13305001110179016,-0.07800846530538641,0.5290402056720416,-0.6036256980146641,-0.4520102042787717,-0.10974562140551969,-0.056627313188183925,0.5469983848264802,-0.011850931921690934,-0.12325902564182256,-0.10971801511592205,-0.06686105256010122,-0.055010120638410265,0.46779860858183175,0.5518509100880887,0.5631459568010778,0.5654964618948106,0.09769785331297887
2,B_G,A_G,116,0.03886397117200924,5.264775069547817,True,True,-0.004140479649879528,-0.01988860453516439,-0.0058048319049942565,-0.0028158871686074782,0.0013245924812720355,0.015461421939431876,0.15199348901071488,0.2545680202624143,0.2634556257484958,0.2479942038090639,0.007891754619834643,0.06586557266591175,0.04553514564428052,0.02769338494418938,0.01980163032435478,0.013461455978810766,0.12630667798465872,0.22347404871598353,0.23242582967770642,0.21896437369889565,-0.15200119104953003,-0.0062582462446083564,0.03047425270109161,0.04197349269976236,0.1939746837492924
2,B_G,A_G,117,0.5645170345729486,5.356013361860806,True,True,0.010479362406253072,0.07561174613345911,0.037620743422917324,0.0204330570087653,0.009953694602512275,-0.4371890214363775,0.019008915571910534,0.06686036370923498,0.05611896123601101,0.4933079826723885,-0.3158199430849886,-0.2985214183379321,-0.06863178366813716,-0.03403010831370379,0.28178983477128483,0.0016258804397780227,0.021946768790688798,0.030297092304098605,0.020283523558042527,0.018657643118264455,0.06488508390383341,0.19321489111291867,0.2716446775336472,0.27922770773532757,0.21434262383149416
2,B_G,A_G,118,0.38204418790016803,5.341274558292054,True,True,-0.00496865128955911,-0.01941447457259393,-0.0025239114796328233,-0.00036035801169131965,0.004608293277867825,-0.04940421796565708,-6.379120240240788e-05,0.02916431088349647,0.025306132831497963,0.07471035079715505,-0.05198815934411105,0.017555469666570844,0.056679404130715816,0.0418366628017216,0.09382482214583265,0.0012175627004843703,-0.0031925557255592096,-0.0024854927542465877,-0.002002053528697534,-0.0032196162291818764,-0.10258516992021753,0.017875002552359714,0.2279600791754593,0.28530529012017836,0.38789046004039585
2,B_G,A_G,119,0.8093139902218927,3.574383837630388,True,True,-0.00409699297807805,-0.012060807646183891,-0.0028114499715444774,-0.0011872461374433652,0.0029097468406347193,-0.029806580124513316,-0.012470188461198184,0.10511062110444103,0.12866408491728787,0.15847066504180118,-0.0024360473379297296,-0.01783684532156482,-0.009363334094162568,-0.003895367065101296,-0.0014593197271715042,0.008169445803334556,0.07802229459350762,0.16465373023205954,0.17695074674591238,0.16878130094257782,-0.03212743001783991,0.03866389559302641,0.06724178396048508,0.07612565283219364,0.10825308285003354
2,B_G,A_G,120,0.5809823081373636,5.399175823515324,True,True,0.023541513446019378,0.18107041532486245,0.14401032193893082,0.09385357121047289,0.0703120577644536,0.010930108191811505,0.057866102706964795,0.0898149922112943,0.0898475381910302,0.07891742999921869,-0.23597364554629785,-0.11367368861304095,-0.02115547379477367,-0.010424426507829154,0.2255492190384687,0.0012321952297928984,0.015583893206436716,0.022304326426954235,0.017145052232356295,0.015912857002563396,0.03356369766244999,0.31758377349895106,0.551060085351704,0.5999089685844722,0.5663452709220221
2,B_G,A_G,121,0.1578275713103423,3.122354440606143,True,True,-0.07294331381839664,-0.14372314051374396,-0.033891196584216465,-0.016690287879981835,0.05625302593841486,-0.3626164029046651,-0.19626902826790193,-0.0949306778776301,-0.07968683117075293,0.2829295717339122,0.02964178247183602,0.33333817867476445,0.5699446967463564,0.56061204422711,0.530970261755274,0.00536591704827389,0.04880522065862136,0.07658361724767737,0.0649942621119205,0.05962834506364656,-0.012630125169858994,-0.03655725583554252,-0.008543047190276931,0.0037243865952401034,0.01635451176509911
2,B_G,A_G,122,0.8690984732709899,4.376963231816144,True,True,-0.0016891409205388591,-0.012026019920049702,-0.004154356045675267,-0.0021935892746559604,-0.0005044483541171152,0.012915390557170437,0.12238687716385807,0.17497534873678167,0.17478040304848175,0.16186501249131124,0.005423127483537474,0.05161027961457776,0.033552719518715524,0.021157220643441055,0.015734093159903595,0.010175395324431971,0.11031703682070132,0.18131005861733362,0.18011699653941105,0.16994160121497903,-0.0367603934940236,-0.0038034287356665253,0.021480175417584624,0.0297141965969141,0.0664745900909377
2,B_G,A_G,123,0.17405326005059263,4.241271216162287,True,True,-0.004508147299656914,-0.026606860995709636,-0.007055372447481223,-0.004297758303997479,0.00021038899565950508,0.014642338566507974,0.13365279916775885,0.20186478586467255,0.20610905419265574,0.19146671562614775,0.008877698431635613,0.07656907663268836,0.06143224067107167,0.04003344192419389,0.03115574349255834,0.014065846467994698,0.14193834532461153,0.23795852150578534,0.24485384960053158,0.2307880031325369,-0.013851138537415153,0.01894383060082827,0.04653092374767365,0.055458955918906816,0.06931009445632197
2,B_G,A_G,124,0.08705071903183714,3.997418000413253,True,True,3.5687492677877186e-05,-0.0070269388323307425,-0.0031801281906403966,-0.002089708768623799,-0.002125396261301704,0.03377433384967855,0.26367752162300306,0.26264845562680283,0.24839890153019806,0.21462456768051952,0.008499199409579918,0.05720280137564737,0.02964481529350682,0.017005065371334394,0.00850586596175451,-0.0004461383346488143,0.006608674051541086,0.13562276399319828,0.14430765784220378,0.14475379617685258,-0.19330962782955463,-0.04529634521973702,-0.0005808902009788453,0.01041104286717398,0.2037206706967286
2,B_G,A_G,125,0.5011383287797039,3.2657315882294102,True,True,0.009188484378198067,0.050377206926931706,0.018552823998555956,0.008778664920314982,-0.00040981945788309826,-0.025348641170868685,0.1352891993495034,0.15118453587143588,0.15200552124127664,0.1773541624121454,-0.0010290203619127275,-0.004417697522225095,0.0015936119258888048,0.0008114990971981317,0.0018405194591109009,0.005384958057538962,0.06046138473658841,0.1490497797240471,0.16487221419518605,0.15948725613764703,-0.3118173399558126,-0.1504076670965977,-0.08062789132747084,-0.06928426836558421,0.2425330715902284
2,B_G,A_G,126,0.8618416135227681,4.806455984677413,True,True,-0.04316003413632228,-0.10842450066376769,-0.03873647409808778,-0.02095784497423514,0.02220218916208716,-0.12289585601853892,-0.059703601658596894,-0.005889676372286434,-0.0016442588269645064,0.12125159719157441,0.017029602986849912,0.1393231892730129,0.20388937212061198,0.18187965586734522,0.16485005288049526,0.000943519112763469,0.01135069728161281,0.017938260722840327,0.014886182909137902,0.013942663796374433,0.01224735974340456,0.1445183055261612,0.33982391296781805,0.39938483043430933,0.38713747069090476
2,B_G,A_G,127,0.1513002141441634,3.730521346748196,True,True,0.008161572229799643,0.05126206925169702,0.017330255183276355,0.007581278953136761,-0.0005802932766629798,-0.0006392825643404126,-0.04250629384332849,0.004771731960976577,0.015285535014127438,0.015924817578467865,-0.0320961463665596,-0.03708407878826492,0.017712722978545314,0.01196649750349943,0.04406264387005909,-0.04365439934510555,-0.23788345540848188,-0.021772359655206186,-0.014426720891357436,0.029227678453748074,0.010202762200563686,0.14523632931936115,0.31665207994704025,0.33853268817152793,0.3283299259709643
2,B_G,A_G,128,0.8851964999787038,4.33013820870595,True,True,0.005867931892609937,0.023434447567585948,0.004576594487566976,0.003019186870335644,-0.0028487450222742794,0.016767019101631933,0.13260773706735995,0.10134745977589621,0.09721624039256238,0.08044922129093046,0.009317737057349201,0.032019370360129196,0.0072596560924332865,0.0025062847534943478,-0.006811452303854826,-0.012408430104921035,-0.09298468594636167,0.09327563162600394,0.11176929210060049,0.12417772220552148,-0.31814181307734546,-0.13994855587347516,-0.05047626607554301,-0.03645547562723772,0.28168633745010774
2,B_G,A_G,129,0.7766078323147526,4.714969406424327,True,True,-0.003982842592039411,-0.028370023961362456,-0.009784212648936585,-0.004693384717919136,-0.0007105421258797318,-0.10679552149927461,-0.028060256656707305,0.017761092855995142,0.016783623171551354,0.12357914467082598,-0.03717842913883692,-0.1388646419564803,-0.04280606938168219,-0.023245589158566116,0.013932839980270728,-0.016735361730204,-0.1384411709020339,-0.024716497519048364,-0.009392856737479915,0.0073425049927240416,-0.027820765205801012,0.06469905622239602,0.08684736367820223,0.08261607419995565,0.11043683940575666
2,B_G,A_G,130,0.48126300545229683,4.7284538114465,True,True,-0.008219660986965388,-0.08029862155089434,-0.048677813948820425,-0.02613823112882019,-0.017918570141854828,-0.0781194794229707,-0.04817223752128885,-0.010719488924259446,-0.005298951296358934,0.07282052812661177,0.05244223935218828,0.13362138008533941,0.11354560508715539,0.0803805030632907,0.027938263711102418,0.0006279643552870792,0.008052811266226922,0.007192291542680529,0.004111505279393968,0.003483540924106854,-0.3106503562759598,-0.011680982155891417,0.24435402600006773,0.287529379419316,0.5981797356952758
2,B_G,A_G,131,0.07165725425269442,5.291385494657749,True,True,0.0019317844637358125,0.0013821182115442143,-0.0013150479980424956,-0.0007398933416742359,-0.002671677805410111,0.009478548955241015,0.08112463368434447,0.07287249898082615,0.06613181561759784,0.056653266662356816,0.0007646161153410727,-0.007076327284015693,-0.0042954750117376594,-0.0013699015681548632,-0.002134517683495929,-0.7511518471804427,-0.34550112913764996,-0.0290179068398444,-0.011261345309323434,0.7398905018711193,-0.06834626292264068,-0.0023918296631956215,0.01991465980268703,0.02557954838380716,0.09392581130644784
2,B_G,A_G,132,0.24922708384343917,3.164451042229518,True,True,0.009369541774504775,0.03209946447549289,0.007748598741674884,0.004559861324825332,-0.004809680449679443,-0.020666897550663726,-0.13119268759164404,-0.0814239730994556,-0.06837846333126596,-0.047711565780602205,-0.0036202622666821824,0.004026541369983649,0.011321124040385988,0.0056421963030217626,0.00926245856970398,-0.052163544772922364,-0.3128226085268636,-0.011009686545503161,0.018422693625034237,0.07058623839795664,-0.12549501067787344,-0.028199041864175878,-0.0022694081122394127,0.0037388998307480437,0.12923391050862149
2,B_G,A_G,133,0.7608638165254697,5.34013802390595,True,True,-0.012628548618681804,-0.0872348421885743,-0.056297961230692195,-0.0339261699876392,-0.02129762136895741,-0.03954520306117171,-0.017468267129631898,-0.0033583530162274444,-0.0016141811746716028,0.037931021886500105,0.021051634258369423,0.03203557921360034,0.013668370108936512,0.007928201480679742,-0.01312343277768968,-0.001150360401427325,-0.012945650811045706,-0.014222124207855846,-0.008129761083852438,-0.006979400682425196,-0.49880651647585394,-0.08319813181205149,0.15866776988733455,0.17302479934804327,0.6718313158238972
2,B_G,A_G,134,0.9129463553433433,3.61860024427253,False,True,-0.002587410953668705,-0.015582676307642873,-0.004673174180160777,-0.00353125148414013,-0.0009438405304714736,-0.0004379350176895655,0.09462312568665221,0.09968899068698422,0.10056115334643423,0.10099908836412386,0.008649702184155623,0.05614392710771099,0.024179568699393972,0.014019065159365907,0.00536936297521029,0.0021931063966796893,0.036178843184790255,0.15187667057524468,0.1562815002185446,0.1540883938218649,-0.13620781347710625,-0.05303438292843801,0.007396645847534911,0.018859496795836594,0.15506731027294285
2,B_G,A_G,135,0.2745232950981832,3.616817468587035,True,True,0.030433883772950754,0.10160842329624997,0.03552629933603313,0.018913025744747625,-0.01152085802820313,-0.031578985525486214,0.030950498380721725,0.09158605900573269,0.09204402639593123,0.12362301192141745,-0.25850482806306646,-0.11928614628186995,0.02528359992545104,0.021216228968354733,0.27972105703142114,-0.01014474117338298,-0.09212370352842392,-0.10668952425111577,-0.08398017418205694,-0.07383543300867401,-0.00012366174373887057,0.018234157033799762,0.10273474489681297,0.14000169347866628,0.14012535522240516
2,B_G,A_G,136,0.1546950834424402,3.688964494231539,True,True,-0.012075463674212354,-0.03285918278452715,-0.0033935753817313508,-0.0015270610738296053,0.0105484026003827,-0.22656613565580863,-0.1692162869727163,-0.06189755680019826,-0.043174882490567223,0.18339125316524152,0.02140147595392244,0.20117431069086694,0.18024679221084416,0.11785258523706832,0.09645110928314582,0.0026448042178860848,0.030648558214542265,0.05491376455197505,0.04613344723240875,0.0434886430145226,-0.1475877466849761,0.05283880997511897,0.13939839003773136,0.15044504260803138,0.2980327892930075
2,B_G,A_G,137,0.15431205560074013,5.126516678787322,True,True,0.010912694626779212,0.11710805460010126,0.15913402137883548,0.11590932120522413,0.10499662657844488,-0.011640780049628097,0.06073573143059696,0.11137510122475847,0.11322852321313703,0.12486930326276513,-0.34925510741345,-0.15618916913694492,-0.026304343648100748,-0.01301419890261668,0.3362409085108333,0.003797383909882407,0.03866808138422506,0.05118603222538931,0.03983808493766183,0.036040701027779454,0.0010004697910816207,0.13730171355879134,0.5144720921730337,0.6839544832934339,0.6829540135023523
2,B_G,A_G,138,0.9995687513795501,4.450170025820881,True,True,0.0016403955116535418,-0.0008805335522367175,-0.008210186463028735,-0.004271627532019262,-0.005912023043672887,-0.09735604633870465,-0.052575033951727246,-0.011512232800516164,-0.006111483462279854,0.0912445628764248,-0.047233493714964436,0.08056332846811537,0.1091596468424404,0.07308577346455647,0.1203192671795209,-0.015266526033825271,-0.1439041364136564,-0.028168683986576792,-0.01149785561097405,0.003768670422851228,-0.05501020070901852,0.03851287662678904,0.04620850390188724,0.03659024164253566,0.09160044235155418
2,B_G,A_G,139,0.13823883703241413,5.117434177335904,True,True,0.004232863692998447,0.021514587821494624,0.006012003031525048,0.0029862038511242472,-0.0012466598418742203,-0.02652654680776526,-0.19462306998045859,-0.157109686363346,-0.13303884649770537,-0.10651229968994014,-0.0033617337000549433,-0.01369785286843933,-0.00752419485411171,-0.0038942296571975454,-0.0005324959571426646,-0.06017006644715869,-0.3756800294132718,-0.0673694857335505,-0.023435665545261886,0.036734400901896835,-0.024801910483682965,-0.011011721709215938,0.0027603356234493504,0.0067942754075907,0.031596185891273665
2,B_G,A_G,140,0.1229586020824216,4.208102876319952,True,False,-4.9879762176775755e-05,0.03150355809922034,0.03556471476452061,0.022189104609980692,0.022238984372157544,-0.09076468058592613,0.01435944513177001,0.08444476646277388,0.08996635988770363,0.18073104047362976,-0.2056469627163212,-0.07233422758213581,0.12606087385942244,0.1184683972205296,0.3241153599368508,0.0005153990524441876,-0.001419138960371158,0.009848221119781453,0.014330387475632533,0.013814988423188401,0.01044084442423656,0.09682473095513654,0.2060016000338336,0.23929320980799146,0.22885236538375486
2,B_G,A_G,141,0.37606573123737574,3.6349467384632845,True,True,0.021923148481462283,0.09056051970154344,0.026393094632491176,0.013674622797919644,-0.008248525683542618,0.2448119234915678,0.16290032788532216,0.133030354199546,0.12986959430344913,-0.11494232918811864,0.023234079625835995,0.13096142440925018,0.053036170475459166,0.027899636596291688,0.004665556970455675,-0.0010059204653760992,-0.005717535071598667,0.0853017910782452,0.10537789559917887,0.10638381606455494,-0.4809914766908004,-0.2798526637439958,-0.138862295438543,-0.09480457790582142,0.386186898784979
2,B_G,A_G,142,0.8508633725527157,4.142463075456653,True,True,0.0009324776630939974,0.014082662589925521,0.005722800092842983,0.002754235026771079,0.0018217573636770679,-0.07536656903117671,-0.0038009140099138916,0.0842348675617084,0.10445161161851524,0.1798181806496919,-0.000877719095099351,-0.01181167493579427,-0.007902797346880708,-0.004817968871399736,-0.003940249776300364,0.010092471312284988,0.09584179016203087,0.19366991079105011,0.21587980607521362,0.20578733476292865,-0.15269300899538002,0.028525496386883287,0.06886767460086607,0.07926426113670787,0.2319572701320879
2,B_G,A_G,143,0.193823499188023,4.610598956450756,True,True,-0.015633533020499128,-0.06686226462865907,-0.019197681884178697,-0.01012466355905417,0.00550886946144491,-0.37452437871498684,-0.13487220594783245,-0.011788256454638102,0.010958841715605017,0.3854832204305918,-0.008018537378626983,-0.016664959967194748,-0.00316681707625599,-0.0016104184432372826,0.006408118935389728,0.005916860021486961,0.07202493474170091,0.07463250765173202,0.0568208238003336,0.05090396377884665,-0.09939827624480047,0.06792972002131692,0.10491923002410752,0.11233316703814455,0.21173144328294502
2,B_G,A_G,144,0.7160431917993973,4.465704859721139,True,True,-0.000637615944321511,-0.006123360872653083,-0.0030278629361055742,-0.001906537767039862,-0.0012689218227183163,0.0035545264683696925,0.06459531661314177,0.15385529117297703,0.17135026415336352,0.16779573768499378,0.003087092755735571,0.028376422894846598,0.017899155246662857,0.010135769997655086,0.007048677241919488,0.0026614899850607443,0.0341574869790921,0.10626691553697198,0.12992950562037575,0.12726801563531498,-0.05523433266647915,0.015715782753054075,0.04978970228617441,0.061185817630195816,0.11642015029667496
2,B_G,A_G,145,0.23736826409141065,4.156543568954829,True,True,0.005049885581723777,0.02538018631136657,0.005828163918555562,0.0026990895581765484,-0.0023507960235471526,-0.0029779812227997138,0.022909074217916325,0.0331657082229585,0.03558993388818632,0.03856791511098612,-0.00546514803214887,-0.008213026310110061,0.0020184386831916257,0.00021569518480679672,0.005680843216955722,-0.019328328793159204,-0.1285706859344915,0.04617481804038104,0.05606527953874507,0.07539360833190434,-0.10914107803110336,-0.04568210980851331,0.010808804780859105,0.021831499487972306,0.13097257751907568
2,B_G,A_G,146,0.5454826936154373,3.4768053064493762,True,True,-0.004843217913349823,-0.021926957964706784,-0.0054221671015056705,-0.0023819137307372618,0.002461304182612478,0.013977943631374036,0.13358298146559186,0.2002633202251209,0.20543331788029962,0.19145537424892556,0.008520801822642692,0.06679477586002835,0.04819204092238227,0.029473930247376656,0.020953128424733958,0.015803450679208776,0.15809641971111366,0.2547829768280687,0.2533730422902313,0.23756959161102253,-0.03343300432606844,0.004499822383600138,0.03261762721211414,0.041767387231176234,0.07520039155724467
2,B_G,A_G,147,0.3704391909004341,4.671788080985689,True,True,-0.015979490092102103,-0.05758852121156177,-0.019321207827294185,-0.010705639076673212,0.0052738510154288765,-0.07816903431605404,-0.03879717275040384,-0.007073532857530318,-0.0034680692096382693,0.07470096510641577,0.03519291839956379,0.099752143828295,0.11238011070611875,0.08800147411958936,0.052808555720025574,-0.0011295706135368774,-0.017532170485796583,-0.015792395559897754,-0.009134679355377928,-0.008005108741841016,-0.293879565460998,0.055369773795161226,0.24080160480009927,0.271279213818013,0.5651587792790109
2,B_G,A_G,148,0.6264075767192123,5.296347338439822,True,True,-0.005268216520242126,-0.02646049561444619,-0.006780537484039173,-0.00309369320761832,0.0021745233126237995,0.019086960691334056,0.17654267724467007,0.2404381538367344,0.23778740803369525,0.21870044734236116,0.010045075533140109,0.07909607306903965,0.05868692055792102,0.03605218698234902,0.026007111449208975,0.01976139442257588,0.19970365807960222,0.28333937036572554,0.2630570045136086,0.24329561009103262,-0.09260503680537235,-0.015122744109409614,0.018315880374538573,0.028468858461155877,0.12107389526652823
2,B_G,A_G,149,0.5583353086048397,5.028985876252555,True,True,0.005901428359173386,0.047943723449639264,0.019506405522022763,0.011324259805264747,0.005422831446091347,-0.08544586729696989,-0.10723237484170806,-0.03271481896697437,-0.012976713725343036,0.07246915357162687,-0.014851313211606959,-0.07037789497189711,-0.02871717578895594,-0.013878263343607866,0.0009730498679990651,-0.010342247399565081,-0.09880615485536415,-0.012261381621496925,0.025896623927595397,0.036238871327160416,-0.10942180678716584,-0.03656345138918496,-0.007149148074789502,0.0017235442650644917,0.11114535105223033
2,B_G,A_G,150,0.5569789168707553,4.875197937473638,True,True,0.010858059497441043,0.0555355661982459,0.018626357975309427,0.009956774749850683,-0.0009012847475904362,-0.002679463667308552,0.001679821915271107,0.035548927084009696,0.04379929588301601,0.046478759550324544,-0.0038413002328524307,-0.025376470416816788,-0.015649960134739516,-0.008533375890458883,-0.0046920756576064315,-0.0554966937576452,-0.22595084894113676,0.04382345671924148,0.07915282503704346,0.13464951879468856,-0.022108451337549545,0.01241168958505387,0.030720228872914424,0.036915312270339506,0.05902376360788905
2,B_G,A_G,151,0.7730271223155396,4.491819195466312,True,True,0.00024493667295102245,0.010267672065818467,0.006030142467065014,0.003518652151273227,0.0032737154783222255,-0.14723691278171036,-0.221046448134956,-0.1099485256792051,-0.08306719239161375,0.06416972039009661,-0.01637720455969311,-0.05927833544068617,-0.02258009803294092,-0.012096169910385757,0.0042810346493072915,-0.00020382053143976064,-0.017364717072311686,0.015191467164041517,0.038523676328758194,0.03872749686019794,-0.043326951672662595,-0.0029296477395787113,0.016728469973539384,0.022890678103918316,0.06621762977658091
2,B_G,A_G,152,0.4861940451458374,3.0539023035561055,True,True,0.01238302180936892,0.09244422322394441,0.03957050052780631,0.021110360749543644,0.008727338940174745,-0.027002065596856806,-0.026328984581076242,0.008467711593931004,0.019082636487688376,0.04608470208454518,-0.009879353654379287,-0.062027877478890714,-0.027417430993805336,-0.01484801019216353,-0.004968656537784222,-0.018037426419985972,-0.14884408805820193,-0.011635137549739993,0.020520766032977478,0.038558192452963436,-0.004805360792744259,0.0014897213600983256,0.02134657438182766,0.027574272681290313,0.03237963347403455
2,B_G,A_G,153,0.6176138624110845,3.7278698301789785,True,True,-0.0005628818771026833,-0.005431052883694276,-0.0030681103977009405,-0.0016863666449468129,-0.001123484767844185,-0.0008901455233357898,0.0024601938099733656,0.013011805434880452,0.018494941004357,0.019385086527692774,0.003040969006114967,0.0234569648174624,0.014003503478226986,0.0091118418814492,0.0060708728753342545,-0.011223180204575453,-0.09137487794834215,0.01170228515628191,0.04780948411606922,0.05903266432064469,-0.07621111273584558,-0.06049674989829845,-0.03992459108941804,-0.03196192605024806,0.04424918668559752
2,B_G,A_G,154,0.38640202479736596,3.635285667953678,True,True,0.008289909145482222,0.036665296955059046,0.008579850572820846,0.004154954437640024,-0.004134954707842198,0.05267269355496781,0.16383253964060746,0.04517441710016079,0.020479386197213234,-0.03219330735775461,0.006699457412614296,0.040639958256186826,0.019099653335177158,0.010468366984042854,0.0037689095714286136,-0.16231150878737693,-0.38574789419051514,-0.033757002061850616,-0.002255399916430534,0.16005610887094635,-0.16012587686697766,-0.034137465770856856,0.030130684326441837,0.04059749830010184,0.2007233751670795
2,B_G,A_G,155,0.7788256599805061,4.964377572820496,True,True,0.0011055046548176378,0.0034232961426710062,0.00020344367626057291,8.511686041312583e-05,-0.0010203877944044981,-0.16584467528572241,-0.18699763036176908,-0.036586287435121156,-0.007640223652606304,0.15820445163311603,-0.044621088571076876,-0.14702960226977208,-0.047225673586653416,-0.024943580613817407,0.01967750795725942,-0.0067637221674801545,-0.049775311377719234,-0.009145820092146373,0.023232342272588524,0.029996064440068637,0.01985824714001727,0.06617993830214985,0.08962842855059239,0.09720833437616894,0.07735008723615167
2,B_G,A_G,156,0.19851574909529812,4.609419635468128,True,True,-0.013419163395593806,-0.06023373582345992,-0.018261444353296796,-0.010115716077206072,0.00330344731838772,0.039469230770426765,0.28599255352204145,0.3396358255237321,0.3307602208136126,0.2912909900431858,0.019757577227288076,0.179933985520774,0.19679201297923077,0.1475211351905833,0.1277635579632952,0.028207555111530586,0.27832018388724605,0.3532488830484362,0.33153131292923066,0.30332375781770005,-0.07206206991936716,-0.02844689122786523,0.028284389001337257,0.04206034845102907,0.11412241837039624
2,B_G,A_G,157,0.04310143981960446,5.46391415395925,True,True,0.010579297306641623,0.05270164847273989,0.017296408414258946,0.009306558636906215,-0.0012727386697354293,0.014213281093663016,0.1001166701769125,0.1001601356248305,0.091241104586405,0.07702782349274195,0.00026832606903662987,0.001647180077478494,0.0010516627611902862,-0.0005971327969436224,-0.0008654588659803286,-0.1586840346314547,-0.3159462800324381,-0.003305741912832727,0.03572192836740273,0.19440596299885748,-0.0724841644310393,0.011017538131602223,0.03786121745267956,0.043945717775516036,0.11642988220655531
2,B_G,A_G,158,0.37116075546205507,3.307804501825972,True,True,0.0040295116358783425,0.016343081899907852,0.007684231582104739,0.004054458863198218,2.4947227319827014e-05,0.03668706926647328,0.19886306273424026,0.17973955225667487,0.16555279794415356,0.1288657286776802,0.0093093455225072,0.06450694468978813,0.03546066236084788,0.021366206699351187,0.012056861176843903,0.004684721952476545,0.05519767204090109,0.15362019904330038,0.15500359198838753,0.15031887003591093,-0.07063828127932735,-0.05641158552963853,-0.010875618548029015,0.0005672571748333854,0.07120553845416072
2,B_G,A_G,159,0.6668645718433629,3.292827805839801,True,True,-0.015380882311529905,-0.04665162731683925,-0.01268495563013916,-0.005238110377184024,0.010142771934345873,-0.20759741636451307,-0.23484148333475408,-0.07756659785472275,-0.048207782336550986,0.15938963402796213,0.010251359239313536,0.11324529789326448,0.10192854008794416,0.06258643186850299,0.05233507262918946,0.025855415464915134,0.23311200186341752,0.09839524376462438,0.08240049578299513,0.05654508031808003,-0.2560081800243395,0.009104776932590264,0.0812505908746588,0.09210913646578267,0.3481173164901222
2,B_G,A_G,160,0.34261392471984764,4.1842101348917335,True,True,-0.005225076532784166,-0.014090133815546246,-0.0037972864109079296,-0.0016418743664288193,0.003583202166355437,0.006740124991940783,0.05896113488027657,0.09246580684445571,0.09530896375415865,0.08856883876221788,0.005614255858154074,0.03720173654095876,0.025133273788903288,0.015986902979894246,0.01037264712174013,0.009506018099914519,0.08901756497741514,0.1519474400281876,0.15708949399715366,0.14758347589723908,-0.02941601041721187,-0.0018639441937841061,0.02577156915269707,0.03546867579225088,0.06488468620946275
2,B_G,A_G,161,0.8286038732246319,4.702580536083602,True,True,0.005083097631662863,0.02829840539823597,0.011027479652009231,0.004504381336896457,-0.0005787162947663571,-0.01363375973507467,-0.13314815108986733,-0.11890931634950419,-0.11003046377639181,-0.09639670404131717,-0.007025278726692945,-0.04595900761988658,-0.02245877703322474,-0.012001655690098367,-0.004976376963405471,-0.1044705913696386,-0.43055419516644355,-0.11521649040741533,-0.06225420492963807,0.042216386440000475,-0.020796951593645252,-0.005081969560928323,0.0068985080256969145,0.011496623097988379,0.03229357469163363
2,B_G,A_G,162,0.431534704063,5.472819282492393,True,True,0.008104569325075105,0.07584537644388545,0.08281565954779435,0.05543124396726662,0.047326674642191535,-0.00450033910480141,0.03759066948435896,0.05236773274306783,0.04696129572027341,0.05146163482507482,-0.14229088513441335,-0.08576450863689544,-0.019276806572748217,-0.009821120909973557,0.1324697642244398,0.0015150499856859193,0.011034905133219697,0.01279777630238843,0.00923706115295897,0.007722011167273113,0.028006202127206854,0.35023125249328874,0.6324520266474639,0.6716065261592452,0.6436003240320384
2,B_G,A_G,163,0.7912647327919412,3.8913635158233166,True,True,-0.009572865122631932,-0.03987837734009647,-0.012971410462907396,-0.006451640967476857,0.0031212241551550335,0.026628511881143874,0.2259763353076624,0.2965187136294758,0.29706353034497424,0.27043501846383033,0.01402929517432355,0.11872055721012986,0.11001752611581117,0.07283589518911404,0.058806600014790544,0.026846055449998203,0.2647310237826848,0.365269113044667,0.35352952624501166,0.3266834707950135,-0.10670558206578715,0.016007234733222853,0.05822261677544327,0.06924950677085367,0.17595508883664085
2,B_G,A_G,164,0.2772010918326633,4.175323579842211,True,True,-0.0030383208358248023,-0.010864763586044934,-0.0033652508414626636,-0.0017013353106509754,0.001336985525173806,0.014240533451457486,0.1277879977730464,0.18541881735060367,0.1865296656131507,0.17228913216169328,0.009591107581925079,0.08979388610025058,0.08121560979481457,0.05233197453860905,0.042740866956684,0.0077842339039706915,0.08616216270102939,0.17125919843837012,0.1887563157373665,0.18097208183339575,-0.035325422632289744,0.022784992752918787,0.05470114949933741,0.06446851019862271,0.09979393283091245
2,B_G,A_G,165,0.47368969158305285,3.907851336278042,True,True,-0.005876480582328564,-0.02256210161101757,-0.005169212335520923,-0.0026429372480711866,0.003233543334257405,0.1760698637052613,0.5246078620016161,0.39816486978628907,0.34950018321007525,0.17343031950481402,0.034035240440502434,0.1523434194505109,0.07350022966233005,0.04202894048750139,0.007993700046998953,0.018053066192048474,0.17036753900888846,0.24782511587534106,0.22645266376413764,0.20839959757208915,-0.5825505083973495,-0.2172162502556636,-0.05393688662935714,-0.03393867807971007,0.5486118303176394
2,B_G,A_G,166,0.7799570416862857,5.07886523088033,True,True,0.02028226923045827,0.04618153344820897,0.011788548004002197,0.006901324084725213,-0.01338094514573307,0.00819034936759655,0.11662865451792215,0.17502969257559065,0.1730695224477138,0.16487917308011724,-0.5297328347235978,-0.35103221324571265,-0.07641360720214485,-0.03761175563263197,0.4921210790909658,-0.0023307231674347118,-0.01699301553311544,-0.015163605460002505,-0.008880644763591627,-0.006549921596156971,0.005619302321109426,0.06615521435787891,0.16892387216225546,0.20218055258512493,0.19656125026401552
2,B_G,A_G,167,0.5551840548337825,4.535609359988596,True,True,-0.004986231201825959,-0.036736902243810765,-0.012144973675546566,-0.006477921951891452,-0.0014916907500653886,-0.3300614237415292,-0.1693213588193111,-0.039513598422532104,-0.024333243704345753,0.30572818003718344,-0.1242634561357273,-0.23262035918501855,-0.06401605504615371,-0.032593620861067096,0.09166983527466022,0.03584883102520923,0.28855726769518264,0.07936042486192618,0.054105480387711125,0.01825664936250182,-0.1378735053910175,0.0318231791643529,0.11980936181931662,0.13128858407627858,0.26916208946729603
2,B_G,A_G,168,0.48748538610032244,5.232850882295239,True,True,0.013049227052735014,0.09575011568259784,0.03612189028054491,0.01812018694974804,0.005070959897013005,0.016891367814236835,0.0545284991458983,0.05168321796582831,0.03812146375596259,0.021230095941725757,-0.1748688728122042,-0.11818336769858107,-0.02693939750939034,-0.013625714024485536,0.16124315878771867,-0.0021011485342755723,-0.010440076172669177,-0.00974619198911264,-0.0058022804239787895,-0.003701131889703113,-0.20890129976229677,0.11317859887387693,0.13414541638371158,0.12408079532126381,0.3329820950835606
2,B_G,A_G,169,0.33308242199081783,5.4536374712714775,True,True,0.016973270739507017,0.0966605285047652,0.028625154351589188,0.014302660495887909,-0.0026706102436190315,-1.7590145110712996e-05,0.0875375857212235,0.09720046579578634,0.08433864241672595,0.08435623256183666,-0.19110307428739484,-0.23336776720032276,-0.05372265763858586,-0.026863623582197405,0.1642394507051974,-0.008705229110970242,-0.08691506517407155,-0.012488080262502366,-0.005157737027011278,0.003547492083958881,-0.11319627496895873,0.02218813815642945,0.10564156060756746,0.13707499581091775,0.2502712707798765
2,B_G,A_G,170,0.656151430239129,4.585970659498832,True,True,0.008881211250021018,0.04610846893035636,0.011416658672707136,0.004821717597807251,-0.004059493652213697,0.3828329844170431,0.07173377954830373,0.016389133747552465,0.0073389834394322895,-0.37549400097761076,-0.007437116788403184,-0.03509890086307993,-0.00817988504776912,-0.002889547045965446,0.0045475697424377515,-0.02671486642334711,-0.246516811313366,-0.054448908647732,-0.022393520403713896,0.004321346019633188,-0.19279658269812996,-0.18409130908103752,-0.0921357509424342,-0.06295606351672339,0.1298405191814066
2,B_G,A_G,171,0.35741767984412876,3.4978760485390072,True,False,-0.03288564902715158,-0.11185102027153415,-0.03130013430775602,-0.016396945989711975,0.016488703037439656,-0.21490529621541082,-0.2179762433589812,-0.07736731732864488,-0.050866389230591724,0.16403890698481915,0.030633107001082904,0.27058968707369957,0.24962719148323753,0.1617276422682664,0.1310945352671835,0.009445912924444654,0.11227246577423217,0.12480350510225391,0.1251574253620058,0.11571151243756117,-0.07486796564304635,0.012602023897177628,0.04159178088457005,0.04822270774669668,0.12309067338974305
2,B_G,A_G,172,0.3180117379933006,3.4703539483933374,True,True,-0.0007936001914463087,-0.00013265929600625448,0.0008333369571071891,0.0008584132875681938,0.001652013479014447,0.0071191615602699335,0.12242896050192376,0.13988281059663776,0.13831426443492956,0.13119510287465963,0.006213345364012926,0.036298826332531675,0.01823582839175042,0.009698776383053387,0.003485431019040419,0.00122330911922474,0.018099922060760387,0.1333210623137977,0.1306805855164136,0.12945727639718885,-0.08004118500168189,-0.019911734020400806,0.008916306080888559,0.016588324925277065,0.09662950992695896
2,B_G,A_G,173,0.8641677410212313,5.327785727463461,True,True,0.0020258100872681747,0.005536793939057483,0.0013548350552267108,0.0006947106035171124,-0.001331099483751097,-0.00539960238027376,-0.045621650682564796,0.02206464733133473,0.03535164183363282,0.040751244213906634,-0.002590179029683712,-0.017553964995713767,-0.00398418473303741,-0.0025809250380589566,9.253991624769142e-06,-0.2634618583540919,-0.45423029129278686,-0.11405607505699666,-0.05977255975408957,0.2036892986000024,-0.1834959714790616,-0.017691693206046244,0.002227579520030165,0.00767299297698365,0.19116896445604525
2,B_G,A_G,174,0.3671366277508048,3.3158978995687423,False,True,-0.009284586765459825,-0.04088686107698125,-0.012023951917087605,-0.006005806210120701,0.0032787805553391447,0.02117508752848918,0.18931937305866547,0.26462892156409523,0.26713187260676463,0.24595678507827545,0.014903943412709866,0.1275280905408137,0.12393002395727759,0.08580028524569272,0.07089634183298277,0.021673741184931945,0.21422001836697085,0.3287138661696565,0.32593614096603785,0.3042623997811059,-0.09183202728442216,-0.0069924006271113726,0.027300468285698654,0.03710897206805697,0.12894099935247913
2,B_G,A_G,175,0.20555050187080515,5.395368399045903,True,True,-0.004589859934757107,-0.017819961316556054,-0.005277656462873148,-0.0026636512626434516,0.0019262086721136829,0.008246586478015544,0.0733554188544582,0.10186501511015966,0.10479038379603944,0.09654379731802387,0.007728280581111788,0.06556862394602919,0.04529843963570179,0.027118356823774947,0.01939007624266309,0.006444741790523671,0.0675125096319209,0.1519600274219729,0.18011644905653235,0.17367170726600867,-0.09146506041437436,-0.04074432123840033,-0.011312004034534584,-0.0018915420130940497,0.0895735184012803
2,B_G,A_G,176,0.17999026068360158,4.454900648802756,True,True,-0.0026251813794822346,-0.01262222960209275,-0.004036405870470827,-0.0007596006703660674,0.0018655807091161325,0.01912752977878676,0.1500815821574884,0.0844004371388094,0.06743095659649079,0.048303426817704054,0.0050680152572347426,0.04299591534517572,0.02631948264430517,0.017551918701288693,0.012483903444053923,-0.5158829831135154,-0.012993510642094974,0.03079820163937208,0.031934839987397434,0.5478178231009129,-0.2778262925896448,-0.1631246360081825,-0.017331569921170076,0.012861808942082387,0.2906881015317272
2,B_G,A_G,177,0.6597170045193191,5.014406341935181,True,True,-0.0026149522856327226,-0.028810964668645356,-0.013768508713710714,-0.007204324639009441,-0.004589372353376753,-0.030395839382219972,0.030502379758674758,0.05049477745841857,0.03934504329857447,0.06974088268079437,-0.05435755152862489,-0.17301893506914057,-0.04740030281720031,-0.02306533440176084,0.03129221712686414,-0.016471145125373357,-0.13455969788113242,-0.0016827356341531097,0.0027778905490412065,0.019249035674414494,-0.13699000377788578,-0.031016586372765054,0.053573235768516136,0.07088109823872046,0.20787110201660625
2,B_G,A_G,178,0.5664265438774898,5.020695876236825,True,True,-0.003583789135771391,-0.01343383552599764,-0.003667476330893371,-0.0026136064662833913,0.0009701826694880067,0.0015769107889035267,0.06422483387305622,0.08963420818367263,0.09622924281556944,0.0946523320266659,0.011360295973376743,0.08244721427279939,0.05225167556419741,0.03147267194001124,0.02011237596663451,0.0073753086014131455,0.08398055476799388,0.16836451759051274,0.18080379805451807,0.17342848945310485,-0.089755800562379,-0.03192588472519339,-0.0023917146433012904,0.006636359876999731,0.09639216043937873
2,B_G,A_G,179,0.8470527443856539,4.1252703231259655,True,True,-0.003088350356043615,-0.01514704121868693,-0.0033444923385448355,-0.0020214865102936574,0.0010668638457499435,0.006005774375359353,0.071228272233886,0.12329701439696705,0.13077668181699553,0.1247709074416361,0.003523873727937832,0.033593423850364845,0.025058641542421878,0.016460675817619785,0.012936802089681954,0.0028109965002185086,0.03874027075810721,0.11072908529975578,0.15083044904083898,0.14801945254062043,-0.20766527288744235,-0.04230891041355772,-0.0024700326155977503,0.01035629980355296,0.2180215726909953
2,B_G,A_G,180,0.5337782491869232,3.9575580308379523,True,True,0.006335880204622793,0.029165589040741347,0.006897545658502868,0.003322353699732661,-0.003013526504890174,-0.01107241177556522,-0.0539377730414588,0.012061229417791863,0.024843635937339292,0.035916047712904464,-0.006801485997913727,-0.041067301190355676,-0.020815639979705924,-0.012442607023982699,-0.0056411210260689515,-0.05836733227459181,-0.3007278141352339,0.0006158778870536397,0.03770363072049099,0.09607096299508278,-0.03239900944871443,-0.0023379043901917695,0.013354273023337693,0.018280454490256726,0.05067946393897116
2,B_G,A_G,181,0.5833620024610819,4.278106715268098,True,True,0.021436452774737845,0.11305936932909083,0.03502574805486658,0.01850182369576492,-0.0029346290789729057,-0.1818165396138574,0.09525153280410492,0.09297493147774405,0.07823857769905385,0.2600551173129113,-0.15537558841664906,-0.2586731930616649,-0.06885449602705385,-0.036989706912809894,0.11838588150383911,0.010656371082559145,0.10317058283591979,0.0913681678057523,0.05223639008785452,0.0415800190052954,-0.19491428367933117,-0.08920411781009854,-0.0075019052890522575,0.020218616722824823,0.215132900402156
2,B_G,A_G,182,0.8858722302027886,4.130695550087402,True,True,-0.0034246290969659476,-0.01573373893361385,-0.00467412867889927,-0.002228137815515674,0.0011964912814502737,0.01579825755565749,0.14663733798414536,0.21504333308478812,0.21747211552604728,0.20167385797038984,0.007780369938775664,0.06065483107461228,0.0408879381383912,0.025912557803577818,0.018132187864802196,0.012448999011875302,0.12729639295729356,0.21308341860196522,0.21396413296983186,0.2015151339579565,-0.021247406258215418,0.01895990207614051,0.047235448593115015,0.05648423983363282,0.07773164609184824
2,B_G,A_G,183,0.717649264761709,3.2122388251162994,True,True,-0.0023666626091605955,-0.008784944051778543,-0.0024091122868231674,-0.0014415708575182817,0.0009250917516423485,0.010836300190689558,0.09356863924110634,0.13216422894706426,0.13368149607284724,0.1228451958821577,0.008109078271677811,0.0682453938279165,0.0634270825389932,0.042803115921185464,0.034694037649507625,0.0098492080139196,0.09508766444781064,0.1656773894723006,0.17138892560617924,0.1615397175922596,-0.008033473957381135,0.020405997595262917,0.05146079509318824,0.06177147950275186,0.069804953460133
2,B_G,A_G,184,0.9979460879762092,3.3778296773350083,True,True,-0.0022066054940054897,-0.010854668399622014,-0.003797227431522665,-0.0014322042268705149,0.0007744012671350164,0.004542098980840386,0.05445245723275241,0.0974317425234929,0.10798414705855286,0.10344204807771246,0.004970335954001724,0.03517402981241735,0.02856772633984972,0.01796458329566919,0.012994247341667431,0.0074600872945585,0.07654144545618058,0.16563670781306894,0.1933826801459121,0.1859225928513536,-0.04179841967925013,-0.0070173453066757485,0.019240086101497578,0.028561834072346415,0.07036025375159655
2,B_G,A_G,185,0.9125128668465072,4.298147432472035,True,True,-0.006006725522623935,-0.025008170065384028,-0.007578223752240709,-0.0036938756128152006,0.002312849909808623,-0.0843204818065057,-0.06407949326364143,0.04380070764295063,0.06780888141622687,0.15212936322273263,0.003317849128602099,0.012289946334123725,0.0009521342099664265,0.0009004719118804738,-0.002417377216721639,0.005458632814921843,0.05003707756262582,0.11807028685861953,0.13349354010712777,0.1280349072922059,-0.04702659916622576,0.013263847194672218,0.03886422006386592,0.04687036454948201,0.09389696371570777
2,B_G,A_G,186,0.3487294624030167,4.837808832744422,False,False,0.004946145233060827,0.06239761820424,0.030867290526795932,0.017091188478128072,0.012145043245067266,-0.05890872690077435,-0.21726209923317968,-0.10164562248972431,-0.08147219393736094,-0.022563467036586626,-0.04402405822866052,-0.12434108907187946,-0.035228328589247404,-0.0185911193912498,0.025432938837410823,-0.03470395306768378,-0.2906462573243479,-0.039714545063886164,-0.016756868095229804,0.017947084972454008,0.04039619712995968,0.13473232967436882,0.15321094241670363,0.1586607502572711,0.11826455312731143
2,B_G,A_G,187,0.7075595236570356,3.6964782949626827,True,True,-0.01551902884884418,-0.08567478117346938,-0.029258231796657652,-0.015648879320770193,-0.0001298504719260407,0.42658449726503994,0.3814098511153237,0.24388395098115945,0.21109843607933754,-0.2154860611857024,0.020638174363372733,0.10436546147808673,0.04685194311641383,0.025139658633976047,0.004501484270603262,0.020004597868106017,0.18520838526213146,0.22388990550468302,0.2012281949439365,0.18122359707583058,-0.6580342126884764,-0.4611139541588419,-0.2938333086081082,-0.24077307994934194,0.41726113273913445
2,B_G,A_G,188,0.12580297099877213,3.994887537392465,True,True,-0.002666909206048222,0.015732577096254308,0.007220128347346644,0.003926675874996177,0.006593585081044351,-0.2031930925389569,-0.07740932015231028,0.0022027615995922067,0.007835293262600684,0.21102838580155758,-0.19981397099854448,0.035894846698921845,0.19569811986649432,0.1834707871271447,0.38328475812568913,-0.0032816444314702764,-0.03185398482987123,-0.023445966718520617,-0.01210721610910026,-0.008825571677629984,0.08333441637925201,0.40398476356893337,0.5514160326394733,0.5969294101378205,0.5135949937585684
2,B_G,A_G,189,0.7288394259453408,3.504325466830584,True,True,0.008480370251805348,0.04372860146928331,0.013105608191851026,0.0065590063470317705,-0.0019213639047735986,-0.007653219090226558,0.019920253580745617,0.027120420701755354,0.029909173050033377,0.037562392140259915,0.004859159282409757,0.04146136681170781,0.017803234675308754,0.01022018856994178,0.005361029287532015,-0.02268556818190244,-0.17145141257892293,0.030037270857701692,0.060986383797822286,0.08367195197972466,-0.0996276702092342,-0.050071193566157246,-0.02097291350514824,-0.013383852825317066,0.08624381738391715
2,B_G,A_G,190,0.8212559070534017,4.783224075219095,True,True,-0.008420014456341822,-0.03049540191369171,-0.009098735139437819,-0.004763869474975313,0.0036561449813665714,-0.19310600388777233,-0.11937080113992948,-0.023095358763095652,-0.0024938877590648945,0.19061211612870743,0.005651888423317021,0.05067402275530847,0.029481179686443704,0.016675198838361105,0.011023310415044119,0.019014652340103376,0.16659292022957062,0.12832239505696308,0.12153797791335508,0.10252332557325172,-0.06974065048862715,0.044247176531461985,0.09335948500889396,0.10346902376331951,0.17320967425194667
2,B_G,A_G,191,0.6337398444526834,3.2254665984319097,True,True,0.00029909399924266805,-0.0032601901128144206,-0.0021520688585745518,-0.0015985904141488927,-0.0018976844133915538,-0.0049275520980340895,0.03126442252265693,0.08283498050963212,0.09518145003484701,0.1001090021328811,0.005521948634078559,0.03108542668601394,0.01705234655532506,0.008574343331873902,0.00305239469779528,0.005417041297336396,0.050236961277534464,0.15039689410028212,0.16001543157941223,0.15459839028207578,-0.11259111246934772,-0.05343591226112121,-0.026127641719598582,-0.017764330182128307,0.09482678228721941
2,B_G,A_G,192,0.8973934214571991,3.469622933135967,True,True,-0.0040601294765202495,-0.01512165998591175,-0.00453475276879145,-0.0016435385513209333,0.0024165909251993023,0.010438783476493543,0.10858077019316761,0.17450911453807244,0.18171111939083118,0.17127233591433766,0.007056878476670095,0.04851693545792951,0.030812916425190573,0.020268281044809933,0.013211402568139796,0.011320385762620122,0.1172275127170328,0.19555760528821198,0.19798774055728519,0.186667354794665,0.012825669812811191,0.034077485501181726,0.034679645096890144,0.02902055282917748,0.01619488301636629
2,B_G,A_G,193,0.40507177158331864,3.401049886662313,True,True,0.010889581035538956,0.05928952806251464,0.01911803493906683,0.010567242858469439,-0.0003223381770696143,-0.04819955622744841,-0.1370488763349271,-0.10183974932792161,-0.08155023431364994,-0.03335067808620151,-0.023765375189105542,-0.1283105950578748,-0.0667963273579315,-0.03909095756459413,-0.015325582375488533,-0.015060702321810539,-0.13638832670942796,-0.053884624545965876,-0.016833235664516666,-0.0017725333427061063,0.001775740103315989,0.016172773433664533,0.03611542920404158,0.04251234274291847,0.04073660263960248
2,B_G,A_G,194,0.9257628602516079,4.485989497352964,True,True,-0.005413701568310156,-0.025809605679059322,-0.0068817451542707575,-0.0031896219914836488,0.0022240795768265764,0.00955655917214368,0.15203510332202025,0.22015141210692646,0.222906014753659,0.2133494555815153,0.004389175512000021,0.029703183260943955,0.015036672224391867,0.00810710205727072,0.0037179265452707,0.013113582003209293,0.13659819187537303,0.21347337576693204,0.2071458481443671,0.19403226614115776,-0.3620834157338374,-0.11834539570777303,-0.07561010584930683,-0.06477894233973469,0.2973044733941027
2,B_G,A_G,195,0.4211377899752543,4.926037689985798,True,True,0.004239722624906232,0.02150040685132537,0.009249588241861062,0.005117254146274064,0.0008775315213678248,-0.003858726518321233,-0.005747759340131414,0.024034572120096243,0.03758844187474425,0.04144716839306545,-0.0036379321431568717,-0.015522074832970523,-0.007869705412667738,-0.0027393975757157296,0.000898534567441156,-0.004954853363515338,-0.03873862979032655,0.05139604051850266,0.08405943714849484,0.08901429051201026,-0.02538178887642028,-0.00816850592484436,0.015623656887803483,0.024355760902397494,0.04973754977881778
2,B_G,A_G,196,0.7603756903359861,3.275810845166003,True,True,-0.00078100771165239,-0.011773768407835394,-0.0042580433461337774,-0.001843167581214722,-0.0010621598695623735,-0.047303454355922654,-0.1740255943024831,-0.028593496689064968,0.00360839240688815,0.0509118467628108,-0.011610105559759817,-0.052835623161972045,-0.019324754173520975,-0.010034592910228679,0.0015755126495311522,-0.022888548455445544,-0.22283341337248974,-0.06557397526967335,-0.019447982610090064,0.003440565845355459,-0.25787954778436645,-0.05160895260848242,-0.03105501376178632,-0.025375590459022934,0.2325039573253435
2,B_G,A_G,197,0.43192978281732974,3.5193409690741415,True,True,-0.009973561418619846,-0.03822916894325312,-0.01118714099126461,-0.005914896946979553,0.004058664471640272,0.008728679872784842,0.07981931299175206,0.1326976354355286,0.13877920861265403,0.13005052873986916,0.012746153929444962,0.12159966048006593,0.16432092021932054,0.13260598622817332,0.11985983229872843,0.010449747367753167,0.09857424306182516,0.16627024918593558,0.17310765804163858,0.1626579106738854,0.0005846106560662691,0.007890988444040915,0.02505164948461288,0.03230393512052352,0.03171932446445725
2,B_G,A_G,198,0.5180189268724262,4.897364061309112,True,True,-0.010657997179873223,-0.027445693021418693,0.004298813094350207,0.003592820021749321,0.014250817201622579,-0.04540976941897268,-0.00017834933132565567,0.026765276529853277,0.025194732288244093,0.07060450170721677,-0.0675402329159197,-0.02101092395763371,0.002475507381934139,0.001960856403795508,0.06950108931971521,-0.0002813725836095446,0.0038165084804751004,0.006280113226852291,0.004656496676751942,0.004937869260361438,0.026337294796340213,0.27545281499919627,0.5711759816438402,0.6481660610123121,0.6218287662159718
2,B_G,A_G,199,0.9444573433128547,4.21436387611283,True,True,0.005267162393242805,0.02385784076914088,0.00886345352645257,0.004287977300461265,-0.0009791850927816093,-0.008773549635048138,-0.06882310660226898,-0.018942673683487565,-0.0058606942297655396,0.0029128554052826328,-0.007855189680862885,-0.060368598054506784,-0.027076478904564882,-0.014725683799787337,-0.006870494118924486,-0.10712661715713037,-0.3724440891746983,-0.07322325351670667,-0.018467468184142577,0.08865914897298777,0.03464788326000995,0.06084823328171196,0.07649510630260764,0.08179576176072811,0.047147878500718166
2,B_G,A_G,200,0.010381178803823277,4.808918398351942,True,True,0.020230889727838396,0.16307523435210924,0.08810119307807196,0.04872566971439385,0.028494779986555474,-0.09929263096019376,-0.09015819426046717,-0.005974467645676662,0.003940276706673962,0.10323290766686766,-0.07172943702085019,-0.19105411657614924,-0.05824554288512385,-0.030104318288044274,0.041625118732805944,-0.0029966732495977713,-0.013671587118700201,0.010367843499231588,0.029912341939881015,0.03290901518947875,0.0196891120306965,0.08569019885469747,0.11983737710416038,0.12879756779510937,0.10910845576441285
2,B_G,A_G,201,0.33999196505827944,3.3655214187199802,True,True,0.0021377338179508765,8.272238824047484e-06,-0.0007442948641999125,-0.0008073648509557829,-0.002945098668906687,-0.004576466291881052,0.0026510721303617812,0.036169587145221616,0.048709155640101365,0.05328562193198244,-0.0009153363480335908,-0.005924787080712202,0.0010820983089708802,-0.00041442819375803186,0.0005009081542756144,-0.005547698089414653,-0.033605256340818346,0.09644245053768019,0.11964561975982901,0.1251933178492437,-0.015970318087430595,0.007830947995402862,0.030006544143997893,0.0371010907765513,0.05307140886398187
2,B_G,A_G,202,0.618731199748149,3.1266548886629177,False,False,-0.007139665421286932,0.020398018370811455,0.021217941011040686,0.012009502743398293,0.01914916816468515,-0.2997361447046467,-0.10927957596024312,-0.030090377037739313,-0.01561870294034462,0.2841174417643021,-0.0724678358393838,-0.14052750500071648,-0.036471664128755465,-0.017989261210905272,0.05447857462847849,0.006680374912108232,0.06954587535691376,0.09658406583737544,0.08237634558912943,0.07569597067702127,0.010760515590895168,0.07805256485563145,0.11070793478910135,0.11733445974227855,0.10657394415138338
2,B_G,A_G,203,0.04894998555244223,5.209507527663118,True,True,0.0034755179300076725,0.038380134035470276,0.08387229898844573,0.08627415252653226,0.08279863459652459,-0.001102106231756994,0.015486627627009142,0.010514085183293664,0.0062426114365408125,0.007344717668297807,-0.022155980312492995,-0.011861346259453676,-0.0011937715996784837,-0.000572480394084085,0.02158349991840891,0.0015212111968054623,5.0767563066655974e-05,0.0013524004530703904,0.00023831308136645912,-0.001282898115439024,-0.43410524520728216,0.08381496716566195,0.22937026818923578,0.22859403703773762,0.6626992822450198
2,B_G,A_G,204,0.23364549857422556,3.199589555719802,True,True,-0.04603570187085167,-0.09461545892603096,-0.025771880870936514,-0.012757826275109907,0.0332778755957418,-0.19170159422288913,-0.11432175304659553,-0.040357260936181416,-0.02787490818047389,0.16382668604241524,0.027241894453569157,0.27632536672855357,0.45890930862860374,0.43491782902893195,0.40767593457536283,0.0002199814660361482,0.0014501387749344397,0.029293333375173702,0.03395830078761186,0.03373831932157567,-0.1560791874995323,-0.06269333146621153,0.00040200174322757576,0.02154509114054226,0.17762427864007457
2,B_G,A_G,205,0.46211738622832266,3.5499160997162997,True,True,-0.003590284632076772,-0.019211059971908084,-0.005364019432167022,-0.002466164255621739,0.00112412037645504,0.008083976131587189,0.07122911939238272,0.12413272758422444,0.13435309919464677,0.1262691230630596,0.006683167454239643,0.060065600501188976,0.062391425979263615,0.040853605742391275,0.03417043828815158,0.010414462684062372,0.10349458746678003,0.1922576552134574,0.21360581229805797,0.20319134961399565,-0.07146864560444277,-0.03341218958580133,-0.004963981635270676,0.004739389421186235,0.076208035025629
2,B_G,A_G,206,0.03759885953229125,4.428969443483135,True,True,0.002622075147087871,0.013819362455868567,0.0037685995508794923,0.0026314773173364836,9.402170248584696e-06,-0.00384254955549633,0.056728283080008546,0.14528560646019173,0.15487393890263323,0.15871648845812958,-4.5982224325620547e-05,-0.00422889933739895,6.087929023901317e-06,-0.0007220162937778829,-0.0006760340694522693,-0.0022815875824443027,-0.02069646892258975,0.07984081795331499,0.10107480217090647,0.10335638975335082,-0.06511714245482514,-0.021830422651341164,-0.0051984356042915625,-0.002743274610145785,0.062373867844679354
2,B_G,A_G,207,0.642549017290503,3.9075365945793705,True,True,-0.004619734689891512,-0.020747997533382634,-0.00718379004998837,-0.00344298443185731,0.0011767502580342093,0.015920454752627187,0.14568985562381653,0.20603281099787535,0.20664671132109547,0.1907262565684683,0.007479778562498235,0.06912894006794146,0.05164348047085132,0.03325001116167836,0.0257702325991801,0.013353184944404704,0.1290869586674261,0.2088228825046008,0.21389793165464122,0.20054474671023648,-0.17808408641498225,-0.09153487657368409,-0.05956077910229446,-0.050135738868300916,0.12794834754668133
2,B_G,A_G,208,0.9826600808540102,3.6113227407743738,True,True,-0.0042595023135902355,-0.025948361236863393,-0.009278119666885298,-0.004164471472212328,9.503084137785223e-05,0.014764311204781892,0.1351823470415598,0.19665870901473476,0.19828955930644954,0.1835252481016676,0.008666047373357876,0.06951007684736132,0.052893990202764085,0.03172799328264264,0.023061945909284676,0.01590437100298478,0.1552882028801496,0.2434291114996573,0.23853070028200862,0.22262632927902393,-0.08547108459239439,-0.05440643157706759,-0.02950393981288224,-0.020982888227312424,0.06448819636508196
2,B_G,A_G,209,0.951983246507091,3.9853559714721825,True,True,-0.0032629777943322807,-0.016644650191182775,-0.005769491029670948,-0.0025366393538891474,0.0007263384404431195,0.013913223707510091,0.13607880935644126,0.21226140619766876,0.21742200300087644,0.2035087792933663,0.007461300117340974,0.055095046737320796,0.03856841701263092,0.021821821705004907,0.014360521587663988,0.013466827030085594,0.1336054206703413,0.2104574887792371,0.2020520245174231,0.18858519748733749,-0.00697241262373649,0.004889836830517136,0.0024317806548788123,0.0013654064437219615,0.008337819067458452
2,B_G,A_G,210,0.8559177477892531,3.697407498008748,True,True,-0.006170786171471113,-0.029189528408637977,-0.008026719270707416,-0.0037359276126159857,0.0024348585588550575,-0.002479304201035329,0.018975500495788333,0.07887973222086264,0.0875940354824375,0.09007333968347286,-0.0014046516317123142,-0.009319735331972223,-0.002542203580103264,-0.0024422613563098716,-0.0010376097245975435,0.0019703844530739867,0.02199426579681618,0.10904682695719226,0.11622217426332226,0.1142517898102482,-0.03931714352296323,-0.0007997201986233993,0.022802989624845282,0.030713646360621016,0.07003078988358424
2,B_G,A_G,211,0.8762784702449767,5.083625327329146,True,True,0.005274812114301572,0.025621589151201052,0.007609261197778161,0.002890110065607354,-0.0023847020486942316,0.030290207223294355,0.2591387586143174,0.23374537567291476,0.22397814273637895,0.1936879355130846,0.011246142816863952,0.07412411339124175,0.03343326941589886,0.017942717866844204,0.006696575049980225,0.0015770192577745992,0.00687759243948427,0.1230287332136889,0.1488967988927119,0.14731977963493725,-0.40527606216150347,-0.0809444114175526,-0.01416849760187755,-0.00168864857902562,0.40358741358247785
2,B_G,A_G,212,0.06877566680295066,3.655035607163022,True,True,0.0007242222847761506,0.03012343133165557,0.01909190450666609,0.011364234214491287,0.010640011929715198,-0.034075338352467024,-0.13616752648033614,-0.04667462033288394,-0.025602030546313048,0.008473307806153962,0.016325357122071144,0.13805786171805368,0.08814811609800921,0.052087658841727946,0.035762301719656886,0.02789126334762261,0.15621599450540025,0.08768643974369439,0.08111740567911296,0.05322614233149037,-0.2831572422079674,-0.120499042345105,0.020275289175442968,0.04031538333443674,0.3234726255424042
2,B_G,A_G,213,0.9197927570697183,4.772808841799597,True,True,0.003880954320547178,0.020759849816729237,0.009929543595640022,0.005142234545661872,0.001261280225114625,-0.10113336792977616,-0.25359931319970413,-0.11403078156899871,-0.08095472296115747,0.020178644968618653,-0.0011897159532441581,0.018197627469961564,0.01690945867931637,0.009634541204154412,0.010824257157398542,-0.01902431364002375,-0.17268695686238733,-0.027343945844881534,-0.0009410335932874547,0.018083280046736316,0.04379556255425876,0.06463975951648071,0.07030984428722376,0.06701848698192003,0.023222924427661273
2,B_G,A_G,214,0.8587745038765736,4.935089614003514,True,True,0.006545820888988203,0.03749507295438398,0.014609375262603752,0.007802163982606358,0.0012563430936181064,-0.0338375455067801,-0.1092723907590874,0.011127980094639223,0.04368658745145082,0.07752413295823102,-0.0029882976429640995,-0.01614270915356586,-0.00808631665552173,-0.004279090092910165,-0.001290792449946121,-0.02502705594636454,-0.20381601634083718,0.007961165544679294,0.037575484037493334,0.0626025399838579,-0.010573078991699791,0.01222663866405893,0.006500006362481936,0.003810111833266072,0.014383190824965864
2,B_G,A_G,215,0.8320409762141527,4.367329793751566,True,True,-0.012245758370626608,-0.04679542735467035,-0.01294999858196122,-0.00540728164212112,0.00683847672850546,-0.30512091400329244,-0.17889707197488236,-0.056423309860268556,-0.028186131791771096,0.27693478221152135,-0.030380164689065355,-0.12489796247186696,-0.04443218699907969,-0.02333344832048967,0.007046716368575678,0.011365406790453302,0.10891979295492843,0.131798758925864,0.11790223350009466,0.10653682670964137,-0.14573541517823912,0.0009860172752238494,0.03173621025164952,0.04023469946510694,0.18597011464334606
2,B_G,A_G,216,0.43350714853619643,5.386970897655797,True,True,-0.0005729510419048393,-0.014715742550758998,-0.045633848725922244,-0.05378507999701854,-0.053212128955113736,-0.0005855457582486512,0.004572482855028093,0.0019297788559548001,0.0010851160667467719,0.001670661824995423,0.014878583115507271,0.007053833548495758,0.0012850717464434336,0.0006366420178395282,-0.014241941097667743,0.00017907037214067584,-0.0013216667037498908,-0.003243016130356935,-0.001739743045804154,-0.0019188134179447536,-0.7283668506262891,-0.3988078398688223,-0.06399676957145606,-0.018889656810989974,0.7094771938152992
2,B_G,A_G,217,0.03044290567698682,3.259460581596646,True,True,-0.004989477326556142,-0.01610335379462502,-0.004495382311276441,-0.0029434001931690768,0.002046077133387114,0.017946814506149763,0.18201105350816577,0.23305631188157627,0.23390347978483328,0.2159566652786835,0.0072462107241704765,0.05720787240558628,0.03800644914089146,0.023277719622216586,0.016031508898046165,0.023206171934552294,0.2226927657944595,0.28944002499077703,0.2718861287764994,0.2486799568419471,-0.2821993714791242,-0.05577403443554846,-0.004764745948119931,0.006338361758591371,0.2885377332377156
2,B_G,A_G,218,0.21529203127259977,3.7467681456311417,True,True,-0.000662197099555166,-0.0042029273945314305,-0.00039383882127241865,-0.0009616781610360947,-0.0002994810614809218,0.0022173362480917697,0.0380955222901726,0.08247457592109442,0.09385888419522581,0.09164154794713408,0.00229885957346046,0.01410323042878614,0.008728462394675507,0.0049901459981976926,0.0026912864247372603,0.003782341712679743,0.04334197704249698,0.10949321193184292,0.13438234743289523,0.13060000572021546,-0.14868033105221407,-0.11961552359153116,-0.09402335038770937,-0.08520391821432616,0.06347641283788791
2,B_G,A_G,219,0.8903801112287726,3.3437770165685543,True,True,0.0015909233985890794,0.014249499809305566,0.0030211385921833367,0.0017337051532804182,0.00014278175469129017,-0.0029428585247634406,-0.0025920496706144935,0.04299254233833355,0.05824380593033984,0.061186664455103235,-0.003314980718094593,-0.020235037755070573,-0.009864328149828516,-0.006113523594523884,-0.002798542876429222,0.0022340809593068764,0.019774479805078404,0.08167168197207808,0.11418625094808421,0.11195216998877733,-0.10088683121141145,-0.07493700616236654,-0.050287968408779804,-0.0413366218609551,0.05955020935045635
2,B_G,A_G,220,0.7665430099309306,4.53055890603841,True,True,0.001594288857976467,0.012893711868074698,0.002650355983543906,0.00038644980209845414,-0.0012078390558780683,-0.04800144933459838,-0.031445717379779636,-0.004436521082357814,-0.0020957589961472234,0.045905690338451155,0.03167272411621841,0.1241046854749227,0.12941921151560487,0.09562378429612428,0.06395106017990593,-0.008516248901990701,-0.07342966348143476,-0.03653018829216348,-0.016961327103645174,-0.00844507820165441,-0.18108560465158696,0.0076396168879371285,0.03654324047916624,0.03155421820443516,0.21263982285602212
2,B_G,A_G,221,0.16388244102067184,3.7757712730396062,True,True,-0.012962214536505215,-0.04144696032867495,-0.006698842089679635,-0.004766883983379655,0.00819533055312549,-0.05168215030862344,0.046477737372797256,0.07358563795686957,0.06665809816789225,0.1183402484765157,-0.23541368804004995,-0.21712162163615023,-0.03705225442574678,-0.017157769601287565,0.21825591843876235,0.007118791283818503,0.06745750652598692,0.0710750752039464,0.047206247759255304,0.04008745647543677,-0.1836988567507885,-0.09279573474372318,0.03013485115876441,0.06741804968428294,0.25111690643507145
2,B_G,A_G,222,0.7614185247768683,3.8848808741456153,True,True,-0.006961715771724247,-0.06157490115200692,-0.03041185255284462,-0.016770261898881977,-0.009808546127157758,0.4010807439794146,0.0678203467594144,0.030346521869626608,0.02081472317397781,-0.3802660208054368,0.036707799152838436,0.11763328773778287,0.05851008883044073,0.03234883663885735,-0.004358962513981046,-0.07345292461187143,-0.3684300152516671,-0.043755264249597636,-0.018833565317779466,0.05461935929409201,-0.5168003821836838,-0.30102664822287606,-0.05551076094823515,0.01241174333433881,0.5292121255180227
2,B_G,A_G,223,0.5920258452346946,4.187238999821156,True,True,-0.003032955067525045,-0.011121106149116211,-0.005083756065527245,-0.0020377057264516774,0.0009952493410734231,-0.011396796066521567,-0.02588162615536821,0.03445453282778732,0.051743217179554435,0.06314001324607599,-0.00027192537254225324,0.006352499009401991,0.002828850181155529,0.0015213263362375828,0.0017932517087798638,-0.0006427795337410058,-0.010254615123957367,0.10188219832727696,0.1242560971477259,0.12489887668146682,-0.0460405705958421,-0.013985842183736108,0.009028834104115147,0.016974555154795956,0.06301512575063806
2,B_G,A_G,224,0.17769611787178052,3.594920717969063,True,True,0.003475775428934874,0.01780557305639152,0.0055799364637902915,0.0022692123336345293,-0.001206563095300428,-0.06366257654990241,-0.16735537707829445,-0.04883112710608295,-0.008534444359319715,0.05512813219058266,-0.014871190999896443,-0.08174609085368545,-0.03385551674771892,-0.018735223225938125,-0.0038640322260417026,-0.017820121273989804,-0.16685250002957464,-0.02013713757722646,0.024135640362564437,0.041955761636554234,0.010233705349831146,0.037078694878539764,0.05100553595690305,0.05033446214615811,0.040100756796326964
2,B_G,A_G,225,0.49105489836909644,3.5136755588509647,True,True,-3.480094084798435e-05,0.003126364770297041,0.0015214682125562762,0.0012625759889310917,0.0012973769297791593,0.01589100861926787,0.13053732729718673,0.16195239630332675,0.1569322712018144,0.14104126258254657,0.011136688985998264,0.09572125868966352,0.08473859933736183,0.05466610667978544,0.043529417693787154,0.009338060883312654,0.08608265396910258,0.13249244627416557,0.1312543919357314,0.12191633105241872,-0.09051035313232106,-0.09412055216463483,-0.07087373557505056,-0.062475313038389046,0.028035040093932012
2,B_G,A_G,226,0.25721841848192206,3.9741132633794742,True,True,0.007582691165769734,0.05257104893069742,0.023454368285777183,0.01259874389128035,0.005016052725510645,-0.46185603055627844,-0.048181299776920095,0.060110883394091874,0.07355130515247132,0.5354073357087498,-0.27269088050565204,-0.2135311383540442,-0.014183444611569618,-0.0019319681013608703,0.2707589124042913,-0.02301235742763015,-0.18196225679774392,-0.009354034603178407,-0.00406132818152749,0.018951029246102702,0.18103356949383256,0.4259757664436237,0.5486386301509946,0.5851430276533839,0.40410945815955146
2,B_G,A_G,227,0.22825230263704088,4.521933482115841,True,True,-0.00015351088717602962,0.00306071469593594,0.0015873867875849657,0.0009633963844748461,0.0011169072716508133,-0.021682331491130406,-0.12529764722099745,-0.06393702112442046,-0.04312753005819536,-0.02144519856706495,-0.007017755731568778,-0.036869220517031565,-0.014870639519625639,-0.008342809667477136,-0.0013250539359083158,-0.03254732228095195,-0.2584710951537714,-0.0310341495344717,0.005844501833561111,0.03839182411451314,-0.035628055143640425,-0.022385432508933323,-0.011296483768494237,-0.007549272279558483,0.02807878286408194
2,B_G,A_G,228,0.07062441515222051,4.287727335121461,True,True,0.011518122389999712,0.12871811313958276,0.10906072303435232,0.0685833477933746,0.057065225403374886,0.012281811152566657,0.08325069695308329,0.09673827010131875,0.08145363534684136,0.0691718241942747,-0.31018630973750116,-0.22311363971733733,-0.049859223212732284,-0.025783899692020995,0.28440241004548017,-0.01340522703544339,-0.128364083711633,-0.026168034647895855,-0.011476733728246868,0.001928493307196577,-0.10773343040135491,0.21986620854935557,0.3600686679601362,0.39229321204804907,0.500026642449404
2,B_G,A_G,229,0.3626936680899042,4.498011232933023,True,True,0.003189160372574766,0.011692261509084867,0.004004676145548336,0.002976359498054526,-0.00021280087452024699,0.016865058410027244,0.16147385196426395,0.17190608999245938,0.16471213560480458,0.1478470771947773,0.008647844645914386,0.049267952505859025,0.021258860408684854,0.013013874119437774,0.004366029473523381,0.005439716861913323,0.04921165198631716,0.14648081666623947,0.15327637103856007,0.1478366541766467,-0.07737124500056813,-0.020299021685446617,0.009756203319480905,0.018528564404434178,0.09589980940500231
2,B_G,A_G,230,0.23223940552676958,5.278024796999896,True,True,-0.06434789670276962,-0.20107185823146245,-0.05834855499436653,-0.03021032367358578,0.034137573029183854,-0.31731506970564777,-0.05121373198176482,-0.006955174027528099,-0.00031938403550790806,0.3169956856701399,0.033214031627556484,0.20692125974926384,0.12899712855119616,0.07481917687270823,0.0416051452451518,0.009302969723036583,0.10172196627192909,0.11481354819889478,0.07777155799736601,0.06846858827432933,-0.12086485510503275,-0.017883177518881355,-0.0018511587567267007,-0.0008371594145303307,0.12002769569050242
2,B_G,A_G,231,0.635412597568986,3.3862413760462102,True,True,-0.010612076577004442,-0.04213878960794626,-0.012222359277345052,-0.004932245655788536,0.005679830921215934,0.013205271877626424,0.11829725032923327,0.16063076838665175,0.15916493150296912,0.14595965962534263,0.010339627791414042,0.08568411251311048,0.07338896972477116,0.049253028961385725,0.03891340116997166,0.01882603057259421,0.19332683360722136,0.25373239757179133,0.23925046069870082,0.22042443012610657,-0.11218485362486692,-0.03138720639250128,0.003213636342721815,0.012674511931036359,0.1248593655559033
2,B_G,A_G,232,0.1672226080315321,4.3587712781520995,True,True,0.00935396998543584,0.07553413594590247,0.039421337881962226,0.021579798536444095,0.012225828551008289,-0.31444587374582944,0.04114646502985286,0.09644614311353217,0.09371385906752772,0.40815973281335716,-0.353670391352275,-0.28827164149750295,-0.061699531432516275,-0.030712646209798966,0.322957745142476,0.004522261383514095,0.026069900877674634,0.02965137734313339,0.015801163403521556,0.011278902020007364,-0.2352283153104991,0.0008454302316344697,0.1860681994396317,0.2197228430709937,0.4549511583814928
2,B_G,A_G,233,0.2178590050434881,5.208786033563011,True,True,-0.013602267873393817,-0.05295190357104995,-0.013731805807042918,-0.005927826527923674,0.007674441345470129,0.007850568180278628,0.004597713436596429,0.0030085714086234283,0.001486368054465781,-0.006364200125812847,0.04449350565329413,0.06676912953626002,0.04372635750653653,0.028370806612155408,-0.01612269904113872,0.002217905089316796,0.025214491532854877,0.024017303603517504,0.01380803898417804,0.011590133894861188,-0.5557314704282817,-0.4340009760127003,-0.2501595653817318,-0.19899052721659993,0.3567409432116818
2,B_G,A_G,234,0.9849219155394515,4.994101957876766,True,True,-0.003419029200313492,-0.017061545165247827,-0.0026452723853854776,-0.00099958378120657,0.0024194454191069914,0.024924164345474294,0.20947177964145344,0.23408947749791292,0.23152743033414203,0.20660326598866774,0.006947522895717054,0.0492987035315931,0.03225903293393695,0.019158459865873056,0.012210936970155961,0.018046503832285954,0.1942355100979043,0.261730372725803,0.25605796486895793,0.23801146103667203,-0.21262846703907004,-0.07696650034008368,-0.025741962396877316,-0.014068199905716838,0.19856026713335323
2,B_G,A_G,235,0.7869305473412042,5.461849916172026,True,True,0.007472406171956235,0.027290328999103608,0.00680981082017762,0.0032665377238894067,-0.004205868448066807,0.013330446766001487,0.10266509877655694,0.09131419166901811,0.08219872223730418,0.0688682754713027,-0.007293494655257297,-0.06163667552953994,-0.027518924495492647,-0.013877898746752382,-0.0065844040914950774,-0.4339231063983634,-0.18466847408825093,-0.005370048767086688,0.002865197229781846,0.43678830362814525,-0.09277279739417145,0.0581012808520705,0.12728195307734985,0.13920043097734064,0.2319732283715121
2,B_G,A_G,236,0.9450071695373876,3.0849641088378927,True,True,-0.005275932148143182,-0.02255742624358026,-0.007674121941970924,-0.003176645491449248,0.0020992866566938995,0.01688850454549572,0.15549807434598237,0.22656711373183608,0.2299140877160551,0.21302558317055936,0.011694371673487077,0.09884712134406376,0.08499427036148288,0.054015252731609564,0.042320881058122484,0.014562716144230246,0.14609789636723725,0.24405439392449602,0.25092029864047594,0.23635758249624572,-0.11029554261654329,-0.06514179528053449,-0.037666707947083156,-0.028880379106259735,0.08141516351028355
2,B_G,A_G,237,0.31906940066108536,3.176440890784738,True,True,-0.005343026025331057,-0.018907192854303756,-0.006835138735724389,-0.0035739878020105698,0.0017690382233204183,0.019360365584089958,0.18862369400635665,0.25957778155229194,0.25876567528785144,0.2394053097037614,0.007102640548681163,0.053754268161078145,0.033667707611718334,0.02040401607750031,0.01330137552881916,0.012711685856806813,0.13335970297460614,0.21845710590150946,0.21530523841372695,0.20259355255692013,-0.0888271847233949,-0.025776646072956932,-0.0037201450533298486,-0.0010016410936363185,0.08782554362975858
2,B_G,A_G,238,0.1407308089713878,4.120410329726625,False,False,-0.01691786181236874,-0.04348505205177089,-0.007291214405677038,-0.002827148672223223,0.014090713140145539,-0.13994645884800783,-0.05664052963532629,0.008505929956105884,0.013882951205281047,0.15382941005328887,-0.12754238051390335,0.08362833352974941,0.13058087077425828,0.09622328991937013,0.22376567043327344,-0.0019096136620921841,-0.017622119241358813,-0.014901718164151423,-0.007859990200658085,-0.0059503765385658935,-0.012747692644818665,0.09659809383905202,0.4400932902565124,0.5335865013648401,0.5463341940096589
2,B_G,A_G,239,0.9101999215062567,4.719895199364218,True,True,0.004977091620866292,0.031889068184771996,0.011817051902475284,0.006325560678139164,0.0013484690572729274,-0.008827553895451326,0.01917678056349137,0.04576931183351696,0.054792160261634804,0.06361971415708612,0.006836771422672645,0.05303550575915639,0.027676109826266893,0.01741073779890956,0.010573966376236865,-0.0049608907750825285,-0.028536164090790128,0.08367670034945218,0.09962744438410576,0.1045883351591883,-0.0018197563563332637,0.014439344920980882,0.03777564145811295,0.044809403213924875,0.04662915957025812
2,B_G,A_G,240,0.24001597138102138,4.06074886219851,True,True,-0.006340562474905269,0.00022603655337161133,0.012764182339703112,0.009012958696997697,0.015353521171902917,-0.667366018139433,-0.23350052236721497,-0.07805517544368057,-0.05428813367715235,0.6130778844622806,-0.10144874145692101,0.03889480579788335,0.2073096752519118,0.18751662736032626,0.2889653688172472,0.016854187010116435,0.15905892721140324,0.03886408578402334,0.019079871548313698,0.002225684538197159,0.051003392607233425,0.29846293481748026,0.40884034112022277,0.41340892693675346,0.36240553432952005
2,B_G,A_G,241,0.2551149732468575,4.835598940977801,True,True,-0.006789621837611899,-0.024530567917770085,-0.007964481267741186,-0.004702203231817026,0.0020874186057948663,0.010336011544511104,0.09681832241085447,0.1731465953689571,0.18935325924425894,0.1790172476997478,0.008736927410726975,0.08002197278917245,0.08399006926514385,0.05832246874908531,0.04958554133835835,0.014318657819105109,0.13961735265556752,0.25430846294762255,0.28291541802802056,0.26859676020891543,-0.04101795832846605,0.018369552737069528,0.05065518966997867,0.060845572400882564,0.10186353072934862
2,B_G,A_G,242,0.18360135326549332,5.093984992102357,True,True,-0.007974992452477299,-0.03847418113284784,-0.012101365286614763,-0.005522730455181257,0.002452261997295979,-0.15938411033423916,-0.10498824354357605,-0.04216362276897845,-0.026731641417947483,0.13265246891629168,0.013821293136336739,0.07968168675137044,0.03122703295978535,0.015594281749010341,0.0017729886126736094,0.00351942227581873,0.041104797782411606,0.03283993721880729,0.03126501620348365,0.027745593927664958,-0.14865360055076926,-0.05950541600269843,-0.012853645184988216,-0.003940993181074437,0.14471260736969482
2,B_G,A_G,243,0.4002196449630462,5.433252772679337,True,True,0.0019416102295504098,0.010819888250168053,0.003301089083776243,0.0022749454494175314,0.0003333352198671147,0.011035282720210968,0.10041645024078577,0.10456321411794256,0.0998197571771906,0.08878447445697968,0.004549315948083471,0.03817933870555468,0.02371721244545444,0.013881022396040499,0.009331706447957,-0.008148915254700587,-0.019695832448316408,0.12137196808798645,0.12542782964829735,0.13357674490299798,-0.1860358404080415,-0.11839644620843928,-0.08539612751367653,-0.0771641422758817,0.1088716981321598
2,B_G,A_G,244,0.24017107880062605,4.5731322117461755,True,True,0.0047209078058135096,0.017369704007412334,0.005959686030722722,0.003954004828734536,-0.0007669029770789315,-0.027054564805547555,-0.06188113389474448,0.014326655645094832,0.03626863057269303,0.0633231953782406,-0.005291012368573218,-0.03556226076645752,-0.016202656848856134,-0.009570050038436029,-0.004279037669862817,-0.008386397257002978,-0.07030539837799799,0.08162333438025637,0.11360363164382514,0.1219900289008281,0.0015428758742254134,0.029911980119008752,0.050338881914952616,0.05779769873635554,0.05625482286213013
2,B_G,A_G,245,0.62314274040989,4.311420977830551,True,True,-0.028098177992152334,-0.10863012026738361,-0.03022174503203512,-0.01570977004983909,0.012388407942313329,-0.07240845760136985,-0.0448604976432192,-0.0003635520947408155,0.00912608342750254,0.08153454102887248,0.024693805472860774,0.16725374507267204,0.08496301862461786,0.04750286595610709,0.02280906048324627,0.013197079737289126,0.12785097703782383,0.12391532821108453,0.09481326675412838,0.08161618701683926,-0.06129736150225873,-0.005328240873275214,0.002321299566590662,0.0016485508655949,0.06294591236785363
2,B_G,A_G,246,0.5453152306830288,5.376007274936052,True,True,0.018238512288849762,0.1393093601410203,0.07273154676003424,0.03940492417508101,0.02116641188623125,-0.2519956283439304,-0.3069613357716358,-0.18017212813410333,-0.1603690829483415,0.0916265453955889,-0.09272549869064758,-0.24867533352287075,-0.07459249480784247,-0.039441414043383305,0.053284084647264196,-0.012687130304173684,-0.12500814222897116,-0.10177617984604526,-0.06487590639284158,-0.0521887760886679,-0.019127130135767945,0.00020283988621894178,0.011633820449895249,0.015501002689100596,0.03462813282486854
2,B_G,A_G,247,0.6453005493173739,5.022657288807091,True,True,-0.011172117413388125,-0.01950636939814876,0.00014970635337763216,0.00024518832556885695,0.011417305738957051,-0.24195797915392675,-0.13109024587353896,-0.0453485130001422,-0.02700930776679089,0.21494867138713586,-0.07079056071784398,-0.20220810914397258,-0.06613811874341868,-0.03507327483341849,0.035717285884425465,0.00757422621817843,0.06615689062142388,0.08918003014302378,0.07725648161863341,0.06968225540045503,-0.04098754170781795,0.006037798058903948,0.031373485995396216,0.03872593838197633,0.07971348008979426
2,B_G,A_G,248,0.25449678296238665,4.896953025205361,True,True,0.02236030320286341,0.14537455800351312,0.09638776647402514,0.058705251971920336,0.03634494876905692,0.025183822332448758,0.11183102684096335,0.113407842906458,0.09315627711476604,0.06797245478231728,-0.34385978656269384,-0.29734103927016176,-0.07192747784769282,-0.03649154225840956,0.30736824430428433,4.5683296281961994e-05,0.026945862165522083,0.03412976135577228,0.02471503137143516,0.024669348075153197,-0.30559203341605634,-0.05191467660793836,0.06357648609874778,0.0967664759792588,0.40235850939531514
2,B_G,A_G,249,0.9736289788025612,3.975981886210831,True,True,-0.005801439957486616,-0.02723403540832603,-0.007715388629929043,-0.003747322169850631,0.0020541177876359784,0.010396059280522913,0.09924493603811799,0.16526958056201851,0.1774574946662349,0.16706143538571194,0.010413039198587014,0.08638975091971257,0.09622547487835253,0.07103307650348589,0.060620037304898844,0.012153830790673288,0.12473753990793546,0.2186335355906589,0.23158550258850474,0.2194316717978314,-0.04016991658199334,-0.005833524132676793,0.022117051109610958,0.031046340474885137,0.07121625705687848
2,B_G,A_G,250,0.8936890718966022,5.302363132078474,True,True,-0.008880546797098161,-0.03684347787355846,-0.0068000653913598,-0.002586181801989884,0.00629436499510827,-0.46166379099280846,-0.06802294548834731,0.03730476308559216,0.04679742240779461,0.5084612134006031,-0.2850617199760791,-0.2642503105626888,-0.05712038844904377,-0.029106042796177012,0.2559556771799021,0.009441500078027736,0.10474452494387487,0.08453537365131036,0.04874302863437452,0.03930152855634683,0.04825233010861962,0.156691656215721,0.21826659149164235,0.229155321088986,0.18090299098036638
2,B_G,A_G,251,0.12788564153925397,4.273127792835905,True,True,0.01515463167884993,0.10907956249665435,0.04878184974300048,0.026785907483854787,0.011631275805004893,-0.23815708571600133,-0.2843255341166121,-0.04969013163454816,-0.01096267229550607,0.22719441342049518,-0.14057320363845574,-0.24765083128897458,-0.051242348764902634,-0.025697512261504407,0.1148756913769513,-0.031455561389416554,-0.2926762604941979,-0.06961676713580356,-0.025229824577120863,0.006225736812295768,0.055112118332140844,0.407701696843508,0.42547581079852365,0.429312937899643,0.3742008195675022
2,B_G,A_G,252,0.9290661705399043,4.504134001863937,True,True,-0.001040597255148129,0.0007580793746789771,-0.0001846540868555291,0.0007181505557841694,0.0017587478109323262,-0.042159561627744334,-0.12381817520410154,-0.016749005315574994,0.006732559423474949,0.04889212105121932,-0.010277123092508438,-0.05577844484082917,-0.02277023636166209,-0.013264904710374337,-0.0029877816178659478,-0.017386429709154883,-0.14170465697672818,0.04359842675134307,0.07127970800296768,0.0886661377121225,-0.04911317441034857,0.0005195864390933336,0.02160014525045817,0.027972453001798403,0.07708562741214697
2,B_G,A_G,253,0.1371787327354691,3.743662565900187,True,True,-0.006756227968335846,-0.023782494169997004,-0.006443661342623974,-0.0032071299585416657,0.0035490980097941938,0.026409778245149885,0.2385267225088648,0.3055457515509664,0.3036361307429547,0.2772263524978048,0.011892483370350634,0.1002364733412347,0.07653155628124209,0.04850187094567482,0.03660938757532417,0.02464345991523728,0.23623101228383747,0.32578495000451413,0.3099727754020798,0.2853293154868425,-0.17516704490769486,-0.05600812700884239,-0.01578968571942696,-0.00490384203478722,0.17026320287290764
2,B_G,A_G,254,0.9784514162605529,5.240600499351199,True,True,0.0037155027148993783,0.008393125250016398,-0.0018843199181781678,-0.0013893041108238302,-0.005104806825723229,0.028993994474975512,0.06925400535957726,0.06967156875206149,0.06597967862620457,0.03698568415122916,-0.015293447552506514,-0.04846549082698509,-0.0036833567432646985,-0.0006723411730713558,0.014621106379435145,-0.1090890299670899,-0.26909069756575565,-0.004187120828494706,0.001392161748604126,0.11048119171569404,-0.05275529648969657,0.07097990065570231,0.15134584236349757,0.1654055956335866,0.21816089212328316
2,B_G,A_G,255,0.3314057116536865,4.71800577383821,True,True,-0.0024039873328856667,-0.006638527938530481,-0.0013302487294356569,-0.00011381233481777553,0.0022901749980679398,0.008165224120738397,0.07793803708840191,0.1355305691731682,0.1446196096980793,0.1364543855773409,0.0050213278140971915,0.044202854487870646,0.034060630109808865,0.020483941656307403,0.01546261384221026,0.0082432784735363,0.08454552631381645,0.15993810744366344,0.1773991870028474,0.16915590852931106,-0.03334104900764989,-0.004814586306839397,0.022263058363048094,0.031756338782713445,0.06509738779036334
2,B_G,A_G,256,0.9607085487388569,5.177979642882198,True,True,0.005639686868789941,0.0331016320406986,0.0104913698004504,0.005756804360225187,0.00011711749143517025,-0.0292785747553545,-0.14604640584719347,-0.08144599218939907,-0.054681513426002804,-0.025402938670648245,-0.009010027206406833,-0.04520632752426512,-0.023107201428961055,-0.01181724904780701,-0.0028072218414002537,-0.03534261205783422,-0.2808191845913177,-0.01638729073108347,0.03134464913703128,0.06668726119486557,-0.005728397498965587,0.023067612122505743,0.04094339758563559,0.047262587790142474,0.05299098528910806
2,B_G,A_G,257,0.2554306479318962,4.624384694472944,False,True,-0.037429185162749845,-0.2217141712549207,-0.13460654894114765,-0.08043336098596743,-0.04300417582321758,-0.054967060925855016,-0.04325049143815707,-0.009786892732189023,-0.0049328677014668365,0.05003419322438818,0.08092474340396794,0.13676129601650977,0.11708363846887282,0.08209894552139185,0.001174202117423917,0.0017478028241260171,0.001212459516340636,0.0021476813393340732,0.0012253557564764206,-0.0005224470676495896,-0.7725735635787024,-0.5810713075317706,-0.2917382794286846,-0.21027437665507642,0.562299186923626
2,B_G,A_G,258,0.12495872850711731,5.42192770078271,True,True,-0.001395183233641198,-0.008921832074869407,-0.004211809567228997,-0.002681301269882974,-0.00128611803624179,-0.4769194056356176,-0.3123630665819561,-0.13129649590702697,-0.10037762372058623,0.3765417819150314,-0.12925691256692284,-0.23158679816358535,-0.06441495675449871,-0.032990511076517404,0.09626640149040544,-0.0014880229642131038,0.00747966696235236,-0.0078092843522952204,-0.009916953499843784,-0.008428930535630763,0.05813940923837768,0.09121587775666806,0.10315731491033098,0.10245523804501755,0.04431582880663987
2,B_G,A_G,259,0.7149508326300178,4.507524367545391,True,True,-0.0020779543896336863,-0.010013760146343809,-0.002669354462929152,-0.0011609162242628424,0.0009170381653708093,0.00934710480074832,0.08269001877556115,0.14509154130396695,0.1584276630967676,0.1490805582960193,0.004490918973367959,0.04392405395659987,0.030875990960405497,0.018544830299097703,0.014053911325729751,0.00922925932728011,0.08445265951429731,0.14723788911296443,0.15582406030119256,0.14659480097391242,-0.020146367065748128,0.00033698948863791767,0.0035918915487525016,0.0024258075831863346,0.022572174648934462
2,B_G,A_G,260,0.006211301151140991,5.098434781324956,True,True,0.012717703308448194,0.12529087613151996,0.14379959520834895,0.1062874460924692,0.09356974278402108,-0.022320867508705655,0.018343272927201615,0.022252954510268208,0.015532213948865059,0.037853081457570714,-0.10703999691593746,-0.07789264889058756,-0.017897366150141036,-0.008843745281877924,0.09819625163405954,-0.0018553299047717395,-0.020095307820627517,-0.018264841973127943,-0.010402741175871144,-0.00854741127109937,0.05429295544446311,0.4458894371168214,0.48367908099605167,0.47462526725878074,0.4203323118143176
2,B_G,A_G,261,0.7869047209332262,3.0240521567295264,True,True,-0.00568020362044154,-0.028558184996795632,-0.0084815157124698,-0.0047646104732139705,0.0009155931472275558,0.02911962121756502,0.2644305331775678,0.33211218996363917,0.32385497059036994,0.2947353493728049,0.010596887795488417,0.08818051267483312,0.06099476678654414,0.03699981448111467,0.02640292668562627,0.01621295719435059,0.15791275612744293,0.2495938604024196,0.242926591328675,0.22671363413432444,-0.07595297419050862,0.04246615046359381,0.08166735762430588,0.09205510823511365,0.16800808242562226
2,B_G,A_G,262,0.21511609043835223,3.0669739681067942,True,True,0.0053713524205065075,0.019774325986060326,0.00528665852912058,0.0038450432020046277,-0.0015263092185018312,-0.04294034773072079,-0.2874560686128262,-0.1926999305593936,-0.15925946067282948,-0.11631911294210862,-0.0075053224615506675,-0.00107645875111545,0.016987348336584107,0.013129328254353312,0.02063465071590398,-0.057744095609531226,-0.39300903214814886,-0.09349245073127876,-0.04894864933624821,0.008795446273283103,0.0719186932732786,0.09083345165164336,0.10197255603979616,0.10655939820114124,0.03464070492786264
2,B_G,A_G,263,0.5169281785686575,4.4352906080638945,True,True,0.0037008976280298173,0.02422242426589183,0.010537008940027959,0.006175377663247383,0.0024744800352175522,-0.051426900129414525,-0.16409600624351217,-0.06322764037243911,-0.03689798603400973,0.014528914095404799,-0.00540057887949405,-0.031725914030851676,-0.016540667355354755,-0.00956863777798389,-0.004168058898489924,-0.019984022124024822,-0.18568158207481938,-0.01494147378661359,0.01948374676941078,0.03946776889343562,-0.0013971179974184844,0.007951912945056594,0.00668883532292841,0.004756926961937302,0.006154044959355787
2,B_G,A_G,264,0.8185276921940615,5.386160879578448,True,True,0.012206595901992526,0.1082763334203295,0.07437571348568761,0.044838633296190866,0.0326320373941984,-0.058060096074742495,0.05107584144625732,0.022819651768159477,0.016786868701799018,0.07484696477654146,-0.026852726914448385,-0.09069833626335616,-0.030532487437979317,-0.016220991045954758,0.010631735868493641,-0.006564522377832525,-0.07451109997102145,-0.01693165971657362,-0.007493175780175054,-0.0009286534023426052,-0.13732062687304636,-0.01739770946840702,0.07817282472664056,0.1128655452405456,0.25018617211359195
2,B_G,A_G,265,0.9247556544529547,4.5982388605378866,True,True,-0.005973771973224018,-0.017684964888543098,-0.0043219352778565145,-0.0026964826823023813,0.0032772892909216367,-0.07906179987671577,-0.14012510461217298,-0.047625157797728024,-0.019862945642559526,0.05919885423415616,-0.009800731075690454,-0.05428288521730129,-0.026109202755058347,-0.013134113973005346,-0.003333382897314885,-0.0005981603590192522,-0.003810223052211237,0.0751666115873536,0.10455618575398695,0.10515434611300611,-0.016488037520720644,0.020589614202058404,0.042178175301191945,0.04898574900427555,0.06547378652499619
2,B_G,A_G,266,0.9023857110460874,4.842986262958407,True,True,-0.0054909927670174635,-0.025402444659210044,-0.006001676027353464,-0.0030262113139776226,0.002464781453039744,-0.09685933467906667,-0.0534735936064929,0.02607452467605087,0.04294895405111221,0.13980828873017892,-0.0029182536951853563,-0.008913419038080128,-0.00360038776706062,-0.002381032434811914,0.0005372212603733661,-0.0012554740633036326,-0.0006228630173271688,0.0847007923753138,0.09795451930480237,0.09920999336810599,-0.08942340868880921,0.005005584078883296,0.04086136265445406,0.049361280216258296,0.1387846889050675
2,B_G,A_G,267,0.11681081735722298,3.3081580714231604,True,True,0.008726897751947751,0.05071293459058718,0.01622345343587117,0.007223059259254594,-0.0015038384926931991,-0.005652187835003493,-0.051266244435322156,-0.058254936428341064,-0.058171354515286544,-0.052519166680283,-0.0037108610743914958,-0.021838250379598356,-0.011037870023775764,-0.0065248694512650696,-0.0028140083768735114,-0.1935076052030874,-0.3570281238327317,-0.05928938253938831,-0.018464155639030366,0.17504344956405704,-0.03615322093095652,-0.01593896555963556,-0.0035207322385501505,0.0005937266076701531,0.03674694753862667
2,B_G,A_G,268,0.20896335374019015,4.799445836747315,True,True,0.00987532594194205,0.09700484656272834,0.03780992915341619,0.019368800842304523,0.009493474900362453,-0.04257169468311761,-0.012757285456194922,0.002817803840153066,0.0023639081867615763,0.04493560286987919,-0.05227491297543496,0.020687338756514295,0.030365433613137816,0.018768721824939383,0.07104363480037434,-0.0034498289657330927,-0.04422671051075078,-0.024217323291315318,-0.011816858768980198,-0.008367029803247106,-0.2455604526068088,0.1675687843372078,0.23041703410258996,0.22615765968257928,0.4717181122893881
2,B_G,A_G,269,0.3171991366123924,4.646942346531885,True,True,-0.011520281361173182,-0.07788430159469584,-0.046407628108481425,-0.027661149781877392,-0.01614086842070417,-0.05191124034106642,-0.023599949548860466,-0.0038585655270909625,-0.0018741338422932907,0.05003710649877313,0.02146414897052573,0.052680767770320935,0.04196971943462091,0.027301691485717816,0.0058375425151920846,0.0001410754133796266,0.001688355058383606,0.00397996951388746,0.0019038069958591253,0.0017627315824795264,-0.6001806639099054,-0.3106811321549888,-0.0514218975578109,-0.002630781649411551,0.5975498822604939
2,B_G,A_G,270,0.3713896578735093,4.7378361577455905,False,True,0.002416099265052908,0.04167495461880594,0.03012091883369461,0.016136124723792,0.013720025458739071,-0.2928799807682091,0.0045913545528528665,0.05905796821261278,0.056065487746298937,0.3489454685145081,-0.1988752393461335,-0.25306789711721733,-0.06235888969240899,-0.03093656757027119,0.1679386717758623,0.007405325007081784,0.07097749153638322,0.09517925194452415,0.08056441388460822,0.07315908887752642,-0.011042113898228543,0.05190705140932789,0.11999647969451582,0.13337853325586457,0.1444206471540931
2,B_G,A_G,271,0.6251393170469292,5.413344859130801,True,True,-0.0010491184524754962,-0.021815283798316265,-0.039187552142144866,-0.028905123352237383,-0.02785600489976192,-0.03919062086228997,-0.01741085649287155,-0.002415144302985839,-0.0009881977269328157,0.038202423135357155,0.040490505206758676,0.0833172186563218,0.05597152448256282,0.035877671195333694,-0.004612834011424982,-0.0003969108794148399,-0.005771088353418441,-0.00639972706070846,-0.003691945377474859,-0.003295034498060012,-0.5410094276447108,-0.06971931466750625,-0.009051748477219124,-0.004332964173415332,0.5366764634712955
2,B_G,A_G,272,0.056370025778447186,3.8310761995781193,True,True,0.0002512116041225726,-0.005401555867196928,-0.0038475850224982677,-0.002495407958526874,-0.0027466195626494327,0.018891709894443737,0.17687756386730186,0.20633471352991029,0.19916545899202465,0.18027374909758087,0.007751852878758771,0.04759595837229963,0.02495762066987628,0.013636278604713725,0.005884425725954934,0.00032022630337989744,0.0028635994058282543,0.11630010157777204,0.13482052906417963,0.13450030276079972,-0.16563674967536768,-0.05984423596244559,-0.024876460226462616,-0.01502741391648732,0.15060933575888036
2,B_G,A_G,273,0.4938136538053216,3.0474379875086206,True,True,0.001849256833645875,0.008314003869280495,0.0024294508491774502,0.0010216868124740541,-0.0008275700211718418,-0.005741372519758179,-0.0020534828473346145,0.04736822366022381,0.06666186507023053,0.07240323758998868,-0.0031429848000755975,-0.02609073164610115,-0.013022877638972918,-0.007817218628528022,-0.004674233828452334,0.003157195438601171,0.03815511869267352,0.13912092205513316,0.19565801286419537,0.19250081742559422,-0.07261860398270656,-0.015101908696865174,0.015986273959694097,0.026646519556254578,0.09926512353896114
2,B_G,A_G,274,0.8240922412732562,4.628590617820292,True,True,0.0012532677239469672,0.00776428230162407,0.005320304566067691,0.0018893951405212217,0.0006361274165742614,0.02991437394429204,0.17203792440008775,0.138626507752588,0.13213654289471533,0.10222216895042324,-0.008621546124782636,-0.05661056220945443,-0.019068131347786177,-0.009424989483476809,-0.0008034433586942002,-0.8231090751414432,-0.16388350716005717,-0.015203483649975258,-0.007901512592485282,0.8152075625489579,0.0910433833483986,0.26607406955607965,0.36099883895274465,0.37701756853725454,0.28597418518885587
2,B_G,A_G,275,0.06411987493787608,3.522340509977334,True,True,-0.006117293427330056,-0.035623697083132067,-0.014337825052437747,-0.007911554664925768,-0.00179426123759574,0.10182086212949187,0.42970502814017286,0.34601794239035466,0.3095370671247887,0.20771620499529686,0.010646102644466825,0.0710390934670006,0.040050607717585174,0.023457882845757005,0.012811780201290146,0.02160202672892185,0.19330927492673178,0.20928454182074008,0.18558627268770034,0.16398424595877847,-0.4491725797730498,-0.21775814537814542,-0.08804046576432778,-0.0654014400643993,0.3837711397086505
2,B_G,A_G,276,0.6431237444161805,3.7930654453737724,True,True,-0.03804026940767286,-0.11527593674619796,-0.03205815338547524,-0.016494229761888635,0.021546039645784276,-0.08905810879815179,-0.06099957905147246,-0.010305109747545949,-0.00511221596464051,0.08394589283351128,0.05346603072334376,0.2133968121611931,0.28883307080137366,0.24418943347817468,0.1907234027548309,0.0051123396485005315,0.050142805550944025,0.06069125899710204,0.04301485407297756,0.03790251442447701,-0.24257627668808984,-0.14770756878823155,-0.014653554128047586,0.023554776456164772,0.26613105314425467
2,B_G,A_G,277,0.2589382668930226,4.679258326767659,True,False,-0.0010338650949313216,-0.006284947305248423,3.7773713231215034e-05,-0.0010330644262969146,8.00668634393098e-07,-0.08343672939492237,-0.2913732693037204,-0.18171843925711295,-0.1564184770397158,-0.07298174764479348,-0.05338756811644216,-0.1846898549855971,-0.06298680480657715,-0.0326469576777052,0.020740610438736984,-0.026513709054437305,-0.24838186552762892,-0.12811164985293422,-0.08140667712352267,-0.05489296806908539,0.03464912598854453,0.05011273503021463,0.06446483969545014,0.0691440777630895,0.03449495177454498
2,B_G,A_G,278,0.35703595660802,4.580168738881886,True,True,0.029180565847371012,0.16308133550992576,0.0509957056787107,0.02675509721007896,-0.002425468637291983,0.2292015638003374,0.09692531385301084,0.15387621612902058,0.15577543540706096,-0.07342612839327645,-0.08967157816570412,-0.25340336914721007,-0.05711095297829216,-0.02890612243176971,0.06076545573393444,-0.0680718663289565,-0.4203186763009736,-0.11287751559572246,-0.06234895802945062,0.005722908299505836,0.01870010047746972,0.1433924373698142,0.2974735082318811,0.3434985244812722,0.3247984240038025
2,B_G,A_G,279,0.028855809173727542,4.8628975742274525,True,True,0.03037849644490677,0.22163090314480233,0.09974901701281735,0.052492916178726645,0.02211441973381989,-0.04569288879319094,-0.1654991036540579,-0.0017208384380487107,0.025844549350645285,0.07153743814383628,-0.09846003955295166,-0.3880764552667465,-0.1062661269551306,-0.05467102658788414,0.04378901296506754,-0.030018148301245114,-0.2835975387414642,-0.12369089582946113,-0.08585601967459255,-0.05583787137334739,0.05780207501889757,0.14865450904113978,0.1833342081659231,0.19143078048105489,0.1336287054621573
2,B_G,A_G,280,0.7493549302437614,3.543199594225216,True,True,0.01111283104066943,0.08564798955395236,0.04629859362543831,0.026660065491000418,0.015547234450331016,-0.1255036034088134,-0.017513347481586283,0.014142896022049434,0.008427583014590012,0.1339311864234034,-0.0922352047264986,-0.22174082483637153,-0.06184420243137623,-0.03134693251943488,0.06088827220706372,0.0025485406725365284,0.026589798609747306,0.00016879795139157494,0.005032845524992502,0.0024843048524559874,-0.006116138076747244,0.03031076663686233,0.0928411818901616,0.10673836049756924,0.11285449857431651
2,B_G,A_G,281,0.8158346641444948,4.792946286919322,True,True,0.030674394530783286,0.20126243611800398,0.08127668287878775,0.043663540016043334,0.01298914548526009,0.02527063750930525,0.11836258748916528,0.14879671968287944,0.13528222019173408,0.11001158268242883,-0.41553322280464977,-0.320662305258265,-0.07187539125255926,-0.037203513918717124,0.37832970888593265,-0.0016358170803347297,0.009374299728180047,0.01054338802997401,0.008662501308871584,0.010298318389206251,-0.11588768702171018,0.01649254059868499,0.15141089466397623,0.18820630397563987,0.30409399099735
2,B_G,A_G,282,0.5382188001999875,5.1497352815811785,True,True,-0.00031072030560956587,0.006013417794014375,0.0035198109386336274,0.0017807800261294693,0.0020915003317389935,0.004066314818721883,0.015214731450935104,0.010330110595573094,0.006269611599866276,0.0022032967811443926,-0.02251156347720662,-0.008508015502160404,-0.0008410775947493843,-0.0007039284146027613,0.02180763506260386,-0.00012305934811158992,0.006815001579612456,0.0033308911043269385,0.0020276418090929837,0.0021507011572046153,-0.4633428811241756,0.08890097345107628,0.1474819302372321,0.13786876340238663,0.6012116445265623
2,B_G,A_G,283,0.4703556589639527,3.9529059900839942,True,True,-0.011186574309734298,0.029928655680259098,0.05634804485721545,0.03494152293158481,0.046128097241319055,-0.03282259024973311,-0.04298852812856202,-0.007975522851165762,-0.0038557007081144734,0.028966889541618634,0.032572819457378305,0.1864266414487752,0.17886072515185547,0.12554514900150981,0.09297232954413148,0.005860337637110642,0.06963723707991198,0.07306677434388786,0.047376794323047644,0.041516456685937064,-0.3570002909857184,-0.10180746833454724,0.010192428193203651,0.04453446504369929,0.4015347560294177
2,B_G,A_G,284,0.8864799770742293,4.595081797165625,True,True,-0.00045790714742311583,0.00038117492671030373,0.002331265949342076,0.0016812173385707396,0.0021391244859938485,0.010193238909411609,0.1488103724138889,0.21201406098779174,0.21381491989958845,0.20362168099017686,0.005291392570052303,0.030235711870893023,0.01605440521541801,0.009346761822181304,0.004055369252129015,0.01079068747889906,0.11158610880148873,0.19512301059079107,0.19601194196869376,0.18522125448979465,-0.0939874799078595,-0.013223991219541098,0.02019340519526769,0.02918696174227975,0.12317444165013924
2,B_G,A_G,285,0.42000216433212234,4.515802628211036,True,True,-0.010570362787834416,-0.02647774086966237,-0.0063457051420490185,-0.003021010635746224,0.0075493521520881846,0.031050411118327237,0.07201779692079224,0.042377693399582084,0.035293323417065925,0.0042429122987387435,0.027654684161639735,0.09234620019218487,0.027062654752826543,0.014361863233494754,-0.013292820928144988,-0.004723912790822987,-0.034512256904002836,-0.00965045289313271,0.004947669330702675,0.009671582121525635,-0.11375567828873245,-0.015779259606851892,4.926169032959393e-05,0.00019754049694931108,0.11395321878568176
2,B_G,A_G,286,0.024645604612260952,3.3366304316984587,True,True,-0.006803848027365361,0.0015126765416828558,0.02266483402428532,0.012668811394233148,0.01947265942159848,-0.6705000186843527,-0.2292484269242494,-0.08872549356702264,-0.06075090625251156,0.6097491124318412,-0.053998626554436616,0.11925657192191458,0.25549399341972634,0.22353395404264986,0.2775325805970865,0.0046479338058423025,0.049293886989136504,0.01909417495972998,0.009830157015277008,0.005182223209434622,0.2081248448942375,0.3505661404072747,0.3997989754617274,0.4001875274151402,0.1920626825209027
2,B_G,A_G,287,0.7238560477258663,4.810173426969821,True,True,-0.003188011456381319,-0.017086203092483765,-0.0031859271303545933,-0.0021262546759136525,0.0010617567804676042,0.01561875033375635,0.16502389926179456,0.21746064123824083,0.21611377660866526,0.200495026274909,0.008685522878143677,0.061383786151994024,0.03544833695909988,0.020136276479276738,0.011450753601133123,0.015296837515108179,0.1464931665862378,0.23545317264117216,0.23384355402662305,0.2185467165115148,-0.032726554863853674,0.02543771103522563,0.057309596637302174,0.06682882245758304,0.09955537732143671
2,B_G,A_G,288,0.41823381958274997,4.323188725332508,True,True,0.0008120813627529866,0.008807750000071835,0.0021936119202768944,0.0009884509837367883,0.00017636962098377396,0.002684458893288156,0.03173005635895093,0.06329391439393584,0.0694379885455308,0.06675352965224263,0.000823082229692039,0.010309263060158835,0.01023227002492244,0.008659949251717314,0.007836867022025351,-0.0021092546071220866,-0.015607287731635833,0.04997173355206941,0.07230041208857096,0.07440966669569304,-0.04452450198528695,-0.019881069777391208,0.009121613640010073,0.019158798956013023,0.06368330094129998
2,B_G,A_G,289,0.7020687317133386,5.408947762019954,True,True,-0.00019762737256977247,0.008017395240657366,0.0045506758292996885,0.002162852350930611,0.002360479723500397,-0.038651897358571885,0.058599171801353545,0.05464992457435047,0.03949288807798901,0.07814478543656089,-0.18961339213117448,-0.14951326025839906,-0.03159149162278452,-0.01515434906163049,0.17445904306954396,0.005129824695438073,0.04667391542962057,0.0595151048521213,0.043594530192713754,0.03846470549727565,-0.12262941912304937,0.04758689562895435,0.10440577833848108,0.10387167983957124,0.2265010989626206
2,B_G,A_G,290,0.765294809774064,4.403635594754376,True,True,0.0038340431464927993,0.047014497630748886,0.02362457742057722,0.01377167382428901,0.009937630677796294,-0.0763828090355702,-0.24323729212494616,-0.12945096770838183,-0.09373747441333513,-0.017354665377764977,0.008696266112687583,0.08661785252589305,0.06167177641703081,0.03728785722001082,0.028591591107323233,-0.006797882007855902,-0.059315975800819154,0.019059495606173926,0.04318293903836157,0.04998082104621748,-0.011892471889705152,0.042901262250011674,0.0612157389675069,0.06699321485099968,0.07888568674070484
2,B_G,A_G,291,0.13103526317215386,4.744235816705594,True,True,0.0054161851453663895,-0.0001541150772316202,-0.0025860940809779853,-0.001761227740482041,-0.007177412885848389,-0.3367527765212673,-0.03270008257275725,0.03862262537094341,0.04487688230899767,0.381629658830265,-0.17917558472859607,-0.11366472436025277,0.00925205738592072,0.008393548817695828,0.1875691335462919,-0.008017888840898033,-0.0797297889780838,-0.03271752748707124,-0.01501223876928759,-0.006994349928389543,-0.04284497508472348,0.15741173407953377,0.367287215146716,0.4024604281741345,0.445305403258858
2,B_G,A_G,292,0.5180437556217914,4.948790665127429,True,True,-0.005267673437308676,0.0026774174292574227,0.006148014565729665,0.0038241922173851695,0.009091865654693776,-0.05718605131495069,0.0013836740541089965,0.05174072751320535,0.05166603231030098,0.10885208362525167,-0.13116893033755148,-0.033582852702352395,0.0942295139360445,0.07387645510171736,0.20504538543926887,-0.008996307810260298,-0.08734078694652048,-0.03955567473613242,-0.01999774005252497,-0.011001432242264686,-0.016409630334560915,0.1092789408885809,0.21435098835244137,0.2476373847734462,0.26404701510800715
2,B_G,A_G,293,0.09452261282188834,4.99750278740956,True,True,-0.00034501757353946894,-0.00980956634406116,-0.0010872493924221072,-0.0005848530539667163,-0.0002398354804272751,-0.1626053776462159,-0.2852481738134324,-0.15184174429905772,-0.11868242880178004,0.04392294884443593,-0.0250978910704523,-0.07614611031181506,-0.025240323380592344,-0.014393543824917754,0.010704347245534596,-0.011737907926140566,-0.12064109381574722,-0.05837480653068183,-0.02640389643563401,-0.01466598850949341,0.04573320162529426,0.06913622656207008,0.08472781349949265,0.0897227019285538,0.04398950030325954
2,B_G,A_G,294,0.9300551365689423,3.098542904823726,True,True,0.0009203556883684016,-0.001186060548007184,0.0007161722576820573,0.0006982432858654297,-0.00022211240250291642,-0.03798705812738182,-0.14950604390420985,-0.08571743627007145,-0.06725237681801044,-0.02926531869062854,-0.00974647649312238,-0.05547654921034262,-0.025651901762100082,-0.01398013562995748,-0.004233659136835155,-0.03722535245677057,-0.2854530033574374,-0.029966066388018464,0.007521962588277753,0.044747315045048364,-0.01598480455324547,0.012336789934740078,0.03034107516244433,0.036601979227307124,0.05258678378055259
2,B_G,A_G,295,0.6146546447133027,5.179918457647899,True,True,0.006289939933504324,0.018662031995574035,0.010701646311671253,0.007118141951956258,0.0008282020184520178,-0.011226911668731243,0.0217523451457714,0.031180912734769972,0.025418338020606668,0.03664524968933791,-0.09516249977758306,-0.0661666832862019,-0.012266943810921416,-0.0058822672780401986,0.08928023249954287,0.0004616879340934299,-0.0004363178508996479,0.0035065024917751986,0.002487296631413116,0.002025608697319603,0.003931157197243022,0.1893397324042532,0.4118056557777576,0.46206226359916786,0.4581311064019248
2,B_G,A_G,296,0.9816526153430727,5.358499058776159,True,True,1.031731297126276e-05,-0.005370537663779373,-0.0031646136557281768,-0.0024767218741427177,-0.002487039187114015,0.008782607100859194,0.07958278690421433,0.10303139178837628,0.10225240859574924,0.09346980149489004,0.0022011145765439555,0.009324104714702297,0.007719233760598798,0.005250981125547671,0.0030498665490037435,-0.08657011698235552,-0.26556842926936763,0.035522402512787155,0.04486557384961509,0.1314356908319706,-0.020271826677335514,0.008019245144413878,0.00473286690341479,0.002677142965810231,0.022948969643145745
2,B_G,A_G,297,0.10057597814877328,3.2245520193521537,True,True,-0.0346511117854859,-0.10971608783450326,-0.029121965333265276,-0.013889023241343446,0.02076208854414252,-0.2179387190296947,-0.15099471756588406,-0.027630957306258752,0.0009522305320459612,0.2188909495617407,0.01770365791799688,0.1263556156332974,0.06418977143400295,0.03591029934096179,0.01820664142296491,0.01888652524379847,0.19108746084411588,0.2143505361855388,0.19322280040506756,0.17433627516126915,-0.09318770381709035,0.018947446585502903,0.053530882101879784,0.062035669802669335,0.15522337361975969
2,B_G,A_G,298,0.8789555874391183,4.483025470799995,True,True,0.013592520497826069,0.13894380729661854,0.11841588912565248,0.0706326414007219,0.057040120902895786,-0.04249949528437735,0.0797820109684585,0.04194329349557391,0.03615410897600646,0.07865360426038376,-0.028714870995022915,-0.1262250530842723,-0.04160476938086222,-0.022233049947299466,0.006481821047723546,0.012743923798520095,0.12714780324283115,0.05973355124276403,0.025852166725342074,0.01310824292682189,-0.38840089996985444,-0.2054046741056938,-0.09862231051661385,-0.06416600379879223,0.3242348961710622
2,B_G,A_G,299,0.338934399119892,5.365188523067652,True,True,0.0018236187045570958,0.03989323508417614,0.1018863076071801,0.1018369436427412,0.10001332493818405,0.022109716885934994,0.03353645783760961,0.016576917117342105,0.010030450461090745,-0.012079266424844248,-0.0247442599624067,-0.03141332459427404,-0.008969052031263525,-0.004813580157409292,0.01993067980499741,0.0013864661556881458,0.016765199061899716,0.015999962781068633,0.009952340451411912,0.008565874295723752,-0.7001561089897533,-0.1480255081552897,-0.0004752469763764644,0.005776903876176354,0.7059330128659297
2,B_G,A_G,300,0.7531918580085608,4.921899086495019,True,True,-0.0061815797936819045,-0.026694049739442116,-0.007586807904779613,-0.004265694053061986,0.0019158857406199603,-0.008712186953470057,0.009304579386502476,0.08911947613534588,0.10562771213123501,0.1143398990847051,0.003838191013605649,0.023272983625715282,0.006967327803760415,0.005913781252618877,0.0020755902390132697,0.0036869989470870584,0.04845740797460807,0.11682407654609805,0.12284123355161503,0.1191542346045279,-0.034904524066982634,-0.0037085814661491634,0.00014167743471193983,0.00011202044933933397,0.03501654451632197
2,B_G,A_G,301,0.3460751633913952,4.481980772627945,True,True,-0.0023062609882711846,-0.009435299414592313,-0.003221726365169819,-0.0007812533986946146,0.0015250075895765214,-0.003603021530784213,0.06235613026308967,0.10475455735394656,0.10746786757201832,0.1110708891028025,0.005692702790478919,0.0314215636201593,0.013201291634541978,0.007491861394888555,0.0017991586044096008,0.00038862535481366117,-0.0013692878377483675,0.12594523805525026,0.12601968311930245,0.1256310577644888,-0.07507835649827,-0.018203281518713643,0.008831658576171852,0.016910457222910402,0.0919888137211804
2,B_G,A_G,302,0.6194178850524857,3.700329406188898,True,True,-0.0016537397720514171,-0.01762479418256968,-0.006882450885824398,-0.004090066444116913,-0.002436326672065503,0.047369159129819885,0.357374263051977,0.3379361461150349,0.3153451602422741,0.26797600111245423,0.01410390364667971,0.10822395935320994,0.07065693515235616,0.04209790184048556,0.02799399819380588,0.01310771828635611,0.1406047397491596,0.23691850468210185,0.23464315334113894,0.2215354350547828,-0.3015069577130694,-0.06174671635835782,0.0031235019145776644,0.01616489115627462,0.317671848869344
2,B_G,A_G,303,0.38892983987967233,5.043872459665777,False,True,-0.004553219327914922,-0.023285436188485886,-0.010197121893397498,-0.005300744616620445,-0.0007475252887055861,0.1266136132441822,0.33314693346864294,0.2234753725864006,0.19155258220102822,0.06493896895684603,0.0007546831040106394,-0.002112015835358305,0.0013164260299397545,0.0017112338628917367,0.0009565507588811251,-0.8618369677946807,-0.3105826381192055,-0.021665247768973384,-0.012750173673281018,0.8490867941213996,0.008876114327258988,0.128711178195986,0.21233548838198624,0.23925338728502124,0.23037727295776225
2,B_G,A_G,304,0.983465846313331,3.363460627901996,True,True,-0.004354156687478954,0.0004947878223264812,0.0026948018334199686,0.0013788060870597585,0.005732962774538719,-0.050669325861987566,-0.13781586145557084,-0.0703005896092499,-0.04812921945872162,0.0025401064032658516,-0.006091390536931432,-0.0008036388665323968,0.00914322029553516,0.006334538081581131,0.01242592861851255,-0.030974242559290335,-0.23238565933082123,-0.028919260306721317,0.007962646112148808,0.038936888671439185,0.034646715152929726,0.09157306349900687,0.11308610832294165,0.11944345124683986,0.08479673609391011
2,B_G,A_G,305,0.48471095852107005,5.21038661041554,True,True,0.004666486657540964,0.024266770310519936,0.006850769339674434,0.004213345388130119,-0.0004531412694107617,-0.005652451171122813,-0.03731111270661247,0.00046229932680819097,0.00880678245339872,0.014459233624521506,-0.007176230864926282,-0.047770672661248625,-0.022833611340371984,-0.011937706930328695,-0.004761476065402448,-0.26260835586020925,-0.3991938707567537,-0.05796859151067202,-0.015438565594653286,0.24716979026555597,-0.03185599360068114,-0.00018247951381478167,0.015147260064833912,0.019365765169672366,0.05122175877035351
2,B_G,A_G,306,0.9409748299405202,4.732579569259786,True,True,-0.0035503076109520276,-0.011952834126182088,-0.0019410117740155108,-0.0006073812858697902,0.0029429263250821958,0.0035512716223338493,0.05294720542926579,0.1111876537957508,0.12309870797862599,0.11954743635629217,0.0011595948158733202,0.011996910010642181,0.009536364239074668,0.006495428986353913,0.005335834170480558,0.006361962596512248,0.0679928694188432,0.14735131046535,0.1654658521772857,0.15910388958077348,-0.017606517670009425,0.012736882451493181,0.04000952109376543,0.049210283127379184,0.06681680079738861
2,B_G,A_G,307,0.41676098453401766,5.1272081923647885,True,True,0.0003298375513216545,-0.0017471831316396846,-0.0009966247568305997,-0.0010458322347921545,-0.001375669786113809,-0.16283464668031525,-0.13476357779208742,0.018409965266714567,0.042567404299601375,0.2054020509799166,-0.020247067032902785,-0.08660316827441755,-0.0325248500865043,-0.016960694762863437,0.0032863722700393616,2.0155950204429895e-05,-0.0092984201065055,0.02559400857541616,0.04640740395717635,0.046387248006971915,-0.24075417394381293,-0.06371241508656955,-0.03275770207809414,-0.024888551974344142,0.2158656219694688
2,B_G,A_G,308,0.21669817319945672,5.482491141216036,True,False,0.023492397482425403,0.06768354946054267,0.023164815980316722,0.01264103611337386,-0.010851361369051515,0.01847053621323691,0.08039396934392651,0.11882313417350399,0.11653017008172917,0.09805963386849226,-0.2907558667200145,-0.1838015150332778,-0.0383462869337432,-0.019228166110191403,0.2715277006098231,0.003464937775172622,0.030331197943562316,0.05235402128749389,0.050527249560810894,0.047062311785638244,0.013785004300600992,0.1528883731488141,0.3475766101043634,0.40351159010000764,0.3897265857994067
2,B_G,A_G,309,0.09686043014277335,5.453872976857715,True,True,0.0011314055149808308,0.001485266006506225,-0.00129769110750233,-0.001074207505149305,-0.002205613020130226,-0.05383318956436135,-0.1211552662307458,-0.029612010776876252,-0.0018727640794946598,0.05196042548486668,-0.01022854461536251,-0.057753298771581085,-0.02574284431236351,-0.015087408398506086,-0.0048588637831434855,-0.010688893650387325,-0.10354743152290447,0.03027483814258569,0.07255612341702045,0.08324501706740772,-0.01646128127963742,0.014901282167910201,0.03610222699706511,0.04337562297424513,0.05983690425388255
2,B_G,A_G,310,0.7653054155022725,3.9136867980304757,True,True,-0.002883428312395922,-0.01865370170126035,-0.0043193712849886046,-0.0022048644263958916,0.000678563886000072,-0.17713293813008357,-0.09778020011761313,-0.017566251938039068,-0.008666215189708781,0.1684667229403748,0.02653298762112763,0.24349698507741152,0.4279728227903969,0.41072275313161355,0.384189765510486,0.0013228087160167962,0.014298292780165311,0.021061443402090818,0.019885372818634117,0.018562564102617363,0.006469056280376851,0.08534536510004492,0.1670596552352857,0.1873698998808011,0.18090084360042424
2,B_G,A_G,311,0.6930336290100408,5.1232245497973254,True,True,0.012779688059988775,0.0747581110376333,0.028850466650586992,0.014348725147175445,0.0015690370871866977,-0.043987532103464386,-0.13799621894294728,-0.06664817193333628,-0.04306862506314535,0.0009189070403190502,-0.01887396462844851,-0.10508425016534828,-0.04737780040050532,-0.026473525009144128,-0.007599560380695536,-0.019309661611455864,-0.16668096929578335,-0.017387657649067245,0.027558799713742532,0.046868461325198396,-0.04956787377756389,-0.03070773425691653,-0.014191491556792002,-0.008293441426473924,0.04127443235108996
2,B_G,A_G,312,0.743645648455421,5.105841159010193,False,True,0.018318009944419855,0.16364019565317395,0.17955097132680542,0.13255104300534126,0.11423303306092147,0.008514973456436148,0.036566701244620914,0.02420596702271316,0.015676436272441974,0.007161462816005826,-0.11098357678443682,-0.08750277687114716,-0.022266090601028132,-0.011507482815763526,0.0994760939686733,0.0005788034375578469,0.004670272231194539,0.005209622040944217,0.003366500547917317,0.0027876971103594217,-0.34715189430413856,0.06978662654911694,0.07634055225972591,0.06301165791229435,0.41016355221643286
2,B_G,A_G,313,0.11225010385409984,5.020717733811071,True,True,-0.007515050011503439,-0.042844495269510174,-0.014843966826892374,-0.007063296487964665,0.0004517535235387671,0.02854540084512497,0.23419313432003788,0.25445427409957433,0.242463351467342,0.21391795062221702,0.007955911142564047,0.06862002198302897,0.04648459831870955,0.027872542500565922,0.019916631358001924,0.030017149256221863,0.3030120889064831,0.2606147963218459,0.24247776381459663,0.21246061455837473,-0.23608113046100637,-0.10792161728606847,-0.023978601460667437,-0.008006121034289604,0.22807500942671677
2,B_G,A_G,314,0.607488077673269,4.756530100651046,True,True,0.0020618006807409037,0.015516954091760016,0.007749963177555719,0.003820437551899647,0.0017586368711587363,-0.01944917659217756,-0.0044389010394003114,0.058777296264492795,0.07598339595444914,0.09543257254662663,-0.0021062815858624018,-0.015476588332084873,-0.008077755922118346,-0.005953143254974647,-0.0038468616691121893,0.004848185072800319,0.04156686537130161,0.13407077000150225,0.15982783553788193,0.15497965046508166,-0.04040478719706725,0.002923365847559811,0.026820624137148197,0.03467479274768648,0.07507957994475373
2,B_G,A_G,315,0.8398410916060326,4.5470164402454145,True,True,0.008545717615955947,0.04746323235345684,0.017750601085369744,0.010220509660617827,0.0016747920446618103,0.16804759343554174,0.1063171064418934,0.08059574316989349,0.0685042452362592,-0.09954334819928257,-0.030217328529132205,-0.1032642656420143,-0.026870330970987122,-0.013551529274188123,0.016665799254944158,-0.004556597649701011,-0.02922314945351312,-0.003746305807272421,0.007946863083079236,0.012503460732780303,-0.3517202535060565,-0.13901026369943698,-0.010379338735765353,0.029842400633203203,0.3815626541392597
2,B_G,A_G,316,0.9192978244298069,5.400348331218496,True,True,0.0014723435179611125,-0.004809340340302448,-0.007778835772788373,-0.005499292244934506,-0.006971635762895612,-0.14161763911145409,-0.04801747279380142,-0.001940414216716313,-0.00013269763004475355,0.14148494148140933,-0.16160001129369655,-0.0010426468691323576,0.07913428880687912,0.06052912552491274,0.22212913681860924,-0.003061277830154391,-0.0480760121561673,-0.017688852790739173,-0.007549102049911327,-0.0044878242197570195,-0.038461691374017004,0.1983773651830819,0.282241923282063,0.29112983813116977,0.3295915295051868
2,B_G,A_G,317,0.4136398857098005,4.116432154909052,True,True,-0.0074615032159647335,-0.02789072451771435,-0.008447579685910145,-0.004934372702538825,0.0025271305134259014,0.019585425495000815,0.17928021892209217,0.2601763821147468,0.2654359135968918,0.24585048810189092,0.01403454673499575,0.12631849476711832,0.1254126750115674,0.0855785667143476,0.07154401997935189,0.017580159785566415,0.1736936182890264,0.28554551607439804,0.29369103730152457,0.2761108775159582,-0.029620806930206633,0.026781618135786278,0.0579552100323531,0.067352656182949,0.09697346311315563
2,B_G,A_G,318,0.405984914873878,4.238827365853572,True,True,0.0027391935949739807,0.013405844465458672,-0.00010297362581968006,-0.000666005342921494,-0.0034051989378954817,0.006177295015985025,0.0489604381923916,0.038085499689630486,0.03783792408547415,0.03166062906948919,0.0023864830132438036,0.02083953579304454,0.011682088124877033,0.006374583344105678,0.003988100330861943,-0.045641415169909855,-0.3169539400480845,-0.018329349894750768,0.0072382722439179314,0.05287968741382787,-0.13621906637793835,-0.04224840483187342,-0.007550253607284008,-0.000676350768233025,0.13554271560970532
2,B_G,A_G,319,0.3254492203534036,5.1006562008118355,True,True,-0.0008853635606176982,-0.0005049126371960977,0.0008594448218558481,0.0003012759737046622,0.001186639534322409,0.00039371231336059534,0.014350797640203972,0.04624736006393654,0.05938173873211949,0.05898802641875889,-0.0005823548017332911,-0.00373192381790427,0.005375134469470133,0.0034627961861088963,0.004045150987842194,0.003472722746200696,0.03288934890801709,0.09209027255574687,0.11233298745839648,0.10886026471219579,-0.05959881766950593,-0.03650784588683628,-0.007911778689132482,0.002284714775269897,0.06188353244477582
2,B_G,A_G,320,0.4034608261419572,4.1089705074289515,True,True,0.0015389583919640723,-6.874759410757658e-05,0.0010397841994203016,0.00042654612956127824,-0.0011124122624028843,-0.08353910613412183,-0.03794335686921724,-0.00012745391517554605,0.0093243445299237,0.09286345066404555,0.005136874438983884,0.048381167129433744,0.02257949695826511,0.011405162297916327,0.006268287858932409,0.00935292367783299,0.0934731610427359,0.07367149115826532,0.07558429803172584,0.06623137435389281,-0.025985959160706208,0.017562872905346194,0.0992938401825634,0.11548912497607203,0.14147508413677823
2,B_G,A_G,321,0.5891084487321632,4.419840881090172,True,True,-0.0024217886633564473,-0.014012752374053972,-0.004600248358923142,-0.0028401146335796934,-0.00041832597022317675,0.010026944764447689,0.09325839522445731,0.13804746953121294,0.14319872823245156,0.1331717834680039,0.008060202477185044,0.06950923934202546,0.06860366507053972,0.04838984817430081,0.040329645697115835,0.008155467424327257,0.08682840478192966,0.15879710407701364,0.16574568278055135,0.15759021535622408,-0.007679673186802986,-0.0015734576244774423,0.02127323170067337,0.030088034389141025,0.037767707575944026
2,B_G,A_G,322,0.3513585441646482,4.200515154030326,True,True,-0.002023061122728334,-0.018018960699337394,-0.004934636204724452,-0.0024142903278656647,-0.0003912292051373445,0.03961315864044674,0.31099593806211484,0.2840213009812991,0.2577472740804607,0.21813411544001393,0.010671891729733173,0.06593344734381473,0.03658129384528486,0.02176894157941245,0.011097049849679297,0.011588925400276992,0.12238576086389552,0.18188880540672925,0.16682046173082754,0.15523153633055065,-0.20566228806401743,-0.056069973478447444,-0.007655327464580641,0.0018271188378227166,0.20748940690184015
2,B_G,A_G,323,0.44425476342809533,5.050406473587009,True,True,-0.010660853823739352,-0.07151159165715393,-0.02588084025160098,-0.012073619431159588,-0.0014127656074202077,0.06368855470396094,-0.009755323575706965,-0.018571173814149966,-0.01682262805772672,-0.08051118276168767,0.0324625672575853,0.2444360434721322,0.14306230447231616,0.08447080936437767,0.052008242106792446,-0.010747712012084194,-0.08517912625955837,0.06329282069322195,0.07232504234193249,0.08307275435401662,-0.06474075632532342,-0.1265344547964547,-0.08592563560776331,-0.06258847199890405,0.002152284326419368
2,B_G,A_G,324,0.6501866130378,5.228990440860282,True,True,-0.030089435668716823,-0.09834102150508905,-0.028011236850603694,-0.014712083073063265,0.015377352595653537,-0.13056663659459816,-0.007115708711050717,-0.0005475234014863384,0.0015446938147392064,0.1321113304093373,0.030386880211628456,0.13557786905293445,0.059971698248725835,0.033165694097478715,0.0027788138858503286,0.00445464240024681,0.05692185169435093,0.05053257377969844,0.022781457278331363,0.01832681487808452,-0.08398932429895711,-0.013158954657172095,0.005150247819267539,0.0038386476097945765,0.08782797190875169
2,B_G,A_G,325,0.438721744087764,4.327320280875332,True,True,0.008094285356086924,0.03832060920991792,0.011087139197568763,0.006351003134499655,-0.0017432822215872612,-0.0700937448430117,-0.23927157864539167,-0.1157297523324845,-0.09022779538228787,-0.020134050539276194,-0.017849623643159354,-0.033628160334488566,0.004065871178340452,0.0022499109820030005,0.02009953462516234,-0.05213224586598865,-0.3472487077552918,-0.044806911633405555,-0.021351945163957664,0.030780300702031083,-0.02417513255742676,0.00637446536062658,0.015784464312095348,0.01534880543597994,0.0395239379934067
2,B_G,A_G,326,0.43611113665081325,3.6652587952602333,True,True,-0.003955016775340922,-0.013115512191844259,-0.0018240003331736476,-0.0016556597347133772,0.0022993570406275587,0.004354914417226938,0.05573487996571841,0.10515198748976384,0.11206768652519505,0.10771277210796815,0.0031769771288348778,0.02507044050671059,0.017490500558645983,0.01040762138278073,0.007230644253945817,0.00941070966924349,0.09321032096910575,0.16705393703570737,0.17459163783513543,0.16518092816589192,-0.04736156501483468,-0.018674276501079112,0.00808927545642224,0.01706979456366997,0.06443135957850465
2,B_G,A_G,327,0.6088267502743149,3.862559791926297,True,True,0.002501824300284436,0.03505424637891308,0.013678065932055117,0.006467318498529218,0.003965494198244768,-0.12096333404572701,-0.061937075451306556,-0.004841281965874411,-0.000985071129643189,0.11997826291608382,0.002016252571123922,0.15509418947538994,0.2478429088284938,0.2256552165412422,0.22363896397011823,-0.005029774053993782,-0.05318024782989622,-0.046803922101667506,-0.028730566410033465,-0.023700792356039724,-0.009006112729034267,0.0932794154176563,0.2583287603336134,0.30132123869901184,0.31032735142804607
2,B_G,A_G,328,0.60998708922873,5.243403278683634,True,True,-0.0002960426858710785,-0.004748450409367444,-0.001534681463009946,-0.0007631569178282449,-0.0004671142319572219,0.006928224520945929,0.07278320614256167,0.11794521813099235,0.12160632777728109,0.1146781032563351,0.002771566270159148,0.015300735545773159,0.007273025735603289,0.004880420793302531,0.0021088545231433553,0.006591882777570314,0.06302074956497467,0.1058636508304609,0.10921058819752794,0.10261870541995766,-0.017655260889451352,0.0043392126981650625,0.008163966563740632,0.005797316002913111,0.023452576892364463
2,B_G,A_G,329,0.07198453081359113,3.223489858415941,True,True,-0.0009870767079528525,-0.008503247326152152,-0.002164595008594561,-0.0011186184497736784,-0.00013154174182083977,0.010629539822247572,0.10298169062361312,0.15591274648676245,0.15814090198234654,0.14751136216009897,0.00498656116022856,0.038585430262973286,0.02483659369094826,0.014343690316961144,0.009357129156732591,0.01077851074944728,0.10540661846381039,0.1771180651334725,0.1769746381704418,0.16619612742099454,-0.043841463422646276,-0.012651807862914421,0.012555747827650898,0.02030116064234988,0.06414262406499616
2,B_G,A_G,330,0.16943705419480692,5.067181744518953,True,True,0.004258429767212975,0.020472457268015276,0.008892703624138854,0.004414423112527155,0.00015599334531413156,0.0038614679707789923,0.03952912560528288,0.058817131572625025,0.053040225113352935,0.049178757142574026,-0.003595492074982831,-0.007651732612206974,-0.0011963229574356582,-0.0014276198667083628,0.002167872208274524,-0.32037768617061035,-0.44689626474517796,-0.08254584890802297,-0.041583331717792826,0.2787943544528175,-0.07802762205713631,0.05319529571128867,0.07720307488122913,0.08144196881338506,0.15946959087052137
2,B_G,A_G,331,0.5549525675022605,5.082867546296331,True,False,0.006885463780873062,0.039260664259909483,0.014019006614175988,0.007919282051249699,0.0010338182703766297,-0.08809561987411617,-0.05737618933740929,8.230288792065998e-05,0.004057202925483505,0.09215282279959969,-0.038287729935210284,-0.10559743482827366,-0.026195297423053043,-0.010864399655818535,0.0274233302793917,-0.014019447064476526,-0.11215295143465553,0.023208296885121493,0.0345753707541121,0.04859481781858854,-0.17942494862797592,-0.01777755833105571,0.05694122245922201,0.06811238983874807,0.247537338466724
2,B_G,A_G,332,0.5298646045997013,5.074014439761324,True,True,0.005577496595686585,0.016267724002772155,0.002766776436943341,0.0021620806430441286,-0.0034154159526423866,-0.023228398323666542,-0.11048604012948215,-0.03369987062560298,-0.015661878581271327,0.007566519742395306,-0.008811506903792628,-0.051640258767631286,-0.02063367949504613,-0.011861924459355078,-0.003050417555562457,-0.04604799087180847,-0.3006141372350967,-0.002463854416281497,0.031207237550785916,0.07725522842259447,-0.0419868041813527,-0.014776836394340132,0.0027850868837583365,0.008634225411859653,0.05062102959321235
2,B_G,A_G,333,0.00194828200457986,4.828700469728172,True,True,0.011128163154897786,0.11108476195247935,0.10391329258839421,0.06542569740202997,0.05429753424713213,0.022039188566560508,0.06541649409341421,0.04720003744450674,0.030842596676439182,0.008803408109878674,-0.17508183507719996,-0.1532658050510688,-0.038110842057754724,-0.01913979294577517,0.15594204213142482,-0.0057292745043954,-0.05317780700533126,-0.020554867306348368,-0.009168522571141202,-0.0034392480667457814,-0.10846513587057582,-0.01608518700554118,0.00018750974076675586,0.000498225907249461,0.10896336177782528
2,B_G,A_G,334,0.3877487505843109,3.6214913623286553,True,True,-0.0002463103819501655,-0.003235883686819596,0.00015121096096748499,-0.0004012827149161291,-0.00015497233296590807,0.032915969804079265,0.3430958581882989,0.3074098180687498,0.2797813735584128,0.24686540375433352,0.02800674465132786,0.1697595951320609,0.07210821664426148,0.03908960886662505,0.01108286421529725,0.006542758236733538,0.058379370334825154,0.13040193092496355,0.14182791705290898,0.13528515881617542,-0.654650163083771,-0.05150858710590811,0.01775272723813137,0.03123170355715632,0.6858818666409273
2,B_G,A_G,335,0.3362055571026573,3.956741091908362,True,True,-0.0033620233145393724,-0.013346158086945836,-0.004411031848654878,-0.001662229622905742,0.0016997936916336442,0.009928747909313609,0.09070864354183406,0.14488531775262864,0.151361020477901,0.14143227256858737,0.005321573123342964,0.04100412669214737,0.03244947252454422,0.020540233065018842,0.015218659941675927,0.007677658675795049,0.07780001142166532,0.14822155444556107,0.16155979810388832,0.15388213942809326,-0.12379677944040868,-0.08899612744834728,-0.060952236891288036,-0.05166338237353163,0.07213339706687705
2,B_G,A_G,336,0.5010173521169682,3.6338035610614026,True,True,-0.00027330720429612904,-0.005523355260026341,-0.0020622792330636797,-3.389455889923898e-05,0.0002394126453969525,-0.0341597537045997,-0.21743214805682143,-0.1425649785429708,-0.09898256570344488,-0.06482281199884521,-0.003791778507494188,-0.004042335944276665,0.002432857326579163,0.0006320059248026144,0.004423784432296851,-0.030850257424228304,-0.30314492679909494,-0.09586071325156775,-0.04501606383395862,-0.014165806409730308,0.029272767948598455,0.059390077659583485,0.08035533031384912,0.08760916802629615,0.05833640007769769
2,B_G,A_G,337,0.7546284178041652,4.412864603986421,True,True,-0.003585949859136024,-0.018440318560435265,-0.005796273058667589,-0.0030674353134444443,0.0005185145456915174,0.012020166842247226,0.11370016226096169,0.17133384005682273,0.17354466520290623,0.16152449836065907,0.00671359194017921,0.049382733532138845,0.03298562633773683,0.020171899095176027,0.013458307154996851,0.013342765217730777,0.13080092391418513,0.21215409923190098,0.2116500407011057,0.1983072754833749,-0.07574703513217096,-0.03331016320797342,-0.0056970659131864165,0.0029045274190222514,0.07865156255119321
2,B_G,A_G,338,0.340313228697507,5.109839003423637,True,True,0.005458772376865831,0.026788445123767102,0.006986213961241661,0.003966111062852384,-0.001492661314013377,0.00902856944761183,0.050828551492765994,0.05036276180516497,0.040523178433769735,0.03149460898615786,-0.0031913751603275878,-0.01621631021125869,-0.006171940096818762,-0.003630439927647333,-0.0004390647673196968,-0.10930003049181165,-0.3988310279260491,-0.04810705598980092,-0.021425312517862616,0.08787471797394897,-0.05871854773019247,0.019993139328153053,0.014096431920683106,0.00890603765583875,0.06762458538603122
2,B_G,A_G,339,0.9858046806674231,4.376536175390732,True,True,0.007928055335318152,0.04290743589231433,0.010796620265694501,0.005621359356491107,-0.0023066959788270447,-0.021548908024469245,-0.04215839719560466,0.021545149471403957,0.027271752164451435,0.04882066018892062,-0.01738511953626861,-0.06918449409082855,-0.022717573018694592,-0.011152763301891744,0.006232356234376901,-0.034094788200600704,-0.09506443220349714,0.05714347639009143,0.05650453127320276,0.09059931947380351,-0.138010699997148,0.03856467400737862,0.10734596889174053,0.11862515284060049,0.2566358528377485
2,B_G,A_G,340,0.2705218873095613,4.281405971673211,True,True,0.0062759513666898956,0.02994202382928074,0.008912746432435337,0.005010497193919328,-0.0012654541727705748,0.006571740335940723,0.04643017548774847,0.038768742859037086,0.03373616802063506,0.027164427684694403,-0.0025724826723078145,-0.014143310025755362,-0.0068040699281102235,-0.003939948159723428,-0.00136746548741562,-0.482591186242546,-0.35321209180783053,-0.05374576238111384,-0.029139167884779216,0.4534520183577667,-0.03816725588213088,0.020533535914794454,0.04030945227862942,0.04549641369905444,0.08366366958118532
2,B_G,A_G,341,0.867458306515425,3.4135179440531283,True,True,-0.04807328052703001,-0.10599407328579602,-0.021305576841624596,-0.010559767085064453,0.03751351344196563,-0.49970800647603525,-0.5099882079422682,-0.29711604707959605,-0.24672789169266207,0.2529801147833731,0.023031568576123308,0.252203474433894,0.38440206713738023,0.32112568162033306,0.29809411304420974,0.0023383068356185033,0.03003697896001506,0.029133329372061922,0.011431145186796776,0.009092838351178245,0.09875215475575624,0.13966022960252378,0.12881042112583327,0.12631918557374006,0.027567030817983784
2,B_G,A_G,342,0.8946046022001778,5.271724075068395,True,True,-0.003571038852856853,-0.02657651326576982,-0.007499313091642312,-0.00394147436429837,-0.00037043551144144704,0.011553488998296068,0.10212626603855643,0.15628060207810934,0.16258363175847057,0.15103014276017446,0.00842395580552854,0.06896179691061083,0.0577431181790643,0.0375198328512959,0.029095877045767327,0.012642544682114128,0.13198363962244059,0.22304092338901138,0.2325855540239189,0.21994300934180477,-0.025252414356170594,0.009644323885874162,0.03537450902211747,0.04363165958687831,0.0688840739430489
2,B_G,A_G,343,0.9312178444005124,4.1928998924624015,True,True,-0.0020099580755087443,-0.005438810980084252,-0.002100292402641979,-0.0011137277997226303,0.000896230275786114,0.0025113585546818577,0.03663315610526666,0.07466508066875871,0.08400145480947141,0.08149009625478953,0.003495316759380973,0.02508602080344846,0.019792002985374757,0.011204774317257526,0.007709457557876553,0.004474109105539498,0.04573437211770248,0.1178751137887849,0.13900739707413323,0.13453328796859365,-0.052322825952511975,-0.024125736264049125,0.002052856883704157,0.01106172856016907,0.06338455451268105
2,B_G,A_G,344,0.31908642693424805,3.146682741758829,True,True,0.00033999978497263605,0.0002770922624755201,-0.0012266939396701204,-5.277262563041507e-05,-0.00039277241060309276,0.0010615056909089732,0.029696303444485206,0.06735954818133061,0.07751845732310403,0.07645695163219501,0.0016299290348026838,0.011646542330828458,0.008271515576306565,0.00572064125477989,0.004090712219977255,0.0047378723394846944,0.0433777799827772,0.10872175987555754,0.12885135196975672,0.12411347963027208,-0.10069508416845652,-0.07701624517099048,-0.05388235830423638,-0.04595806961888971,0.05473701454956681
2,B_G,A_G,345,0.9098485009656266,4.611017578640787,True,True,-0.008358972941500856,-0.02375210937998362,-0.006967437348219252,-0.0020925013678031457,0.006266471573697752,-0.3982478128983794,-0.19622094338735402,-0.0727924860116006,-0.05046765323085689,0.34778015966752246,-0.06035498572601712,-0.19380754961732638,-0.058076316205149525,-0.03052950921475428,0.029825476511262883,0.008564253882739833,0.08722973017083757,0.10297642284100206,0.07304399827435237,0.06447974439161253,-0.009632582286150049,0.05021976293347408,0.0765606416653346,0.08418145063414184,0.09381403292029189
2,B_G,A_G,346,0.20895495930871122,5.455958049636177,False,True,-0.012425000829420212,-0.05232925018625645,-0.012787723293531394,-0.005988631728637728,0.006436369100782491,-0.14650070700865014,-0.13920632692017193,-0.030030200689112108,-0.0021201653578578616,0.14438054165079228,-0.00424874696073891,-0.023665049684745643,-0.013938496229776942,-0.007320879107599709,-0.003072132146860751,0.006458378974156936,0.05941441776851958,0.11102490832191092,0.13330044580806777,0.12684206683391086,-0.05494934337908225,0.023406018627316505,0.049949869817182135,0.05792556619854339,0.11287490957762564
2,B_G,A_G,347,0.16019237220451377,5.418610696172186,True,True,0.002226062130937456,0.007943451601750029,0.0028019762531018566,0.0011602722355047446,-0.0010657898954327116,0.002711644003905094,0.029958648983145236,0.06103875547963006,0.06721441112887672,0.06450276712497166,0.002099308758894816,0.023881620971151762,0.028910263929073476,0.02222668308154996,0.0201273743226551,0.0013570607200546134,0.015407575480404612,0.06317317925671861,0.07866946015316278,0.07731239943310819,-0.001416712252229745,-0.000295985781508655,0.019997809450664497,0.028934488394276606,0.030351200646506343
2,B_G,A_G,348,0.2175233335582344,3.904995245111733,False,True,-0.0071087252705521325,-0.0069997357930602355,0.00476696901112994,0.003553889771032548,0.010662615041584722,-0.10831865130115975,-0.05176544804451422,-0.01262640893202105,-0.001945842634619166,0.10637280866654059,0.0019442960534366074,0.02406240786146796,0.013940607640905545,0.008157674180015673,0.006213378126578961,0.003809579480343016,0.059183117908497895,0.06536472530284776,0.066327521332751,0.062517941852408,-0.045333043192746655,-0.05883746818807557,-0.028891747192281297,-0.020335352407783253,0.02499769078496339
2,B_G,A_G,349,0.11528944611135605,3.2029559868442448,True,True,-0.028990153497374757,-0.0733441265923751,-0.020229672740993965,-0.009852330243532048,0.019137823253842723,-0.4462888710507075,-0.17900128758579392,-0.060871354797708,-0.040065949507164245,0.4062229215435432,0.005775250171733921,0.13027959041732073,0.1382615037050261,0.09174342703042848,0.08596817685869462,0.022007677302673556,0.21789386031812352,0.18594080362869136,0.12946810934588993,0.10746043204321643,-0.1290311404126257,0.008699082883029896,0.07478560641485654,0.08542282918704835,0.21445396959967405
2,B_G,A_G,350,0.2028819583887992,4.90922584394527,True,False,0.0030738947008557144,0.00982728309604819,0.0031328233891871893,0.0024280577157139716,-0.0006458369851417567,0.004983020701198777,0.02895334657326437,-0.009459970178064547,-0.013433205667331194,-0.01841622636853002,0.0008319095046100539,-1.3532832569718156e-05,0.0009555624590712464,-0.000883628662652125,-0.0017155381672622205,-0.5499395170664767,-0.4151459127661977,-0.06094339790848058,-0.03173474922598862,0.5182047678404881,-0.0017527551239833183,0.035040363013625564,0.05346500375251795,0.059308512515625855,0.061061267639609174
2,B_G,A_G,351,0.6293169557820447,5.306943501465065,True,True,-0.0010376909946534577,0.00028306240843750663,0.0012349989167674824,0.001620907858270515,0.0026585988529239657,-0.3695245368238941,0.02062789018572686,0.03980324370388899,0.03267600063764409,0.40220053746153817,-0.3054628953565922,-0.08540795971644699,-0.012358807223889157,-0.006051408580753925,0.2994114867758382,-0.0014457184340791324,0.014236187197617989,0.013209639739476309,0.006648166501182273,0.00809388493526142,-0.44684036114229436,-0.02905046008371026,0.30557268804786564,0.29759385668088334,0.7444342178231776
2,B_G,A_G,352,0.47607454705562036,4.136924080942929,False,True,-0.002223947724895658,-0.02372855312579164,-0.015504271502813305,-0.009153158195236988,-0.00692921047034134,-0.02055731562462193,0.01250926971808497,0.01595775652239695,0.010200180580221874,0.030757496204843804,-0.05594864888198631,-0.01902458896259185,0.01466065082303114,0.010425781911146181,0.06637443079313254,0.0008921449182328692,0.0037673011159086167,0.005157361979780339,0.002641521388810908,0.0017493764705780457,-0.534236618290931,-0.11492704745351057,0.07103758060355869,0.09807744100238125,0.6323140592933123
2,B_G,A_G,353,0.11723039319395945,3.681662511782332,True,True,0.005049136437137287,0.025668684708966383,0.009101615436790111,0.005325065082023461,0.00027592864488623636,-0.011706780151057763,-0.04015261347067084,0.03338115258153951,0.05204537072887239,0.06375215087993014,-0.001364503784748075,-0.01661951479078827,-0.0067174823254270155,-0.003336470769205291,-0.0019719669844572296,-0.004448423221031603,-0.04392231521686113,0.05133098742078368,0.07519457275670383,0.07964299597773539,-0.038302519441979266,-0.018750048828780508,-0.005130919938907685,-0.0027774716511954622,0.035525047790783804
2,B_G,A_G,354,0.4771396840821833,3.330314798640469,True,True,-0.00366123557232665,-0.01575907108163177,-0.0018760453160452384,-0.0006740230932539282,0.0029872124790726318,-0.0830789274553362,-0.15067048106940922,-0.05488382805579073,-0.02131557981631338,0.0617633476390228,-0.01352369414573476,-0.07457068461598043,-0.03375217065839864,-0.0186914328478458,-0.005167738702111069,-0.0026664435612415993,-0.025890737552186016,0.041049192589436845,0.07769634125022129,0.08036278481146297,-0.03781134522622431,-0.008501240460544124,0.01263440382138259,0.019938854854792853,0.05775020008101717
2,B_G,A_G,355,0.5744926088155292,5.401104937831194,True,True,0.011264325506089898,0.08033834097541642,0.03137317446165233,0.017698072420123334,0.0064337469140334225,-0.19180895652696978,-0.06340947427701227,0.047124524682610414,0.0509161589687126,0.24272511549568243,-0.19635630213118532,-0.31068527155196096,-0.08040729255021573,-0.04067900555390869,0.15567729657727658,0.0011386489537027547,0.011108349860522337,-0.014716298459706012,-0.00206020492604031,-0.0031988538797430577,0.01717043695069024,0.13819522543659654,0.20233841164486827,0.21377129805505446,0.19660086110436423
2,B_G,A_G,356,0.2699784008763991,3.2218757205427373,True,True,-0.004598658287593808,-0.02289036891882701,-0.006678734909891126,-0.0029315954451860637,0.001667062842407696,0.022052242333644764,0.18472951548000427,0.19332949797337995,0.18248686612506604,0.16043462379142126,0.005517600850615964,0.04605317319215768,0.02588320632452379,0.016474978822237474,0.010957377971621551,0.005029600354836322,0.058983152548304996,0.17151482453090383,0.16793993566963172,0.16291033531479537,-0.32925250773721243,-0.06831879859302226,-0.018941266191610406,-0.00668041717749257,0.32257209055971986
2,B_G,A_G,357,0.6644372866557635,5.111374889109225,True,True,0.017373028805818255,0.19005984899707296,0.35500213747604187,0.3274860850899045,0.31011305628408625,-0.001860190437925513,0.1144558534945661,0.1428405324541443,0.12816879553853477,0.1300289859764603,-0.485513269159784,-0.35715392489300135,-0.08359361038637558,-0.0436369866837657,0.4418762824760183,0.005843413822390051,0.040235769239647,0.03839339828935118,0.021665126647220312,0.015821712824830247,-0.08256491382678355,0.13578049041707263,0.23757089934761033,0.26690924501842206,0.34947415884520555
2,B_G,A_G,358,0.7653606024844627,3.369542546901244,True,True,-0.004158275636686262,-0.0002657860681755664,0.010154683780251972,0.0053888382264881685,0.009547113863174417,-0.06752023498041249,-0.15123357778724955,-0.04258095670966189,-0.02307255142696385,0.044447683553448636,0.022759928173981342,0.21455201493751566,0.19191543123434374,0.12529786610552718,0.10253793793154586,0.0024163144129180705,0.03361725848117969,0.07783985616298916,0.07882885146175433,0.07641253704883622,-0.011703122050360927,0.024713411440889746,0.07347696326926731,0.08185732212308872,0.09356044417344966
2,B_G,A_G,359,0.002104259373023387,3.3592614573135577,True,True,-0.020877678202153437,-0.10537326723838364,-0.04746713655649981,-0.027854950609385476,-0.006977272407232005,-0.17105946262166305,-0.09349112101335644,-0.01975035725120111,-0.01017093065231478,0.16088853196934827,0.050638519979942495,0.2845087647138931,0.38365123270999946,0.35277673608765114,0.30213821610770863,0.0032880418844374107,0.026575249313655847,0.030027172842914007,0.020023310232281766,0.016735268347844334,-0.35062117497612655,0.030270856025355397,0.19417918978130844,0.22272577130849947,0.573346946284626
2,B_G,A_G,360,0.32739448584834896,5.283584532943037,True,True,0.030190765429831845,0.14210107244116194,0.052451957145365324,0.0281977524498096,-0.0019930129800223018,0.025864599499054064,0.13399686030651858,0.1990687969976398,0.19714609979714048,0.17128150029808642,-0.5844316746933581,-0.3831429336791151,-0.08160286393442717,-0.040429553199849644,0.5440021214935085,0.0028930718517139117,0.0268425029130841,0.04841247439924312,0.05638605621440895,0.05349298436269512,0.0015500389016327104,0.023615687466655842,0.08931070612976334,0.1180911258692701,0.11654108696763739
2,B_G,A_G,361,0.5211997091467495,4.9461298216804765,True,True,0.03213771903278906,0.22082129387066818,0.0862583510319942,0.045653566765210485,0.013515847732421538,-0.1586568052978405,0.07344064146765128,0.14624578405813005,0.14330521416746655,0.30196201946530704,-0.33160989681511127,-0.38144342118232843,-0.08695048105546377,-0.04444373875754759,0.2871661580575636,-0.0033303416704752106,-0.05268707775624981,-0.014733178156874582,-0.008928869349641433,-0.005598527679166132,-0.006892889885003537,0.044839331268124824,0.15514193614883987,0.18833735904288765,0.19523024892789118
2,B_G,A_G,362,0.9570958422636108,4.268725394807646,True,True,-0.033992306540226766,-0.09606581698515237,-0.028187209989854467,-0.014629284603347559,0.01936302193687922,-0.015259435079519545,0.0019241981260089691,0.006648693597777644,0.004139159939443582,0.019398595018963127,-0.05491325911091394,0.0012824174343957218,0.030253775667436256,0.01987003351616634,0.07478329262708028,0.0012539799387086895,0.016244598243650266,0.02313477228233518,0.016257916995605082,0.0150039370568964,-0.3158872469218454,-0.09469448137888592,-0.008619524386920485,0.016421044315274913,0.33230829123712036
2,B_G,A_G,363,0.7058519294324291,4.539981588821048,True,True,-0.002023894893780784,-0.03380970413310169,-0.030099690791912326,-0.018284423068651856,-0.016260528174871114,-0.01351660653861908,0.022494356990541697,0.026564832168840646,0.01809640782584021,0.03161301436445929,-0.04561794477452086,-0.022821889328702327,0.024839448721599378,0.019807598285523587,0.06542554306004444,-0.00048053284607688096,0.004865485441524209,0.00803469785618216,0.004998885388604268,0.0054794182346811215,-0.36765625883927744,-0.08487324615264946,0.07861772504786368,0.11783137455138293,0.4854876333906604
2,B_G,A_G,364,0.5845107626308804,4.94152802208324,False,True,-0.006365098562179879,-0.04004303449817692,-0.014334016665930371,-0.008042608424609576,-0.0016775098624296492,-0.40816613510738625,-0.03945634559848521,0.012379272204664726,0.013932592978792901,0.4220987280861791,-0.17889991696712584,-0.12369354976480051,-0.005709869255341449,-0.00042270712596015336,0.17847720984116566,0.0010894240745223452,0.024228477844247753,0.022386968051588352,0.012406362335009913,0.01131693826048763,-0.024389169275834788,0.16044231246103058,0.2605294382734227,0.2797651999691628,0.3041543692449976
2,B_G,A_G,365,0.07937865433400937,5.168551361108149,True,True,-0.004475339963914041,0.018622287063706666,0.016775106144803265,0.00991565767801883,0.014390997641932857,-0.5526339892401533,-0.020430901737469864,0.0494579508763906,0.04707027918857187,0.5997042684287252,-0.3362482766738944,-0.22673458238776045,-0.04539475759475198,-0.022912240204796208,0.31333603646909813,0.0054148025508708175,0.033053577211855756,0.023999118822292664,0.013286632665220455,0.007871830114349554,-0.30244533153595543,0.09655308448725208,0.14867430062758824,0.1413192417853376,0.44376457332129304
2,B_G,A_G,366,0.30967800347205543,4.984207818106951,True,True,-0.0031899331161346356,-0.024603751190460987,-0.011879191512366383,-0.005555957340892648,-0.0023660242247579566,-0.058257176182776954,0.05921717248996228,0.11221936308181113,0.11730424259971106,0.175561418782488,0.0015251846944960984,-0.01128946292773303,-0.006226286876222398,-0.003070390233971043,-0.004595574928467072,0.002220009140794829,-0.006298732952067954,0.07600657994841853,0.08250446737968331,0.08028445823888841,-0.17319113617211546,-0.027019322711631544,-0.00021631296357560448,0.0010698304661431735,0.17426096663825863
2,B_G,A_G,367,0.2625231107096452,3.7644465874357116,True,True,-0.0005448247506584791,-0.007602658543770846,-0.0015201679620334696,-0.0009762082907825986,-0.000431383540124175,-0.0003183775913582973,0.03594753753931745,0.10270968679611692,0.11437781233599587,0.1146961899273542,-0.0006610989786531643,5.925694220648703e-05,-0.00026039283766465804,-0.0010477778527329118,-0.0003866788740797267,0.0036870730353962197,0.03388088587887533,0.10831948923099588,0.12517900884372324,0.12149193580832707,-0.015267187380750058,0.011626008541001154,0.03580813841080355,0.04354970615945375,0.05881689354020381
2,B_G,A_G,368,0.8843901251826367,5.47898995175595,True,True,-0.03509664270864238,-0.036595203609592675,-0.006801006337843529,-0.003556737331452564,0.03153990537718987,0.0064233909139199685,0.04857414877682009,0.06387650070151696,0.05405179747701072,0.04762840656309075,-0.1382155980909635,-0.09235673340741446,-0.013720376209028884,-0.005750990065819583,0.13246460802514393,0.0016017432788442768,0.027164187760200298,0.035119358209658835,0.02776657241751901,0.026164829138674683,-0.4396236653989154,-0.21665175922722235,0.003766730775643712,0.05856408291343995,0.49818774831235535
2,B_G,A_G,369,0.3606984040172907,3.3720284467217665,True,True,-0.007667686443616095,-0.030604461384481474,-0.009029222603948894,-0.005128154791781969,0.0025395316518340705,0.016377482458463398,0.15682573638799466,0.2778640385173463,0.29026789652424134,0.27389041406577797,0.009108162736052812,0.07832409759466641,0.05746047039014168,0.03485226370575234,0.02574410096969948,0.013793841151380465,0.13965852447173183,0.23503389467992442,0.23814957996140695,0.22435573881002646,-0.06630665084656207,0.04702998414129045,0.07420180428367551,0.07808520730316049,0.14439185814972255
2,B_G,A_G,370,0.06505247284776183,3.6362626517358514,True,True,-0.004762151385846784,-0.021037942501533347,-0.006544279615256499,-0.0033435027405288587,0.0014186486453179326,0.0025537719461308367,0.03777130817355806,0.08417493889819194,0.08938212003936197,0.08682834809323114,0.0011676448056181926,0.009098278133680193,0.00480191438907529,0.0025883875310031,0.0014207427253848381,0.0056281921572333,0.05491032661370682,0.11904865737264914,0.12144084676850764,0.11581265461127443,-0.06501737167421517,-0.03087613208935569,-0.00864897488794758,-0.003512406904535026,0.06150496476968015
2,B_G,A_G,371,0.8828155818841465,4.395847965677582,True,True,-0.009973310410657292,-0.017726350899119225,0.0021660306108013394,0.0009185537704721192,0.010891864181129418,-0.2949230053824719,-0.19589955260344794,-0.12184970511934023,-0.10510892075170497,0.18981408463076693,-0.09812530886665008,-0.2147838333934452,-0.06519241611931892,-0.03433629465447541,0.06378901421217464,0.0008881010556628793,0.017823703943555425,0.015948603941949746,0.003430420079473473,0.002542319023810524,0.001370828259690331,0.014677995491552201,0.03254392220302833,0.038402433133106983,0.03703160487341667
2,B_G,A_G,372,0.5586158086396138,5.472252155170544,True,True,0.07135772085593434,0.19931250002454665,0.06452744505126518,0.03480828437998129,-0.0365494364759531,0.042154781555314824,0.07744185992076258,0.0702964678655007,0.05136531856555471,0.009210537010239883,-0.14235139029122218,-0.16458923276921655,-0.03975580632116915,-0.019432971853716063,0.12291841843750617,0.00043385117907424053,-0.005376008889492356,-0.009705537052599467,-0.011222773823012955,-0.011656625002087195,-0.6343912290139895,-0.5578108660230467,-0.3852369897366651,-0.3310424216957082,0.30334880731828123
2,B_G,A_G,373,0.8544553995616345,4.805207466975928,True,True,0.0027285823816412813,0.016744033641476475,0.0047049120801957445,0.0020839710975832926,-0.0006446112840579055,-0.010688122595057113,-0.033590107363705934,0.016237926351563292,0.03208939864942606,0.042777521244483196,-0.003368242600559561,-0.018738583092362093,-0.010845768413551227,-0.006828126074223562,-0.003459883473663994,-0.006121104742854579,-0.052681111332655794,0.062152196583033614,0.09729259532968437,0.10341370007253903,-0.012212366074268344,0.00946212352445619,0.030428686963117846,0.03856542720045131,0.05077779327471965
2,B_G,A_G,374,0.3475423577755826,5.043725554159858,True,True,0.004047877016476534,0.047958482586061946,0.028140390715930885,0.016375134978160233,0.012327257961683658,-0.025823363763484597,0.018253197091590456,0.03774533096853172,0.033182681308376316,0.05900604507186091,-0.1522305039941273,-0.09042084984955967,-0.01807635355585846,-0.008365895782042165,0.14386460821208513,-0.0008088920660288754,-0.006414403356115428,-0.007495980771088262,-0.005295464856314824,-0.00448657279028597,0.1402587643012757,0.5832926272717684,0.6844625622073128,0.6878795524458585,0.5476207881445827
2,B_G,A_G,375,0.1557064894657214,3.592855453033439,True,True,-0.0004979555367796776,-0.003846127949091227,-0.00208634994750978,-0.001791275211730059,-0.0012933196749503884,0.01249794221828918,0.13880923984445748,0.17955273494050444,0.1825032257276497,0.1700052835093605,0.005673030006041746,0.04174043166827707,0.029497817449884223,0.018880213344853236,0.013207183338811435,0.009680469363808251,0.09641165250386302,0.19203497859404184,0.20608925383723387,0.19640878447342558,-0.06768472667321748,0.005959871215572038,0.04311504804895888,0.05336376952989483,0.12104849620311231
2,B_G,A_G,376,0.48529572896533335,4.869450307561067,True,True,-0.007169488304690469,-0.028065262414100012,-0.009160829487667721,-0.00464906351472405,0.002520424789966391,0.029933802971445267,0.2549945122439833,0.28549081087238015,0.2757095955236523,0.24577579255220705,0.012070476681165232,0.09548309557034906,0.06757240896574124,0.04203311612849092,0.02996263944732569,0.031103493317699103,0.3300229016188366,0.35386128029433617,0.32923724337590565,0.29813375005820664,-0.17876034300401875,-0.041258710438674684,0.013493721344354781,0.02567395033660791,0.20443429334062663
2,B_G,A_G,377,0.8356121989276775,3.887034344842013,True,True,-0.011554312834257556,-0.059770919409894374,-0.018373975218446303,-0.010028005617927493,0.0015263072163299585,0.08442573358373022,0.39232305817848245,0.38664531386478546,0.3642923156286394,0.27986658204490916,0.018934797878197827,0.16659430824307542,0.15080930288325534,0.10400829058503447,0.08507349270683662,0.025450351061604794,0.2396447041777371,0.3465406446862269,0.32795350628959385,0.3025031552279891,-0.16603866886171706,-0.10266470114437826,-0.009900541296306464,0.009964399132176227,0.17600306799389331
2,B_G,A_G,378,0.5136318338713833,4.747153196573093,True,True,-0.0034555054150519626,-0.023495521189716317,-0.0075741718185518,-0.004025926504032107,-0.0005704210889800887,0.012908738914751496,0.1222291101852589,0.18335861079909999,0.1854327320079242,0.17252399309317268,0.004366032220365808,0.03533956978991365,0.019459066564745275,0.012342861049137621,0.00797682882877182,0.014437403474429587,0.14050339935396633,0.21131597576176642,0.20182121726542002,0.18738381379099034,-0.1524141603455228,-0.07396978719556258,-0.04226318040733157,-0.03363097156623385,0.11878318877928895
2,B_G,A_G,379,0.11450068234568389,5.375566661872064,True,True,0.00617737726178251,0.04368300854442181,0.015209741060162596,0.007417662897283295,0.0012402856355007152,-0.08451065323677184,-0.11437486931029817,0.011236044084808605,0.01884679706736969,0.10335745030414145,-0.04232009483044401,-0.12186592146831765,-0.03347335266629525,-0.016470779235888244,0.025849315594555833,-0.030185941378175152,-0.27437062786949384,-0.0662102520526282,-0.031779730969766606,-0.0015937895915915101,-0.3579345423683852,-0.05455269978171906,-0.021412169830388073,-0.013716272633234272,0.3442182697351509
2,B_G,A_G,380,0.04036427523489594,3.4657373945333854,True,True,0.0074609408760254806,0.049562477512219205,0.025530146787760333,0.013905913462326502,0.0064449725863009455,-0.1255158953671346,-0.11006558642333464,-0.03770860415046229,-0.024434185553588117,0.10108170981354647,-0.02013220337030222,-0.05676391528280483,-0.014011661583220869,-0.005493800986708042,0.014638402383594262,0.013038862246427328,0.13347745654550958,0.07417845663518297,0.07560349207497563,0.06256462982854838,-0.21378487404001456,-0.06948943175534944,-0.007596711746124196,0.0035637792422034686,0.21734865328221803
2,B_G,A_G,381,0.18580777476385235,5.492482819682788,True,True,0.0030170735881939054,0.011568547488093883,0.004043011270209118,0.0019033197762922116,-0.0011137538119017076,-0.03098205299320672,-0.13081929622721425,-0.08868953666039431,-0.061621257597682666,-0.03063920460447589,-0.006969708793796027,-0.04594074979032636,-0.02793363682574357,-0.01548609249517452,-0.008516383701378527,-0.027615933560087215,-0.21807601065199284,-0.010175468883220185,0.05885900750030004,0.08647494106038722,-0.09970950498215175,-0.06387678174796962,-0.04423439858395389,-0.037950920889468664,0.06175858409268309
2,B_G,A_G,382,0.49118616592814146,4.483581829875439,True,True,0.011875963111685067,0.08368412255681668,0.03563366432421744,0.01816718285929142,0.00629121974760638,-0.011508863005578768,-0.051728784564943564,0.01431410810702849,0.019152582857223766,0.030661445862802506,-0.020188521077812847,-0.08869315203815759,-0.02488490022632872,-0.012763165119423547,0.007425355958389335,-0.07055036226420396,-0.1937354972701434,0.024743043640776508,0.03362248202522,0.10417284428942397,-0.03632146479321946,0.0913593844404379,0.1355030393192389,0.14425350592952102,0.18057497072274048
2,B_G,A_G,383,0.3697021813042519,5.105837737460433,True,True,-0.022278434378073857,-0.1416453148117599,-0.05846622450614414,-0.031059630254194115,-0.008781195876120251,-0.05102761295296432,-0.028464273411870633,-0.0066400347841473195,-0.0033777268325950738,0.047649886120369245,0.024917609923415074,0.049598682690157436,0.026415108752897876,0.015615647133626176,-0.009301962789788898,-0.0011779498257386764,-0.003730079594145952,-0.0015898044003974654,-0.0006387929753792765,0.0005391568503593236,-0.8672123787368141,-0.5057174500986277,-0.13739494829520504,-0.07527068803999382,0.7919416906968203
2,B_G,A_G,384,0.3299685166757643,4.5569474075045395,False,True,-0.004127886894866407,0.002380628724404088,0.010163751464692838,0.006650293590145462,0.01077818048501189,0.05775350483954744,0.11988690572131189,0.13125107433247363,0.1110368908272179,0.05328338598767046,-0.2760686812314719,-0.2091486773061223,-0.04435626825814498,-0.022669515372175653,0.2533991658592962,0.007283018511369234,0.06892044754041193,0.06352949395443896,0.04086482308562345,0.03358180457425419,-0.6279992916086286,-0.42837576453196335,-0.16478130899830346,-0.08680952397351349,0.5411897676351151
2,B_G,A_G,385,0.9108206060023988,4.465413464407714,False,False,-0.005762900190860849,0.0015686257321805286,0.007277644381676107,0.0033565726004644025,0.00911947279132519,-0.16886894984422873,-0.029318144142477243,0.009130970448274045,0.014362860330193739,0.18323181017442247,-0.047823956799989464,0.02512817202389972,0.05800056638694773,0.03489052446787355,0.08271448126786296,0.0067332280937772646,0.07615443132327498,0.10495697703352513,0.08547068162910354,0.07873745353532624,-0.029240703972618413,0.024448286660882973,0.13414271772503245,0.1784307659854854,0.20767146995810382
2,B_G,A_G,386,0.3962437350047804,3.2611854937447404,True,True,-0.005865291263610052,-0.017756890562651395,-0.005120687452045192,-0.002382750500944275,0.0034825407626657423,0.01904182819501111,0.17173183692384672,0.26655725265006913,0.27392275694190094,0.2548809287468898,0.010795640939803518,0.08928922562752256,0.07462283920731638,0.04694158631411194,0.036145945374308375,0.015770624205959094,0.15094839302675633,0.25715927758061463,0.266933817450663,0.25116319324470393,-0.05314441902892075,0.00018202908582942712,0.03197305280397056,0.04239597214306179,0.09554039117198254
2,B_G,A_G,387,0.6952890737079819,5.266513079569359,True,True,0.005955098903181737,0.04436438967205819,0.014744743338360733,0.007123656289564462,0.0011685573863827736,0.03302884103615726,0.09898016218561068,0.10179931117086671,0.10140171910786422,0.068372878071707,-0.02546602373546085,-0.13212595700321172,-0.03235006768964488,-0.015769852472526713,0.009696171262934095,-0.12180787387019636,-0.2682720188435229,-0.02060041186127959,-0.012244404606363224,0.10956346926383309,0.029072731023359215,0.19760603849997538,0.32734917827919496,0.34789277982234335,0.3188200487989842
2,B_G,A_G,388,0.3013789633351287,5.322193136273639,True,True,0.007860861539741401,0.027099746403822067,0.006353487780391687,0.0031020209411755095,-0.0047588405985659055,-0.005987776914576307,-0.03435543502442159,-0.029593445199407542,-0.027998940907057124,-0.022011163992480876,-0.0050714576599449335,-0.04004326635011024,-0.020553327819784473,-0.011208527398063994,-0.006137069738119116,-0.1196829608455901,-0.32652982643105366,-0.08081196511537025,-0.04542202978761911,0.07426093105797105,-0.0026704000894564976,-0.014435472026216957,-0.01372932655196768,-0.011219607795148814,-0.008549207705692327
2,B_G,A_G,389,0.5992361552568982,3.170664477764857,True,True,-0.0039055778082729975,-0.013028284136075152,-0.004351991769342645,-0.0022242626070059224,0.0016813152012671306,0.008381177074873417,0.08392482141907645,0.19664900872336727,0.22224242695682617,0.21386124988195276,0.0062813009114603136,0.0596066481498565,0.047334728758853806,0.02969097133587606,0.023409670424415774,0.006697387195679257,0.0728778439492136,0.15873520674190778,0.19626096482362498,0.18956357762794573,-0.27077786681793126,-0.0758328392669837,-0.039031082470056266,-0.026887127022281243,0.24389073979565
2,B_G,A_G,390,0.04402012310506709,4.756148705302041,True,True,0.0032089273308697625,0.007233888080948825,-0.0002867904321250947,-0.00036253490781323894,-0.0035714622386829875,0.00859162697577133,0.11690863563285159,0.12203141869521739,0.11786279352144713,0.10927116654567581,0.002114413587669957,0.005040020281517454,0.0015936912727109176,0.00048586268838612945,-0.0016285508992838205,-0.03250400856121672,-0.2300877594593792,0.03958295365983322,0.05606135081934238,0.0885653593805591,-0.11242861119770609,-0.036600380508117536,-0.008961548297661048,-0.004793112281621936,0.10763549891608415
2,B_G,A_G,391,0.9282719631480676,4.893448689464091,True,True,0.0024084265455581594,0.01648576352126685,0.00929148167264382,0.006009799330406906,0.003601372784848733,-0.016496368757336843,-0.03618540190263675,-0.00734322549652866,-0.0036468438907797385,0.012849524866557105,0.0684910533134144,0.19034779366170224,0.15663582932384246,0.1035225086165188,0.035031455303104364,-0.005675203315701746,-0.050707280396000365,-0.023744366675342743,-0.0104761817166521,-0.004800978400950395,-0.12405935856480355,-0.037102765120312076,-0.007275550892842597,-0.0036674728557336556,0.12039188570906989
2,B_G,A_G,392,0.24129980437471255,3.694067507179123,True,True,0.0037696268844418512,0.008297633929133075,0.000609654986082675,-2.713364859796563e-05,-0.003796760533039789,0.07047678103847485,0.3434076397431157,0.30717272034947374,0.2848640372672332,0.21438725622875832,0.012412006610009144,0.07447627098499382,0.04093980258186891,0.022842046972131325,0.01043004036212214,0.011645286700319071,0.11898541978547739,0.2206679944852985,0.2214868246880587,0.20984153798773963,-0.27721901186125053,-0.14712414052487477,-0.058989270319297626,-0.04120505723481177,0.23601395462643876
2,B_G,A_G,393,0.1398102361638145,3.1901675436909804,True,True,-0.006430241818655001,-0.030912127797371514,-0.009775889136505733,-0.005161442176289888,0.0012687996423650372,0.047270292565441255,0.2991951150791914,0.27374209788092985,0.25478877671211675,0.2075184841466755,0.010249381049230802,0.07072639995784424,0.04283714349206802,0.0257411981120359,0.015491817062805113,0.03628600713021179,0.361213959703255,0.2916519993644179,0.2663121070159493,0.23002609988573752,-0.34650196772994524,-0.21343112733425224,-0.1062918939488331,-0.08171565822068921,0.2647863095092561
2,B_G,A_G,394,0.6032340687878565,4.927210363706425,True,True,-0.004754595389442694,-0.015044658920020937,-0.005499631056757437,-0.002919083484606788,0.0018355119048358848,0.018220333790712594,0.17169403455009538,0.24795528593364385,0.2509853934379995,0.2327650596472869,0.008328269245233562,0.06749028800423784,0.04888906675752669,0.02947555446333261,0.021147285218099054,0.014145204467517561,0.13934069196482973,0.23278903877685286,0.23318240924323697,0.21903720477571942,-0.07544368256361511,-0.022901751523784153,0.008260433646626764,0.017605962441359924,0.09304964500497503
2,B_G,A_G,395,0.7602255594599702,4.17453813648622,True,True,0.0010798553205268874,0.009414782238075792,0.005763643643184713,0.003313051175743098,0.002233195855216197,-0.0474504970238939,-0.14923382802335144,-0.08140359255660023,-0.059983352142144675,-0.012532855118250752,0.0027118991339463785,0.02159343778692735,0.006492105084213384,0.0026101111437955016,-0.00010178799015081452,-0.02120174524100847,-0.1620853402313236,0.04438079927300409,0.07209787340629481,0.0932996186473033,-0.06997787104257971,0.05845438334767594,0.08631612528940757,0.0932816182286541,0.16325948927123382
2,B_G,A_G,396,0.6359891065740533,3.379583694347772,True,True,0.010681947074245614,0.061726846794681045,0.021575591008748063,0.011117274727254767,0.0004353276530091321,-0.02223709949092997,-0.12475122637472041,-0.0928020303289604,-0.07625216741917462,-0.05401506792824462,-0.00991671960101971,-0.07033063225913772,-0.036687370536888864,-0.02040821070608323,-0.010491491105063533,-0.0623868097444942,-0.35038137298312755,-0.0741206705534253,-0.01960346627507581,0.04278334346941837,-0.09371703801444933,-0.07320209579336123,-0.05793850594195549,-0.05276272398132814,0.04095431403312119
2,B_G,A_G,397,0.7189275740978173,4.194694589077487,False,False,-0.02850655343983831,-0.06231465078864318,-0.013520045895107247,-0.007158140597609108,0.021348412842229214,-0.12181164591545379,-0.037370121091312325,0.03303855038673342,0.037844120650583846,0.15965576656603764,-0.11791578113842165,0.06769943563891417,0.18116225917004702,0.1519620947610435,0.2698778758994651,0.0007460161901023665,0.003703896475263424,0.02240052865583997,0.03832422735667185,0.037578211166569564,0.0022110198627112946,0.04034563507698791,0.17624765580409135,0.24582254587654984,0.2436115260138385
2,B_G,A_G,398,0.016426393319823762,4.97207285425341,True,True,-0.00026717973636659204,-0.005725511701922814,0.00019342134772482034,6.537586503263526e-06,0.0002737173228698486,0.0040108159891851305,0.05448602127419094,0.0951629323774677,0.10337637530865651,0.09936555931947133,0.004797994790972822,0.035533564120072525,0.025620797230831882,0.016342551823384288,0.011544557032411529,0.002646169781382407,0.04160341740316886,0.14853503947955626,0.17471298863062457,0.17206681884924213,-0.03417626047846578,0.009112606307291937,0.03563838035784711,0.045016496604432354,0.07919275708289814
2,B_G,A_G,399,0.8148424952537955,4.044932964425181,True,True,-0.017179613359296193,-0.03554244981169358,-0.0022161929333289754,-0.0008091368616064409,0.016370476497689745,-0.19951109607554074,-0.09710006729816978,-0.019131422261296716,-0.009851695076544487,0.18965940099899625,0.03686400694079851,0.2645483408613321,0.46486768983964355,0.45539372441487164,0.41852971747407314,-0.0009123770893177188,0.0011300809345052842,0.013173382700502279,0.009553635000638216,0.0104660120899559,0.0013985407596998345,0.1064775803561678,0.20082626029572637,0.22956979469377814,0.22817125393407828
2,B_G,A_G,400,0.3904568473142611,4.321940965727718,True,True,-0.005767902229503338,-0.02572218296669615,-0.007193622354282003,-0.004392515366643757,0.00137538686285954,0.02047633379698581,0.1917875265926901,0.24518825070060646,0.2412260209989322,0.22074968720194632,0.0086636091615305,0.07575570230012163,0.051977456873819716,0.03109544321647084,0.022431834054940314,0.01808738728843052,0.16751088094305328,0.2582094564565117,0.25318491985986846,0.23509753257143795,-0.1084283104479139,-0.050657438956689504,-0.020611399946029008,-0.011326988900111634,0.09710132154780227
2,B_G,A_G,401,0.4395779037527331,5.313627242920366,True,True,-0.011733481157850521,-0.05290655671150701,-0.01743414753928907,-0.009360461021044264,0.002373020136806292,-0.12024715716742645,-0.3570731929252593,-0.196927853206754,-0.1632624451343092,-0.0430152879668827,-0.050874200306446286,-0.0894293485147481,-0.0037259399069261567,-0.0005266380894060063,0.05034756221704029,-0.02238259295186084,-0.22190730655910862,-0.11985839718807045,-0.0622144930725983,-0.03983190012073745,0.07210712963427413,0.14060375429259026,0.15267716923406954,0.15735246367803385,0.08524533404375972
2,B_G,A_G,402,0.1597653246508457,4.964601212408834,True,True,-0.00161668729205737,-0.007515588842620158,-0.0019058147942966341,-0.001015956898997139,0.0006007303930601893,0.005755023128441367,0.07191588644404195,0.13806793501385473,0.15018131037025528,0.14442628724181394,0.001798816288836387,0.018622203241920043,0.012062567684318126,0.0052994867928811695,0.0035006705040447894,0.0020361851688897314,0.034516608689111994,0.1250163765145269,0.1410823013189766,0.13904611615008688,-0.0667446678295377,-0.03188148380232392,-0.0053980035958225425,0.0029864608698167983,0.0697311286993545
2,B_G,A_G,403,0.5693615437693597,3.418246707904866,True,True,-0.0009732786486967362,-0.0019883470815774684,-0.0006478521231040313,-0.0002813626032344141,0.0006919160454622597,-0.03262020439515335,0.04745893442117932,0.13556683139386405,0.1450140408863715,0.17763424528152483,0.0004555280344675436,-0.0010461540893465515,-4.706482114325006e-05,0.001071261767547127,0.0006157337330796597,-0.0014137648719373258,-0.016745323863596173,0.08306768727369307,0.09589464204465714,0.09730840691659448,-0.06192707258836172,-0.00951225140769274,-0.0013456857650046006,-0.0006344657640953155,0.061292606824266405
2,B_G,A_G,404,0.8451875710545468,4.616191305164701,True,True,-0.002769051103078894,0.004612041953369395,0.0032365060066287255,0.0014312181266534774,0.0042002692297323785,-0.2315685079526733,-0.08279099480190749,-0.013509846953253968,0.0008138583923971154,0.23238236634507037,-0.028809532576447625,-0.099795063646971,-0.0336650239289622,-0.01875086659493208,0.010058665981515502,0.006689699206722702,0.07417962433258879,0.08759417340283926,0.07981104984968856,0.07312135064296588,-0.010349267391246836,0.06178398866812572,0.10341198577942451,0.11309964476399789,0.12344891215524473
2,B_G,A_G,405,0.8462488541028055,5.001301322468638,True,True,0.008121863745292106,0.04510629295929247,0.01440574646805981,0.007481110482887909,-0.0006407532624042034,-0.012353588101486585,-0.011336018385173313,0.02512074374044987,0.03939859827860376,0.05175218638009038,-0.0031578136393953654,-0.017821425615392794,-0.005884222550276985,-0.0021386825083484773,0.001019131131046902,-0.004545651596890694,-0.03352306516852299,0.04524275900114483,0.06885409787669683,0.07339974947358752,0.0010966378048411435,0.012655416864511906,0.032480020850195926,0.039726287035095065,0.03862964923025393
2,B_G,A_G,406,0.8235917393557005,3.020332719343847,True,True,-0.004262201568198502,-0.022133805519416128,-0.006496432618981363,-0.0035245849240420624,0.0007376166441563914,-0.039602449000775315,-0.05438040035516167,0.029143490549830453,0.05231124756732419,0.09191369656809945,-0.0036623366502458454,-0.024693888637950967,-0.013820899255768682,-0.00673053553135905,-0.0030681988811132044,0.007514679625752016,0.07854231652125304,0.1546289139960606,0.16959845932887752,0.16208377970312549,-0.013671216522741614,0.019175002575094857,0.04206171469954234,0.05001671545965558,0.0636879319823972
2,B_G,A_G,407,0.6182776376429095,4.07326034828899,True,True,-0.0014421413019541501,-0.008793681556900856,-0.0021895560927676083,-0.0010244734684347057,0.0004176678335193751,0.005542838505513056,0.1650031761114416,0.18796324684194843,0.18557172864053395,0.18002889013502088,0.004665325193910122,0.01902707851575275,0.007602500288635516,0.004106633060776743,-0.0005586921331334205,0.004525718814197367,0.05347556112821533,0.1287015034341893,0.12840106527544204,0.12387534646124465,-0.030595797004179137,0.0035418345574482757,0.002590719856246926,0.0014493297880153744,0.03204512679219451
2,B_G,A_G,408,0.7554796084684318,3.98235244057531,True,True,-0.03275265468123248,-0.07843935074087371,-0.02115710870946319,-0.009687074138813867,0.023065580542418584,-0.1284165143957895,-0.06733934466736136,-0.009489566801901161,-0.00458560037113398,0.12383091402465551,0.04218999685411315,0.23090941499915402,0.3555710051445271,0.32591992234839695,0.2837299254942839,0.004322768151206663,0.03612607557695058,0.04033025778602539,0.031026001023929606,0.026703232872723026,-0.3274600967391654,-0.24256923263160152,-0.1139075158926684,-0.0775684023476404,0.24989169439152498
2,B_G,A_G,409,0.9243561910809184,4.801865510386918,True,True,-0.004102203656928954,-0.019320717173661794,-0.005161871463008949,-0.0037789220601562867,0.0003232815967726399,0.008299841831695898,0.08223155179944877,0.1278107647600773,0.1310205513370747,0.12272070950537883,0.005065764780152381,0.04829525714138305,0.03547631820045838,0.021159772302749014,0.0160940075225966,0.008997922704500762,0.09270886939310713,0.16940890865068348,0.17814816555979252,0.16915024285529168,-0.020232556009965874,0.009083153303889313,0.0359904217812993,0.04503647478806405,0.06526903079802993
2,B_G,A_G,410,0.22049479260629312,4.181744643469476,False,False,0.0002512786398154096,-0.0027593991975107812,-0.0006645755362720829,-0.00018188797755369635,-0.00043316661736914064,-0.009404416566442246,-0.011255980998664705,0.05346782971545677,0.07430163225038877,0.08370604881683097,-0.005488707321064039,-0.032093068337618824,-0.016521426191466904,-0.009784438220461156,-0.0042957308993971655,-0.007674893107493454,-0.05995698627310897,0.042749996702686754,0.07888898869294414,0.08656388180043761,-0.06096321071961262,-0.01545748093353766,0.008767939960593996,0.017099939053059787,0.07806314977267242
2,B_G,A_G,411,0.8961966943901353,3.783680889666164,True,True,-0.02834688442945451,-0.07233323094491295,-0.01892793898206957,-0.010484155688593066,0.017862728740861478,-0.23700391133377674,-0.0976385195621281,-0.02989965801190897,-0.022548920696452313,0.21445499063732443,-0.026154927273794225,0.11086476198736683,0.21514257992111951,0.17928848226269944,0.20544340953649365,0.007313468169807193,0.07760556640253585,0.10674800530353745,0.0859352446008288,0.07862177643102164,-0.025833534802276122,0.022298157995146922,0.09976783037009967,0.12880056543091534,0.15463410023319146
2,B_G,A_G,412,0.46684478748147296,3.828946377894522,True,True,0.010085183403483168,0.09760053996192575,0.05658649708917296,0.031245066526301102,0.021159883122817913,-0.06444077923887188,-0.015927071202554988,0.01885813630487676,0.01859547646857118,0.08303625570744311,-0.03361331425771225,-0.07042666673746423,-0.004871610506594903,-0.00037156637529012215,0.03324174788242207,-0.0026079976107377806,-0.024249135601891347,0.00021242827309286838,0.0008487380017058177,0.00345673561244364,-0.05180553898847795,0.03637943879773753,0.11988810928167104,0.1398330608508448,0.19163859983932274
2,B_G,A_G,413,0.8268093588435464,5.328816292115888,True,True,-0.003239083900886071,-0.01621484672753204,-0.0059149563680739314,-0.003922617550593865,-0.000683533649707746,-0.01164384981375697,0.011859648617893015,0.06378671926922164,0.07742492105788223,0.08906877087163917,-0.0048456032640111155,-0.02996457688661952,-0.012034355954165687,-0.005693036259891815,-0.000847432995880637,0.0026985739845164294,0.03364461919263667,0.11940304143662483,0.13037875551334044,0.127680181528824,-0.09163122356017706,-0.05231142243333434,-0.028217608633360758,-0.020245401314602895,0.07138582224557416
2,B_G,A_G,414,0.5497127965383488,4.395975436193552,True,True,-3.290003964806498e-05,0.004335224288681272,0.0006719316200162195,0.0002865965011132898,0.0003194965407613548,-0.04169330671506612,-0.12653248533969225,-0.02249411256850342,0.00975090217967789,0.05144420889474399,0.0001234204605391337,0.003910919387794254,0.0011786561001343454,0.0005837056575951349,0.00046028519705598736,-0.011687502151668756,-0.08950588507558122,0.06855805673199977,0.11396011293621444,0.12564761508788314,-0.1291191342173365,-0.021072482724485808,0.0006111603380857256,0.008176287005849603,0.1372954212231861
2,B_G,A_G,415,0.2820093876344817,4.7030603937919295,True,True,-0.0010097343793300587,-0.008452975989956646,-0.0017541664266682577,-0.0009525894387758527,5.714494055419905e-05,-0.0330980348200309,-0.03403659962004152,0.06601159151750857,0.08195770212303388,0.11505573694306481,-0.006361242899903745,-0.03881210494953713,-0.015938493114392993,-0.008438829545654003,-0.0020775866457501957,-0.005683714456031712,-0.06332432251367226,0.059549557290900945,0.07919098026313953,0.0848746947191713,-0.1012409945266256,-0.05770011745183934,-0.025570602415241117,-0.016136182287190826,0.08510481223943478
2,B_G,A_G,416,0.10314960257869676,5.062692357338721,True,True,0.02271562602239979,0.17108411221554282,0.10137060783357743,0.05726595666312584,0.0345503306407261,-0.3761531683938938,0.028234406809138357,0.1155900952231369,0.12156871416584791,0.4977218825597417,-0.3994373172635632,-0.3372381329451784,-0.07224263864458214,-0.036173099478633564,0.36326421778492957,-0.010046848344551697,-0.1245771660117212,-0.023938793375065215,-0.01043532432926031,-0.0003884759847085917,0.06662041785332962,0.24850764808558,0.36355770535517895,0.3847819603037537,0.3181615424504241
2,B_G,A_G,417,0.8007614158394664,3.6827274611010052,True,True,-0.0011328041467612432,-0.0055277412904456424,-0.0028425584398297232,-0.0010274294376220183,0.00010537470913929425,0.00934267695194417,0.09246568543060008,0.1749240022320651,0.19824914620749945,0.1889064692555552,0.004361187525417767,0.04307556973051807,0.03227318351241282,0.01824646744279712,0.013885279917379312,0.007459965988431225,0.0746835650323649,0.14360225083970612,0.15384561144365339,0.14638564545522215,-0.018145099968562395,0.014011281785732854,0.024685855650594335,0.02213834504234935,0.040283445010911745
2,B_G,A_G,418,0.9730656968274896,4.001160720481233,True,True,-0.009909478613466721,-0.03763016449537304,-0.010048004604156113,-0.0056446672041758905,0.004264811409290914,0.018907637117483153,0.16388486162590252,0.22098285922396138,0.2230810776876445,0.20417344057016135,0.013144825897237984,0.1220120015649791,0.12183053858294957,0.0854932605462192,0.07234843464898122,0.017982579782742956,0.18148735075059208,0.26965718194257604,0.2625105714304945,0.24452799164775152,-0.06583148443157663,-0.018254632986265368,0.0156768895249908,0.02615113029877647,0.0919826147303531
2,B_G,A_G,419,0.9078092436008359,3.629854669635024,True,True,-0.0005206227990422266,0.0006304802082054417,0.00017083900424408327,0.0003425742386279351,0.000863197037670127,0.004666829428027694,0.055309362808768525,0.1280720207295405,0.1463603200697815,0.14169349064175385,0.0028036726889645452,0.023049309535037033,0.015144665065974783,0.009257895665228388,0.006454222976263746,0.005780420602132234,0.05262212626144552,0.11615371696636412,0.13599592492900803,0.1302155043268758,-0.11644636068877467,-0.078935578314833,-0.05021064191458258,-0.041050375086930435,0.07539598560184424
2,B_G,A_G,420,0.42740217647379375,3.5001216388591807,True,True,-0.014984431694559007,-0.01834582004362606,0.009901292676701812,0.007038379136968587,0.022022810831527573,-0.4091616698991649,-0.14768270278345008,-0.020354063143698364,-0.0008205532936665927,0.4083411166054983,0.02003147272281472,0.21611050717671304,0.24287420044064867,0.17327549107793971,0.1532440183551249,0.03675074179149329,0.34753530974767033,0.20631601677127198,0.15592956152747917,0.11917881973598587,-0.12680240004740784,0.011497036996867827,0.10274775047342816,0.12721147267437105,0.2540138727217789
2,B_G,A_G,421,0.425751777349202,4.412946404003401,True,True,-0.014986149160552409,-0.027321045769443053,-0.006093359032940726,-0.003253417206050435,0.011732731954501974,-0.03978140729324797,-0.0011933420434835362,0.015514833622390367,0.011918491331705638,0.05169989862495361,-0.054221406757487434,-0.01672794717981685,0.011270860451331854,0.007405773907818047,0.06162718066530548,-0.0006237079299140913,-0.010928660625539821,-0.009811161866812967,-0.006349499813026349,-0.005725791883112286,-0.10338873410637957,0.11891855059280698,0.3476032741440434,0.397207969063672,0.5005967031700516
2,B_G,A_G,422,0.7591089004202172,4.813804583857211,True,True,0.0015362170382007545,0.0008116348477571478,-0.001355538889228014,-6.023452701908738e-05,-0.0015964515652198141,-0.010473760621889948,-0.02848801993456679,0.02391005818235803,0.04116145309911545,0.051635213721005435,-0.002269072743150226,-0.01513864657134345,-0.008250904983455043,-0.004802423976985382,-0.002533351233835135,-0.008895022773657488,-0.07729553637131703,0.0812600375798419,0.11924341744451672,0.12813844021817422,-0.010101067272263342,0.02681454387476434,0.05085149928292054,0.059076291540484105,0.06917735881274745
2,B_G,A_G,423,0.34077186805816384,3.4020138073615898,True,True,0.01207579398657959,0.07818725448925817,0.03569122754169429,0.019217388684027892,0.007141594697448239,-0.05249861189378145,-0.2027999300655005,-0.10390662248760707,-0.07947036271440366,-0.026971750820622198,-0.028933868154685988,-0.11230252738867319,-0.03895154092587194,-0.020598098045324753,0.008335770109361262,-0.03962184382532314,-0.3135742702082677,-0.06277192246411345,-0.017579313025332555,0.022042530799990634,0.04789595379549044,0.07195286298649278,0.08621023652004467,0.09126933797535741,0.04337338417986697
2,B_G,A_G,424,0.9975874275460296,3.8820530268231312,True,True,-0.04590115510777511,-0.0720746596050873,-0.014944102789325342,-0.008236618988403,0.03766453611937215,-0.061518491346698956,-0.04822011221604139,-0.014188834515599935,-0.007171082459326739,0.05434740888737222,-0.0007603132074350538,0.17956853737587436,0.10629783031933293,0.06263088548592977,0.06339119869336474,0.0020591610448603,0.020231998085416092,0.027236782661803627,0.01984060511905883,0.01778144407419857,-0.41071212897228826,-0.17645522552823234,0.1221510469906748,0.20049919682723927,0.6112113257995275
2,B_G,A_G,425,0.7979574241913591,4.889566388795608,True,True,0.0022305912980437465,0.009080640369743875,0.0024895148386985255,0.0014550713853461739,-0.000775519912697531,-0.020842282152040096,-0.0651693409301527,-0.00921505032175196,0.011100699910955525,0.03194298206299562,-0.006209934767660574,-0.03900709243639999,-0.02061875276345837,-0.012721732494322291,-0.006511797726661772,-0.004206808822717484,-0.030956090212092335,0.06500960693695201,0.09945372773065086,0.10366053655336838,-0.08773754148192703,-0.06619780896901739,-0.045576796225210714,-0.0381779645573157,0.049559576924611326
2,B_G,A_G,426,0.21312381719239837,4.633122964715664,True,True,-0.010124713912835974,-0.05353087472173279,-0.01604305647989346,-0.008042512884828934,0.002082201028006936,-0.004393182123674413,-0.016775146482199688,-0.04140069998283802,-0.03187432015211711,-0.027481138028442764,0.01245666097855246,0.09958280457519209,0.060026619977652684,0.035406175303566934,0.022949514325014464,0.01335174753405502,0.1403816640762432,0.1836262619363066,0.17330123191503555,0.15994948438098056,-0.23780388279364034,-0.09497586793866297,-0.06327503991357902,-0.053506369474611626,0.18429751331902872
2,B_G,A_G,427,0.4266766278869366,5.276387902758978,True,True,0.0015819910603126347,0.0382150177101519,0.028302540372108442,0.016623148905672624,0.015041157845359976,0.031832278987540374,0.07767102891955391,0.07734452012486959,0.061300120705209626,0.029467841717669252,-0.2123097281510744,-0.10983024692474774,-0.02161828236792318,-0.011254051253375863,0.20105567689769854,0.0007345569931347037,0.01079768111153312,0.013792124933127758,0.009137895821286768,0.00840333882815203,-0.5262821783276419,-0.16491541832391077,0.1663215149362165,0.19593819831972892,0.7222203766473708
2,B_G,A_G,428,0.7963029886147484,3.3680847867969956,True,True,-0.0008166312327590464,-0.004001857053670843,-0.0011618465806707556,-0.0011356164890323761,-0.00031898525627327423,-0.0024650349502490718,0.028439571970193034,0.07312241588826796,0.08448747599847539,0.08695251094872447,0.0025857513655999018,0.021669176392700606,0.009367462379384017,0.005648468137492091,0.003062716771892182,0.005287245234405866,0.06347325410239862,0.1444543094609413,0.15956455006919112,0.1542773048347853,-0.08338664026212306,-0.056549143434378224,-0.033644778864972524,-0.025758673088914552,0.057627967173208505
2,B_G,A_G,429,0.42089584127114155,5.288033727666235,True,True,0.010529322911610794,0.05930283838238193,0.023362651557508607,0.01323437494864943,0.0027050520370386355,-0.05905905788993229,-0.10111230436044694,-0.018228472375838356,-0.0027432019612183556,0.05631585592871391,-0.027486024855369037,-0.10494876763665617,-0.03736787112613704,-0.01847490075557323,0.009011124099795764,-0.012955839532325056,-0.11139679669372504,0.03143259645602059,0.05692453400851316,0.0698803735408382,-0.12214839851848144,-0.027612914920748022,0.0002956070040235903,0.007140598156071543,0.12928899667455296
2,B_G,A_G,430,0.4648481521905802,4.845455277750499,True,True,-0.004022044651823806,-0.017868459245923174,-0.005020079402985322,-0.0026570770254241705,0.0013649676263995936,-0.028368605431661156,-0.02894354621341555,0.040454063476046076,0.06229128357210323,0.09065988900376443,-0.004690289485711985,-0.031083005998211732,-0.013293737330503874,-0.008466254459272182,-0.003775964973560142,0.005974723127190398,0.053404056711168824,0.13107385995006937,0.15441289327495789,0.1484381701477675,-0.0017287963175503518,0.02985008100306019,0.05271036289253911,0.060539312168904624,0.062268108486454976
2,B_G,A_G,431,0.5353887054108294,3.7771693044591155,False,True,0.0036886335193398387,0.014440839801041272,0.0036290086008784472,0.0027222263122798074,-0.0009664072070599827,0.002729888727093628,0.02394188554664395,0.04344917540033921,0.04604114160334216,0.043311252876248596,0.000476446856620287,0.004969558106836469,0.004165187165614426,0.003607996220597487,0.003131549363977193,-0.17942684523455116,-0.3169247257479178,-0.018685578466490993,0.03147852629565462,0.21090537153020583,0.020223825579668286,0.039597463065933536,0.048648957038256835,0.05124507320907479,0.0310212476294065
2,B_G,A_G,432,0.5479825516915475,4.131479019420857,True,True,0.00021730132147730619,0.003920437637018104,0.004789149808192783,0.002834171128104579,0.002616869806627231,-0.10088644820966211,-0.19208705710451873,-0.10655745701924269,-0.0804333985842125,0.020453049625449693,-0.01993389351705397,-0.0936682637625712,-0.0372423337197485,-0.020364283509635706,-0.0004303899925817145,-0.010478292525159145,-0.1074436112342746,-0.007729114832873862,0.025979899054883515,0.03645819158004271,-0.09017771536581642,-0.06326816919949813,-0.047276924795401354,-0.04186025027272011,0.04831746509309631
2,B_G,A_G,433,0.33030421918934005,3.366082824496324,True,True,-0.006414715377031824,-0.033393466694039975,-0.008454451803847407,-0.004919295386795475,0.0014954199902362797,0.014155925941130265,0.12787590105971972,0.19838458171907897,0.20680226815656066,0.19264634221543037,0.011488052038150336,0.11051326885749635,0.11269395803371363,0.07911717517827577,0.06762912314012548,0.016716853575592463,0.14982461014763643,0.248623538271332,0.2582305512714639,0.2415136976958714,-0.04303642345561187,-0.005199288168588612,0.021982720805508837,0.031059061150788936,0.07409548460640081
2,B_G,A_G,434,0.9689593706019912,4.47563342520049,True,True,-0.002774325118406702,-0.008740093861088094,-0.0015771208595306563,-0.0004895828521512824,0.002284742266255413,0.0038139750788696615,0.04132194256064109,0.09843515596831276,0.12134561735550764,0.11753164227663804,0.0028113412823305844,0.024386598300608464,0.016843434609894015,0.00947533229551778,0.006663991013187265,0.006500252425255794,0.05530277829635494,0.10583479307509425,0.11897637876605538,0.11247612634079962,-0.0772725473911331,-0.04463850096167932,-0.01841528057419639,-0.011429310939889636,0.06584323645124346
2,B_G,A_G,435,0.7719034796923631,3.424714053231699,True,True,0.000562948185288091,0.004841552189709719,0.0034017467603156826,0.002163412374013296,0.0016004641887251703,0.003030010708574341,0.04289824594702418,0.0826708973967949,0.09202803855781294,0.0889980278492386,0.002027586870227631,0.01877587909990902,0.012381005526542865,0.008139768315223117,0.006112181444995479,0.007323185154129053,0.07026072943901607,0.16279508969995848,0.18362516200051981,0.17630197684639082,-0.07509623471312793,-0.005653368974552819,0.024124678862450954,0.03410464365793009,0.10920087837105802
2,B_G,A_G,436,0.6196196820508914,5.077292127803731,True,True,-0.0046499632780547945,-0.014927062156722903,-0.005490087588637227,-0.0026943668039594026,0.001955596474095378,0.0011459761514681886,0.05830373363939592,0.11583536956896345,0.12788634914312258,0.12674037299165436,0.0006419424830047468,0.00810036462592123,0.00958899712877137,0.0068296304602964986,0.006187687977291745,0.014365945870888713,0.14949973387596355,0.22546263256922539,0.22443266339381196,0.21006671752292327,-0.10755843277519408,-0.02505122469907367,0.0054508962641870995,0.014068158891031024,0.12162659166622511
2,B_G,A_G,437,0.1835436697457603,4.892659953573685,False,False,-0.001008713765456172,0.009581414606101069,0.0025895884872719765,0.0015853070217728416,0.0025940207872289234,0.0083807512856807,0.06456589746352137,0.046296632856179354,0.046798204522676246,0.038417453236995525,-0.0002656350615187625,0.0043199096774368395,0.004567595005239178,0.002720253575430376,0.002985888636949041,-0.6853161928839714,-0.396817932035219,-0.04652547775567617,-0.022730912961872796,0.6625852799220986,0.04061266398218555,0.08976440532736596,0.10924507431435004,0.1147826738461043,0.07417000986391875
2,B_G,A_G,438,0.8326672000558042,3.2639357839366943,True,True,0.005964306049851938,0.02611385403784572,0.007461926105533201,0.0036473507310696984,-0.0023169553187822878,0.003788098321587746,0.018922216256940128,0.017016496345389487,0.01504664575300041,0.011258547431412635,-0.0008640880207528914,0.00012907505322523605,0.004668073774180881,0.0025856328777232873,0.003449720898476172,-0.21320213419992562,-0.39440433634601424,-0.04358745105698858,-0.01615145217327818,0.19705068202664755,0.014269228553235314,0.05796253637367099,0.07619382728503243,0.08025663745222911,0.0659874088989938
2,B_G,A_G,439,0.6092592583706883,4.683112989205078,False,False,0.0027582096418990523,0.025376977986027283,0.007628831511147571,0.003670675343271035,0.000912465701372045,-0.21907135458915558,0.03258333444703321,0.05231105489036747,0.04793437809007073,0.26700573267922634,-0.08261560799688855,-0.14704888580393072,-0.03247790397556116,-0.01651129982297228,0.06610430817391622,0.014213799716296209,0.13379656907877768,0.11242602131584456,0.07967401794355178,0.06546021822725556,-0.016865781899595464,-0.0004637482893835865,0.06682300339934424,0.08982749814640872,0.10669328004600417
2,B_G,A_G,440,0.13076249721595046,5.488844801340985,True,True,0.003372001456981903,0.014052034689709947,0.0055664342737590244,0.0033673651812430316,-4.6362757388784814e-06,-0.0038845522063467516,0.03843787102076601,0.10725210146692088,0.12072731331445996,0.12461186552080672,0.0011367110706452938,0.009650061044297942,0.0033592385231664412,0.0021116572481402196,0.0009749461774949397,0.006476779388145185,0.05314269133641697,0.154015981882493,0.16613452732903056,0.1596577479408854,-0.05015379957504951,-2.874338949077071e-07,0.027285000962910644,0.03625089257100966,0.08640469214605917
2,B_G,A_G,441,0.6968513445352255,3.09805794914942,True,True,-0.0034045205532151346,-0.03444147204061948,-0.017648647287794694,-0.01006077314152709,-0.006656252588311928,0.35116693493221773,0.019592377009594042,-0.005743702661949013,-0.003640256166972611,-0.35480719109919034,0.029911028019315826,0.1570154167154903,0.08065471514808253,0.04422541680446734,0.014314388785151566,-0.02977872202463875,-0.28095350161813204,-0.03793864568722405,-0.016017581890041654,0.013761140134597172,-0.16668722747374443,-0.06488119215008448,-0.013079035187186672,-0.0065710996053500725,0.16011612786839435
2,B_G,A_G,442,0.7051588298391286,3.0008094863742074,True,True,-0.004435264434489376,-0.020928829851762143,-0.007272462263736901,-0.003827312068757971,0.0006079523657314123,-0.0008978884217883051,0.08484822246322543,0.13691978971531682,0.14273683858675035,0.14363472700853863,0.003141673182039492,0.021182898220377777,0.010328704109496822,0.005407905355595877,0.0022662321735563706,0.012912597348442245,0.13329041421953253,0.2160985319994596,0.2185168756856728,0.2056042783372305,-0.1910485529950946,-0.043565901399335416,-0.006207338753314029,0.003841642242496668,0.19489019523759127
2,B_G,A_G,443,0.7735832337635941,4.077513508303992,True,True,-0.0006916807272721454,-0.00601361610433182,-0.0019713919222508203,-0.0012415559946491461,-0.0005498752673769314,0.01700702200456382,0.1523410017455949,0.17929557408827812,0.1716677124824919,0.15466069047792808,0.005632964417559214,0.05059895055409941,0.028692127418652902,0.0167320376277178,0.011099073210158683,0.0072800811162686135,0.0739866832406691,0.12910819562525389,0.13437292734958817,0.12709284623331962,-0.09927790194775499,-0.04883127982875746,-0.019827509793640896,-0.011068930477830974,0.08820897146992401
2,B_G,A_G,444,0.848248863610604,4.362196769945781,True,True,0.005733068472056992,0.04257511583310486,0.02013033244778295,0.010937818877982064,0.005204750405925163,-0.5118474062806337,-0.19084129283236917,-0.0476159354776019,-0.03375087479306593,0.4780965314875678,-0.16195355904637632,-0.2458561389162079,-0.06488073029738395,-0.033594012360064096,0.12835954668631222,-0.0012548959344263824,-0.0062574099486654156,-0.002628703112217412,-0.003777966329627458,-0.0025230703952010547,0.02851927869995441,0.08758630717964488,0.10479954043188477,0.1046443529029063,0.07612507420295189
2,B_G,A_G,445,0.976389469640192,3.5071959599684686,True,True,-0.033847536114116464,-0.06153616631876557,-0.008886021395966837,-0.004322320684052139,0.029525215430064367,-0.4102052701846036,-0.11535296875359935,-0.013804949362015151,0.004652391289777902,0.4148576614743815,-0.0004330037405514825,0.10756767279938728,0.11135640997021523,0.07024041591333474,0.07067341965388618,0.014335602174280475,0.1523787920432852,0.20418219639625468,0.1758757275217343,0.16154012534745377,-0.1193474254381428,0.08525601031074154,0.17245942090217248,0.1852742697254089,0.30462169516355175
2,B_G,A_G,446,0.14010515901566922,5.0282654243689375,True,True,0.0066288072778206975,0.03394676602113267,0.009850829866430932,0.005082047835190395,-0.0015467594426302744,-0.028656882770588823,-0.08324271182889792,0.0021034815061091727,0.02614891249922424,0.05480579526981311,-0.005985829327420554,-0.03944689715160826,-0.019981295614817207,-0.012134665324623262,-0.0061488359972027284,-0.02179683594415703,-0.1705378198635612,0.0585067140716663,0.08931334530248647,0.1111101812466434,0.0020990434910737044,0.03551786168578819,0.05627110865615714,0.06277152069192637,0.06067247720085267
2,B_G,A_G,447,0.35715639069230365,5.352338886958085,True,True,0.006266095195778795,0.06461109505358381,0.1046295619137978,0.09835598222242348,0.09208988702664467,0.024108907360014253,0.0277033417264525,0.014377705750867609,0.009256410698903483,-0.01485249666111077,-0.017504966862703975,-0.010765244610952629,-0.0020749860367049733,-0.00100320807831622,0.016501758784387754,0.0023218143226192145,0.021561185298253127,0.028360023404889856,0.01892692145832442,0.016605107135705177,0.01635141901582332,0.3457784837313847,0.6239115040536605,0.6410596956959398,0.6247082766801166
2,B_G,A_G,448,0.09670190053999428,3.9328111417852214,True,True,0.001488700651242278,0.03840353398852725,0.023859124224734685,0.01210383072671084,0.010615130075468548,-0.6046134402053647,-0.3606292255589414,-0.14712407409430117,-0.10567978681387924,0.49893365339148543,-0.0690734332974965,-0.026268820430741135,0.03399943180037224,0.02083354879820698,0.08990698209570347,-0.0009041363585191101,-0.0028233373194631595,-0.015018568171042523,-0.012440826694128604,-0.011536690335609445,-0.0012456005167471584,0.03786648231132339,0.03199768347501997,0.024664034320711847,0.025909634837459006
2,B_G,A_G,449,0.4829463524086067,4.696097373959084,True,True,-0.016444923107388418,-0.029537489474593448,-0.0058417721227118635,-0.002381764777834805,0.014063158329553627,-0.05200810832575731,0.039222037375970076,0.08709411578593351,0.08749011899905801,0.13949822732481532,-0.22197867052844528,-0.12422388194555645,0.02231008762763531,0.01967645567495646,0.2416551262034018,0.006877205562528341,0.056325884779930946,0.10026354705800344,0.1013687757426407,0.09449157018011234,-0.012992774948385775,0.04063500995728818,0.14917053175654857,0.18821320709304387,0.20120598204142964
2,B_G,A_G,450,0.30075011553435615,5.222615508216791,True,True,-0.009635720127737009,-0.05115580932588043,-0.021338005937640236,-0.011371455352214843,-0.0017357352244777857,-0.036331852842839574,0.01301574063681854,0.02918737020897988,0.025598186376621035,0.06193003921946061,-0.05204198005697905,-0.014347091099758291,0.030688905661685584,0.018664783050847067,0.07070676310782609,0.00765878226276883,0.06645355643542827,0.05221421482779398,0.028333866566315202,0.020675084303546365,-0.3536303678248493,-0.18346294140858793,0.004320282678152876,0.06151933996554959,0.4151497077903989
2,B_G,A_G,451,0.644666901045172,5.147564116433488,True,True,0.003910165017983386,0.02561126720017748,0.007788838241718277,0.003096279378318356,-0.0008138856396650018,0.06232355307433472,0.19688277775691676,0.11597439315387004,0.10404904588940078,0.0417254928150661,-0.004112680770228583,-0.01954517919857035,-0.00047332451661619146,0.0005826360664872299,0.004695316836715757,-0.49521673343931955,-0.2901843297415315,-0.040377496836266014,-0.03052398476063689,0.4646927486786827,0.022067570313185937,0.11921337067148681,0.20613053998598213,0.22892249173181847,0.20685492141863251
2,B_G,A_G,452,0.389960310333205,3.4507787999453146,True,True,-0.0016697984559296414,-0.015594262673573,-0.005925180255264673,-0.0035952216999296516,-0.001925423244000024,0.014034600710729941,0.13186850214702062,0.2003281197037763,0.20654957575487276,0.19251497504414278,0.007125003082206108,0.05861103194372602,0.04435538607104028,0.02648390276874313,0.019358899686537034,0.01352653308059517,0.13484309278836387,0.23357296827959328,0.23995766599249968,0.22643113291190453,-0.015022168208244868,0.026810533078184373,0.056884732309105956,0.06641695827833594,0.0814391264865808
2,B_G,A_G,453,0.0030975986832155744,4.836515294817724,True,True,0.04592809363389226,0.22304867137697598,0.1101468831630773,0.06301567997645696,0.017087586342564687,0.039213333153462426,0.1527837354598247,0.18764246115562588,0.1788010075630636,0.13958767440960118,-0.5238957390064681,-0.4201422581664009,-0.10022774496030618,-0.049831516991298175,0.47406422201516996,8.618218530597604e-05,-0.0012493572990314727,0.010982387388492554,0.016938649580171883,0.0168524673948659,-0.008191043501290886,0.06910138595005672,0.17210868889159164,0.20295450529736558,0.2111455487986565
2,B_G,A_G,454,0.446431201827035,4.953778762492513,True,True,0.0009745661644663534,0.02818843454482922,0.012276388191838294,0.007471539840757657,0.006496973676291318,-0.1387657151614674,-0.029603570533238255,0.017540302811168473,0.016137180749971614,0.15490289591143902,-0.2015784733352936,-0.058270490706730405,0.05210407420042573,0.042284030039151266,0.24386250337444482,-0.007920668677621964,-0.08637643691181518,-0.031050733867146185,-0.01390024142587698,-0.005979572748255002,0.022313620088168118,0.25981806244293254,0.3443308852300637,0.35739416434032445,0.33508054425215633
2,B_G,A_G,455,0.2064954609222679,4.184836894523835,True,True,-0.0020718585768382466,-0.012864114194668708,-0.0028428558510460444,-0.0006451443031472159,0.00142671427369101,0.005623183227368194,0.052838551440508724,0.09376446858210064,0.10084775320842798,0.09522456998105983,0.004327476750631762,0.035428339359458216,0.025070400452046115,0.015165797228113509,0.010838320477481678,0.0066128096813606665,0.06075789121564279,0.15751614765777333,0.1859075978220328,0.17929478814067212,-0.07866843002697485,-0.015797701575112566,0.012225121005619066,0.021919519359171635,0.10058794938614649
2,B_G,A_G,456,0.39987816327180836,3.0530197621229638,True,True,0.011105872696559577,0.053457395480107694,0.014065174577087891,0.007108802675130255,-0.003997070021429239,-0.03150847543415366,-0.0687781274274899,0.030501266113391323,0.0432692335775231,0.0747777090116768,-0.03195252116893753,-0.1252020137457754,-0.037832700663357643,-0.02043470292139915,0.011517818247538392,-0.028084575613916196,-0.1675526998421384,0.06734394555270207,0.07800854530239032,0.10609312091630652,-0.14525343848368502,0.09645480019492125,0.14807771493430194,0.1580981225476174,0.3033515610313024
2,B_G,A_G,457,0.19671421155206725,4.971395325743558,True,True,-0.018686843111522213,-0.12605181272712218,-0.07917489656306687,-0.04770504417529875,-0.029018201063776505,-0.009282590264579449,-0.011810890174612787,-0.0034907531091304955,-0.0019859140935856168,0.007296676170993832,0.09365799925206242,0.09414460310411366,0.036553118638750326,0.02062873336012172,-0.0730292658919407,-0.00017799905734214305,0.0021242950932586213,0.0024361689967773437,0.0021163964341344155,0.0022943954914765863,-0.7374367452168953,-0.1754890619841185,-0.01918502288829993,-0.008550513234937829,0.7288862319819575
2,B_G,A_G,458,0.9953440370848493,4.595558228268078,True,True,0.009653187359086199,0.02339710403337314,0.004418860893749543,0.001982477233477775,-0.007670710125608493,-0.02962060468588619,0.04856971705169022,0.058719750492959966,0.06517089578070612,0.09479150046659235,0.014417106759906463,0.099850218933494,0.04602206482713145,0.025893343534086788,0.011476236774180304,-0.013706547587798455,-0.137651271416373,0.004629366836261473,0.03624657206654247,0.049953119654340905,-0.3524463503548926,-0.06891879388356359,0.03307264639731933,0.04543436470635709,0.39788071506124967
2,B_G,A_G,459,0.9338821209529122,3.520318789745125,True,True,0.00841961154041622,0.046303110705404826,0.017181828888320427,0.009589499878255858,0.0011698883378395974,-0.052978678003728824,-0.08996088723098827,-0.022575172239043595,-0.0129109938719707,0.0400676841317581,-0.02901525182099466,-0.10248467547889756,-0.03162627395228468,-0.015746632368472846,0.01326861945252178,-0.051546786072131784,-0.2512502784430405,0.007182054660634818,0.023256107122682224,0.07480289319481392,0.0059845674758111644,0.12510468776913047,0.163207983702379,0.1706259712418582,0.16464140376604702
2,B_G,A_G,460,0.6312699476702924,4.211895151203555,True,True,-0.007845127150965032,-0.060158536937859,-0.02411842226944705,-0.012247481943422955,-0.004402354792457874,-0.08885853362920648,-0.010879346324170314,0.022252047619985005,0.01809678248431834,0.10695531611352482,-0.0518196590311068,0.04854883097920104,0.21712015305930177,0.2034014388779336,0.25522109790904046,0.005025030175916448,0.03645203148124099,0.04672260185597743,0.03784366807576556,0.03281863789984907,-0.15154495089652045,-0.04858598596167596,0.049580266876343315,0.07552792685149445,0.22707287774801493
2,B_G,A_G,461,0.07217304433439353,5.27650689712506,True,False,0.008409747340405258,0.09209115714537797,0.13302164675735328,0.09795162999130413,0.0895418826508988,-0.05328291604520752,0.013692140382414508,0.04083127404722464,0.034106100009458795,0.08738901605466631,-0.28863248160180965,-0.13906541794324911,-0.022219151346959176,-0.011053652580425344,0.2775788290213843,-0.00202556611514923,-0.0055970187530342,-0.0030022436638214023,-0.0009043757420006404,0.0011211903731486172,0.045936693287548375,0.37753089279670604,0.5058193162141962,0.5226456712059362,0.4767089779183878
2,B_G,A_G,462,0.10405764216144364,3.60255098717602,True,True,-0.003455131576224235,-0.023007820901398524,-0.007233943430174361,-0.003925211764077785,-0.0004700801878535499,0.012318992198737137,0.11597136101466596,0.1822099974397695,0.18963370078820163,0.17731470858946452,0.008927580308679385,0.07867637921635295,0.06726107888097965,0.044862215244255155,0.035934634935575804,0.01269767581534273,0.12316409305108872,0.21048690957197402,0.2230394381694063,0.21034176235406354,-0.0415129671148462,-0.005657759654038308,0.022199740617011243,0.031022559766420765,0.07253552688126697
2,B_G,A_G,463,0.6529352931054933,4.427535448895036,True,True,0.002069757057438233,0.003550685961940192,0.00043922804534346493,0.00021404169281113994,-0.0018557153646270308,-0.012530751660487366,-0.11155079719682964,-0.10355246546902408,-0.09296227377903932,-0.08043152211855187,-0.0038207468787817833,-0.02651819070862038,-0.009456043234435052,-0.004464401522306649,-0.0006436546435247825,-0.12855911866442252,-0.4261306393611617,-0.0915158474428368,-0.04853554001549876,0.08002357864892384,-0.008557844993531627,0.0020978951940836543,0.004615575378421943,0.0034685557156437508,0.012026400709175378
2,B_G,A_G,464,0.5362534044282391,3.68547725435345,True,True,0.0042410651460176585,0.02034373449022414,0.0038084230646149297,0.0024727851265903267,-0.001768280019427304,-0.014519470126521116,-0.07713532939128964,-0.04574177483314312,-0.03259155924935586,-0.018072089122834756,-0.005030089534701854,-0.02494075956810371,-0.007100899842376163,-0.004283564106638105,0.000746525428063749,-0.049559483656294465,-0.2613463751050862,0.004683534875804307,0.03055207074160904,0.08011155439790352,-0.06769999139742021,-0.022946739351710155,-0.002578853851066709,0.0038782298952914074,0.07157822129271163
2,B_G,A_G,465,0.11124576577376055,4.1093802019824075,True,True,0.0004471662456550854,-0.010411306043352497,-0.003072262461073505,-0.0019209912450887101,-0.0023681574907438163,0.013724071910706657,0.13337065155772101,0.20141475167707318,0.20832486637007652,0.19460079445936984,0.007158325198501958,0.05701209946097502,0.041779441944384765,0.025348434876691583,0.01819010967818957,0.008087825884253858,0.07479847192637917,0.15531806523453306,0.17486495025380444,0.1667771243695506,-0.04724150586911058,-0.00450433443327769,0.02332375402447684,0.03234035140068037,0.07958185726979095
2,B_G,A_G,466,0.9118431764420187,4.513757492129028,True,True,-0.0009675808322286011,0.0011644152054197665,-9.325109323043979e-05,0.00032604074970765673,0.001293621581936244,-0.08330734407969459,-0.07587122090062975,0.06046001776679666,0.0831197522802094,0.16642709635990394,-0.01010820218401405,-0.05317505848462545,-0.02328131263708977,-0.012741362084558228,-0.0026331599005441353,-0.0011520073691730429,-0.015196272949678846,0.06302532179264186,0.08238313083997595,0.08353513820914904,-0.06056832472102913,-0.01209129328565639,-0.0014292255633077122,-0.0005888440319342658,0.059979480689094866
2,B_G,A_G,467,0.08588193061956906,3.0954750232463093,True,True,0.01541653915743104,0.0863954436951867,0.02716731355006896,0.013557169352729104,-0.0018593698047019158,-0.021153499635482666,-0.11051785810126946,-0.01337019677292528,-0.0023120514234044043,0.018841448212078338,-0.0406182368863828,-0.2076280577469286,-0.06559214277852143,-0.034986753691149564,0.005631483195233322,-0.06657005794766604,-0.37577947035227255,-0.09003233261346844,-0.060563245297481694,0.006006812650184323,-0.0031691855957645745,0.05661059607954089,0.07905669005120766,0.08487154176809136,0.08804072736385593
2,B_G,A_G,468,0.6534329916737704,4.8282770409588505,True,False,-0.0065144025959417914,-0.05282985447320937,-0.022861103882886535,-0.011934280997876523,-0.005419878401934808,-0.05687008835782392,0.023750037917728894,0.056190349116727156,0.04848101168625163,0.10535110004407555,-0.20194317600808356,-0.1055885894625539,0.026990687329596863,0.02575904659565187,0.2277022226037354,-0.00026621072869345563,0.011774842535487995,0.010810607244980508,0.006113016752406608,0.0063792274811000915,-0.2058306410599143,0.05677416604243779,0.16729508020065387,0.19842188183077358,0.40425252289068786
2,B_G,A_G,469,0.6774336518188131,3.4373820793636476,True,True,-0.010204129233287902,-0.04187494080431997,-0.011974672848393264,-0.005979329412653778,0.004224799820634173,0.028208571652269705,0.2420649799075544,0.31708657642040355,0.31668033855665134,0.2884717669043816,0.014018234099542518,0.11899852764091562,0.10421719919384076,0.06916473852536831,0.055146504425825804,0.02617986567135452,0.26719736935007404,0.3680203996672017,0.3569417553504908,0.33076188967913633,-0.15182333875637802,-0.002698342846069679,0.04255822108821966,0.054187900946314815,0.20601123970269286
2,B_G,A_G,470,0.7642139931429706,5.356495384337483,True,True,-0.006894165187814244,-0.0318351365753361,-0.010633963915940847,-0.0053866372341642155,0.0015075279536500563,0.01492694360735742,0.1897821889602957,0.25281043068725206,0.25375562912297056,0.2388286855156131,0.006500469432781701,0.0461438498963484,0.02431915388306094,0.013903178229419888,0.00740270879663818,0.016046351928801432,0.15053139839219726,0.24242944649378306,0.23526255647689442,0.21921620454809299,-0.10920621337957137,0.054084182970193795,0.0981436651541091,0.11014863277650333,0.2193548461560747
2,B_G,A_G,471,0.5718693115093546,4.980669556008364,True,True,0.016102915597744072,0.16237626986774012,0.16173429761532077,0.10599798283322082,0.08989506723547669,-0.5352267257909505,-0.04515688212410829,0.03259755677847054,0.03326954650440306,0.5684962722953536,-0.265125778479216,-0.2254728637264981,-0.04909923419497886,-0.024222191214837263,0.24090358726437866,-0.0030300349978684277,-0.02016752582577308,-0.011566833133631604,-0.005395794889681227,-0.0023657598918127576,-0.1043227230378736,0.23380210974397775,0.2876495721254674,0.2868125008916146,0.3911352239294882
2,B_G,A_G,472,0.4004664095174365,3.5780674900542846,True,True,-0.013383431924327352,-0.053319339809875244,-0.013033603859953335,-0.006820850748419871,0.006562581175907467,-0.3546723053487102,-0.2489723468310776,-0.11466158069527477,-0.0868469379470822,0.267825367401628,0.025758566018458065,0.2257354733314998,0.1402512227449081,0.08202595427390424,0.05626738825544608,-0.0035696928393647714,-0.02875508692840406,-0.004123483873476386,0.011517482652166233,0.015087175491530935,-0.0549489935177368,0.11416993402697867,0.13659856529860254,0.1418300297700118,0.1967790232877486
2,B_G,A_G,473,0.3365902355080398,3.06564406115041,True,True,-0.002272919052649508,-0.0025969770604205022,0.0025706006017737204,0.0018214022467299973,0.0040943212993795886,-0.14516197078739718,-0.1152761444165652,-0.014429275243070916,0.0022561429274711164,0.14741811371486824,-0.008090359046581931,-0.0491128318719955,-0.020285788999792498,-0.010248628537998683,-0.002158269491416731,0.002881178441068763,0.03412016368372972,0.013260969171012271,0.01924127666461295,0.016360098223544117,-0.05237172067239093,0.049179827347655025,0.06543950639621066,0.06172291415191433,0.11409463482430526
2,B_G,A_G,474,0.39805829279275196,4.06641547126192,True,True,0.010141899123779483,0.038928566780229434,0.012249382741339465,0.0055751727256542205,-0.004566726398125276,-0.00509056672143075,-0.04692598884091939,-0.022464079175397056,-0.015795369102069023,-0.010704802380638312,-0.009176781744923021,-0.0768924972028664,-0.04255134776506331,-0.023664773761879365,-0.014487992016956275,-0.13809236163963576,-0.3401500396802614,-0.053584555920284105,-0.009965777575307255,0.12812658406432853,0.014311737309009018,0.038417579065180854,0.055338771397992315,0.060562114431932434,0.0462503771229234
2,B_G,A_G,475,0.7433634504930375,3.709249595094823,True,True,-0.0026416021010885957,-0.017452057158709455,-0.005308050914319851,-0.003591988235420507,-0.0009503861343318487,0.016096357026143607,0.1531854680006906,0.21995291560541363,0.22166784033803089,0.20557148331188724,0.007533607101901006,0.056185375489746614,0.036713883176908046,0.021749227579692332,0.014215620477791346,0.01384985522891092,0.13169867347532221,0.2164174595917222,0.21147848562074223,0.19762863039183132,-0.01614752962108157,0.00736377464761262,0.0074199518066435655,0.004903131918246539,0.021050661539328108
2,B_G,A_G,476,0.7197697075423248,3.020269587052123,True,True,-0.008914249945182771,-0.03791014267971138,-0.011140287826576278,-0.005557919984897519,0.0033563299602852315,0.008106091560498019,0.07413540532725088,0.12214159307546185,0.13203703710938225,0.12393094554888423,0.008398435395943218,0.08330235964338761,0.10053843016467179,0.07397472534225447,0.06557628994631126,0.01138760335177599,0.11084993741031118,0.18642307634449234,0.19312887928986544,0.18174127593808942,0.0018809979423332337,0.018548185615625407,0.04315534703996607,0.05195455816151581,0.05007356021918258
2,B_G,A_G,477,0.5600186382214735,4.353935330199534,True,True,-0.00373007257258446,-0.014620816797063951,-0.006677993213045186,-0.003344264518323481,0.0003858080542610276,0.043804746664984164,0.3546711272144411,0.3457919918657626,0.3177138087510316,0.2739090620860474,0.014361324321338194,0.09468347465789623,0.05290393751619693,0.031004085066561493,0.016642760745223306,0.01707571294564579,0.1608147099520757,0.2379712047094068,0.22021788240932716,0.20314216946368147,-0.03677912320256971,0.011355964372050331,0.0051567110481102185,0.0029116286796003754,0.03969075188217008
2,B_G,A_G,478,0.8841283484162269,3.6589177943836972,True,True,-0.002514662886292693,-0.009019369257560084,-0.002418324667206373,-0.0019713653001656173,0.0005432975861270339,0.004982799887753575,0.07135394349481095,0.13758068541686963,0.14861619226760048,0.14363339237984685,0.0017954947291551754,0.014326447603000503,0.014240532868846745,0.008943097416729273,0.007147602687574084,0.005791408470519031,0.05649939274485727,0.14971674245426403,0.1787478966294591,0.17295648815894005,-0.0943582074583817,-0.032623239062785137,-0.003544329832626425,0.005732783313086798,0.10009099077146849
2,B_G,A_G,479,0.5459965959291362,4.026057364017866,True,True,-0.020102139432633795,-0.04082080375259556,-0.007283865489424057,-0.003652372075367616,0.01644976735726611,-0.10579400512452342,-0.046320694919705696,0.010671384823096264,0.01422030296964627,0.12001430809416969,-0.052841986218336995,0.09828207536265893,0.20740402088666665,0.17585707684380092,0.22869906306213794,-0.0022843631471693576,-0.035162259654292705,-0.02609919382252235,-0.01460065743139538,-0.012316294284225981,-0.038154823841060344,0.0494103042845494,0.1646377201434725,0.2050494796338641,0.24320430347492444
2,B_G,A_G,480,0.520401836908547,4.124986087691079,False,True,-0.022067379864694467,-0.04458675430286685,-0.00997185494653241,-0.005580286893877018,0.016487092970817407,-0.1701790104726431,0.03778515024570561,0.10117711463835621,0.10339731498632754,0.27357632545897065,-0.3968409182476419,-0.27352006160059417,-0.05229559584390486,-0.026456580056277268,0.3703843381913646,0.0009375306578664061,0.007636375265292705,0.041002944774861994,0.046271439420132676,0.04533390876226617,0.014607961977039917,0.10311533499771473,0.20193538033144942,0.2376567264678794,0.2230487644908395
2,B_G,A_G,481,0.4105433554249309,3.887209265016115,True,True,0.005620216134334187,0.0296192953238944,0.010564319418174373,0.005736891690773627,0.00011667555643946059,-0.06418323467521021,-0.07154360814528338,-0.013027291707054967,-0.006467776116128032,0.05771545855908222,-0.03090007889974177,-0.12139406269616393,-0.03914097843687714,-0.019779200282057374,0.011120878617684404,0.004705885126383695,0.016134590813924543,0.05556701393056429,0.06465971044683827,0.05995382532045457,-0.18660302528154682,-0.09271023665591,-0.05575478106543591,-0.048117882909638976,0.13848514237190784
2,B_G,A_G,482,0.34726492146805976,3.8865756757079737,True,True,-0.004937972822610194,-0.024466429439018444,-0.006902719825078729,-0.0029717167594661698,0.001966256063143934,0.02548352333571094,0.22888132663790703,0.3062698825070945,0.30211043965500595,0.27662691631929504,0.008112043433843523,0.06461260258097384,0.044346762268503315,0.026829535012632744,0.018717491578789214,0.019146498269295244,0.1926763322716586,0.268966512436732,0.24574043082152697,0.2265939325522317,-0.06451234672586625,-0.004495222947605626,0.008448861496648585,0.00697864447488572,0.07149099120075197
2,B_G,A_G,483,0.16102352224873961,4.003038815298415,True,True,-0.005820463092943345,-0.01281174426699927,-0.0019316628464950414,-0.00020304757162903364,0.0056174155213143395,-0.04359385430413574,-0.11973342864223446,-0.03774777996059142,-0.01736759308574165,0.026226261218393998,0.0058850449320805645,0.06047720065254447,0.03674574219145266,0.020472021886592806,0.014586976954512165,-0.025545384227422592,-0.22239592038581757,-0.01041838608357093,0.014429873879163613,0.0399752581065862,-0.2217524088685528,0.004673196794012013,0.03843872643847435,0.045650029626792654,0.26740243849534545
2,B_G,A_G,484,0.5817554631974446,4.6625974296369295,True,True,0.0041498888772582565,0.01742095263644594,0.006543056643751766,0.0031409958211299216,-0.0010088930561282794,-0.03953783419729819,-0.1425161521409281,-0.053196207113903826,-0.022506601433377904,0.017031232763920268,0.0013775176676245615,0.006686309089275477,0.00199657173861556,0.000555914601158225,-0.000821603066466281,-0.02065933658264891,-0.18344455650478542,0.014372182497259467,0.07879086106423694,0.0994501976468859,-0.14784625500456933,0.00954336654545368,0.03617921113330824,0.04482448682604656,0.1926707418306159
2,B_G,A_G,485,0.4572090149502357,3.9352835659378647,True,True,-0.007254962340390622,-0.03044161049978289,-0.008901533540352391,-0.005260264636584466,0.0019946977038061142,0.03457390543836641,0.30832743374084526,0.33575714819643987,0.3178628555216999,0.28328895008333355,0.01224758625007042,0.08785163730506373,0.05711888487434469,0.03323964948159819,0.02099206323152769,0.023100035812190958,0.2401442756017595,0.300153037051738,0.26566265507880416,0.24256261926661327,-0.09852690053111035,-0.013145923866667242,0.02301277445896488,0.028042135537188595,0.12656903606829895
2,B_G,A_G,486,0.933645128224284,4.5654485025742995,True,True,-0.02093256362020189,-0.08267555673881022,-0.02426116788828081,-0.012096371155995045,0.00883619246420686,-0.05126954208338941,-0.004215082184299224,0.025446647856482763,0.034474134887180874,0.08574367697057028,0.016486980525320872,0.1028215238328985,0.03915301149198258,0.02040054812291192,0.003913567597590983,0.014085035222449381,0.13198949394154907,0.16321204211575924,0.16130815012447886,0.14722311490202944,-0.16612086355619177,-0.05156973815600202,-0.0015441127674202249,0.007584492264984033,0.1737053558211758
2,B_G,A_G,487,0.7553019323481048,4.141066999554686,True,True,0.007045815286953333,0.04104208176557428,0.015606915795967846,0.007914501476530056,0.0008686861895766951,-0.018768548930257672,-0.040188890286326995,0.011582567669858768,0.029093383129875194,0.047861932060132895,-0.007740587309743252,-0.04797040893823212,-0.025576636157960464,-0.014284477369016502,-0.00654389005927325,-0.022785309982697906,-0.16949521848557758,0.04724971909266584,0.08216131735275911,0.10494662733545712,-0.05192574949004941,-0.004136153986401686,0.020186659681282526,0.02699711715291203,0.07892286664296144
2,B_G,A_G,488,0.2888754187139104,4.442393288429463,True,True,-0.004784899477845279,-0.020830304417151613,-0.004949025346414171,-0.0032846943108251203,0.0015002051670202077,-0.11916758664854642,-0.12373840863502877,0.0031496692694704675,0.03099203562172559,0.15015962227027202,-0.008371235840982455,-0.044255457546064414,-0.01832801352002955,-0.01064842814429312,-0.0022771923033106933,0.0060866748420193295,0.06188508962764422,0.10812533564809357,0.11328694056843569,0.10720026572641639,0.01183958245163863,0.030279266894252865,0.02626381909021991,0.019906482431622186,0.008066899979983555
2,B_G,A_G,489,0.748494766035178,4.08301264520852,True,True,-0.015214497384981159,-0.06262156895713755,-0.018830646140253426,-0.010464934048776686,0.004749563336204465,-0.10927512581186138,-0.023297367014438963,0.04430428387931995,0.04527381221394755,0.15454893802580894,-0.08860105182712584,0.0958651138417963,0.2501861132903376,0.23415699155105163,0.3227580433781775,0.0031993973334288744,0.023152513209704073,0.03873702191235906,0.03951473119894333,0.03631533386551444,-0.002037817075767976,0.03449506874199197,0.14048960225400461,0.17854235863387077,0.18058017570963875
2,B_G,A_G,490,0.29317905081180307,5.348263502661908,True,True,0.011239379233369678,0.11453839266751359,0.06746634268784713,0.0364751720149189,0.025235792781549193,0.023517847025213423,0.06542915694082252,0.05013563767163942,0.034914386807818,0.011396539782604576,-0.14568198186771508,-0.14513790353924128,-0.03805020475424026,-0.019212666312529825,0.12646931555518526,-0.0016987342110233658,-0.0075526714714727605,-0.00728361393842647,-0.003365292982544066,-0.0016665587715206653,-0.4235351116816985,-0.03646066636299272,0.08133744766854523,0.10134425310359019,0.5248793647852886
2,B_G,A_G,491,0.3301291851389546,4.30354725016097,True,True,-0.007248327343344345,-0.03756141049957151,-0.01174855336582381,-0.005968726083653619,0.0012796012596907325,0.014808792492790938,0.132252216134082,0.2059259435608689,0.21284714735590587,0.19803835486311494,0.013085208727301137,0.11977019610487999,0.1309770480579472,0.09624519775630491,0.08315998902900379,0.017574891424323575,0.17503793918449562,0.26977358965084164,0.26702570792925784,0.24945081650493428,-0.04434838856698774,0.005965178603606042,0.03659775135293955,0.046186077973032924,0.09053446654002066
2,B_G,A_G,492,0.6493899547244899,3.0635126766015723,True,True,-0.0053049802887934,-0.02329690995478273,-0.007200084498316772,-0.0037164111431903235,0.0015885691456031248,0.018988046886682857,0.1711082671696342,0.23073536763897318,0.2331454892049799,0.21415744231829703,0.007569581438741341,0.06456034875793415,0.04972020334922178,0.03154023324975741,0.023970651811015986,0.014007709240320167,0.1466683191863905,0.2453489398876343,0.253891752101159,0.23988404286083875,-0.11334461231580734,-0.03245115674579524,0.0014304002202141786,0.011463770426601239,0.12480838274240857
2,B_G,A_G,493,0.9101957204478942,4.592607571305269,True,True,0.010006044920257924,0.06929913266724258,0.027768481311648885,0.014398796050718032,0.004392751130460115,0.399783088975148,0.1765567409296589,0.09601119859708618,0.07707170231631122,-0.3227113866588368,0.0003616651699240442,-0.01972937518929685,-0.002946698694712646,-0.001364139254683927,-0.0017258044246080129,-0.03922950072843999,-0.27792318921880577,0.001958256400180658,0.012294662649560917,0.05152416337800092,-0.46623970562642764,-0.2630397268248944,-0.13756822933185286,-0.09631063828554054,0.36992906734088715
2,B_G,A_G,494,0.5267039842072718,4.593410743524716,True,True,-0.006578159746879669,-0.025643993262162712,-0.008581856221038242,-0.003349884605462594,0.003228275141417103,0.0011328320152946755,0.02294907604025498,0.05226452991720543,0.06084787397725011,0.05971504196195543,0.0034411688615756733,0.02438505887436182,0.01719037607832541,0.009481874602841334,0.006040705741265695,0.007587824644761897,0.07562812275851433,0.14846403108313477,0.16475168074562818,0.15716385610086625,-0.019056381069419925,0.012446258697693446,0.03743924605134985,0.04621683042338176,0.06527321149280169
2,B_G,A_G,495,0.7529037525947367,4.53078150319413,True,True,0.005022283124917218,0.03831353021109318,0.015638101688185246,0.0080227420540675,0.0030004589291502404,-0.027581157028093606,-0.11458898927247119,-0.0242300381778906,-0.011390838777647017,0.01619031825044659,-0.02197834392155669,-0.06395816636275198,0.001403187993129884,0.003378652094701007,0.025356996016257738,-0.08909840133787478,-0.3455532235609252,-0.03847776373318201,-0.01985992875615128,0.06923847258172355,0.03633917298151468,0.12415107345183796,0.15542979919921662,0.16155180979464645,0.12521263681313177
2,B_G,A_G,496,0.8347095621824764,4.327071839548393,True,True,-0.0003198548719687,0.009327086520273087,0.00931197097935832,0.006626145298556652,0.006946000170525379,-0.10639122088939926,-0.12916520000891651,-0.02940103496059021,-0.014495376251252745,0.0918958446381466,-0.02351647372535739,-0.02581246799551601,0.023867348919032305,0.014982548139310214,0.03849902186466758,0.013092160564049729,0.13909202975025692,0.04521277194016071,0.041130559126775657,0.02803839856272594,-0.1818027152933642,-0.005467361267551096,0.08267687289477832,0.09707121735390356,0.27887393264726773
2,B_G,A_G,497,0.8007507546747026,3.3475583149283192,True,True,-0.003142276234897587,-0.01166529191230925,-0.004374006118626483,-0.0023660461272519973,0.0007762301076456035,-0.003499282365943282,0.05428937053749783,0.11774079603180443,0.12982891762595017,0.1333281999918935,-0.0001896440633401067,-0.007944000817873498,-0.0006330409480729271,-0.001800137570482696,-0.0016104935071425963,0.0036860592431570555,0.04452049316629769,0.13614702519898725,0.15950391346584858,0.15581785422269157,-0.1254868411326443,-0.03653253906977816,-0.005904953665908874,0.0035491268873033,0.1290359680199476
2,B_G,A_G,498,0.6828476045774974,3.0423837953479467,True,True,0.001954344863164044,-0.0016228482555409318,-0.0026106832218967257,-0.0015801524683994872,-0.003534497331563524,-0.008639171215903331,-0.024259271309927166,0.017862558976744936,0.02932014434851027,0.037959315564413676,0.005228193394948705,0.0353990797579633,0.016890852514872212,0.008992418494428112,0.00376422509947949,-0.02572723240174586,-0.18859555552443563,0.0498704783566748,0.07454056656742003,0.10026779896916593,-2.2859770967165183e-05,0.027877072229817945,0.04418211554152962,0.04945768920710791,0.04948054897807508
2,B_G,A_G,499,0.40095028541624067,4.842370038957087,True,True,0.015605662252125244,0.11123349031097746,0.05059506878923181,0.027750587198122845,0.012144924945997615,-0.1322414376974524,-0.1547122827537049,-0.02079072091545353,0.002351595387288019,0.13459303308474035,-0.03676996130974071,-0.1267028548007239,-0.04138030068491183,-0.02220953136347481,0.01456042994626583,-0.006655154154334451,-0.06960454753760736,-0.014678661338717758,0.013141371413876168,0.019796525568210543,-0.009269624457873049,0.06130629647307284,0.08888779919711065,0.09584168407569515,0.1051113085335682
