new,previous,datum,stratum,parameter,probability,point_difference,lower,upper,primary_classification
A_CN,A0_CN,25,representative,u,0.05,0.0038296318567054843,-1.0,1.0,descriptive_secondary
A_CN,A0_CN,25,representative,u,0.5,0.016067732696882442,-1.0,1.0,descriptive_secondary
A_CN,A0_CN,25,representative,u,0.9,0.004401966711891303,-1.0,1.0,descriptive_secondary
A_CN,A0_CN,25,representative,u,0.95,0.0017972485070103517,-1.0,1.0,inconclusive
A_CN,A0_CN,25,representative,log10_Agw,0.05,-0.007731761225071659,-1.0,1.0,descriptive_secondary
A_CN,A0_CN,25,representative,log10_Agw,0.5,-0.056452750482795744,-1.0,1.0,descriptive_secondary
A_CN,A0_CN,25,representative,log10_Agw,0.9,-0.06918576354360151,-1.0,1.0,descriptive_secondary
A_CN,A0_CN,25,representative,log10_Agw,0.95,-0.06682558041602488,-1.0,1.0,descriptive_secondary
A_CN,A0_CN,25,representative,gamma_gw,0.05,-0.004550385860802482,-1.0,1.0,descriptive_secondary
A_CN,A0_CN,25,representative,gamma_gw,0.5,-0.04921083050942915,-1.0,1.0,descriptive_secondary
A_CN,A0_CN,25,representative,gamma_gw,0.9,-0.04581726796699259,-1.0,1.0,descriptive_secondary
A_CN,A0_CN,25,representative,gamma_gw,0.95,-0.028967942642116218,-1.0,1.0,descriptive_secondary
A_CN,A0_CN,25,representative,log10_Ar,0.05,-0.013550197602684555,-1.0,1.0,descriptive_secondary
A_CN,A0_CN,25,representative,log10_Ar,0.5,-0.12932621662450883,-1.0,1.0,descriptive_secondary
A_CN,A0_CN,25,representative,log10_Ar,0.9,-0.10363598012383424,-1.0,1.0,descriptive_secondary
A_CN,A0_CN,25,representative,log10_Ar,0.95,-0.08673922086085861,-1.0,1.0,descriptive_secondary
A_CN,A0_CN,25,representative,log10_EFAC,0.05,0.043860977585118754,-1.0,1.0,descriptive_secondary
A_CN,A0_CN,25,representative,log10_EFAC,0.5,0.009152335451206084,-1.0,1.0,descriptive_secondary
A_CN,A0_CN,25,representative,log10_EFAC,0.9,-0.01754272931204648,-1.0,1.0,descriptive_secondary
A_CN,A0_CN,25,representative,log10_EFAC,0.95,-0.0248701548868826,-1.0,1.0,descriptive_secondary
A_CN,A0_CN,26,representative,u,0.05,0.03524790475104888,-1.0,1.0,descriptive_secondary
A_CN,A0_CN,26,representative,u,0.5,0.1301761966572827,-1.0,1.0,descriptive_secondary
A_CN,A0_CN,26,representative,u,0.9,0.04140907123890136,-1.0,1.0,descriptive_secondary
A_CN,A0_CN,26,representative,u,0.95,0.021653050892074144,-1.0,1.0,inconclusive
A_CN,A0_CN,26,representative,log10_Agw,0.05,0.12472048553479184,-1.0,1.0,descriptive_secondary
A_CN,A0_CN,26,representative,log10_Agw,0.5,0.041582047197485594,-1.0,1.0,descriptive_secondary
A_CN,A0_CN,26,representative,log10_Agw,0.9,-0.00066067970972572,-1.0,1.0,descriptive_secondary
A_CN,A0_CN,26,representative,log10_Agw,0.95,-0.0095570085146931,-1.0,1.0,descriptive_secondary
A_CN,A0_CN,26,representative,gamma_gw,0.05,-0.010174987010278365,-1.0,1.0,descriptive_secondary
A_CN,A0_CN,26,representative,gamma_gw,0.5,-0.07028289812307165,-1.0,1.0,descriptive_secondary
A_CN,A0_CN,26,representative,gamma_gw,0.9,-0.04056278248160472,-1.0,1.0,descriptive_secondary
A_CN,A0_CN,26,representative,gamma_gw,0.95,-0.021239818085239004,-1.0,1.0,descriptive_secondary
A_CN,A0_CN,26,representative,log10_Ar,0.05,-0.014725080961401238,-1.0,1.0,descriptive_secondary
A_CN,A0_CN,26,representative,log10_Ar,0.5,-0.14615182438296564,-1.0,1.0,descriptive_secondary
A_CN,A0_CN,26,representative,log10_Ar,0.9,-0.11833897520588921,-1.0,1.0,descriptive_secondary
A_CN,A0_CN,26,representative,log10_Ar,0.95,-0.09271561967641984,-1.0,1.0,descriptive_secondary
A_CN,A0_CN,26,representative,log10_EFAC,0.05,-0.03125078200360995,-1.0,1.0,descriptive_secondary
A_CN,A0_CN,26,representative,log10_EFAC,0.5,-0.08009280525601442,-1.0,1.0,descriptive_secondary
A_CN,A0_CN,26,representative,log10_EFAC,0.9,-0.11481760246189737,-1.0,1.0,descriptive_secondary
A_CN,A0_CN,26,representative,log10_EFAC,0.95,-0.12448249940288877,-1.0,1.0,descriptive_secondary
A_CN,A0_CN,30,stress,u,0.05,-0.0058530214289516415,-1.0,1.0,descriptive_secondary
A_CN,A0_CN,30,stress,u,0.5,-0.04914672512297763,-1.0,1.0,descriptive_secondary
A_CN,A0_CN,30,stress,u,0.9,-0.08226321187833785,-1.0,1.0,descriptive_secondary
A_CN,A0_CN,30,stress,u,0.95,-0.07133056193238996,-1.0,1.0,inconclusive
A_CN,A0_CN,30,stress,log10_Agw,0.05,0.00032480398655332365,-1.0,1.0,descriptive_secondary
A_CN,A0_CN,30,stress,log10_Agw,0.5,0.0031085062830590315,-1.0,1.0,descriptive_secondary
A_CN,A0_CN,30,stress,log10_Agw,0.9,0.0038307630313613172,-1.0,1.0,descriptive_secondary
A_CN,A0_CN,30,stress,log10_Agw,0.95,0.003973875278533878,-1.0,1.0,descriptive_secondary
A_CN,A0_CN,30,stress,gamma_gw,0.05,-0.008792990046315341,-1.0,1.0,descriptive_secondary
A_CN,A0_CN,30,stress,gamma_gw,0.5,-0.033109480498541455,-1.0,1.0,descriptive_secondary
A_CN,A0_CN,30,stress,gamma_gw,0.9,-0.014725122940935975,-1.0,1.0,descriptive_secondary
A_CN,A0_CN,30,stress,gamma_gw,0.95,-0.008137415978768492,-1.0,1.0,descriptive_secondary
A_CN,A0_CN,30,stress,log10_Ar,0.05,0.003015378871122444,-1.0,1.0,descriptive_secondary
A_CN,A0_CN,30,stress,log10_Ar,0.5,0.04190280318559658,-1.0,1.0,descriptive_secondary
A_CN,A0_CN,30,stress,log10_Ar,0.9,0.028263401693849777,-1.0,1.0,descriptive_secondary
A_CN,A0_CN,30,stress,log10_Ar,0.95,0.017502603968865826,-1.0,1.0,descriptive_secondary
A_CN,A0_CN,30,stress,log10_EFAC,0.05,-0.012131186315632245,-1.0,1.0,descriptive_secondary
A_CN,A0_CN,30,stress,log10_EFAC,0.5,-0.049137582141183606,-1.0,1.0,descriptive_secondary
A_CN,A0_CN,30,stress,log10_EFAC,0.9,-0.0833554625530592,-1.0,1.0,descriptive_secondary
A_CN,A0_CN,30,stress,log10_EFAC,0.95,-0.09379599914167236,-1.0,1.0,descriptive_secondary
A_CN,A0_CN,44,representative,u,0.05,0.0031502980960077046,-1.0,1.0,descriptive_secondary
A_CN,A0_CN,44,representative,u,0.5,0.005777702967779241,-1.0,1.0,descriptive_secondary
A_CN,A0_CN,44,representative,u,0.9,-0.0002340812767863687,-1.0,1.0,descriptive_secondary
A_CN,A0_CN,44,representative,u,0.95,-0.0005114623471975666,-1.0,1.0,inconclusive
A_CN,A0_CN,44,representative,log10_Agw,0.05,0.004923235350775539,-1.0,1.0,descriptive_secondary
A_CN,A0_CN,44,representative,log10_Agw,0.5,0.07549226413677618,-1.0,1.0,descriptive_secondary
A_CN,A0_CN,44,representative,log10_Agw,0.9,0.12499520606891779,-1.0,1.0,descriptive_secondary
A_CN,A0_CN,44,representative,log10_Agw,0.95,0.11372977541801021,-1.0,1.0,descriptive_secondary
A_CN,A0_CN,44,representative,gamma_gw,0.05,-0.006399716560220883,-1.0,1.0,descriptive_secondary
A_CN,A0_CN,44,representative,gamma_gw,0.5,-0.07146715961433187,-1.0,1.0,descriptive_secondary
A_CN,A0_CN,44,representative,gamma_gw,0.9,-0.040815185577778745,-1.0,1.0,descriptive_secondary
A_CN,A0_CN,44,representative,gamma_gw,0.95,-0.022558235315616737,-1.0,1.0,descriptive_secondary
A_CN,A0_CN,44,representative,log10_Ar,0.05,-0.023584765914571648,-1.0,1.0,descriptive_secondary
A_CN,A0_CN,44,representative,log10_Ar,0.5,0.0298403611729523,-1.0,1.0,descriptive_secondary
A_CN,A0_CN,44,representative,log10_Ar,0.9,0.010062241761659374,-1.0,1.0,descriptive_secondary
A_CN,A0_CN,44,representative,log10_Ar,0.95,0.0061334853530936595,-1.0,1.0,descriptive_secondary
A_CN,A0_CN,44,representative,log10_EFAC,0.05,0.013839912930822762,-1.0,1.0,descriptive_secondary
A_CN,A0_CN,44,representative,log10_EFAC,0.5,-0.005676186485364276,-1.0,1.0,descriptive_secondary
A_CN,A0_CN,44,representative,log10_EFAC,0.9,-0.029391095321781857,-1.0,1.0,descriptive_secondary
A_CN,A0_CN,44,representative,log10_EFAC,0.95,-0.03512491985126465,-1.0,1.0,descriptive_secondary
A_CN,A0_CN,48,representative,u,0.05,0.00478553195178006,-1.0,1.0,descriptive_secondary
A_CN,A0_CN,48,representative,u,0.5,0.01897567087138885,-1.0,1.0,descriptive_secondary
A_CN,A0_CN,48,representative,u,0.9,0.005467142894367005,-1.0,1.0,descriptive_secondary
A_CN,A0_CN,48,representative,u,0.95,0.0037606962305473113,-1.0,1.0,inconclusive
A_CN,A0_CN,48,representative,log10_Agw,0.05,-0.0028378400984713278,-1.0,1.0,descriptive_secondary
A_CN,A0_CN,48,representative,log10_Agw,0.5,-0.022060895642768585,-1.0,1.0,descriptive_secondary
A_CN,A0_CN,48,representative,log10_Agw,0.9,-0.031317001829955116,-1.0,1.0,descriptive_secondary
A_CN,A0_CN,48,representative,log10_Agw,0.95,-0.032569277373302064,-1.0,1.0,descriptive_secondary
A_CN,A0_CN,48,representative,gamma_gw,0.05,-0.003509708724990769,-1.0,1.0,descriptive_secondary
A_CN,A0_CN,48,representative,gamma_gw,0.5,-0.03941969608187473,-1.0,1.0,descriptive_secondary
A_CN,A0_CN,48,representative,gamma_gw,0.9,-0.04798430719157731,-1.0,1.0,descriptive_secondary
A_CN,A0_CN,48,representative,gamma_gw,0.95,-0.039914404543016424,-1.0,1.0,descriptive_secondary
A_CN,A0_CN,48,representative,log10_Ar,0.05,-0.03533523394723369,-1.0,1.0,descriptive_secondary
A_CN,A0_CN,48,representative,log10_Ar,0.5,-0.20843336812993446,-1.0,1.0,descriptive_secondary
A_CN,A0_CN,48,representative,log10_Ar,0.9,-0.11047820001220998,-1.0,1.0,descriptive_secondary
A_CN,A0_CN,48,representative,log10_Ar,0.95,-0.09543513809232107,-1.0,1.0,descriptive_secondary
A_CN,A0_CN,48,representative,log10_EFAC,0.05,-0.005177150909854135,-1.0,1.0,descriptive_secondary
A_CN,A0_CN,48,representative,log10_EFAC,0.5,-0.03622169629950982,-1.0,1.0,descriptive_secondary
A_CN,A0_CN,48,representative,log10_EFAC,0.9,-0.06737180788896174,-1.0,1.0,descriptive_secondary
A_CN,A0_CN,48,representative,log10_EFAC,0.95,-0.07632567247723053,-1.0,1.0,descriptive_secondary
A_CN,A0_CN,102,representative,u,0.05,0.0031934117478059354,-1.0,1.0,descriptive_secondary
A_CN,A0_CN,102,representative,u,0.5,0.0315548191152723,-1.0,1.0,descriptive_secondary
A_CN,A0_CN,102,representative,u,0.9,0.015768648523389217,-1.0,1.0,descriptive_secondary
A_CN,A0_CN,102,representative,u,0.95,0.007889311897326778,-1.0,1.0,inconclusive
A_CN,A0_CN,102,representative,log10_Agw,0.05,-0.04789586569262546,-1.0,1.0,descriptive_secondary
A_CN,A0_CN,102,representative,log10_Agw,0.5,-0.1869591368787622,-1.0,1.0,descriptive_secondary
A_CN,A0_CN,102,representative,log10_Agw,0.9,-0.11713528717871347,-1.0,1.0,descriptive_secondary
A_CN,A0_CN,102,representative,log10_Agw,0.95,-0.10452168891444868,-1.0,1.0,descriptive_secondary
A_CN,A0_CN,102,representative,gamma_gw,0.05,-0.004752006840803749,-1.0,1.0,descriptive_secondary
A_CN,A0_CN,102,representative,gamma_gw,0.5,0.0014191445337938258,-1.0,1.0,descriptive_secondary
A_CN,A0_CN,102,representative,gamma_gw,0.9,0.010400815366268024,-1.0,1.0,descriptive_secondary
A_CN,A0_CN,102,representative,gamma_gw,0.95,0.0060644753311007715,-1.0,1.0,descriptive_secondary
A_CN,A0_CN,102,representative,log10_Ar,0.05,0.41315584744934863,-1.0,1.0,descriptive_secondary
A_CN,A0_CN,102,representative,log10_Ar,0.5,0.017363757764248477,-1.0,1.0,descriptive_secondary
A_CN,A0_CN,102,representative,log10_Ar,0.9,-0.01272827157924028,-1.0,1.0,descriptive_secondary
A_CN,A0_CN,102,representative,log10_Ar,0.95,-0.01281122589916639,-1.0,1.0,descriptive_secondary
A_CN,A0_CN,102,representative,log10_EFAC,0.05,0.05130150089872504,-1.0,1.0,descriptive_secondary
A_CN,A0_CN,102,representative,log10_EFAC,0.5,-0.0047266058534566335,-1.0,1.0,descriptive_secondary
A_CN,A0_CN,102,representative,log10_EFAC,0.9,-0.04822943565210425,-1.0,1.0,descriptive_secondary
A_CN,A0_CN,102,representative,log10_EFAC,0.95,-0.06019042676437203,-1.0,1.0,descriptive_secondary
A_CN,A0_CN,138,stress,u,0.05,0.018091143146338133,-1.0,1.0,descriptive_secondary
A_CN,A0_CN,138,stress,u,0.5,0.0966052774158131,-1.0,1.0,descriptive_secondary
A_CN,A0_CN,138,stress,u,0.9,0.0343514051696342,-1.0,1.0,descriptive_secondary
A_CN,A0_CN,138,stress,u,0.95,0.018713542956008355,-1.0,1.0,inconclusive
A_CN,A0_CN,138,stress,log10_Agw,0.05,0.009481952050085174,-1.0,1.0,descriptive_secondary
A_CN,A0_CN,138,stress,log10_Agw,0.5,-0.0006220125397186083,-1.0,1.0,descriptive_secondary
A_CN,A0_CN,138,stress,log10_Agw,0.9,-0.001029108281882074,-1.0,1.0,descriptive_secondary
A_CN,A0_CN,138,stress,log10_Agw,0.95,-0.0006246867995858274,-1.0,1.0,descriptive_secondary
A_CN,A0_CN,138,stress,gamma_gw,0.05,-0.022591880322041402,-1.0,1.0,descriptive_secondary
A_CN,A0_CN,138,stress,gamma_gw,0.5,-0.048621813256056134,-1.0,1.0,descriptive_secondary
A_CN,A0_CN,138,stress,gamma_gw,0.9,-0.07227502231981009,-1.0,1.0,descriptive_secondary
A_CN,A0_CN,138,stress,gamma_gw,0.95,-0.06816131825536964,-1.0,1.0,descriptive_secondary
A_CN,A0_CN,138,stress,log10_Ar,0.05,-0.003282126000659129,-1.0,1.0,descriptive_secondary
A_CN,A0_CN,138,stress,log10_Ar,0.5,-0.04516857196348112,-1.0,1.0,descriptive_secondary
A_CN,A0_CN,138,stress,log10_Ar,0.9,-0.01113545570216301,-1.0,1.0,descriptive_secondary
A_CN,A0_CN,138,stress,log10_Ar,0.95,-0.004027212203153718,-1.0,1.0,descriptive_secondary
A_CN,A0_CN,138,stress,log10_EFAC,0.05,0.015942605782844232,-1.0,1.0,descriptive_secondary
A_CN,A0_CN,138,stress,log10_EFAC,0.5,-0.04413954859498914,-1.0,1.0,descriptive_secondary
A_CN,A0_CN,138,stress,log10_EFAC,0.9,-0.08196324745525663,-1.0,1.0,descriptive_secondary
A_CN,A0_CN,138,stress,log10_EFAC,0.95,-0.08921856722562516,-1.0,1.0,descriptive_secondary
A_CN,A0_CN,142,representative,u,0.05,0.0035936197015658533,-1.0,1.0,descriptive_secondary
A_CN,A0_CN,142,representative,u,0.5,0.013502374479225199,-1.0,1.0,descriptive_secondary
A_CN,A0_CN,142,representative,u,0.9,0.004619648173461943,-1.0,1.0,descriptive_secondary
A_CN,A0_CN,142,representative,u,0.95,0.0033604824194281013,-1.0,1.0,inconclusive
A_CN,A0_CN,142,representative,log10_Agw,0.05,-0.003490376881687497,-1.0,1.0,descriptive_secondary
A_CN,A0_CN,142,representative,log10_Agw,0.5,-0.029138840847207054,-1.0,1.0,descriptive_secondary
A_CN,A0_CN,142,representative,log10_Agw,0.9,-0.04333090498118286,-1.0,1.0,descriptive_secondary
A_CN,A0_CN,142,representative,log10_Agw,0.95,-0.04703844317124661,-1.0,1.0,descriptive_secondary
A_CN,A0_CN,142,representative,gamma_gw,0.05,-0.0020763533736854467,-1.0,1.0,descriptive_secondary
A_CN,A0_CN,142,representative,gamma_gw,0.5,-0.018320517408190462,-1.0,1.0,descriptive_secondary
A_CN,A0_CN,142,representative,gamma_gw,0.9,-0.015789727383067276,-1.0,1.0,descriptive_secondary
A_CN,A0_CN,142,representative,gamma_gw,0.95,-0.009238015198218874,-1.0,1.0,descriptive_secondary
A_CN,A0_CN,142,representative,log10_Ar,0.05,-0.006017746404217844,-1.0,1.0,descriptive_secondary
A_CN,A0_CN,142,representative,log10_Ar,0.5,-0.06714432793306191,-1.0,1.0,descriptive_secondary
A_CN,A0_CN,142,representative,log10_Ar,0.9,-0.06638398612998941,-1.0,1.0,descriptive_secondary
A_CN,A0_CN,142,representative,log10_Ar,0.95,-0.06585961066834056,-1.0,1.0,descriptive_secondary
A_CN,A0_CN,142,representative,log10_EFAC,0.05,0.016608622317853206,-1.0,1.0,descriptive_secondary
A_CN,A0_CN,142,representative,log10_EFAC,0.5,-0.02329875474951676,-1.0,1.0,descriptive_secondary
A_CN,A0_CN,142,representative,log10_EFAC,0.9,-0.05245480167133859,-1.0,1.0,descriptive_secondary
A_CN,A0_CN,142,representative,log10_EFAC,0.95,-0.060545633939913746,-1.0,1.0,descriptive_secondary
A_CN,A0_CN,157,representative,u,0.05,0.042235241610895174,-1.0,1.0,descriptive_secondary
A_CN,A0_CN,157,representative,u,0.5,0.056629521236753355,-1.0,1.0,descriptive_secondary
A_CN,A0_CN,157,representative,u,0.9,0.011823533030843492,-1.0,1.0,descriptive_secondary
A_CN,A0_CN,157,representative,u,0.95,0.005576618844200465,-1.0,1.0,inconclusive
A_CN,A0_CN,157,representative,log10_Agw,0.05,0.13058869809711865,-1.0,1.0,descriptive_secondary
A_CN,A0_CN,157,representative,log10_Agw,0.5,0.07860068742742321,-1.0,1.0,descriptive_secondary
A_CN,A0_CN,157,representative,log10_Agw,0.9,0.023212097189859282,-1.0,1.0,descriptive_secondary
A_CN,A0_CN,157,representative,log10_Agw,0.95,0.015235766376602067,-1.0,1.0,descriptive_secondary
A_CN,A0_CN,157,representative,gamma_gw,0.05,-0.02103607438172421,-1.0,1.0,descriptive_secondary
A_CN,A0_CN,157,representative,gamma_gw,0.5,-0.20690785819431884,-1.0,1.0,descriptive_secondary
A_CN,A0_CN,157,representative,gamma_gw,0.9,-0.36985408539048853,-1.0,1.0,descriptive_secondary
A_CN,A0_CN,157,representative,gamma_gw,0.95,-0.3418515966199862,-1.0,1.0,descriptive_secondary
A_CN,A0_CN,157,representative,log10_Ar,0.05,0.003926045750832108,-1.0,1.0,descriptive_secondary
A_CN,A0_CN,157,representative,log10_Ar,0.5,0.03515652382625756,-1.0,1.0,descriptive_secondary
A_CN,A0_CN,157,representative,log10_Ar,0.9,0.050253429617113876,-1.0,1.0,descriptive_secondary
A_CN,A0_CN,157,representative,log10_Ar,0.95,0.04859484750658605,-1.0,1.0,descriptive_secondary
A_CN,A0_CN,157,representative,log10_EFAC,0.05,0.009150613853551579,-1.0,1.0,descriptive_secondary
A_CN,A0_CN,157,representative,log10_EFAC,0.5,-0.03761397882072104,-1.0,1.0,descriptive_secondary
A_CN,A0_CN,157,representative,log10_EFAC,0.9,-0.06381306270265769,-1.0,1.0,descriptive_secondary
A_CN,A0_CN,157,representative,log10_EFAC,0.95,-0.07009863120747917,-1.0,1.0,descriptive_secondary
A_CN,A0_CN,184,stress,u,0.05,0.0007892879602922967,-1.0,1.0,descriptive_secondary
A_CN,A0_CN,184,stress,u,0.5,0.006344691221653598,-1.0,1.0,descriptive_secondary
A_CN,A0_CN,184,stress,u,0.9,0.0034804787871201004,-1.0,1.0,descriptive_secondary
A_CN,A0_CN,184,stress,u,0.95,0.002125094237230396,-1.0,1.0,inconclusive
A_CN,A0_CN,184,stress,log10_Agw,0.05,-0.008477674653066692,-1.0,1.0,descriptive_secondary
A_CN,A0_CN,184,stress,log10_Agw,0.5,-0.05445278920092364,-1.0,1.0,descriptive_secondary
A_CN,A0_CN,184,stress,log10_Agw,0.9,-0.06117934681275333,-1.0,1.0,descriptive_secondary
A_CN,A0_CN,184,stress,log10_Agw,0.95,-0.0525486941021861,-1.0,1.0,descriptive_secondary
A_CN,A0_CN,184,stress,gamma_gw,0.05,-0.005872799417733297,-1.0,1.0,descriptive_secondary
A_CN,A0_CN,184,stress,gamma_gw,0.5,-0.05001510766337225,-1.0,1.0,descriptive_secondary
A_CN,A0_CN,184,stress,gamma_gw,0.9,-0.048798343654891774,-1.0,1.0,descriptive_secondary
A_CN,A0_CN,184,stress,gamma_gw,0.95,-0.032547398851638154,-1.0,1.0,descriptive_secondary
A_CN,A0_CN,184,stress,log10_Ar,0.05,0.001215075293099343,-1.0,1.0,descriptive_secondary
A_CN,A0_CN,184,stress,log10_Ar,0.5,0.009810547809448067,-1.0,1.0,descriptive_secondary
A_CN,A0_CN,184,stress,log10_Ar,0.9,0.007230556880026384,-1.0,1.0,descriptive_secondary
A_CN,A0_CN,184,stress,log10_Ar,0.95,0.002792806309777407,-1.0,1.0,descriptive_secondary
A_CN,A0_CN,184,stress,log10_EFAC,0.05,0.07304997685669101,-1.0,1.0,descriptive_secondary
A_CN,A0_CN,184,stress,log10_EFAC,0.5,0.03798109973730185,-1.0,1.0,descriptive_secondary
A_CN,A0_CN,184,stress,log10_EFAC,0.9,0.010725914983488016,-1.0,1.0,descriptive_secondary
A_CN,A0_CN,184,stress,log10_EFAC,0.95,0.003584505475353106,-1.0,1.0,descriptive_secondary
A_CN,A0_CN,189,representative,u,0.05,0.013421888156396278,-1.0,1.0,descriptive_secondary
A_CN,A0_CN,189,representative,u,0.5,0.056979236402151134,-1.0,1.0,descriptive_secondary
A_CN,A0_CN,189,representative,u,0.9,0.018157002440256753,-1.0,1.0,descriptive_secondary
A_CN,A0_CN,189,representative,u,0.95,0.009466550583188016,-1.0,1.0,inconclusive
A_CN,A0_CN,189,representative,log10_Agw,0.05,-0.22032754133378768,-1.0,1.0,descriptive_secondary
A_CN,A0_CN,189,representative,log10_Agw,0.5,-0.03532191427142539,-1.0,1.0,descriptive_secondary
A_CN,A0_CN,189,representative,log10_Agw,0.9,-0.004919101556678629,-1.0,1.0,descriptive_secondary
A_CN,A0_CN,189,representative,log10_Agw,0.95,-0.004887821347544508,-1.0,1.0,descriptive_secondary
A_CN,A0_CN,189,representative,gamma_gw,0.05,-0.02654870704314824,-1.0,1.0,descriptive_secondary
A_CN,A0_CN,189,representative,gamma_gw,0.5,-0.13382923362679444,-1.0,1.0,descriptive_secondary
A_CN,A0_CN,189,representative,gamma_gw,0.9,-0.08016945204876103,-1.0,1.0,descriptive_secondary
A_CN,A0_CN,189,representative,gamma_gw,0.95,-0.04735722997214897,-1.0,1.0,descriptive_secondary
A_CN,A0_CN,189,representative,log10_Ar,0.05,0.018809913656112953,-1.0,1.0,descriptive_secondary
A_CN,A0_CN,189,representative,log10_Ar,0.5,0.16863391039103098,-1.0,1.0,descriptive_secondary
A_CN,A0_CN,189,representative,log10_Ar,0.9,0.08115451992577816,-1.0,1.0,descriptive_secondary
A_CN,A0_CN,189,representative,log10_Ar,0.95,0.05725181337383323,-1.0,1.0,descriptive_secondary
A_CN,A0_CN,189,representative,log10_EFAC,0.05,0.009871490398795207,-1.0,1.0,descriptive_secondary
A_CN,A0_CN,189,representative,log10_EFAC,0.5,0.00857095410211467,-1.0,1.0,descriptive_secondary
A_CN,A0_CN,189,representative,log10_EFAC,0.9,-0.014052990990647746,-1.0,1.0,descriptive_secondary
A_CN,A0_CN,189,representative,log10_EFAC,0.95,-0.0214275501288263,-1.0,1.0,descriptive_secondary
A_CN,A0_CN,191,representative,u,0.05,0.004908640177490209,-1.0,1.0,descriptive_secondary
A_CN,A0_CN,191,representative,u,0.5,0.026673532592003446,-1.0,1.0,descriptive_secondary
A_CN,A0_CN,191,representative,u,0.9,0.00927302639041927,-1.0,1.0,descriptive_secondary
A_CN,A0_CN,191,representative,u,0.95,0.0047135502565589515,-1.0,1.0,inconclusive
A_CN,A0_CN,191,representative,log10_Agw,0.05,-0.004898386454069183,-1.0,1.0,descriptive_secondary
A_CN,A0_CN,191,representative,log10_Agw,0.5,-0.027892859416803556,-1.0,1.0,descriptive_secondary
A_CN,A0_CN,191,representative,log10_Agw,0.9,1.9638402397381682e-05,-1.0,1.0,descriptive_secondary
A_CN,A0_CN,191,representative,log10_Agw,0.95,0.01628832186410667,-1.0,1.0,descriptive_secondary
A_CN,A0_CN,191,representative,gamma_gw,0.05,-0.0045919693553456015,-1.0,1.0,descriptive_secondary
A_CN,A0_CN,191,representative,gamma_gw,0.5,-0.03998063817508002,-1.0,1.0,descriptive_secondary
A_CN,A0_CN,191,representative,gamma_gw,0.9,-0.026695294491129506,-1.0,1.0,descriptive_secondary
A_CN,A0_CN,191,representative,gamma_gw,0.95,-0.016630893481889952,-1.0,1.0,descriptive_secondary
A_CN,A0_CN,191,representative,log10_Ar,0.05,0.003113880295175439,-1.0,1.0,descriptive_secondary
A_CN,A0_CN,191,representative,log10_Ar,0.5,0.030789947119542138,-1.0,1.0,descriptive_secondary
A_CN,A0_CN,191,representative,log10_Ar,0.9,0.04066649566499214,-1.0,1.0,descriptive_secondary
A_CN,A0_CN,191,representative,log10_Ar,0.95,0.03530032428151775,-1.0,1.0,descriptive_secondary
A_CN,A0_CN,191,representative,log10_EFAC,0.05,0.060783762319592594,-1.0,1.0,descriptive_secondary
A_CN,A0_CN,191,representative,log10_EFAC,0.5,0.029097577516778883,-1.0,1.0,descriptive_secondary
A_CN,A0_CN,191,representative,log10_EFAC,0.9,0.003738141954938823,-1.0,1.0,descriptive_secondary
A_CN,A0_CN,191,representative,log10_EFAC,0.95,-0.0033694002666115885,-1.0,1.0,descriptive_secondary
A_CN,A0_CN,197,representative,u,0.05,-0.0019408711579229493,-1.0,1.0,descriptive_secondary
A_CN,A0_CN,197,representative,u,0.5,-0.006484689381898168,-1.0,1.0,descriptive_secondary
A_CN,A0_CN,197,representative,u,0.9,-0.0010854540113607314,-1.0,1.0,descriptive_secondary
A_CN,A0_CN,197,representative,u,0.95,-0.0006591510935016753,-1.0,1.0,inconclusive
A_CN,A0_CN,197,representative,log10_Agw,0.05,0.0006201278134638256,-1.0,1.0,descriptive_secondary
A_CN,A0_CN,197,representative,log10_Agw,0.5,0.005180706740183616,-1.0,1.0,descriptive_secondary
A_CN,A0_CN,197,representative,log10_Agw,0.9,0.010980819468578429,-1.0,1.0,descriptive_secondary
A_CN,A0_CN,197,representative,log10_Agw,0.95,0.010954966220487916,-1.0,1.0,descriptive_secondary
A_CN,A0_CN,197,representative,gamma_gw,0.05,0.001534884231916618,-1.0,1.0,descriptive_secondary
A_CN,A0_CN,197,representative,gamma_gw,0.5,0.01682965180879048,-1.0,1.0,descriptive_secondary
A_CN,A0_CN,197,representative,gamma_gw,0.9,0.03416511428449842,-1.0,1.0,descriptive_secondary
A_CN,A0_CN,197,representative,gamma_gw,0.95,0.03377760125814977,-1.0,1.0,descriptive_secondary
A_CN,A0_CN,197,representative,log10_Ar,0.05,0.0008709327217675117,-1.0,1.0,descriptive_secondary
A_CN,A0_CN,197,representative,log10_Ar,0.5,0.011508180370038146,-1.0,1.0,descriptive_secondary
A_CN,A0_CN,197,representative,log10_Ar,0.9,0.015013775356511383,-1.0,1.0,descriptive_secondary
A_CN,A0_CN,197,representative,log10_Ar,0.95,0.012615897190323466,-1.0,1.0,descriptive_secondary
A_CN,A0_CN,197,representative,log10_EFAC,0.05,-0.0011217432804351243,-1.0,1.0,descriptive_secondary
A_CN,A0_CN,197,representative,log10_EFAC,0.5,-0.013456562337777813,-1.0,1.0,descriptive_secondary
A_CN,A0_CN,197,representative,log10_EFAC,0.9,-0.03557402042193403,-1.0,1.0,descriptive_secondary
A_CN,A0_CN,197,representative,log10_EFAC,0.95,-0.042780771925451426,-1.0,1.0,descriptive_secondary
A_CN,A0_CN,249,representative,u,0.05,-0.0013471892674818894,-1.0,1.0,descriptive_secondary
A_CN,A0_CN,249,representative,u,0.5,-0.004041399920074795,-1.0,1.0,descriptive_secondary
A_CN,A0_CN,249,representative,u,0.9,-0.0012697370240852823,-1.0,1.0,descriptive_secondary
A_CN,A0_CN,249,representative,u,0.95,-0.0007560812993544497,-1.0,1.0,inconclusive
A_CN,A0_CN,249,representative,log10_Agw,0.05,0.0018495682026107158,-1.0,1.0,descriptive_secondary
A_CN,A0_CN,249,representative,log10_Agw,0.5,0.014354361241931762,-1.0,1.0,descriptive_secondary
A_CN,A0_CN,249,representative,log10_Agw,0.9,0.0190439994427547,-1.0,1.0,descriptive_secondary
A_CN,A0_CN,249,representative,log10_Agw,0.95,0.019277436094099598,-1.0,1.0,descriptive_secondary
A_CN,A0_CN,249,representative,gamma_gw,0.05,0.0004024894408731425,-1.0,1.0,descriptive_secondary
A_CN,A0_CN,249,representative,gamma_gw,0.5,0.0033889973038045973,-1.0,1.0,descriptive_secondary
A_CN,A0_CN,249,representative,gamma_gw,0.9,0.004369458354706812,-1.0,1.0,descriptive_secondary
A_CN,A0_CN,249,representative,gamma_gw,0.95,0.0019572827604376064,-1.0,1.0,descriptive_secondary
A_CN,A0_CN,249,representative,log10_Ar,0.05,-0.00234822118538891,-1.0,1.0,descriptive_secondary
A_CN,A0_CN,249,representative,log10_Ar,0.5,-0.015527908001287227,-1.0,1.0,descriptive_secondary
A_CN,A0_CN,249,representative,log10_Ar,0.9,-0.0009989798714228337,-1.0,1.0,descriptive_secondary
A_CN,A0_CN,249,representative,log10_Ar,0.95,0.00038609067053974044,-1.0,1.0,descriptive_secondary
A_CN,A0_CN,249,representative,log10_EFAC,0.05,0.005678185500517047,-1.0,1.0,descriptive_secondary
A_CN,A0_CN,249,representative,log10_EFAC,0.5,-0.025789115172691168,-1.0,1.0,descriptive_secondary
A_CN,A0_CN,249,representative,log10_EFAC,0.9,-0.05158479489249118,-1.0,1.0,descriptive_secondary
A_CN,A0_CN,249,representative,log10_EFAC,0.95,-0.058945148913850554,-1.0,1.0,descriptive_secondary
A_CN,A0_CN,272,representative,u,0.05,0.0014254227623113,-1.0,1.0,descriptive_secondary
A_CN,A0_CN,272,representative,u,0.5,0.0011235104715811017,-1.0,1.0,descriptive_secondary
A_CN,A0_CN,272,representative,u,0.9,0.0006649864134431471,-1.0,1.0,descriptive_secondary
A_CN,A0_CN,272,representative,u,0.95,-0.0003422921885020136,-1.0,1.0,inconclusive
A_CN,A0_CN,272,representative,log10_Agw,0.05,0.02321232618767301,-1.0,1.0,descriptive_secondary
A_CN,A0_CN,272,representative,log10_Agw,0.5,0.12761773763512246,-1.0,1.0,descriptive_secondary
A_CN,A0_CN,272,representative,log10_Agw,0.9,0.11800104326705452,-1.0,1.0,descriptive_secondary
A_CN,A0_CN,272,representative,log10_Agw,0.95,0.10386060187217849,-1.0,1.0,descriptive_secondary
A_CN,A0_CN,272,representative,gamma_gw,0.05,0.0016666268101827794,-1.0,1.0,descriptive_secondary
A_CN,A0_CN,272,representative,gamma_gw,0.5,0.021586877000874194,-1.0,1.0,descriptive_secondary
A_CN,A0_CN,272,representative,gamma_gw,0.9,0.02074366334332678,-1.0,1.0,descriptive_secondary
A_CN,A0_CN,272,representative,gamma_gw,0.95,0.014316938077889807,-1.0,1.0,descriptive_secondary
A_CN,A0_CN,272,representative,log10_Ar,0.05,0.003687600874229001,-1.0,1.0,descriptive_secondary
A_CN,A0_CN,272,representative,log10_Ar,0.5,0.03914132338566639,-1.0,1.0,descriptive_secondary
A_CN,A0_CN,272,representative,log10_Ar,0.9,0.019414547224862355,-1.0,1.0,descriptive_secondary
A_CN,A0_CN,272,representative,log10_Ar,0.95,0.005395412048227355,-1.0,1.0,descriptive_secondary
A_CN,A0_CN,272,representative,log10_EFAC,0.05,0.03916137978542533,-1.0,1.0,descriptive_secondary
A_CN,A0_CN,272,representative,log10_EFAC,0.5,0.011251997101644706,-1.0,1.0,descriptive_secondary
A_CN,A0_CN,272,representative,log10_EFAC,0.9,-0.010304710912621196,-1.0,1.0,descriptive_secondary
A_CN,A0_CN,272,representative,log10_EFAC,0.95,-0.0163871686758168,-1.0,1.0,descriptive_secondary
A_CN,A0_CN,285,representative,u,0.05,0.008482784799509133,-1.0,1.0,descriptive_secondary
A_CN,A0_CN,285,representative,u,0.5,0.04096872748433339,-1.0,1.0,descriptive_secondary
A_CN,A0_CN,285,representative,u,0.9,0.013678930098113606,-1.0,1.0,descriptive_secondary
A_CN,A0_CN,285,representative,u,0.95,0.0071862064550750615,-1.0,1.0,inconclusive
A_CN,A0_CN,285,representative,log10_Agw,0.05,0.013533848870852794,-1.0,1.0,descriptive_secondary
A_CN,A0_CN,285,representative,log10_Agw,0.5,-0.032837626389157215,-1.0,1.0,descriptive_secondary
A_CN,A0_CN,285,representative,log10_Agw,0.9,-0.038528740869925526,-1.0,1.0,descriptive_secondary
A_CN,A0_CN,285,representative,log10_Agw,0.95,-0.041377273910142565,-1.0,1.0,descriptive_secondary
A_CN,A0_CN,285,representative,gamma_gw,0.05,-0.003733456272427549,-1.0,1.0,descriptive_secondary
A_CN,A0_CN,285,representative,gamma_gw,0.5,-0.006126923914356097,-1.0,1.0,descriptive_secondary
A_CN,A0_CN,285,representative,gamma_gw,0.9,-0.0014731802153480356,-1.0,1.0,descriptive_secondary
A_CN,A0_CN,285,representative,gamma_gw,0.95,-0.0006124700538374661,-1.0,1.0,descriptive_secondary
A_CN,A0_CN,285,representative,log10_Ar,0.05,-0.00905032833792685,-1.0,1.0,descriptive_secondary
A_CN,A0_CN,285,representative,log10_Ar,0.5,-0.09645073891562794,-1.0,1.0,descriptive_secondary
A_CN,A0_CN,285,representative,log10_Ar,0.9,-0.055729770935719514,-1.0,1.0,descriptive_secondary
A_CN,A0_CN,285,representative,log10_Ar,0.95,-0.058961486931596974,-1.0,1.0,descriptive_secondary
A_CN,A0_CN,285,representative,log10_EFAC,0.05,-0.022900348787752933,-1.0,1.0,descriptive_secondary
A_CN,A0_CN,285,representative,log10_EFAC,0.5,-0.05975438296190283,-1.0,1.0,descriptive_secondary
A_CN,A0_CN,285,representative,log10_EFAC,0.9,-0.06804730671912806,-1.0,1.0,descriptive_secondary
A_CN,A0_CN,285,representative,log10_EFAC,0.95,-0.06255450358654624,-1.0,1.0,descriptive_secondary
A_CN,A0_CN,313,representative,u,0.05,0.0016449803940783853,-1.0,1.0,descriptive_secondary
A_CN,A0_CN,313,representative,u,0.5,0.009405124777438711,-1.0,1.0,descriptive_secondary
A_CN,A0_CN,313,representative,u,0.9,0.0017867622699905272,-1.0,1.0,descriptive_secondary
A_CN,A0_CN,313,representative,u,0.95,0.0011176270188265613,-1.0,1.0,inconclusive
A_CN,A0_CN,313,representative,log10_Agw,0.05,0.00922873098480325,-1.0,1.0,descriptive_secondary
A_CN,A0_CN,313,representative,log10_Agw,0.5,0.0523474900452682,-1.0,1.0,descriptive_secondary
A_CN,A0_CN,313,representative,log10_Agw,0.9,0.06059158835540229,-1.0,1.0,descriptive_secondary
A_CN,A0_CN,313,representative,log10_Agw,0.95,0.05712895938546547,-1.0,1.0,descriptive_secondary
A_CN,A0_CN,313,representative,gamma_gw,0.05,-0.00027203953076410103,-1.0,1.0,descriptive_secondary
A_CN,A0_CN,313,representative,gamma_gw,0.5,0.011318200116597399,-1.0,1.0,descriptive_secondary
A_CN,A0_CN,313,representative,gamma_gw,0.9,0.009791618459659923,-1.0,1.0,descriptive_secondary
A_CN,A0_CN,313,representative,gamma_gw,0.95,0.006403745444382158,-1.0,1.0,descriptive_secondary
A_CN,A0_CN,313,representative,log10_Ar,0.05,-0.00012053044570720789,-1.0,1.0,descriptive_secondary
A_CN,A0_CN,313,representative,log10_Ar,0.5,0.0003901593194409747,-1.0,1.0,descriptive_secondary
A_CN,A0_CN,313,representative,log10_Ar,0.9,0.0008653549351211876,-1.0,1.0,descriptive_secondary
A_CN,A0_CN,313,representative,log10_Ar,0.95,-0.004976310588410859,-1.0,1.0,descriptive_secondary
A_CN,A0_CN,313,representative,log10_EFAC,0.05,0.03613965074125486,-1.0,1.0,descriptive_secondary
A_CN,A0_CN,313,representative,log10_EFAC,0.5,0.004880636975404085,-1.0,1.0,descriptive_secondary
A_CN,A0_CN,313,representative,log10_EFAC,0.9,-0.018982197930553668,-1.0,1.0,descriptive_secondary
A_CN,A0_CN,313,representative,log10_EFAC,0.95,-0.0261509245744862,-1.0,1.0,descriptive_secondary
A_CN,A0_CN,327,representative,u,0.05,0.024954039862412528,-1.0,1.0,descriptive_secondary
A_CN,A0_CN,327,representative,u,0.5,0.07798183289183103,-1.0,1.0,descriptive_secondary
A_CN,A0_CN,327,representative,u,0.9,0.023369316828014464,-1.0,1.0,descriptive_secondary
A_CN,A0_CN,327,representative,u,0.95,0.012100385443655659,-1.0,1.0,inconclusive
A_CN,A0_CN,327,representative,log10_Agw,0.05,0.0037367452546205326,-1.0,1.0,descriptive_secondary
A_CN,A0_CN,327,representative,log10_Agw,0.5,-0.015974505383791415,-1.0,1.0,descriptive_secondary
A_CN,A0_CN,327,representative,log10_Agw,0.9,-0.02560292679205256,-1.0,1.0,descriptive_secondary
A_CN,A0_CN,327,representative,log10_Agw,0.95,-0.024818792870926587,-1.0,1.0,descriptive_secondary
A_CN,A0_CN,327,representative,gamma_gw,0.05,0.07853021718739583,-1.0,1.0,descriptive_secondary
A_CN,A0_CN,327,representative,gamma_gw,0.5,0.026237145662814876,-1.0,1.0,descriptive_secondary
A_CN,A0_CN,327,representative,gamma_gw,0.9,-0.031838543159541044,-1.0,1.0,descriptive_secondary
A_CN,A0_CN,327,representative,gamma_gw,0.95,-0.037064571495342924,-1.0,1.0,descriptive_secondary
A_CN,A0_CN,327,representative,log10_Ar,0.05,0.009730117955146063,-1.0,1.0,descriptive_secondary
A_CN,A0_CN,327,representative,log10_Ar,0.5,0.10243068155520252,-1.0,1.0,descriptive_secondary
A_CN,A0_CN,327,representative,log10_Ar,0.9,0.10224058409068637,-1.0,1.0,descriptive_secondary
A_CN,A0_CN,327,representative,log10_Ar,0.95,0.07328107040891729,-1.0,1.0,descriptive_secondary
A_CN,A0_CN,327,representative,log10_EFAC,0.05,0.009549585028043525,-1.0,1.0,descriptive_secondary
A_CN,A0_CN,327,representative,log10_EFAC,0.5,-0.04184739291070347,-1.0,1.0,descriptive_secondary
A_CN,A0_CN,327,representative,log10_EFAC,0.9,-0.09647832294450165,-1.0,1.0,descriptive_secondary
A_CN,A0_CN,327,representative,log10_EFAC,0.95,-0.10945606168189359,-1.0,1.0,descriptive_secondary
A_CN,A0_CN,333,stress,u,0.05,0.020734198240934913,-1.0,1.0,descriptive_secondary
A_CN,A0_CN,333,stress,u,0.5,0.12163588436721245,-1.0,1.0,descriptive_secondary
A_CN,A0_CN,333,stress,u,0.9,0.05272717552306094,-1.0,1.0,descriptive_secondary
A_CN,A0_CN,333,stress,u,0.95,0.02942206731351671,-1.0,1.0,inconclusive
A_CN,A0_CN,333,stress,log10_Agw,0.05,-0.002787304688217307,-1.0,1.0,descriptive_secondary
A_CN,A0_CN,333,stress,log10_Agw,0.5,0.006461830042403083,-1.0,1.0,descriptive_secondary
A_CN,A0_CN,333,stress,log10_Agw,0.9,0.0036144934309321197,-1.0,1.0,descriptive_secondary
A_CN,A0_CN,333,stress,log10_Agw,0.95,0.002170417980765782,-1.0,1.0,descriptive_secondary
A_CN,A0_CN,333,stress,gamma_gw,0.05,-0.03822640534690827,-1.0,1.0,descriptive_secondary
A_CN,A0_CN,333,stress,gamma_gw,0.5,-0.0734435288265014,-1.0,1.0,descriptive_secondary
A_CN,A0_CN,333,stress,gamma_gw,0.9,-0.05153960907214861,-1.0,1.0,descriptive_secondary
A_CN,A0_CN,333,stress,gamma_gw,0.95,-0.03509134311399187,-1.0,1.0,descriptive_secondary
A_CN,A0_CN,333,stress,log10_Ar,0.05,0.001995253370130963,-1.0,1.0,descriptive_secondary
A_CN,A0_CN,333,stress,log10_Ar,0.5,0.01448228887417613,-1.0,1.0,descriptive_secondary
A_CN,A0_CN,333,stress,log10_Ar,0.9,0.018737558722314862,-1.0,1.0,descriptive_secondary
A_CN,A0_CN,333,stress,log10_Ar,0.95,0.01235761513643896,-1.0,1.0,descriptive_secondary
A_CN,A0_CN,333,stress,log10_EFAC,0.05,0.05775599360333117,-1.0,1.0,descriptive_secondary
A_CN,A0_CN,333,stress,log10_EFAC,0.5,0.013876028962105158,-1.0,1.0,descriptive_secondary
A_CN,A0_CN,333,stress,log10_EFAC,0.9,-0.003388944919094805,-1.0,1.0,descriptive_secondary
A_CN,A0_CN,333,stress,log10_EFAC,0.95,-0.0033974430972041336,-1.0,1.0,descriptive_secondary
A_CN,A0_CN,346,representative,u,0.05,0.0028025915689208064,-1.0,1.0,descriptive_secondary
A_CN,A0_CN,346,representative,u,0.5,0.021190344006626116,-1.0,1.0,descriptive_secondary
A_CN,A0_CN,346,representative,u,0.9,0.007452298185354089,-1.0,1.0,descriptive_secondary
A_CN,A0_CN,346,representative,u,0.95,0.004043280927480408,-1.0,1.0,inconclusive
A_CN,A0_CN,346,representative,log10_Agw,0.05,-0.012297146501300746,-1.0,1.0,descriptive_secondary
A_CN,A0_CN,346,representative,log10_Agw,0.5,-0.07012576317706759,-1.0,1.0,descriptive_secondary
A_CN,A0_CN,346,representative,log10_Agw,0.9,-0.06817762906922348,-1.0,1.0,descriptive_secondary
A_CN,A0_CN,346,representative,log10_Agw,0.95,-0.061665033199379216,-1.0,1.0,descriptive_secondary
A_CN,A0_CN,346,representative,gamma_gw,0.05,-0.007313892225912624,-1.0,1.0,descriptive_secondary
A_CN,A0_CN,346,representative,gamma_gw,0.5,-0.05408261018685073,-1.0,1.0,descriptive_secondary
A_CN,A0_CN,346,representative,gamma_gw,0.9,-0.034218808278704604,-1.0,1.0,descriptive_secondary
A_CN,A0_CN,346,representative,gamma_gw,0.95,-0.019254258345616004,-1.0,1.0,descriptive_secondary
A_CN,A0_CN,346,representative,log10_Ar,0.05,-0.006578308973785418,-1.0,1.0,descriptive_secondary
A_CN,A0_CN,346,representative,log10_Ar,0.5,-0.060021842272239445,-1.0,1.0,descriptive_secondary
A_CN,A0_CN,346,representative,log10_Ar,0.9,-0.06099015215397641,-1.0,1.0,descriptive_secondary
A_CN,A0_CN,346,representative,log10_Ar,0.95,-0.05525512510823316,-1.0,1.0,descriptive_secondary
A_CN,A0_CN,346,representative,log10_EFAC,0.05,0.08753105836939779,-1.0,1.0,descriptive_secondary
A_CN,A0_CN,346,representative,log10_EFAC,0.5,0.045828661208750066,-1.0,1.0,descriptive_secondary
A_CN,A0_CN,346,representative,log10_EFAC,0.9,0.015713292833102188,-1.0,1.0,descriptive_secondary
A_CN,A0_CN,346,representative,log10_EFAC,0.95,0.007223370405055607,-1.0,1.0,descriptive_secondary
A_CN,A0_CN,355,representative,u,0.05,-0.05176328648500367,-1.0,1.0,descriptive_secondary
A_CN,A0_CN,355,representative,u,0.5,-0.11863836262484961,-1.0,1.0,descriptive_secondary
A_CN,A0_CN,355,representative,u,0.9,-0.02843047392428133,-1.0,1.0,descriptive_secondary
A_CN,A0_CN,355,representative,u,0.95,-0.013933454693868197,-1.0,1.0,inconclusive
A_CN,A0_CN,355,representative,log10_Agw,0.05,0.025082947122882115,-1.0,1.0,descriptive_secondary
A_CN,A0_CN,355,representative,log10_Agw,0.5,0.01464022108724472,-1.0,1.0,descriptive_secondary
A_CN,A0_CN,355,representative,log10_Agw,0.9,0.005755680097642157,-1.0,1.0,descriptive_secondary
A_CN,A0_CN,355,representative,log10_Agw,0.95,0.005102659747101668,-1.0,1.0,descriptive_secondary
A_CN,A0_CN,355,representative,gamma_gw,0.05,0.051317479991038695,-1.0,1.0,descriptive_secondary
A_CN,A0_CN,355,representative,gamma_gw,0.5,0.020838598590229185,-1.0,1.0,descriptive_secondary
A_CN,A0_CN,355,representative,gamma_gw,0.9,0.0033351381300494864,-1.0,1.0,descriptive_secondary
A_CN,A0_CN,355,representative,gamma_gw,0.95,0.0013841040349066303,-1.0,1.0,descriptive_secondary
A_CN,A0_CN,355,representative,log10_Ar,0.05,-0.0004997935571209589,-1.0,1.0,descriptive_secondary
A_CN,A0_CN,355,representative,log10_Ar,0.5,0.0070867610405383474,-1.0,1.0,descriptive_secondary
A_CN,A0_CN,355,representative,log10_Ar,0.9,0.020628221778152822,-1.0,1.0,descriptive_secondary
A_CN,A0_CN,355,representative,log10_Ar,0.95,0.026311919523033467,-1.0,1.0,descriptive_secondary
A_CN,A0_CN,355,representative,log10_EFAC,0.05,0.039747227002038484,-1.0,1.0,descriptive_secondary
A_CN,A0_CN,355,representative,log10_EFAC,0.5,0.009030533995454781,-1.0,1.0,descriptive_secondary
A_CN,A0_CN,355,representative,log10_EFAC,0.9,-0.019858958089900736,-1.0,1.0,descriptive_secondary
A_CN,A0_CN,355,representative,log10_EFAC,0.95,-0.027846488943332,-1.0,1.0,descriptive_secondary
A_CN,A0_CN,359,stress,u,0.05,0.02694212451676166,-1.0,1.0,descriptive_secondary
A_CN,A0_CN,359,stress,u,0.5,0.058094211186952904,-1.0,1.0,descriptive_secondary
A_CN,A0_CN,359,stress,u,0.9,0.01600275509109772,-1.0,1.0,descriptive_secondary
A_CN,A0_CN,359,stress,u,0.95,0.007998466717558328,-1.0,1.0,inconclusive
A_CN,A0_CN,359,stress,log10_Agw,0.05,-0.09428093896415746,-1.0,1.0,descriptive_secondary
A_CN,A0_CN,359,stress,log10_Agw,0.5,-0.04973119425996553,-1.0,1.0,descriptive_secondary
A_CN,A0_CN,359,stress,log10_Agw,0.9,-0.017005819766904184,-1.0,1.0,descriptive_secondary
A_CN,A0_CN,359,stress,log10_Agw,0.95,-0.01007246450255328,-1.0,1.0,descriptive_secondary
A_CN,A0_CN,359,stress,gamma_gw,0.05,0.0006053296699080543,-1.0,1.0,descriptive_secondary
A_CN,A0_CN,359,stress,gamma_gw,0.5,0.030226299806641543,-1.0,1.0,descriptive_secondary
A_CN,A0_CN,359,stress,gamma_gw,0.9,0.09060054035297938,-1.0,1.0,descriptive_secondary
A_CN,A0_CN,359,stress,gamma_gw,0.95,0.10001139898988942,-1.0,1.0,descriptive_secondary
A_CN,A0_CN,359,stress,log10_Ar,0.05,-0.0023010846152580477,-1.0,1.0,descriptive_secondary
A_CN,A0_CN,359,stress,log10_Ar,0.5,-0.021999121246437103,-1.0,1.0,descriptive_secondary
A_CN,A0_CN,359,stress,log10_Ar,0.9,-0.02890012751138349,-1.0,1.0,descriptive_secondary
A_CN,A0_CN,359,stress,log10_Ar,0.95,-0.024057788010041548,-1.0,1.0,descriptive_secondary
A_CN,A0_CN,359,stress,log10_EFAC,0.05,0.08654959077863689,-1.0,1.0,descriptive_secondary
A_CN,A0_CN,359,stress,log10_EFAC,0.5,0.028175525318370975,-1.0,1.0,descriptive_secondary
A_CN,A0_CN,359,stress,log10_EFAC,0.9,-0.015983454944088815,-1.0,1.0,descriptive_secondary
A_CN,A0_CN,359,stress,log10_EFAC,0.95,-0.02706674228516448,-1.0,1.0,descriptive_secondary
A_CN,A0_CN,380,representative,u,0.05,0.017459985763523686,-1.0,1.0,descriptive_secondary
A_CN,A0_CN,380,representative,u,0.5,0.0930374008906027,-1.0,1.0,descriptive_secondary
A_CN,A0_CN,380,representative,u,0.9,0.03001908265057096,-1.0,1.0,descriptive_secondary
A_CN,A0_CN,380,representative,u,0.95,0.015218075861395786,-1.0,1.0,inconclusive
A_CN,A0_CN,380,representative,log10_Agw,0.05,0.06207845885336319,-1.0,1.0,descriptive_secondary
A_CN,A0_CN,380,representative,log10_Agw,0.5,0.15859179034555115,-1.0,1.0,descriptive_secondary
A_CN,A0_CN,380,representative,log10_Agw,0.9,0.1237379061597299,-1.0,1.0,descriptive_secondary
A_CN,A0_CN,380,representative,log10_Agw,0.95,0.10814741249215454,-1.0,1.0,descriptive_secondary
A_CN,A0_CN,380,representative,gamma_gw,0.05,-0.02420232563321752,-1.0,1.0,descriptive_secondary
A_CN,A0_CN,380,representative,gamma_gw,0.5,-0.1509388682880231,-1.0,1.0,descriptive_secondary
A_CN,A0_CN,380,representative,gamma_gw,0.9,-0.07121810456404765,-1.0,1.0,descriptive_secondary
A_CN,A0_CN,380,representative,gamma_gw,0.95,-0.037887134561050306,-1.0,1.0,descriptive_secondary
A_CN,A0_CN,380,representative,log10_Ar,0.05,-0.05295993048427409,-1.0,1.0,descriptive_secondary
A_CN,A0_CN,380,representative,log10_Ar,0.5,-0.21426463807517582,-1.0,1.0,descriptive_secondary
A_CN,A0_CN,380,representative,log10_Ar,0.9,-0.040201030297983165,-1.0,1.0,descriptive_secondary
A_CN,A0_CN,380,representative,log10_Ar,0.95,-0.0402043601315899,-1.0,1.0,descriptive_secondary
A_CN,A0_CN,380,representative,log10_EFAC,0.05,0.035089964800094076,-1.0,1.0,descriptive_secondary
A_CN,A0_CN,380,representative,log10_EFAC,0.5,0.010158385836152195,-1.0,1.0,descriptive_secondary
A_CN,A0_CN,380,representative,log10_EFAC,0.9,-0.013434870288898337,-1.0,1.0,descriptive_secondary
A_CN,A0_CN,380,representative,log10_EFAC,0.95,-0.02090650173397368,-1.0,1.0,descriptive_secondary
A_CN,A0_CN,409,representative,u,0.05,-0.0004418787598961943,-1.0,1.0,descriptive_secondary
A_CN,A0_CN,409,representative,u,0.5,-0.0020633380050769645,-1.0,1.0,descriptive_secondary
A_CN,A0_CN,409,representative,u,0.9,0.0004422958325863702,-1.0,1.0,descriptive_secondary
A_CN,A0_CN,409,representative,u,0.95,2.3247821229865906e-05,-1.0,1.0,inconclusive
A_CN,A0_CN,409,representative,log10_Agw,0.05,0.004619147533871444,-1.0,1.0,descriptive_secondary
A_CN,A0_CN,409,representative,log10_Agw,0.5,0.03827658193010369,-1.0,1.0,descriptive_secondary
A_CN,A0_CN,409,representative,log10_Agw,0.9,0.05521384309200844,-1.0,1.0,descriptive_secondary
A_CN,A0_CN,409,representative,log10_Agw,0.95,0.05442147130427433,-1.0,1.0,descriptive_secondary
A_CN,A0_CN,409,representative,gamma_gw,0.05,0.0027126350751026373,-1.0,1.0,descriptive_secondary
A_CN,A0_CN,409,representative,gamma_gw,0.5,0.027129454492266558,-1.0,1.0,descriptive_secondary
A_CN,A0_CN,409,representative,gamma_gw,0.9,0.028089849419974833,-1.0,1.0,descriptive_secondary
A_CN,A0_CN,409,representative,gamma_gw,0.95,0.01823184578077719,-1.0,1.0,descriptive_secondary
A_CN,A0_CN,409,representative,log10_Ar,0.05,0.0016422685420225125,-1.0,1.0,descriptive_secondary
A_CN,A0_CN,409,representative,log10_Ar,0.5,0.013792498079196525,-1.0,1.0,descriptive_secondary
A_CN,A0_CN,409,representative,log10_Ar,0.9,0.011292553222117196,-1.0,1.0,descriptive_secondary
A_CN,A0_CN,409,representative,log10_Ar,0.95,0.004890845392518717,-1.0,1.0,descriptive_secondary
A_CN,A0_CN,409,representative,log10_EFAC,0.05,0.05801887722089316,-1.0,1.0,descriptive_secondary
A_CN,A0_CN,409,representative,log10_EFAC,0.5,0.027939950804043434,-1.0,1.0,descriptive_secondary
A_CN,A0_CN,409,representative,log10_EFAC,0.9,0.004181470516180896,-1.0,1.0,descriptive_secondary
A_CN,A0_CN,409,representative,log10_EFAC,0.95,-0.0022332975197073557,-1.0,1.0,descriptive_secondary
A_CN,A0_CN,424,stress,u,0.05,0.03133254813695538,-1.0,1.0,descriptive_secondary
A_CN,A0_CN,424,stress,u,0.5,0.08826206051214464,-1.0,1.0,descriptive_secondary
A_CN,A0_CN,424,stress,u,0.9,0.03287563896582757,-1.0,1.0,descriptive_secondary
A_CN,A0_CN,424,stress,u,0.95,0.017570063478556053,-1.0,1.0,inconclusive
A_CN,A0_CN,424,stress,log10_Agw,0.05,0.06457940342101742,-1.0,1.0,descriptive_secondary
A_CN,A0_CN,424,stress,log10_Agw,0.5,0.024110862585644544,-1.0,1.0,descriptive_secondary
A_CN,A0_CN,424,stress,log10_Agw,0.9,0.0052550831567169665,-1.0,1.0,descriptive_secondary
A_CN,A0_CN,424,stress,log10_Agw,0.95,0.0027289372501795306,-1.0,1.0,descriptive_secondary
A_CN,A0_CN,424,stress,gamma_gw,0.05,-0.04788201237517065,-1.0,1.0,descriptive_secondary
A_CN,A0_CN,424,stress,gamma_gw,0.5,-0.12187084161537826,-1.0,1.0,descriptive_secondary
A_CN,A0_CN,424,stress,gamma_gw,0.9,-0.20747781266880283,-1.0,1.0,descriptive_secondary
A_CN,A0_CN,424,stress,gamma_gw,0.95,-0.233988852178595,-1.0,1.0,descriptive_secondary
A_CN,A0_CN,424,stress,log10_Ar,0.05,-0.00047469794049756486,-1.0,1.0,descriptive_secondary
A_CN,A0_CN,424,stress,log10_Ar,0.5,-0.004735566162054616,-1.0,1.0,descriptive_secondary
A_CN,A0_CN,424,stress,log10_Ar,0.9,-0.004113946714884298,-1.0,1.0,descriptive_secondary
A_CN,A0_CN,424,stress,log10_Ar,0.95,-0.0058716620300612865,-1.0,1.0,descriptive_secondary
A_CN,A0_CN,424,stress,log10_EFAC,0.05,0.05688903793639355,-1.0,1.0,descriptive_secondary
A_CN,A0_CN,424,stress,log10_EFAC,0.5,-0.016519675284617286,-1.0,1.0,descriptive_secondary
A_CN,A0_CN,424,stress,log10_EFAC,0.9,-0.06261519886803957,-1.0,1.0,descriptive_secondary
A_CN,A0_CN,424,stress,log10_EFAC,0.95,-0.07388043756319651,-1.0,1.0,descriptive_secondary
A_CN,A0_CN,446,representative,u,0.05,-0.0018097147947955111,-1.0,1.0,descriptive_secondary
A_CN,A0_CN,446,representative,u,0.5,-0.009806377401801791,-1.0,1.0,descriptive_secondary
A_CN,A0_CN,446,representative,u,0.9,-0.0008467624351569114,-1.0,1.0,descriptive_secondary
A_CN,A0_CN,446,representative,u,0.95,-8.996971635411022e-05,-1.0,1.0,inconclusive
A_CN,A0_CN,446,representative,log10_Agw,0.05,-0.008467093095629895,-1.0,1.0,descriptive_secondary
A_CN,A0_CN,446,representative,log10_Agw,0.5,-0.05528493505917004,-1.0,1.0,descriptive_secondary
A_CN,A0_CN,446,representative,log10_Agw,0.9,-0.03998201999020956,-1.0,1.0,descriptive_secondary
A_CN,A0_CN,446,representative,log10_Agw,0.95,-0.03501755737234413,-1.0,1.0,descriptive_secondary
A_CN,A0_CN,446,representative,gamma_gw,0.05,-0.0018925282251864642,-1.0,1.0,descriptive_secondary
A_CN,A0_CN,446,representative,gamma_gw,0.5,-0.008861052083527388,-1.0,1.0,descriptive_secondary
A_CN,A0_CN,446,representative,gamma_gw,0.9,-0.004040669361414118,-1.0,1.0,descriptive_secondary
A_CN,A0_CN,446,representative,gamma_gw,0.95,-0.002678560521146345,-1.0,1.0,descriptive_secondary
A_CN,A0_CN,446,representative,log10_Ar,0.05,-0.002624372272539366,-1.0,1.0,descriptive_secondary
A_CN,A0_CN,446,representative,log10_Ar,0.5,-0.009328553951431062,-1.0,1.0,descriptive_secondary
A_CN,A0_CN,446,representative,log10_Ar,0.9,-0.023649513349129125,-1.0,1.0,descriptive_secondary
A_CN,A0_CN,446,representative,log10_Ar,0.95,-0.02646402915774171,-1.0,1.0,descriptive_secondary
A_CN,A0_CN,446,representative,log10_EFAC,0.05,0.08613393091971944,-1.0,1.0,descriptive_secondary
A_CN,A0_CN,446,representative,log10_EFAC,0.5,0.04806502088144737,-1.0,1.0,descriptive_secondary
A_CN,A0_CN,446,representative,log10_EFAC,0.9,0.020563396249048238,-1.0,1.0,descriptive_secondary
A_CN,A0_CN,446,representative,log10_EFAC,0.95,0.013565278193219954,-1.0,1.0,descriptive_secondary
A_CN,A0_CN,453,stress,u,0.05,0.02145791869066612,-1.0,1.0,descriptive_secondary
A_CN,A0_CN,453,stress,u,0.5,0.07552813552110438,-1.0,1.0,descriptive_secondary
A_CN,A0_CN,453,stress,u,0.9,0.03016086849343569,-1.0,1.0,descriptive_secondary
A_CN,A0_CN,453,stress,u,0.95,0.015389114088427802,-1.0,1.0,inconclusive
A_CN,A0_CN,453,stress,log10_Agw,0.05,0.011472588040380316,-1.0,1.0,descriptive_secondary
A_CN,A0_CN,453,stress,log10_Agw,0.5,-0.01088609861710077,-1.0,1.0,descriptive_secondary
A_CN,A0_CN,453,stress,log10_Agw,0.9,-0.03002178343644346,-1.0,1.0,descriptive_secondary
A_CN,A0_CN,453,stress,log10_Agw,0.95,-0.03503370957704044,-1.0,1.0,descriptive_secondary
A_CN,A0_CN,453,stress,gamma_gw,0.05,0.141341017141435,-1.0,1.0,descriptive_secondary
A_CN,A0_CN,453,stress,gamma_gw,0.5,0.05452394396919391,-1.0,1.0,descriptive_secondary
A_CN,A0_CN,453,stress,gamma_gw,0.9,0.010284421688619316,-1.0,1.0,descriptive_secondary
A_CN,A0_CN,453,stress,gamma_gw,0.95,0.005376714911037639,-1.0,1.0,descriptive_secondary
A_CN,A0_CN,453,stress,log10_Ar,0.05,-0.00477422458329578,-1.0,1.0,descriptive_secondary
A_CN,A0_CN,453,stress,log10_Ar,0.5,-0.04701665832221036,-1.0,1.0,descriptive_secondary
A_CN,A0_CN,453,stress,log10_Ar,0.9,-0.06734428255990677,-1.0,1.0,descriptive_secondary
A_CN,A0_CN,453,stress,log10_Ar,0.95,-0.06158021870520092,-1.0,1.0,descriptive_secondary
A_CN,A0_CN,453,stress,log10_EFAC,0.05,-0.003402944840258781,-1.0,1.0,descriptive_secondary
A_CN,A0_CN,453,stress,log10_EFAC,0.5,-0.03268209982341936,-1.0,1.0,descriptive_secondary
A_CN,A0_CN,453,stress,log10_EFAC,0.9,-0.06966260976648594,-1.0,1.0,descriptive_secondary
A_CN,A0_CN,453,stress,log10_EFAC,0.95,-0.0796073494763036,-1.0,1.0,descriptive_secondary
A_CN,A0_CN,458,stress,u,0.05,0.002554617098588209,-1.0,1.0,descriptive_secondary
A_CN,A0_CN,458,stress,u,0.5,0.009472127629416294,-1.0,1.0,descriptive_secondary
A_CN,A0_CN,458,stress,u,0.9,0.0016537089803464466,-1.0,1.0,descriptive_secondary
A_CN,A0_CN,458,stress,u,0.95,0.0007582673690195163,-1.0,1.0,inconclusive
A_CN,A0_CN,458,stress,log10_Agw,0.05,0.10775944761905049,-1.0,1.0,descriptive_secondary
A_CN,A0_CN,458,stress,log10_Agw,0.5,0.0603494701335191,-1.0,1.0,descriptive_secondary
A_CN,A0_CN,458,stress,log10_Agw,0.9,0.01344295859839395,-1.0,1.0,descriptive_secondary
A_CN,A0_CN,458,stress,log10_Agw,0.95,0.002560246622846929,-1.0,1.0,descriptive_secondary
A_CN,A0_CN,458,stress,gamma_gw,0.05,0.025641640600634855,-1.0,1.0,descriptive_secondary
A_CN,A0_CN,458,stress,gamma_gw,0.5,0.08932331149638673,-1.0,1.0,descriptive_secondary
A_CN,A0_CN,458,stress,gamma_gw,0.9,0.026351678734854556,-1.0,1.0,descriptive_secondary
A_CN,A0_CN,458,stress,gamma_gw,0.95,0.014131048851019123,-1.0,1.0,descriptive_secondary
A_CN,A0_CN,458,stress,log10_Ar,0.05,-0.022818560670896722,-1.0,1.0,descriptive_secondary
A_CN,A0_CN,458,stress,log10_Ar,0.5,-0.16429089333520164,-1.0,1.0,descriptive_secondary
A_CN,A0_CN,458,stress,log10_Ar,0.9,-0.0076754870124733365,-1.0,1.0,descriptive_secondary
A_CN,A0_CN,458,stress,log10_Ar,0.95,-0.0072712107407557625,-1.0,1.0,descriptive_secondary
A_CN,A0_CN,458,stress,log10_EFAC,0.05,-0.015324482028447384,-1.0,1.0,descriptive_secondary
A_CN,A0_CN,458,stress,log10_EFAC,0.5,-0.05604962812423431,-1.0,1.0,descriptive_secondary
A_CN,A0_CN,458,stress,log10_EFAC,0.9,-0.08358765458840489,-1.0,1.0,descriptive_secondary
A_CN,A0_CN,458,stress,log10_EFAC,0.95,-0.09074722662154577,-1.0,1.0,descriptive_secondary
A_CN,A0_CN,461,representative,u,0.05,0.08383255929611827,-1.0,1.0,descriptive_secondary
A_CN,A0_CN,461,representative,u,0.5,0.21024400751661004,-1.0,1.0,descriptive_secondary
A_CN,A0_CN,461,representative,u,0.9,0.09119829502621579,-1.0,1.0,descriptive_secondary
A_CN,A0_CN,461,representative,u,0.95,0.052629961143901394,-1.0,1.0,inconclusive
A_CN,A0_CN,461,representative,log10_Agw,0.05,0.0717217318134925,-1.0,1.0,descriptive_secondary
A_CN,A0_CN,461,representative,log10_Agw,0.5,0.027291324841900777,-1.0,1.0,descriptive_secondary
A_CN,A0_CN,461,representative,log10_Agw,0.9,0.006243721166463212,-1.0,1.0,descriptive_secondary
A_CN,A0_CN,461,representative,log10_Agw,0.95,0.0032816196080375226,-1.0,1.0,descriptive_secondary
A_CN,A0_CN,461,representative,gamma_gw,0.05,0.009365216238858387,-1.0,1.0,descriptive_secondary
A_CN,A0_CN,461,representative,gamma_gw,0.5,-0.053090408471311634,-1.0,1.0,descriptive_secondary
A_CN,A0_CN,461,representative,gamma_gw,0.9,-0.13407769536727832,-1.0,1.0,descriptive_secondary
A_CN,A0_CN,461,representative,gamma_gw,0.95,-0.15290699148567044,-1.0,1.0,descriptive_secondary
A_CN,A0_CN,461,representative,log10_Ar,0.05,0.002264115304449435,-1.0,1.0,descriptive_secondary
A_CN,A0_CN,461,representative,log10_Ar,0.5,0.026615832385314564,-1.0,1.0,descriptive_secondary
A_CN,A0_CN,461,representative,log10_Ar,0.9,0.03891921324387537,-1.0,1.0,descriptive_secondary
A_CN,A0_CN,461,representative,log10_Ar,0.95,0.03210799327049407,-1.0,1.0,descriptive_secondary
A_CN,A0_CN,461,representative,log10_EFAC,0.05,-0.030628123414909586,-1.0,1.0,descriptive_secondary
A_CN,A0_CN,461,representative,log10_EFAC,0.5,-0.12026664537557122,-1.0,1.0,descriptive_secondary
A_CN,A0_CN,461,representative,log10_EFAC,0.9,-0.17857407354697236,-1.0,1.0,descriptive_secondary
A_CN,A0_CN,461,representative,log10_EFAC,0.95,-0.19169256115435068,-1.0,1.0,descriptive_secondary
A_CN,A0_CN,463,representative,u,0.05,-0.002236450396601544,-1.0,1.0,descriptive_secondary
A_CN,A0_CN,463,representative,u,0.5,-0.019945345882243892,-1.0,1.0,descriptive_secondary
A_CN,A0_CN,463,representative,u,0.9,-0.0069838439272268404,-1.0,1.0,descriptive_secondary
A_CN,A0_CN,463,representative,u,0.95,-0.00347680107921311,-1.0,1.0,inconclusive
A_CN,A0_CN,463,representative,log10_Agw,0.05,-0.028373042072535153,-1.0,1.0,descriptive_secondary
A_CN,A0_CN,463,representative,log10_Agw,0.5,-0.09594839394777654,-1.0,1.0,descriptive_secondary
A_CN,A0_CN,463,representative,log10_Agw,0.9,-0.017878289047114082,-1.0,1.0,descriptive_secondary
A_CN,A0_CN,463,representative,log10_Agw,0.95,-0.00249908067028648,-1.0,1.0,descriptive_secondary
A_CN,A0_CN,463,representative,gamma_gw,0.05,-0.00010357832397821926,-1.0,1.0,descriptive_secondary
A_CN,A0_CN,463,representative,gamma_gw,0.5,-0.000996961460649648,-1.0,1.0,descriptive_secondary
A_CN,A0_CN,463,representative,gamma_gw,0.9,-0.0015852142426546756,-1.0,1.0,descriptive_secondary
A_CN,A0_CN,463,representative,gamma_gw,0.95,-0.001108830419082496,-1.0,1.0,descriptive_secondary
A_CN,A0_CN,463,representative,log10_Ar,0.05,0.03634122926053018,-1.0,1.0,descriptive_secondary
A_CN,A0_CN,463,representative,log10_Ar,0.5,0.0188971747318446,-1.0,1.0,descriptive_secondary
A_CN,A0_CN,463,representative,log10_Ar,0.9,-0.00912351357977037,-1.0,1.0,descriptive_secondary
A_CN,A0_CN,463,representative,log10_Ar,0.95,-0.00848903348360186,-1.0,1.0,descriptive_secondary
A_CN,A0_CN,463,representative,log10_EFAC,0.05,-0.0018689760545274048,-1.0,1.0,descriptive_secondary
A_CN,A0_CN,463,representative,log10_EFAC,0.5,-0.0390855525795859,-1.0,1.0,descriptive_secondary
A_CN,A0_CN,463,representative,log10_EFAC,0.9,-0.059705841749306154,-1.0,1.0,descriptive_secondary
A_CN,A0_CN,463,representative,log10_EFAC,0.95,-0.05918382052605442,-1.0,1.0,descriptive_secondary
A_CN,A0_CN,479,representative,u,0.05,0.03213866331624597,-1.0,1.0,descriptive_secondary
A_CN,A0_CN,479,representative,u,0.5,0.03093677940335604,-1.0,1.0,descriptive_secondary
A_CN,A0_CN,479,representative,u,0.9,0.006084948149717384,-1.0,1.0,descriptive_secondary
A_CN,A0_CN,479,representative,u,0.95,0.0033011324492459027,-1.0,1.0,inconclusive
A_CN,A0_CN,479,representative,log10_Agw,0.05,-0.10530362735740273,-1.0,1.0,descriptive_secondary
A_CN,A0_CN,479,representative,log10_Agw,0.5,-0.02422786561668544,-1.0,1.0,descriptive_secondary
A_CN,A0_CN,479,representative,log10_Agw,0.9,-0.00618478919270371,-1.0,1.0,descriptive_secondary
A_CN,A0_CN,479,representative,log10_Agw,0.95,-0.0034037923327877584,-1.0,1.0,descriptive_secondary
A_CN,A0_CN,479,representative,gamma_gw,0.05,-0.001954193482756078,-1.0,1.0,descriptive_secondary
A_CN,A0_CN,479,representative,gamma_gw,0.5,0.00960102011930497,-1.0,1.0,descriptive_secondary
A_CN,A0_CN,479,representative,gamma_gw,0.9,0.13102268888487067,-1.0,1.0,descriptive_secondary
A_CN,A0_CN,479,representative,gamma_gw,0.95,0.15243180741698859,-1.0,1.0,descriptive_secondary
A_CN,A0_CN,479,representative,log10_Ar,0.05,-0.00546180551543031,-1.0,1.0,descriptive_secondary
A_CN,A0_CN,479,representative,log10_Ar,0.5,-0.04515472738762755,-1.0,1.0,descriptive_secondary
A_CN,A0_CN,479,representative,log10_Ar,0.9,-0.06694265269546096,-1.0,1.0,descriptive_secondary
A_CN,A0_CN,479,representative,log10_Ar,0.95,-0.060626846526559586,-1.0,1.0,descriptive_secondary
A_CN,A0_CN,479,representative,log10_EFAC,0.05,0.11516894287614536,-1.0,1.0,descriptive_secondary
A_CN,A0_CN,479,representative,log10_EFAC,0.5,0.07466348282457497,-1.0,1.0,descriptive_secondary
A_CN,A0_CN,479,representative,log10_EFAC,0.9,0.03812736846777065,-1.0,1.0,descriptive_secondary
A_CN,A0_CN,479,representative,log10_EFAC,0.95,0.023300742709802702,-1.0,1.0,descriptive_secondary
A_CN,A0_CN,489,representative,u,0.05,0.04420126652115225,-0.08606929689255416,0.9379307031074459,descriptive_secondary
A_CN,A0_CN,489,representative,u,0.5,0.1052564819439672,-0.5442611081271524,0.4877388918728476,descriptive_secondary
A_CN,A0_CN,489,representative,u,0.9,0.04033283286284495,-0.8983903163793362,0.11760968362066382,descriptive_secondary
A_CN,A0_CN,489,representative,u,0.95,0.023158900972128804,-0.9505248092770322,0.06547519072296781,inconclusive
A_CN,A0_CN,489,representative,log10_Agw,0.05,0.1000709049206775,-0.7628980807825912,0.2611019192174088,descriptive_secondary
A_CN,A0_CN,489,representative,log10_Agw,0.5,0.03228604848786654,-0.8859971517981845,0.1190028482018155,descriptive_secondary
A_CN,A0_CN,489,representative,log10_Agw,0.9,0.005400428147558256,-0.9535806640307517,0.0504193359692483,descriptive_secondary
A_CN,A0_CN,489,representative,log10_Agw,0.95,0.0010838490405374879,-0.9689747582458357,0.03702524175416433,descriptive_secondary
A_CN,A0_CN,489,representative,gamma_gw,0.05,0.023336543027708476,-0.10878496154975664,0.9072150384502433,descriptive_secondary
A_CN,A0_CN,489,representative,gamma_gw,0.5,-0.06977302110143113,-0.391609866324902,0.620390133675098,descriptive_secondary
A_CN,A0_CN,489,representative,gamma_gw,0.9,-0.19793328862345677,-0.7013589688387799,0.34664103116122014,descriptive_secondary
A_CN,A0_CN,489,representative,gamma_gw,0.95,-0.24176729734697533,-0.7926347902491688,0.2713652097508312,descriptive_secondary
A_CN,A0_CN,489,representative,log10_Ar,0.05,-0.004823010620299946,-0.055382603561360835,0.9606173964386392,descriptive_secondary
A_CN,A0_CN,489,representative,log10_Ar,0.5,-0.04500300122042117,-0.4810640006638455,0.5429359993361544,descriptive_secondary
A_CN,A0_CN,489,representative,log10_Ar,0.9,-0.06572381947963712,-0.8546833646942662,0.1613166353057338,descriptive_secondary
A_CN,A0_CN,489,representative,log10_Ar,0.95,-0.05870072543402505,-0.9102109896613408,0.10578901033865917,descriptive_secondary
A_CN,A0_CN,489,representative,log10_EFAC,0.05,-0.008957723877644269,-0.014316984051264806,0.9886830159487352,descriptive_secondary
A_CN,A0_CN,489,representative,log10_EFAC,0.5,-0.07983551326870525,-0.12903953287058106,0.8789604671294189,descriptive_secondary
A_CN,A0_CN,489,representative,log10_EFAC,0.9,-0.14540032433612915,-0.2906944561968214,0.7253055438031786,descriptive_secondary
A_CN,A0_CN,489,representative,log10_EFAC,0.95,-0.156381607411027,-0.34228836806507457,0.6817116319349255,descriptive_secondary
B_CN,A_CN,25,representative,u,0.05,-0.004283030758593508,-1.0,1.0,descriptive_secondary
B_CN,A_CN,25,representative,u,0.5,-0.016095974512677302,-1.0,1.0,descriptive_secondary
B_CN,A_CN,25,representative,u,0.9,-0.006679045217629187,-1.0,1.0,descriptive_secondary
B_CN,A_CN,25,representative,u,0.95,-0.0038211022140333117,-1.0,1.0,inconclusive
B_CN,A_CN,25,representative,log10_Agw,0.05,0.045146749347655876,-1.0,1.0,descriptive_secondary
B_CN,A_CN,25,representative,log10_Agw,0.5,0.38100163391071046,-1.0,1.0,descriptive_secondary
B_CN,A_CN,25,representative,log10_Agw,0.9,0.4343992473881323,-1.0,1.0,descriptive_secondary
B_CN,A_CN,25,representative,log10_Agw,0.95,0.42086382710823517,-1.0,1.0,descriptive_secondary
B_CN,A_CN,25,representative,gamma_gw,0.05,0.01635220903662017,-1.0,1.0,descriptive_secondary
B_CN,A_CN,25,representative,gamma_gw,0.5,0.12800270842811118,-1.0,1.0,descriptive_secondary
B_CN,A_CN,25,representative,gamma_gw,0.9,0.09054268013882094,-1.0,1.0,descriptive_secondary
B_CN,A_CN,25,representative,gamma_gw,0.95,0.05510218225440422,-1.0,1.0,descriptive_secondary
B_CN,A_CN,25,representative,log10_Ar,0.05,0.017205960408519454,-1.0,1.0,descriptive_secondary
B_CN,A_CN,25,representative,log10_Ar,0.5,0.17616922206034769,-1.0,1.0,descriptive_secondary
B_CN,A_CN,25,representative,log10_Ar,0.9,0.29089273478838173,-1.0,1.0,descriptive_secondary
B_CN,A_CN,25,representative,log10_Ar,0.95,0.29188764049808513,-1.0,1.0,descriptive_secondary
B_CN,A_CN,25,representative,log10_EFAC,0.05,-0.3192523968154066,-1.0,1.0,descriptive_secondary
B_CN,A_CN,25,representative,log10_EFAC,0.5,0.003180078196905245,-1.0,1.0,descriptive_secondary
B_CN,A_CN,25,representative,log10_EFAC,0.9,0.05589783221633371,-1.0,1.0,descriptive_secondary
B_CN,A_CN,25,representative,log10_EFAC,0.95,0.06839954055162856,-1.0,1.0,descriptive_secondary
B_CN,A_CN,26,representative,u,0.05,-0.02807824285301564,-1.0,1.0,descriptive_secondary
B_CN,A_CN,26,representative,u,0.5,-0.08901210882549637,-1.0,1.0,descriptive_secondary
B_CN,A_CN,26,representative,u,0.9,-0.023782818588688137,-1.0,1.0,descriptive_secondary
B_CN,A_CN,26,representative,u,0.95,-0.012172284182058069,-1.0,1.0,inconclusive
B_CN,A_CN,26,representative,log10_Agw,0.05,-0.21382267722230605,-1.0,1.0,descriptive_secondary
B_CN,A_CN,26,representative,log10_Agw,0.5,-0.0862317127251242,-1.0,1.0,descriptive_secondary
B_CN,A_CN,26,representative,log10_Agw,0.9,-0.016180303547101316,-1.0,1.0,descriptive_secondary
B_CN,A_CN,26,representative,log10_Agw,0.95,-0.0012175446776753196,-1.0,1.0,descriptive_secondary
B_CN,A_CN,26,representative,gamma_gw,0.05,0.019879314553250156,-1.0,1.0,descriptive_secondary
B_CN,A_CN,26,representative,gamma_gw,0.5,0.137611683241686,-1.0,1.0,descriptive_secondary
B_CN,A_CN,26,representative,gamma_gw,0.9,0.0668164429980993,-1.0,1.0,descriptive_secondary
B_CN,A_CN,26,representative,gamma_gw,0.95,0.03728683691222068,-1.0,1.0,descriptive_secondary
B_CN,A_CN,26,representative,log10_Ar,0.05,0.009869463670417848,-1.0,1.0,descriptive_secondary
B_CN,A_CN,26,representative,log10_Ar,0.5,0.11243387846813319,-1.0,1.0,descriptive_secondary
B_CN,A_CN,26,representative,log10_Ar,0.9,0.1396506983134057,-1.0,1.0,descriptive_secondary
B_CN,A_CN,26,representative,log10_Ar,0.95,0.1204679368801006,-1.0,1.0,descriptive_secondary
B_CN,A_CN,26,representative,log10_EFAC,0.05,-0.04280972124008946,-1.0,1.0,descriptive_secondary
B_CN,A_CN,26,representative,log10_EFAC,0.5,0.0037012109738568666,-1.0,1.0,descriptive_secondary
B_CN,A_CN,26,representative,log10_EFAC,0.9,0.05374782343786899,-1.0,1.0,descriptive_secondary
B_CN,A_CN,26,representative,log10_EFAC,0.95,0.06395710771451332,-1.0,1.0,descriptive_secondary
B_CN,A_CN,30,stress,u,0.05,0.007579722889448092,-1.0,1.0,descriptive_secondary
B_CN,A_CN,30,stress,u,0.5,0.09535248040848299,-1.0,1.0,descriptive_secondary
B_CN,A_CN,30,stress,u,0.9,0.1648061488252286,-1.0,1.0,descriptive_secondary
B_CN,A_CN,30,stress,u,0.95,0.1322319391651503,-1.0,1.0,inconclusive
B_CN,A_CN,30,stress,log10_Agw,0.05,0.003352681528112411,-1.0,1.0,descriptive_secondary
B_CN,A_CN,30,stress,log10_Agw,0.5,0.0708819740923522,-1.0,1.0,descriptive_secondary
B_CN,A_CN,30,stress,log10_Agw,0.9,0.09812777195819933,-1.0,1.0,descriptive_secondary
B_CN,A_CN,30,stress,log10_Agw,0.95,0.08782082403050429,-1.0,1.0,descriptive_secondary
B_CN,A_CN,30,stress,gamma_gw,0.05,-0.2846834668689937,-1.0,1.0,descriptive_secondary
B_CN,A_CN,30,stress,gamma_gw,0.5,-0.17283304307388436,-1.0,1.0,descriptive_secondary
B_CN,A_CN,30,stress,gamma_gw,0.9,-0.029407186622853798,-1.0,1.0,descriptive_secondary
B_CN,A_CN,30,stress,gamma_gw,0.95,-0.014783760742105412,-1.0,1.0,descriptive_secondary
B_CN,A_CN,30,stress,log10_Ar,0.05,-0.004925431077243005,-1.0,1.0,descriptive_secondary
B_CN,A_CN,30,stress,log10_Ar,0.5,-0.04709886007380393,-1.0,1.0,descriptive_secondary
B_CN,A_CN,30,stress,log10_Ar,0.9,-0.019226890061454394,-1.0,1.0,descriptive_secondary
B_CN,A_CN,30,stress,log10_Ar,0.95,-0.00874752166913928,-1.0,1.0,descriptive_secondary
B_CN,A_CN,30,stress,log10_EFAC,0.05,-0.04737922365223868,-1.0,1.0,descriptive_secondary
B_CN,A_CN,30,stress,log10_EFAC,0.5,0.17642671377172145,-1.0,1.0,descriptive_secondary
B_CN,A_CN,30,stress,log10_EFAC,0.9,0.38255153939229053,-1.0,1.0,descriptive_secondary
B_CN,A_CN,30,stress,log10_EFAC,0.95,0.4367902464811748,-1.0,1.0,descriptive_secondary
B_CN,A_CN,44,representative,u,0.05,-0.0030026694419081346,-1.0,1.0,descriptive_secondary
B_CN,A_CN,44,representative,u,0.5,-0.014131220124833255,-1.0,1.0,descriptive_secondary
B_CN,A_CN,44,representative,u,0.9,-0.003814360875936118,-1.0,1.0,descriptive_secondary
B_CN,A_CN,44,representative,u,0.95,-0.0024336788852035163,-1.0,1.0,inconclusive
B_CN,A_CN,44,representative,log10_Agw,0.05,-0.02065426134546363,-1.0,1.0,descriptive_secondary
B_CN,A_CN,44,representative,log10_Agw,0.5,-0.20131444986501418,-1.0,1.0,descriptive_secondary
B_CN,A_CN,44,representative,log10_Agw,0.9,-0.22333130397412115,-1.0,1.0,descriptive_secondary
B_CN,A_CN,44,representative,log10_Agw,0.95,-0.1928869869624028,-1.0,1.0,descriptive_secondary
B_CN,A_CN,44,representative,gamma_gw,0.05,0.0037497496184625,-1.0,1.0,descriptive_secondary
B_CN,A_CN,44,representative,gamma_gw,0.5,0.06664985495971376,-1.0,1.0,descriptive_secondary
B_CN,A_CN,44,representative,gamma_gw,0.9,0.044066795648167845,-1.0,1.0,descriptive_secondary
B_CN,A_CN,44,representative,gamma_gw,0.95,0.02617689547990576,-1.0,1.0,descriptive_secondary
B_CN,A_CN,44,representative,log10_Ar,0.05,-0.1284037163472643,-1.0,1.0,descriptive_secondary
B_CN,A_CN,44,representative,log10_Ar,0.5,-0.45568971107516865,-1.0,1.0,descriptive_secondary
B_CN,A_CN,44,representative,log10_Ar,0.9,-0.1138836076920724,-1.0,1.0,descriptive_secondary
B_CN,A_CN,44,representative,log10_Ar,0.95,-0.06620778591094756,-1.0,1.0,descriptive_secondary
B_CN,A_CN,44,representative,log10_EFAC,0.05,0.03558518951037759,-1.0,1.0,descriptive_secondary
B_CN,A_CN,44,representative,log10_EFAC,0.5,0.02063519610576836,-1.0,1.0,descriptive_secondary
B_CN,A_CN,44,representative,log10_EFAC,0.9,0.023524425695132134,-1.0,1.0,descriptive_secondary
B_CN,A_CN,44,representative,log10_EFAC,0.95,0.02522919382274269,-1.0,1.0,descriptive_secondary
B_CN,A_CN,48,representative,u,0.05,-0.006054233597270198,-1.0,1.0,descriptive_secondary
B_CN,A_CN,48,representative,u,0.5,-0.02538385606616722,-1.0,1.0,descriptive_secondary
B_CN,A_CN,48,representative,u,0.9,-0.00856412521540828,-1.0,1.0,descriptive_secondary
B_CN,A_CN,48,representative,u,0.95,-0.005688769544098693,-1.0,1.0,inconclusive
B_CN,A_CN,48,representative,log10_Agw,0.05,0.006743172409495216,-1.0,1.0,descriptive_secondary
B_CN,A_CN,48,representative,log10_Agw,0.5,0.061236979611505454,-1.0,1.0,descriptive_secondary
B_CN,A_CN,48,representative,log10_Agw,0.9,0.09758329594567683,-1.0,1.0,descriptive_secondary
B_CN,A_CN,48,representative,log10_Agw,0.95,0.10542675445532634,-1.0,1.0,descriptive_secondary
B_CN,A_CN,48,representative,gamma_gw,0.05,0.008248820674717695,-1.0,1.0,descriptive_secondary
B_CN,A_CN,48,representative,gamma_gw,0.5,0.08239794899812397,-1.0,1.0,descriptive_secondary
B_CN,A_CN,48,representative,gamma_gw,0.9,0.09323580854308111,-1.0,1.0,descriptive_secondary
B_CN,A_CN,48,representative,gamma_gw,0.95,0.06931304966361163,-1.0,1.0,descriptive_secondary
B_CN,A_CN,48,representative,log10_Ar,0.05,0.006693255036119901,-1.0,1.0,descriptive_secondary
B_CN,A_CN,48,representative,log10_Ar,0.5,0.07174383761678454,-1.0,1.0,descriptive_secondary
B_CN,A_CN,48,representative,log10_Ar,0.9,0.1367367188634282,-1.0,1.0,descriptive_secondary
B_CN,A_CN,48,representative,log10_Ar,0.95,0.1486068809472002,-1.0,1.0,descriptive_secondary
B_CN,A_CN,48,representative,log10_EFAC,0.05,0.0042747893879799236,-1.0,1.0,descriptive_secondary
B_CN,A_CN,48,representative,log10_EFAC,0.5,0.030302696184664118,-1.0,1.0,descriptive_secondary
B_CN,A_CN,48,representative,log10_EFAC,0.9,0.05998189292046441,-1.0,1.0,descriptive_secondary
B_CN,A_CN,48,representative,log10_EFAC,0.95,0.06988288628286303,-1.0,1.0,descriptive_secondary
B_CN,A_CN,102,representative,u,0.05,0.006422773700340292,-1.0,1.0,descriptive_secondary
B_CN,A_CN,102,representative,u,0.5,0.022367981653633295,-1.0,1.0,descriptive_secondary
B_CN,A_CN,102,representative,u,0.9,0.004845305321676263,-1.0,1.0,descriptive_secondary
B_CN,A_CN,102,representative,u,0.95,0.0026921856110785347,-1.0,1.0,inconclusive
B_CN,A_CN,102,representative,log10_Agw,0.05,0.006899557203380743,-1.0,1.0,descriptive_secondary
B_CN,A_CN,102,representative,log10_Agw,0.5,0.05939085995741383,-1.0,1.0,descriptive_secondary
B_CN,A_CN,102,representative,log10_Agw,0.9,0.07283055762635848,-1.0,1.0,descriptive_secondary
B_CN,A_CN,102,representative,log10_Agw,0.95,0.0788748762186321,-1.0,1.0,descriptive_secondary
B_CN,A_CN,102,representative,gamma_gw,0.05,-0.005435685114030933,-1.0,1.0,descriptive_secondary
B_CN,A_CN,102,representative,gamma_gw,0.5,-0.039598260469118685,-1.0,1.0,descriptive_secondary
B_CN,A_CN,102,representative,gamma_gw,0.9,-0.018950835867882043,-1.0,1.0,descriptive_secondary
B_CN,A_CN,102,representative,gamma_gw,0.95,-0.010848775345963957,-1.0,1.0,descriptive_secondary
B_CN,A_CN,102,representative,log10_Ar,0.05,-0.5608139734604436,-1.0,1.0,descriptive_secondary
B_CN,A_CN,102,representative,log10_Ar,0.5,-0.4159406195909119,-1.0,1.0,descriptive_secondary
B_CN,A_CN,102,representative,log10_Ar,0.9,-0.05971544571223808,-1.0,1.0,descriptive_secondary
B_CN,A_CN,102,representative,log10_Ar,0.95,-0.025631439561085045,-1.0,1.0,descriptive_secondary
B_CN,A_CN,102,representative,log10_EFAC,0.05,-0.004439843840430946,-1.0,1.0,descriptive_secondary
B_CN,A_CN,102,representative,log10_EFAC,0.5,0.06039738020502372,-1.0,1.0,descriptive_secondary
B_CN,A_CN,102,representative,log10_EFAC,0.9,0.08357394286590814,-1.0,1.0,descriptive_secondary
B_CN,A_CN,102,representative,log10_EFAC,0.95,0.08934909477894282,-1.0,1.0,descriptive_secondary
B_CN,A_CN,138,stress,u,0.05,-0.007830812519835396,-1.0,1.0,descriptive_secondary
B_CN,A_CN,138,stress,u,0.5,-0.034367403475208946,-1.0,1.0,descriptive_secondary
B_CN,A_CN,138,stress,u,0.9,-0.011248397328783355,-1.0,1.0,descriptive_secondary
B_CN,A_CN,138,stress,u,0.95,-0.006640320066635841,-1.0,1.0,inconclusive
B_CN,A_CN,138,stress,log10_Agw,0.05,-0.09201839723633087,-1.0,1.0,descriptive_secondary
B_CN,A_CN,138,stress,log10_Agw,0.5,-0.058448080233052924,-1.0,1.0,descriptive_secondary
B_CN,A_CN,138,stress,log10_Agw,0.9,-0.011585794226097734,-1.0,1.0,descriptive_secondary
B_CN,A_CN,138,stress,log10_Agw,0.95,-0.006047293728759784,-1.0,1.0,descriptive_secondary
B_CN,A_CN,138,stress,gamma_gw,0.05,-0.016832927950711757,-1.0,1.0,descriptive_secondary
B_CN,A_CN,138,stress,gamma_gw,0.5,0.15589785358404024,-1.0,1.0,descriptive_secondary
B_CN,A_CN,138,stress,gamma_gw,0.9,0.19189701256153002,-1.0,1.0,descriptive_secondary
B_CN,A_CN,138,stress,gamma_gw,0.95,0.15034900362532866,-1.0,1.0,descriptive_secondary
B_CN,A_CN,138,stress,log10_Ar,0.05,-0.005410609965614099,-1.0,1.0,descriptive_secondary
B_CN,A_CN,138,stress,log10_Ar,0.5,-0.03951354426676168,-1.0,1.0,descriptive_secondary
B_CN,A_CN,138,stress,log10_Ar,0.9,-0.027001017290299467,-1.0,1.0,descriptive_secondary
B_CN,A_CN,138,stress,log10_Ar,0.95,-0.014379469148771085,-1.0,1.0,descriptive_secondary
B_CN,A_CN,138,stress,log10_EFAC,0.05,-0.2625048921798633,-1.0,1.0,descriptive_secondary
B_CN,A_CN,138,stress,log10_EFAC,0.5,0.03185770022859846,-1.0,1.0,descriptive_secondary
B_CN,A_CN,138,stress,log10_EFAC,0.9,0.10628535946481565,-1.0,1.0,descriptive_secondary
B_CN,A_CN,138,stress,log10_EFAC,0.95,0.1118011810416143,-1.0,1.0,descriptive_secondary
B_CN,A_CN,142,representative,u,0.05,-0.005014976722439168,-1.0,1.0,descriptive_secondary
B_CN,A_CN,142,representative,u,0.5,-0.015672364615819334,-1.0,1.0,descriptive_secondary
B_CN,A_CN,142,representative,u,0.9,-0.004236950508924475,-1.0,1.0,descriptive_secondary
B_CN,A_CN,142,representative,u,0.95,-0.00199008573110393,-1.0,1.0,inconclusive
B_CN,A_CN,142,representative,log10_Agw,0.05,0.005976661562350553,-1.0,1.0,descriptive_secondary
B_CN,A_CN,142,representative,log10_Agw,0.5,0.09084362569180812,-1.0,1.0,descriptive_secondary
B_CN,A_CN,142,representative,log10_Agw,0.9,0.15014131967441213,-1.0,1.0,descriptive_secondary
B_CN,A_CN,142,representative,log10_Agw,0.95,0.15995277491251736,-1.0,1.0,descriptive_secondary
B_CN,A_CN,142,representative,gamma_gw,0.05,0.0035008174398659456,-1.0,1.0,descriptive_secondary
B_CN,A_CN,142,representative,gamma_gw,0.5,0.028393722107184438,-1.0,1.0,descriptive_secondary
B_CN,A_CN,142,representative,gamma_gw,0.9,0.02029879769169829,-1.0,1.0,descriptive_secondary
B_CN,A_CN,142,representative,gamma_gw,0.95,0.013014292036909403,-1.0,1.0,descriptive_secondary
B_CN,A_CN,142,representative,log10_Ar,0.05,0.02157847799721601,-1.0,1.0,descriptive_secondary
B_CN,A_CN,142,representative,log10_Ar,0.5,0.22371000588112938,-1.0,1.0,descriptive_secondary
B_CN,A_CN,142,representative,log10_Ar,0.9,0.28662377714626197,-1.0,1.0,descriptive_secondary
B_CN,A_CN,142,representative,log10_Ar,0.95,0.2763519506336065,-1.0,1.0,descriptive_secondary
B_CN,A_CN,142,representative,log10_EFAC,0.05,-0.1651771229756051,-1.0,1.0,descriptive_secondary
B_CN,A_CN,142,representative,log10_EFAC,0.5,-0.03976668816808954,-1.0,1.0,descriptive_secondary
B_CN,A_CN,142,representative,log10_EFAC,0.9,-0.0026872400805600383,-1.0,1.0,descriptive_secondary
B_CN,A_CN,142,representative,log10_EFAC,0.95,0.007225563065964946,-1.0,1.0,descriptive_secondary
B_CN,A_CN,157,representative,u,0.05,-0.07875660571781648,-1.0,1.0,descriptive_secondary
B_CN,A_CN,157,representative,u,0.5,-0.17476844766363364,-1.0,1.0,descriptive_secondary
B_CN,A_CN,157,representative,u,0.9,-0.043439809398438944,-1.0,1.0,descriptive_secondary
B_CN,A_CN,157,representative,u,0.95,-0.0215769415108944,-1.0,1.0,inconclusive
B_CN,A_CN,157,representative,log10_Agw,0.05,-0.37301243111507437,-1.0,1.0,descriptive_secondary
B_CN,A_CN,157,representative,log10_Agw,0.5,-0.12425578102020363,-1.0,1.0,descriptive_secondary
B_CN,A_CN,157,representative,log10_Agw,0.9,-0.030082205317483846,-1.0,1.0,descriptive_secondary
B_CN,A_CN,157,representative,log10_Agw,0.95,-0.017171386478799233,-1.0,1.0,descriptive_secondary
B_CN,A_CN,157,representative,gamma_gw,0.05,0.032432904603225794,-1.0,1.0,descriptive_secondary
B_CN,A_CN,157,representative,gamma_gw,0.5,0.3233282791486016,-1.0,1.0,descriptive_secondary
B_CN,A_CN,157,representative,gamma_gw,0.9,0.441466505350032,-1.0,1.0,descriptive_secondary
B_CN,A_CN,157,representative,gamma_gw,0.95,0.38034611985952993,-1.0,1.0,descriptive_secondary
B_CN,A_CN,157,representative,log10_Ar,0.05,0.013711751305538943,-1.0,1.0,descriptive_secondary
B_CN,A_CN,157,representative,log10_Ar,0.5,0.1244860858159465,-1.0,1.0,descriptive_secondary
B_CN,A_CN,157,representative,log10_Ar,0.9,0.1689083800678629,-1.0,1.0,descriptive_secondary
B_CN,A_CN,157,representative,log10_Ar,0.95,0.13910777429356624,-1.0,1.0,descriptive_secondary
B_CN,A_CN,157,representative,log10_EFAC,0.05,-0.07577629377291566,-1.0,1.0,descriptive_secondary
B_CN,A_CN,157,representative,log10_EFAC,0.5,-0.06203861858436169,-1.0,1.0,descriptive_secondary
B_CN,A_CN,157,representative,log10_EFAC,0.9,0.018114489291217506,-1.0,1.0,descriptive_secondary
B_CN,A_CN,157,representative,log10_EFAC,0.95,0.048957973710080815,-1.0,1.0,descriptive_secondary
B_CN,A_CN,184,stress,u,0.05,-0.0044021058568069135,-1.0,1.0,descriptive_secondary
B_CN,A_CN,184,stress,u,0.5,-0.020273334389504294,-1.0,1.0,descriptive_secondary
B_CN,A_CN,184,stress,u,0.9,-0.0073447465122112865,-1.0,1.0,descriptive_secondary
B_CN,A_CN,184,stress,u,0.95,-0.003945327217750427,-1.0,1.0,inconclusive
B_CN,A_CN,184,stress,log10_Agw,0.05,0.010149094342187751,-1.0,1.0,descriptive_secondary
B_CN,A_CN,184,stress,log10_Agw,0.5,0.09434449388313046,-1.0,1.0,descriptive_secondary
B_CN,A_CN,184,stress,log10_Agw,0.9,0.14369180414820848,-1.0,1.0,descriptive_secondary
B_CN,A_CN,184,stress,log10_Agw,0.95,0.14580695699127189,-1.0,1.0,descriptive_secondary
B_CN,A_CN,184,stress,gamma_gw,0.05,0.009291355759853438,-1.0,1.0,descriptive_secondary
B_CN,A_CN,184,stress,gamma_gw,0.5,0.07466856788534199,-1.0,1.0,descriptive_secondary
B_CN,A_CN,184,stress,gamma_gw,0.9,0.06837068273504532,-1.0,1.0,descriptive_secondary
B_CN,A_CN,184,stress,gamma_gw,0.95,0.04548025791564225,-1.0,1.0,descriptive_secondary
B_CN,A_CN,184,stress,log10_Ar,0.05,0.012164863758520904,-1.0,1.0,descriptive_secondary
B_CN,A_CN,184,stress,log10_Ar,0.5,0.12458029799739578,-1.0,1.0,descriptive_secondary
B_CN,A_CN,184,stress,log10_Ar,0.9,0.219670414090681,-1.0,1.0,descriptive_secondary
B_CN,A_CN,184,stress,log10_Ar,0.95,0.23866932384362327,-1.0,1.0,descriptive_secondary
B_CN,A_CN,184,stress,log10_EFAC,0.05,-0.0771247146377314,-1.0,1.0,descriptive_secondary
B_CN,A_CN,184,stress,log10_EFAC,0.5,-0.02822940811636404,-1.0,1.0,descriptive_secondary
B_CN,A_CN,184,stress,log10_EFAC,0.9,0.001389941121090199,-1.0,1.0,descriptive_secondary
B_CN,A_CN,184,stress,log10_EFAC,0.95,0.011097403852616428,-1.0,1.0,descriptive_secondary
B_CN,A_CN,189,representative,u,0.05,-0.008643728046431647,-1.0,1.0,descriptive_secondary
B_CN,A_CN,189,representative,u,0.5,-0.03776920263524841,-1.0,1.0,descriptive_secondary
B_CN,A_CN,189,representative,u,0.9,-0.014538841993229856,-1.0,1.0,descriptive_secondary
B_CN,A_CN,189,representative,u,0.95,-0.007935013329678497,-1.0,1.0,inconclusive
B_CN,A_CN,189,representative,log10_Agw,0.05,-0.04072051078407899,-1.0,1.0,descriptive_secondary
B_CN,A_CN,189,representative,log10_Agw,0.5,-0.13661752227066648,-1.0,1.0,descriptive_secondary
B_CN,A_CN,189,representative,log10_Agw,0.9,-0.0661793073580822,-1.0,1.0,descriptive_secondary
B_CN,A_CN,189,representative,log10_Agw,0.95,-0.0444224003397784,-1.0,1.0,descriptive_secondary
B_CN,A_CN,189,representative,gamma_gw,0.05,0.016117780809107085,-1.0,1.0,descriptive_secondary
B_CN,A_CN,189,representative,gamma_gw,0.5,0.13083229934396423,-1.0,1.0,descriptive_secondary
B_CN,A_CN,189,representative,gamma_gw,0.9,0.08772599989130136,-1.0,1.0,descriptive_secondary
B_CN,A_CN,189,representative,gamma_gw,0.95,0.05238099033563859,-1.0,1.0,descriptive_secondary
B_CN,A_CN,189,representative,log10_Ar,0.05,-0.009087006311584322,-1.0,1.0,descriptive_secondary
B_CN,A_CN,189,representative,log10_Ar,0.5,-0.07193866012466626,-1.0,1.0,descriptive_secondary
B_CN,A_CN,189,representative,log10_Ar,0.9,0.03981775621949357,-1.0,1.0,descriptive_secondary
B_CN,A_CN,189,representative,log10_Ar,0.95,0.049839518283472994,-1.0,1.0,descriptive_secondary
B_CN,A_CN,189,representative,log10_EFAC,0.05,-0.00437386505619255,-1.0,1.0,descriptive_secondary
B_CN,A_CN,189,representative,log10_EFAC,0.5,0.02678156959027049,-1.0,1.0,descriptive_secondary
B_CN,A_CN,189,representative,log10_EFAC,0.9,0.05708549014729827,-1.0,1.0,descriptive_secondary
B_CN,A_CN,189,representative,log10_EFAC,0.95,0.06506038915613352,-1.0,1.0,descriptive_secondary
B_CN,A_CN,191,representative,u,0.05,-0.003073982572419455,-1.0,1.0,descriptive_secondary
B_CN,A_CN,191,representative,u,0.5,-0.01808124336659911,-1.0,1.0,descriptive_secondary
B_CN,A_CN,191,representative,u,0.9,-0.006226617716842853,-1.0,1.0,descriptive_secondary
B_CN,A_CN,191,representative,u,0.95,-0.003626916947691461,-1.0,1.0,inconclusive
B_CN,A_CN,191,representative,log10_Agw,0.05,0.014514617324619006,-1.0,1.0,descriptive_secondary
B_CN,A_CN,191,representative,log10_Agw,0.5,0.1309812505692077,-1.0,1.0,descriptive_secondary
B_CN,A_CN,191,representative,log10_Agw,0.9,0.15325070152967313,-1.0,1.0,descriptive_secondary
B_CN,A_CN,191,representative,log10_Agw,0.95,0.13934251009240972,-1.0,1.0,descriptive_secondary
B_CN,A_CN,191,representative,gamma_gw,0.05,0.008905767137593182,-1.0,1.0,descriptive_secondary
B_CN,A_CN,191,representative,gamma_gw,0.5,0.07398736328797617,-1.0,1.0,descriptive_secondary
B_CN,A_CN,191,representative,gamma_gw,0.9,0.04897046191977594,-1.0,1.0,descriptive_secondary
B_CN,A_CN,191,representative,gamma_gw,0.95,0.029958721431325164,-1.0,1.0,descriptive_secondary
B_CN,A_CN,191,representative,log10_Ar,0.05,0.007970240627498744,-1.0,1.0,descriptive_secondary
B_CN,A_CN,191,representative,log10_Ar,0.5,0.07932909203566091,-1.0,1.0,descriptive_secondary
B_CN,A_CN,191,representative,log10_Ar,0.9,0.14966489038105846,-1.0,1.0,descriptive_secondary
B_CN,A_CN,191,representative,log10_Ar,0.95,0.15646040680471018,-1.0,1.0,descriptive_secondary
B_CN,A_CN,191,representative,log10_EFAC,0.05,-0.13592083726450532,-1.0,1.0,descriptive_secondary
B_CN,A_CN,191,representative,log10_EFAC,0.5,-0.08974812762053264,-1.0,1.0,descriptive_secondary
B_CN,A_CN,191,representative,log10_EFAC,0.9,-0.061583215190815555,-1.0,1.0,descriptive_secondary
B_CN,A_CN,191,representative,log10_EFAC,0.95,-0.05263344791816471,-1.0,1.0,descriptive_secondary
B_CN,A_CN,197,representative,u,0.05,-0.012159212646623285,-1.0,1.0,descriptive_secondary
B_CN,A_CN,197,representative,u,0.5,-0.04294364382783811,-1.0,1.0,descriptive_secondary
B_CN,A_CN,197,representative,u,0.9,-0.012368847060428623,-1.0,1.0,descriptive_secondary
B_CN,A_CN,197,representative,u,0.95,-0.0068130983424816716,-1.0,1.0,inconclusive
B_CN,A_CN,197,representative,log10_Agw,0.05,0.009323147057967088,-1.0,1.0,descriptive_secondary
B_CN,A_CN,197,representative,log10_Agw,0.5,0.08598119785434137,-1.0,1.0,descriptive_secondary
B_CN,A_CN,197,representative,log10_Agw,0.9,0.14813373490087633,-1.0,1.0,descriptive_secondary
B_CN,A_CN,197,representative,log10_Agw,0.95,0.15791947829818642,-1.0,1.0,descriptive_secondary
B_CN,A_CN,197,representative,gamma_gw,0.05,0.012965826283370941,-1.0,1.0,descriptive_secondary
B_CN,A_CN,197,representative,gamma_gw,0.5,0.1286383553451706,-1.0,1.0,descriptive_secondary
B_CN,A_CN,197,representative,gamma_gw,0.9,0.1812520763845824,-1.0,1.0,descriptive_secondary
B_CN,A_CN,197,representative,gamma_gw,0.95,0.14771256602244986,-1.0,1.0,descriptive_secondary
B_CN,A_CN,197,representative,log10_Ar,0.05,0.011469842077849589,-1.0,1.0,descriptive_secondary
B_CN,A_CN,197,representative,log10_Ar,0.5,0.11054531098815737,-1.0,1.0,descriptive_secondary
B_CN,A_CN,197,representative,log10_Ar,0.9,0.18541227158778434,-1.0,1.0,descriptive_secondary
B_CN,A_CN,197,representative,log10_Ar,0.95,0.19073372695408214,-1.0,1.0,descriptive_secondary
B_CN,A_CN,197,representative,log10_EFAC,0.05,0.0009887664165170742,-1.0,1.0,descriptive_secondary
B_CN,A_CN,197,representative,log10_EFAC,0.5,0.012398034164701468,-1.0,1.0,descriptive_secondary
B_CN,A_CN,197,representative,log10_EFAC,0.9,0.03695087599050338,-1.0,1.0,descriptive_secondary
B_CN,A_CN,197,representative,log10_EFAC,0.95,0.04624586166671051,-1.0,1.0,descriptive_secondary
B_CN,A_CN,249,representative,u,0.05,-0.008127925171278062,-1.0,1.0,descriptive_secondary
B_CN,A_CN,249,representative,u,0.5,-0.03645633445500407,-1.0,1.0,descriptive_secondary
B_CN,A_CN,249,representative,u,0.9,-0.01225524594778371,-1.0,1.0,descriptive_secondary
B_CN,A_CN,249,representative,u,0.95,-0.006110015767868515,-1.0,1.0,inconclusive
B_CN,A_CN,249,representative,log10_Agw,0.05,0.009468973109226925,-1.0,1.0,descriptive_secondary
B_CN,A_CN,249,representative,log10_Agw,0.5,0.08818248242234719,-1.0,1.0,descriptive_secondary
B_CN,A_CN,249,representative,log10_Agw,0.9,0.10702173596169057,-1.0,1.0,descriptive_secondary
B_CN,A_CN,249,representative,log10_Agw,0.95,0.10631508062053047,-1.0,1.0,descriptive_secondary
B_CN,A_CN,249,representative,gamma_gw,0.05,0.009114072006374048,-1.0,1.0,descriptive_secondary
B_CN,A_CN,249,representative,gamma_gw,0.5,0.07237015099293181,-1.0,1.0,descriptive_secondary
B_CN,A_CN,249,representative,gamma_gw,0.9,0.05984298265436905,-1.0,1.0,descriptive_secondary
B_CN,A_CN,249,representative,gamma_gw,0.95,0.038357841792912906,-1.0,1.0,descriptive_secondary
B_CN,A_CN,249,representative,log10_Ar,0.05,0.010108413294723312,-1.0,1.0,descriptive_secondary
B_CN,A_CN,249,representative,log10_Ar,0.5,0.10204057443906805,-1.0,1.0,descriptive_secondary
B_CN,A_CN,249,representative,log10_Ar,0.9,0.16424153803498132,-1.0,1.0,descriptive_secondary
B_CN,A_CN,249,representative,log10_Ar,0.95,0.16316980976388584,-1.0,1.0,descriptive_secondary
B_CN,A_CN,249,representative,log10_EFAC,0.05,-0.06499116434764671,-1.0,1.0,descriptive_secondary
B_CN,A_CN,249,representative,log10_EFAC,0.5,-0.040718235437910186,-1.0,1.0,descriptive_secondary
B_CN,A_CN,249,representative,log10_EFAC,0.9,-0.012319639784633352,-1.0,1.0,descriptive_secondary
B_CN,A_CN,249,representative,log10_EFAC,0.95,-0.0037074238851368957,-1.0,1.0,descriptive_secondary
B_CN,A_CN,272,representative,u,0.05,-0.0009059127142710538,-1.0,1.0,descriptive_secondary
B_CN,A_CN,272,representative,u,0.5,-0.001964730971356743,-1.0,1.0,descriptive_secondary
B_CN,A_CN,272,representative,u,0.9,-0.002223555142552347,-1.0,1.0,descriptive_secondary
B_CN,A_CN,272,representative,u,0.95,-0.00015956442720543862,-1.0,1.0,inconclusive
B_CN,A_CN,272,representative,log10_Agw,0.05,-0.012648062823155642,-1.0,1.0,descriptive_secondary
B_CN,A_CN,272,representative,log10_Agw,0.5,-0.027073964497073333,-1.0,1.0,descriptive_secondary
B_CN,A_CN,272,representative,log10_Agw,0.9,0.024815446627924787,-1.0,1.0,descriptive_secondary
B_CN,A_CN,272,representative,log10_Agw,0.95,0.03771345529874914,-1.0,1.0,descriptive_secondary
B_CN,A_CN,272,representative,gamma_gw,0.05,0.005475938752658921,-1.0,1.0,descriptive_secondary
B_CN,A_CN,272,representative,gamma_gw,0.5,0.02811813651446904,-1.0,1.0,descriptive_secondary
B_CN,A_CN,272,representative,gamma_gw,0.9,0.01323061776297374,-1.0,1.0,descriptive_secondary
B_CN,A_CN,272,representative,gamma_gw,0.95,0.005733153928556889,-1.0,1.0,descriptive_secondary
B_CN,A_CN,272,representative,log10_Ar,0.05,0.0028524452508985262,-1.0,1.0,descriptive_secondary
B_CN,A_CN,272,representative,log10_Ar,0.5,0.02756867922117856,-1.0,1.0,descriptive_secondary
B_CN,A_CN,272,representative,log10_Ar,0.9,0.10649527164417094,-1.0,1.0,descriptive_secondary
B_CN,A_CN,272,representative,log10_Ar,0.95,0.12549747965043367,-1.0,1.0,descriptive_secondary
B_CN,A_CN,272,representative,log10_EFAC,0.05,-0.07156277408649148,-1.0,1.0,descriptive_secondary
B_CN,A_CN,272,representative,log10_EFAC,0.5,-0.037797836559359865,-1.0,1.0,descriptive_secondary
B_CN,A_CN,272,representative,log10_EFAC,0.9,-0.014668857643022393,-1.0,1.0,descriptive_secondary
B_CN,A_CN,272,representative,log10_EFAC,0.95,-0.006663558045741147,-1.0,1.0,descriptive_secondary
B_CN,A_CN,285,representative,u,0.05,0.0005231439306662838,-1.0,1.0,descriptive_secondary
B_CN,A_CN,285,representative,u,0.5,0.02043088372344648,-1.0,1.0,descriptive_secondary
B_CN,A_CN,285,representative,u,0.9,0.01119865783988172,-1.0,1.0,descriptive_secondary
B_CN,A_CN,285,representative,u,0.95,0.006365096751008603,-1.0,1.0,inconclusive
B_CN,A_CN,285,representative,log10_Agw,0.05,-0.19557077943993653,-1.0,1.0,descriptive_secondary
B_CN,A_CN,285,representative,log10_Agw,0.5,-0.21131639511675748,-1.0,1.0,descriptive_secondary
B_CN,A_CN,285,representative,log10_Agw,0.9,-0.07106564263298121,-1.0,1.0,descriptive_secondary
B_CN,A_CN,285,representative,log10_Agw,0.95,-0.0364595902588718,-1.0,1.0,descriptive_secondary
B_CN,A_CN,285,representative,gamma_gw,0.05,-0.012787586194832702,-1.0,1.0,descriptive_secondary
B_CN,A_CN,285,representative,gamma_gw,0.5,-0.06564102174116626,-1.0,1.0,descriptive_secondary
B_CN,A_CN,285,representative,gamma_gw,0.9,-0.02706755668923866,-1.0,1.0,descriptive_secondary
B_CN,A_CN,285,representative,gamma_gw,0.95,-0.01385694704693008,-1.0,1.0,descriptive_secondary
B_CN,A_CN,285,representative,log10_Ar,0.05,-0.0008783702248065933,-1.0,1.0,descriptive_secondary
B_CN,A_CN,285,representative,log10_Ar,0.5,0.0063480518621957804,-1.0,1.0,descriptive_secondary
B_CN,A_CN,285,representative,log10_Ar,0.9,0.03008687056295123,-1.0,1.0,descriptive_secondary
B_CN,A_CN,285,representative,log10_Ar,0.95,0.052655067776875675,-1.0,1.0,descriptive_secondary
B_CN,A_CN,285,representative,log10_EFAC,0.05,-0.007409761352517807,-1.0,1.0,descriptive_secondary
B_CN,A_CN,285,representative,log10_EFAC,0.5,0.018895635065930394,-1.0,1.0,descriptive_secondary
B_CN,A_CN,285,representative,log10_EFAC,0.9,0.03507613883680494,-1.0,1.0,descriptive_secondary
B_CN,A_CN,285,representative,log10_EFAC,0.95,0.03772527026613215,-1.0,1.0,descriptive_secondary
B_CN,A_CN,313,representative,u,0.05,-0.0006133466401710766,-1.0,1.0,descriptive_secondary
B_CN,A_CN,313,representative,u,0.5,-0.0006142769462689213,-1.0,1.0,descriptive_secondary
B_CN,A_CN,313,representative,u,0.9,4.85752130126027e-05,-1.0,1.0,descriptive_secondary
B_CN,A_CN,313,representative,u,0.95,-0.00025232073253478315,-1.0,1.0,inconclusive
B_CN,A_CN,313,representative,log10_Agw,0.05,0.004425733048258305,-1.0,1.0,descriptive_secondary
B_CN,A_CN,313,representative,log10_Agw,0.5,0.07351543022290985,-1.0,1.0,descriptive_secondary
B_CN,A_CN,313,representative,log10_Agw,0.9,0.11541225062804594,-1.0,1.0,descriptive_secondary
B_CN,A_CN,313,representative,log10_Agw,0.95,0.12034013098311136,-1.0,1.0,descriptive_secondary
B_CN,A_CN,313,representative,gamma_gw,0.05,0.006304475661554454,-1.0,1.0,descriptive_secondary
B_CN,A_CN,313,representative,gamma_gw,0.5,0.034364773062851184,-1.0,1.0,descriptive_secondary
B_CN,A_CN,313,representative,gamma_gw,0.9,0.022066902260924004,-1.0,1.0,descriptive_secondary
B_CN,A_CN,313,representative,gamma_gw,0.95,0.013190772764806291,-1.0,1.0,descriptive_secondary
B_CN,A_CN,313,representative,log10_Ar,0.05,0.005858366861583975,-1.0,1.0,descriptive_secondary
B_CN,A_CN,313,representative,log10_Ar,0.5,0.058450641178608376,-1.0,1.0,descriptive_secondary
B_CN,A_CN,313,representative,log10_Ar,0.9,0.1641086468938815,-1.0,1.0,descriptive_secondary
B_CN,A_CN,313,representative,log10_Ar,0.95,0.18836754507213305,-1.0,1.0,descriptive_secondary
B_CN,A_CN,313,representative,log10_EFAC,0.05,-0.12718077673266273,-1.0,1.0,descriptive_secondary
B_CN,A_CN,313,representative,log10_EFAC,0.5,-0.0414778254587686,-1.0,1.0,descriptive_secondary
B_CN,A_CN,313,representative,log10_EFAC,0.9,-0.010827063501079426,-1.0,1.0,descriptive_secondary
B_CN,A_CN,313,representative,log10_EFAC,0.95,-0.0013143672996095979,-1.0,1.0,descriptive_secondary
B_CN,A_CN,327,representative,u,0.05,-0.0021816074309586736,-1.0,1.0,descriptive_secondary
B_CN,A_CN,327,representative,u,0.5,0.0024684215886086047,-1.0,1.0,descriptive_secondary
B_CN,A_CN,327,representative,u,0.9,-0.0008088939033984444,-1.0,1.0,descriptive_secondary
B_CN,A_CN,327,representative,u,0.95,-0.00011100959694398949,-1.0,1.0,inconclusive
B_CN,A_CN,327,representative,log10_Agw,0.05,-0.0647330560878423,-1.0,1.0,descriptive_secondary
B_CN,A_CN,327,representative,log10_Agw,0.5,-0.016726152126404714,-1.0,1.0,descriptive_secondary
B_CN,A_CN,327,representative,log10_Agw,0.9,0.03551994383149637,-1.0,1.0,descriptive_secondary
B_CN,A_CN,327,representative,log10_Agw,0.95,0.034632599469357817,-1.0,1.0,descriptive_secondary
B_CN,A_CN,327,representative,gamma_gw,0.05,-0.13465069993901468,-1.0,1.0,descriptive_secondary
B_CN,A_CN,327,representative,gamma_gw,0.5,0.02931694271284091,-1.0,1.0,descriptive_secondary
B_CN,A_CN,327,representative,gamma_gw,0.9,0.11531472558678901,-1.0,1.0,descriptive_secondary
B_CN,A_CN,327,representative,gamma_gw,0.95,0.09422100255290322,-1.0,1.0,descriptive_secondary
B_CN,A_CN,327,representative,log10_Ar,0.05,-0.008227416459970723,-1.0,1.0,descriptive_secondary
B_CN,A_CN,327,representative,log10_Ar,0.5,-0.07382460390953582,-1.0,1.0,descriptive_secondary
B_CN,A_CN,327,representative,log10_Ar,0.9,-0.05858968888805216,-1.0,1.0,descriptive_secondary
B_CN,A_CN,327,representative,log10_Ar,0.95,-0.03484784587600176,-1.0,1.0,descriptive_secondary
B_CN,A_CN,327,representative,log10_EFAC,0.05,-0.013584484461117402,-1.0,1.0,descriptive_secondary
B_CN,A_CN,327,representative,log10_EFAC,0.5,0.11245178644125944,-1.0,1.0,descriptive_secondary
B_CN,A_CN,327,representative,log10_EFAC,0.9,0.2721295759246083,-1.0,1.0,descriptive_secondary
B_CN,A_CN,327,representative,log10_EFAC,0.95,0.31729479213204376,-1.0,1.0,descriptive_secondary
B_CN,A_CN,333,stress,u,0.05,-0.012721858700219926,-1.0,1.0,descriptive_secondary
B_CN,A_CN,333,stress,u,0.5,-0.06870667338936876,-1.0,1.0,descriptive_secondary
B_CN,A_CN,333,stress,u,0.9,-0.02677733783810221,-1.0,1.0,descriptive_secondary
B_CN,A_CN,333,stress,u,0.95,-0.013691339583921436,-1.0,1.0,inconclusive
B_CN,A_CN,333,stress,log10_Agw,0.05,-0.02537123011910114,-1.0,1.0,descriptive_secondary
B_CN,A_CN,333,stress,log10_Agw,0.5,-0.00855693110945066,-1.0,1.0,descriptive_secondary
B_CN,A_CN,333,stress,log10_Agw,0.9,0.002322785230545077,-1.0,1.0,descriptive_secondary
B_CN,A_CN,333,stress,log10_Agw,0.95,0.0019153446092632365,-1.0,1.0,descriptive_secondary
B_CN,A_CN,333,stress,gamma_gw,0.05,-0.056578960850791504,-1.0,1.0,descriptive_secondary
B_CN,A_CN,333,stress,gamma_gw,0.5,0.08871154594944375,-1.0,1.0,descriptive_secondary
B_CN,A_CN,333,stress,gamma_gw,0.9,0.08063732367927035,-1.0,1.0,descriptive_secondary
B_CN,A_CN,333,stress,gamma_gw,0.95,0.052463391707967766,-1.0,1.0,descriptive_secondary
B_CN,A_CN,333,stress,log10_Ar,0.05,0.003345986603420663,-1.0,1.0,descriptive_secondary
B_CN,A_CN,333,stress,log10_Ar,0.5,0.023353834568411003,-1.0,1.0,descriptive_secondary
B_CN,A_CN,333,stress,log10_Ar,0.9,0.022219448149148113,-1.0,1.0,descriptive_secondary
B_CN,A_CN,333,stress,log10_Ar,0.95,0.014454068737517645,-1.0,1.0,descriptive_secondary
B_CN,A_CN,333,stress,log10_EFAC,0.05,-0.2125181904280714,-1.0,1.0,descriptive_secondary
B_CN,A_CN,333,stress,log10_EFAC,0.5,0.003994882209073514,-1.0,1.0,descriptive_secondary
B_CN,A_CN,333,stress,log10_EFAC,0.9,0.014988679297790464,-1.0,1.0,descriptive_secondary
B_CN,A_CN,333,stress,log10_EFAC,0.95,0.010300209142267924,-1.0,1.0,descriptive_secondary
B_CN,A_CN,346,representative,u,0.05,-0.0018255641336058573,-1.0,1.0,descriptive_secondary
B_CN,A_CN,346,representative,u,0.5,-0.0031070382258531204,-1.0,1.0,descriptive_secondary
B_CN,A_CN,346,representative,u,0.9,-0.0005278293759810593,-1.0,1.0,descriptive_secondary
B_CN,A_CN,346,representative,u,0.95,-0.00018009857920864292,-1.0,1.0,inconclusive
B_CN,A_CN,346,representative,log10_Agw,0.05,0.005030155407278792,-1.0,1.0,descriptive_secondary
B_CN,A_CN,346,representative,log10_Agw,0.5,0.06114137573892198,-1.0,1.0,descriptive_secondary
B_CN,A_CN,346,representative,log10_Agw,0.9,0.10859113152950012,-1.0,1.0,descriptive_secondary
B_CN,A_CN,346,representative,log10_Agw,0.95,0.11625649626023926,-1.0,1.0,descriptive_secondary
B_CN,A_CN,346,representative,gamma_gw,0.05,0.004016874091967285,-1.0,1.0,descriptive_secondary
B_CN,A_CN,346,representative,gamma_gw,0.5,0.0327344782784571,-1.0,1.0,descriptive_secondary
B_CN,A_CN,346,representative,gamma_gw,0.9,0.024644392002955873,-1.0,1.0,descriptive_secondary
B_CN,A_CN,346,representative,gamma_gw,0.95,0.014525204432916161,-1.0,1.0,descriptive_secondary
B_CN,A_CN,346,representative,log10_Ar,0.05,0.008441539043527763,-1.0,1.0,descriptive_secondary
B_CN,A_CN,346,representative,log10_Ar,0.5,0.08328997302147828,-1.0,1.0,descriptive_secondary
B_CN,A_CN,346,representative,log10_Ar,0.9,0.15839474211726645,-1.0,1.0,descriptive_secondary
B_CN,A_CN,346,representative,log10_Ar,0.95,0.1754124174769509,-1.0,1.0,descriptive_secondary
B_CN,A_CN,346,representative,log10_EFAC,0.05,-0.0017910206247774285,-1.0,1.0,descriptive_secondary
B_CN,A_CN,346,representative,log10_EFAC,0.5,0.03025094348066193,-1.0,1.0,descriptive_secondary
B_CN,A_CN,346,representative,log10_EFAC,0.9,0.060164797081624366,-1.0,1.0,descriptive_secondary
B_CN,A_CN,346,representative,log10_EFAC,0.95,0.07042423274760479,-1.0,1.0,descriptive_secondary
B_CN,A_CN,355,representative,u,0.05,-0.0156588111369432,-1.0,1.0,descriptive_secondary
B_CN,A_CN,355,representative,u,0.5,-0.06733456204528232,-1.0,1.0,descriptive_secondary
B_CN,A_CN,355,representative,u,0.9,-0.019765458565578542,-1.0,1.0,descriptive_secondary
B_CN,A_CN,355,representative,u,0.95,-0.010355523754793317,-1.0,1.0,inconclusive
B_CN,A_CN,355,representative,log10_Agw,0.05,-0.06883064453287457,-1.0,1.0,descriptive_secondary
B_CN,A_CN,355,representative,log10_Agw,0.5,0.10189350392685592,-1.0,1.0,descriptive_secondary
B_CN,A_CN,355,representative,log10_Agw,0.9,0.13106613650694598,-1.0,1.0,descriptive_secondary
B_CN,A_CN,355,representative,log10_Agw,0.95,0.11715372032591298,-1.0,1.0,descriptive_secondary
B_CN,A_CN,355,representative,gamma_gw,0.05,-0.3644210262984624,-1.0,1.0,descriptive_secondary
B_CN,A_CN,355,representative,gamma_gw,0.5,-0.3311112510178518,-1.0,1.0,descriptive_secondary
B_CN,A_CN,355,representative,gamma_gw,0.9,-0.07268241193021419,-1.0,1.0,descriptive_secondary
B_CN,A_CN,355,representative,gamma_gw,0.95,-0.03619978267187551,-1.0,1.0,descriptive_secondary
B_CN,A_CN,355,representative,log10_Ar,0.05,0.008935733426038449,-1.0,1.0,descriptive_secondary
B_CN,A_CN,355,representative,log10_Ar,0.5,0.08497553850323203,-1.0,1.0,descriptive_secondary
B_CN,A_CN,355,representative,log10_Ar,0.9,0.14579473262639098,-1.0,1.0,descriptive_secondary
B_CN,A_CN,355,representative,log10_Ar,0.95,0.13609378958749507,-1.0,1.0,descriptive_secondary
B_CN,A_CN,355,representative,log10_EFAC,0.05,-0.06769059569822919,-1.0,1.0,descriptive_secondary
B_CN,A_CN,355,representative,log10_EFAC,0.5,-0.06901132708902502,-1.0,1.0,descriptive_secondary
B_CN,A_CN,355,representative,log10_EFAC,0.9,0.0010041621303814585,-1.0,1.0,descriptive_secondary
B_CN,A_CN,355,representative,log10_EFAC,0.95,0.0314969733567137,-1.0,1.0,descriptive_secondary
B_CN,A_CN,359,stress,u,0.05,-0.05453557668348977,-1.0,1.0,descriptive_secondary
B_CN,A_CN,359,stress,u,0.5,-0.09943412255123962,-1.0,1.0,descriptive_secondary
B_CN,A_CN,359,stress,u,0.9,-0.02161745717159269,-1.0,1.0,descriptive_secondary
B_CN,A_CN,359,stress,u,0.95,-0.010474219360562587,-1.0,1.0,inconclusive
B_CN,A_CN,359,stress,log10_Agw,0.05,-0.47080384924917273,-1.0,1.0,descriptive_secondary
B_CN,A_CN,359,stress,log10_Agw,0.5,-0.10598928360356541,-1.0,1.0,descriptive_secondary
B_CN,A_CN,359,stress,log10_Agw,0.9,-0.030704576403484785,-1.0,1.0,descriptive_secondary
B_CN,A_CN,359,stress,log10_Agw,0.95,-0.017911061596632027,-1.0,1.0,descriptive_secondary
B_CN,A_CN,359,stress,gamma_gw,0.05,0.004729284091224861,-1.0,1.0,descriptive_secondary
B_CN,A_CN,359,stress,gamma_gw,0.5,0.18348974687010733,-1.0,1.0,descriptive_secondary
B_CN,A_CN,359,stress,gamma_gw,0.9,0.20187113292293524,-1.0,1.0,descriptive_secondary
B_CN,A_CN,359,stress,gamma_gw,0.95,0.1438719463184408,-1.0,1.0,descriptive_secondary
B_CN,A_CN,359,stress,log10_Ar,0.05,0.0052266903416225766,-1.0,1.0,descriptive_secondary
B_CN,A_CN,359,stress,log10_Ar,0.5,0.05396584033738211,-1.0,1.0,descriptive_secondary
B_CN,A_CN,359,stress,log10_Ar,0.9,0.07817752799516253,-1.0,1.0,descriptive_secondary
B_CN,A_CN,359,stress,log10_Ar,0.95,0.06367878484619993,-1.0,1.0,descriptive_secondary
B_CN,A_CN,359,stress,log10_EFAC,0.05,-0.0900953769697358,-1.0,1.0,descriptive_secondary
B_CN,A_CN,359,stress,log10_EFAC,0.5,0.03194740858040035,-1.0,1.0,descriptive_secondary
B_CN,A_CN,359,stress,log10_EFAC,0.9,0.09839412617697152,-1.0,1.0,descriptive_secondary
B_CN,A_CN,359,stress,log10_EFAC,0.95,0.09800008001749594,-1.0,1.0,descriptive_secondary
B_CN,A_CN,380,representative,u,0.05,-0.006687470987770491,-1.0,1.0,descriptive_secondary
B_CN,A_CN,380,representative,u,0.5,-0.02914043287996082,-1.0,1.0,descriptive_secondary
B_CN,A_CN,380,representative,u,0.9,-0.009259019721868933,-1.0,1.0,descriptive_secondary
B_CN,A_CN,380,representative,u,0.95,-0.005370828138075656,-1.0,1.0,inconclusive
B_CN,A_CN,380,representative,log10_Agw,0.05,-0.08334787877882484,-1.0,1.0,descriptive_secondary
B_CN,A_CN,380,representative,log10_Agw,0.5,-0.22186566423854143,-1.0,1.0,descriptive_secondary
B_CN,A_CN,380,representative,log10_Agw,0.9,-0.10645519906494794,-1.0,1.0,descriptive_secondary
B_CN,A_CN,380,representative,log10_Agw,0.95,-0.07484702352841954,-1.0,1.0,descriptive_secondary
B_CN,A_CN,380,representative,gamma_gw,0.05,0.010228063051463,-1.0,1.0,descriptive_secondary
B_CN,A_CN,380,representative,gamma_gw,0.5,0.08601102707344144,-1.0,1.0,descriptive_secondary
B_CN,A_CN,380,representative,gamma_gw,0.9,0.04708991248154126,-1.0,1.0,descriptive_secondary
B_CN,A_CN,380,representative,gamma_gw,0.95,0.02517470748561479,-1.0,1.0,descriptive_secondary
B_CN,A_CN,380,representative,log10_Ar,0.05,-0.009449346633282847,-1.0,1.0,descriptive_secondary
B_CN,A_CN,380,representative,log10_Ar,0.5,-0.07528776674059467,-1.0,1.0,descriptive_secondary
B_CN,A_CN,380,representative,log10_Ar,0.9,0.049873526277761315,-1.0,1.0,descriptive_secondary
B_CN,A_CN,380,representative,log10_Ar,0.95,0.0919163357428936,-1.0,1.0,descriptive_secondary
B_CN,A_CN,380,representative,log10_EFAC,0.05,-0.10521614161957998,-1.0,1.0,descriptive_secondary
B_CN,A_CN,380,representative,log10_EFAC,0.5,0.02083123326030112,-1.0,1.0,descriptive_secondary
B_CN,A_CN,380,representative,log10_EFAC,0.9,0.042910324349236695,-1.0,1.0,descriptive_secondary
B_CN,A_CN,380,representative,log10_EFAC,0.95,0.049457541850131403,-1.0,1.0,descriptive_secondary
B_CN,A_CN,409,representative,u,0.05,-0.005544791951415842,-1.0,1.0,descriptive_secondary
B_CN,A_CN,409,representative,u,0.5,-0.01775909741140258,-1.0,1.0,descriptive_secondary
B_CN,A_CN,409,representative,u,0.9,-0.006612033569545872,-1.0,1.0,descriptive_secondary
B_CN,A_CN,409,representative,u,0.95,-0.0035213063973886793,-1.0,1.0,inconclusive
B_CN,A_CN,409,representative,log10_Agw,0.05,0.010238439648833912,-1.0,1.0,descriptive_secondary
B_CN,A_CN,409,representative,log10_Agw,0.5,0.09951332703616289,-1.0,1.0,descriptive_secondary
B_CN,A_CN,409,representative,log10_Agw,0.9,0.1442283187012694,-1.0,1.0,descriptive_secondary
B_CN,A_CN,409,representative,log10_Agw,0.95,0.1465897496879477,-1.0,1.0,descriptive_secondary
B_CN,A_CN,409,representative,gamma_gw,0.05,0.00754085896302166,-1.0,1.0,descriptive_secondary
B_CN,A_CN,409,representative,gamma_gw,0.5,0.060007235367997624,-1.0,1.0,descriptive_secondary
B_CN,A_CN,409,representative,gamma_gw,0.9,0.042981617776348124,-1.0,1.0,descriptive_secondary
B_CN,A_CN,409,representative,gamma_gw,0.95,0.025569610447163105,-1.0,1.0,descriptive_secondary
B_CN,A_CN,409,representative,log10_Ar,0.05,0.013686141556210236,-1.0,1.0,descriptive_secondary
B_CN,A_CN,409,representative,log10_Ar,0.5,0.13084670745159188,-1.0,1.0,descriptive_secondary
B_CN,A_CN,409,representative,log10_Ar,0.9,0.22613220547198787,-1.0,1.0,descriptive_secondary
B_CN,A_CN,409,representative,log10_Ar,0.95,0.23106396102698745,-1.0,1.0,descriptive_secondary
B_CN,A_CN,409,representative,log10_EFAC,0.05,-0.06958721229067866,-1.0,1.0,descriptive_secondary
B_CN,A_CN,409,representative,log10_EFAC,0.5,-0.02387811721419375,-1.0,1.0,descriptive_secondary
B_CN,A_CN,409,representative,log10_EFAC,0.9,0.006861949975735193,-1.0,1.0,descriptive_secondary
B_CN,A_CN,409,representative,log10_EFAC,0.95,0.016869405049483643,-1.0,1.0,descriptive_secondary
B_CN,A_CN,424,stress,u,0.05,-0.03137098632913984,-1.0,1.0,descriptive_secondary
B_CN,A_CN,424,stress,u,0.5,-0.08092571931912534,-1.0,1.0,descriptive_secondary
B_CN,A_CN,424,stress,u,0.9,-0.022347257698248746,-1.0,1.0,descriptive_secondary
B_CN,A_CN,424,stress,u,0.95,-0.011592856256961603,-1.0,1.0,inconclusive
B_CN,A_CN,424,stress,log10_Agw,0.05,-0.19346158191652518,-1.0,1.0,descriptive_secondary
B_CN,A_CN,424,stress,log10_Agw,0.5,-0.09964617114783003,-1.0,1.0,descriptive_secondary
B_CN,A_CN,424,stress,log10_Agw,0.9,-0.020812076165833027,-1.0,1.0,descriptive_secondary
B_CN,A_CN,424,stress,log10_Agw,0.95,-0.011106642178231652,-1.0,1.0,descriptive_secondary
B_CN,A_CN,424,stress,gamma_gw,0.05,0.06111503414156936,-1.0,1.0,descriptive_secondary
B_CN,A_CN,424,stress,gamma_gw,0.5,0.29454738902606703,-1.0,1.0,descriptive_secondary
B_CN,A_CN,424,stress,gamma_gw,0.9,0.45912533869567496,-1.0,1.0,descriptive_secondary
B_CN,A_CN,424,stress,gamma_gw,0.95,0.4414391319808342,-1.0,1.0,descriptive_secondary
B_CN,A_CN,424,stress,log10_Ar,0.05,0.004143039168260358,-1.0,1.0,descriptive_secondary
B_CN,A_CN,424,stress,log10_Ar,0.5,0.03839619036254516,-1.0,1.0,descriptive_secondary
B_CN,A_CN,424,stress,log10_Ar,0.9,0.051264886541670496,-1.0,1.0,descriptive_secondary
B_CN,A_CN,424,stress,log10_Ar,0.95,0.04317668350661985,-1.0,1.0,descriptive_secondary
B_CN,A_CN,424,stress,log10_EFAC,0.05,-0.19741520986212666,-1.0,1.0,descriptive_secondary
B_CN,A_CN,424,stress,log10_EFAC,0.5,0.050573309286711,-1.0,1.0,descriptive_secondary
B_CN,A_CN,424,stress,log10_EFAC,0.9,0.14525435974539824,-1.0,1.0,descriptive_secondary
B_CN,A_CN,424,stress,log10_EFAC,0.95,0.17322726075803985,-1.0,1.0,descriptive_secondary
B_CN,A_CN,446,representative,u,0.05,0.005414884400988959,-1.0,1.0,descriptive_secondary
B_CN,A_CN,446,representative,u,0.5,0.019055784871984893,-1.0,1.0,descriptive_secondary
B_CN,A_CN,446,representative,u,0.9,0.0038425148443993473,-1.0,1.0,descriptive_secondary
B_CN,A_CN,446,representative,u,0.95,0.0007853755163244047,-1.0,1.0,inconclusive
B_CN,A_CN,446,representative,log10_Agw,0.05,0.0035800236175502834,-1.0,1.0,descriptive_secondary
B_CN,A_CN,446,representative,log10_Agw,0.5,0.03286201835407948,-1.0,1.0,descriptive_secondary
B_CN,A_CN,446,representative,log10_Agw,0.9,0.05028891364319199,-1.0,1.0,descriptive_secondary
B_CN,A_CN,446,representative,log10_Agw,0.95,0.050817217806154336,-1.0,1.0,descriptive_secondary
B_CN,A_CN,446,representative,gamma_gw,0.05,-0.0007404170401877214,-1.0,1.0,descriptive_secondary
B_CN,A_CN,446,representative,gamma_gw,0.5,-0.0050069333807585825,-1.0,1.0,descriptive_secondary
B_CN,A_CN,446,representative,gamma_gw,0.9,-0.0005833903345656699,-1.0,1.0,descriptive_secondary
B_CN,A_CN,446,representative,gamma_gw,0.95,-0.0005979216314307978,-1.0,1.0,descriptive_secondary
B_CN,A_CN,446,representative,log10_Ar,0.05,-0.21500004588063357,-1.0,1.0,descriptive_secondary
B_CN,A_CN,446,representative,log10_Ar,0.5,-0.3412908023390734,-1.0,1.0,descriptive_secondary
B_CN,A_CN,446,representative,log10_Ar,0.9,-0.0038478017863341485,-1.0,1.0,descriptive_secondary
B_CN,A_CN,446,representative,log10_Ar,0.95,0.028113817480795666,-1.0,1.0,descriptive_secondary
B_CN,A_CN,446,representative,log10_EFAC,0.05,-0.0495453445947579,-1.0,1.0,descriptive_secondary
B_CN,A_CN,446,representative,log10_EFAC,0.5,-0.015854660722407488,-1.0,1.0,descriptive_secondary
B_CN,A_CN,446,representative,log10_EFAC,0.9,0.0023292087139510365,-1.0,1.0,descriptive_secondary
B_CN,A_CN,446,representative,log10_EFAC,0.95,0.0077121747269035534,-1.0,1.0,descriptive_secondary
B_CN,A_CN,453,stress,u,0.05,0.03781802271681277,-0.897600456674551,0.13439954332544898,descriptive_secondary
B_CN,A_CN,453,stress,u,0.5,0.08163621337416671,-0.32781282422885594,0.6961871757711441,descriptive_secondary
B_CN,A_CN,453,stress,u,0.9,0.019771189786480292,-0.058416831795140456,0.9535831682048596,descriptive_secondary
B_CN,A_CN,453,stress,u,0.95,0.010545752433151923,-0.02923935793626098,0.980760642063739,inconclusive
B_CN,A_CN,453,stress,log10_Agw,0.05,0.03520871964124961,-0.39082024587730224,0.6251797541226978,descriptive_secondary
B_CN,A_CN,453,stress,log10_Agw,0.5,0.13649058256054536,-0.21763508566997047,0.7903649143300295,descriptive_secondary
B_CN,A_CN,453,stress,log10_Agw,0.9,0.2057615694550743,-0.081900919349562,0.926099080650438,descriptive_secondary
B_CN,A_CN,453,stress,log10_Agw,0.95,0.20567574753935736,-0.06014250854334369,0.9478574914566563,descriptive_secondary
B_CN,A_CN,453,stress,gamma_gw,0.05,-0.5873294336645214,-0.949656759509484,0.06634324049051603,descriptive_secondary
B_CN,A_CN,453,stress,gamma_gw,0.5,-0.36544425563023597,-0.4966289446433434,0.5353710553566566,descriptive_secondary
B_CN,A_CN,453,stress,gamma_gw,0.9,-0.07611155422535965,-0.11276470986630616,0.9192352901336939,descriptive_secondary
B_CN,A_CN,453,stress,gamma_gw,0.95,-0.03830047445809637,-0.06534456742872552,0.9666554325712745,descriptive_secondary
B_CN,A_CN,453,stress,log10_Ar,0.05,0.0016676514478760548,-0.9665654428499296,0.04943455715007034,descriptive_secondary
B_CN,A_CN,453,stress,log10_Ar,0.5,0.01598070535106194,-0.5997932436937627,0.4242067563062372,descriptive_secondary
B_CN,A_CN,453,stress,log10_Ar,0.9,0.03761740233080557,-0.23882079296928638,0.7851792070307136,descriptive_secondary
B_CN,A_CN,453,stress,log10_Ar,0.95,0.041604959155123966,-0.1738188400280869,0.8501811599719131,descriptive_secondary
B_CN,A_CN,453,stress,log10_EFAC,0.05,0.0029432393822521933,-0.9949963375046577,0.007503662495342395,descriptive_secondary
B_CN,A_CN,453,stress,log10_EFAC,0.5,0.03996811656443033,-0.9320538017563922,0.07594619824360777,descriptive_secondary
B_CN,A_CN,453,stress,log10_EFAC,0.9,0.12578095201474226,-0.7980647404812014,0.22193525951879872,descriptive_secondary
B_CN,A_CN,453,stress,log10_EFAC,0.95,0.15865256124310323,-0.7482385851524362,0.2677614148475638,descriptive_secondary
B_CN,A_CN,458,stress,u,0.05,-0.0046431267120746605,-1.0,1.0,descriptive_secondary
B_CN,A_CN,458,stress,u,0.5,-0.019176355945276446,-1.0,1.0,descriptive_secondary
B_CN,A_CN,458,stress,u,0.9,-0.0031925769126713854,-1.0,1.0,descriptive_secondary
B_CN,A_CN,458,stress,u,0.95,-0.0017795340886771482,-1.0,1.0,inconclusive
B_CN,A_CN,458,stress,log10_Agw,0.05,-0.14802789265088506,-1.0,1.0,descriptive_secondary
B_CN,A_CN,458,stress,log10_Agw,0.5,-0.16484398105657616,-1.0,1.0,descriptive_secondary
B_CN,A_CN,458,stress,log10_Agw,0.9,-0.03983909585784262,-1.0,1.0,descriptive_secondary
B_CN,A_CN,458,stress,log10_Agw,0.95,-0.011689839957478187,-1.0,1.0,descriptive_secondary
B_CN,A_CN,458,stress,gamma_gw,0.05,-0.029643569511183708,-1.0,1.0,descriptive_secondary
B_CN,A_CN,458,stress,gamma_gw,0.5,-0.12246340005832435,-1.0,1.0,descriptive_secondary
B_CN,A_CN,458,stress,gamma_gw,0.9,-0.0425243462567656,-1.0,1.0,descriptive_secondary
B_CN,A_CN,458,stress,gamma_gw,0.95,-0.023056885372166103,-1.0,1.0,descriptive_secondary
B_CN,A_CN,458,stress,log10_Ar,0.05,-0.00030485317937044287,-1.0,1.0,descriptive_secondary
B_CN,A_CN,458,stress,log10_Ar,0.5,0.0028125797442395406,-1.0,1.0,descriptive_secondary
B_CN,A_CN,458,stress,log10_Ar,0.9,0.0595051683116008,-1.0,1.0,descriptive_secondary
B_CN,A_CN,458,stress,log10_Ar,0.95,0.07943821902743764,-1.0,1.0,descriptive_secondary
B_CN,A_CN,458,stress,log10_EFAC,0.05,0.0008487756344566222,-1.0,1.0,descriptive_secondary
B_CN,A_CN,458,stress,log10_EFAC,0.5,0.047101203383823065,-1.0,1.0,descriptive_secondary
B_CN,A_CN,458,stress,log10_EFAC,0.9,0.07084982999246481,-1.0,1.0,descriptive_secondary
B_CN,A_CN,458,stress,log10_EFAC,0.95,0.07797752752489662,-1.0,1.0,descriptive_secondary
B_CN,A_CN,461,representative,u,0.05,-0.06925994197443473,-1.0,1.0,descriptive_secondary
B_CN,A_CN,461,representative,u,0.5,-0.11726296062438069,-1.0,1.0,descriptive_secondary
B_CN,A_CN,461,representative,u,0.9,-0.031712966853875035,-1.0,1.0,descriptive_secondary
B_CN,A_CN,461,representative,u,0.95,-0.017620006718509384,-1.0,1.0,inconclusive
B_CN,A_CN,461,representative,log10_Agw,0.05,-0.1611238437907352,-1.0,1.0,descriptive_secondary
B_CN,A_CN,461,representative,log10_Agw,0.5,-0.08953394922515967,-1.0,1.0,descriptive_secondary
B_CN,A_CN,461,representative,log10_Agw,0.9,-0.017403172452807203,-1.0,1.0,descriptive_secondary
B_CN,A_CN,461,representative,log10_Agw,0.95,-0.008434653700575612,-1.0,1.0,descriptive_secondary
B_CN,A_CN,461,representative,gamma_gw,0.05,0.0463109066932067,-1.0,1.0,descriptive_secondary
B_CN,A_CN,461,representative,gamma_gw,0.5,0.22027253843796718,-1.0,1.0,descriptive_secondary
B_CN,A_CN,461,representative,gamma_gw,0.9,0.304748070140773,-1.0,1.0,descriptive_secondary
B_CN,A_CN,461,representative,gamma_gw,0.95,0.2809861119404301,-1.0,1.0,descriptive_secondary
B_CN,A_CN,461,representative,log10_Ar,0.05,0.0006386880920623908,-1.0,1.0,descriptive_secondary
B_CN,A_CN,461,representative,log10_Ar,0.5,0.000407200539434327,-1.0,1.0,descriptive_secondary
B_CN,A_CN,461,representative,log10_Ar,0.9,-0.0016243471105229501,-1.0,1.0,descriptive_secondary
B_CN,A_CN,461,representative,log10_Ar,0.95,-0.0013219084621323152,-1.0,1.0,descriptive_secondary
B_CN,A_CN,461,representative,log10_EFAC,0.05,-0.040947046197845526,-1.0,1.0,descriptive_secondary
B_CN,A_CN,461,representative,log10_EFAC,0.5,0.09763669416380502,-1.0,1.0,descriptive_secondary
B_CN,A_CN,461,representative,log10_EFAC,0.9,0.2970309559011294,-1.0,1.0,descriptive_secondary
B_CN,A_CN,461,representative,log10_EFAC,0.95,0.35286079292017375,-1.0,1.0,descriptive_secondary
B_CN,A_CN,463,representative,u,0.05,0.007301423255304557,-1.0,1.0,descriptive_secondary
B_CN,A_CN,463,representative,u,0.5,0.05268538152867802,-1.0,1.0,descriptive_secondary
B_CN,A_CN,463,representative,u,0.9,0.022447897734002686,-1.0,1.0,descriptive_secondary
B_CN,A_CN,463,representative,u,0.95,0.011821712068316392,-1.0,1.0,inconclusive
B_CN,A_CN,463,representative,log10_Agw,0.05,-0.0033371794420084117,-1.0,1.0,descriptive_secondary
B_CN,A_CN,463,representative,log10_Agw,0.5,-0.04510703158776863,-1.0,1.0,descriptive_secondary
B_CN,A_CN,463,representative,log10_Agw,0.9,-0.06176797545627266,-1.0,1.0,descriptive_secondary
B_CN,A_CN,463,representative,log10_Agw,0.95,-0.05693604471900093,-1.0,1.0,descriptive_secondary
B_CN,A_CN,463,representative,gamma_gw,0.05,0.0016808826766272003,-1.0,1.0,descriptive_secondary
B_CN,A_CN,463,representative,gamma_gw,0.5,0.02109810095881165,-1.0,1.0,descriptive_secondary
B_CN,A_CN,463,representative,gamma_gw,0.9,0.011582986997746403,-1.0,1.0,descriptive_secondary
B_CN,A_CN,463,representative,gamma_gw,0.95,0.006599981015660061,-1.0,1.0,descriptive_secondary
B_CN,A_CN,463,representative,log10_Ar,0.05,-0.12062980747199972,-1.0,1.0,descriptive_secondary
B_CN,A_CN,463,representative,log10_Ar,0.5,-0.3801563564169992,-1.0,1.0,descriptive_secondary
B_CN,A_CN,463,representative,log10_Ar,0.9,-0.04209625222474789,-1.0,1.0,descriptive_secondary
B_CN,A_CN,463,representative,log10_Ar,0.95,-0.01558818732015188,-1.0,1.0,descriptive_secondary
B_CN,A_CN,463,representative,log10_EFAC,0.05,0.005089803545446192,-1.0,1.0,descriptive_secondary
B_CN,A_CN,463,representative,log10_EFAC,0.5,0.03211709148461983,-1.0,1.0,descriptive_secondary
B_CN,A_CN,463,representative,log10_EFAC,0.9,0.04226601498352345,-1.0,1.0,descriptive_secondary
B_CN,A_CN,463,representative,log10_EFAC,0.95,0.043331772611798325,-1.0,1.0,descriptive_secondary
B_CN,A_CN,479,representative,u,0.05,-0.05095033564660041,-1.0,1.0,descriptive_secondary
B_CN,A_CN,479,representative,u,0.5,-0.07614642464469645,-1.0,1.0,descriptive_secondary
B_CN,A_CN,479,representative,u,0.9,-0.016892736139129116,-1.0,1.0,descriptive_secondary
B_CN,A_CN,479,representative,u,0.95,-0.00898420628349672,-1.0,1.0,inconclusive
B_CN,A_CN,479,representative,log10_Agw,0.05,-0.019742873608310396,-1.0,1.0,descriptive_secondary
B_CN,A_CN,479,representative,log10_Agw,0.5,-0.03678679616309577,-1.0,1.0,descriptive_secondary
B_CN,A_CN,479,representative,log10_Agw,0.9,-0.002636751793571146,-1.0,1.0,descriptive_secondary
B_CN,A_CN,479,representative,log10_Agw,0.95,-0.0015296216550909625,-1.0,1.0,descriptive_secondary
B_CN,A_CN,479,representative,gamma_gw,0.05,-0.013058200405679891,-1.0,1.0,descriptive_secondary
B_CN,A_CN,479,representative,gamma_gw,0.5,0.11348836670046247,-1.0,1.0,descriptive_secondary
B_CN,A_CN,479,representative,gamma_gw,0.9,0.14096221162060307,-1.0,1.0,descriptive_secondary
B_CN,A_CN,479,representative,gamma_gw,0.95,0.08949491132653142,-1.0,1.0,descriptive_secondary
B_CN,A_CN,479,representative,log10_Ar,0.05,0.006137274604120481,-1.0,1.0,descriptive_secondary
B_CN,A_CN,479,representative,log10_Ar,0.5,0.05616253786897901,-1.0,1.0,descriptive_secondary
B_CN,A_CN,479,representative,log10_Ar,0.9,0.09122157830004962,-1.0,1.0,descriptive_secondary
B_CN,A_CN,479,representative,log10_Ar,0.95,0.08470102176973993,-1.0,1.0,descriptive_secondary
B_CN,A_CN,479,representative,log10_EFAC,0.05,-0.17024768898398868,-1.0,1.0,descriptive_secondary
B_CN,A_CN,479,representative,log10_EFAC,0.5,-0.13304613387535,-1.0,1.0,descriptive_secondary
B_CN,A_CN,479,representative,log10_EFAC,0.9,-0.07534635902820358,-1.0,1.0,descriptive_secondary
B_CN,A_CN,479,representative,log10_EFAC,0.95,-0.051771004924783426,-1.0,1.0,descriptive_secondary
B_CN,A_CN,489,representative,u,0.05,-0.019175774313666433,-1.0,1.0,descriptive_secondary
B_CN,A_CN,489,representative,u,0.5,-0.02114411723482923,-1.0,1.0,descriptive_secondary
B_CN,A_CN,489,representative,u,0.9,-0.0039963129414657406,-1.0,1.0,descriptive_secondary
B_CN,A_CN,489,representative,u,0.95,-0.0015719371149002237,-1.0,1.0,inconclusive
B_CN,A_CN,489,representative,log10_Agw,0.05,-0.1857445223883566,-1.0,1.0,descriptive_secondary
B_CN,A_CN,489,representative,log10_Agw,0.5,-0.0954820317086239,-1.0,1.0,descriptive_secondary
B_CN,A_CN,489,representative,log10_Agw,0.9,-0.0003387274640781479,-1.0,1.0,descriptive_secondary
B_CN,A_CN,489,representative,log10_Agw,0.95,0.008627780447216016,-1.0,1.0,descriptive_secondary
B_CN,A_CN,489,representative,gamma_gw,0.05,-0.013479816140829354,-1.0,1.0,descriptive_secondary
B_CN,A_CN,489,representative,gamma_gw,0.5,0.2662582553900768,-1.0,1.0,descriptive_secondary
B_CN,A_CN,489,representative,gamma_gw,0.9,0.4450478459773822,-1.0,1.0,descriptive_secondary
B_CN,A_CN,489,representative,gamma_gw,0.95,0.43524382475203083,-1.0,1.0,descriptive_secondary
B_CN,A_CN,489,representative,log10_Ar,0.05,0.000792434442696277,-1.0,1.0,descriptive_secondary
B_CN,A_CN,489,representative,log10_Ar,0.5,0.014596850716621868,-1.0,1.0,descriptive_secondary
B_CN,A_CN,489,representative,log10_Ar,0.9,0.02864489171786455,-1.0,1.0,descriptive_secondary
B_CN,A_CN,489,representative,log10_Ar,0.95,0.02855809124991726,-1.0,1.0,descriptive_secondary
B_CN,A_CN,489,representative,log10_EFAC,0.05,0.006852614276299908,-1.0,1.0,descriptive_secondary
B_CN,A_CN,489,representative,log10_EFAC,0.5,0.07321618798152532,-1.0,1.0,descriptive_secondary
B_CN,A_CN,489,representative,log10_EFAC,0.9,0.1654120343041739,-1.0,1.0,descriptive_secondary
B_CN,A_CN,489,representative,log10_EFAC,0.95,0.19343507765890558,-1.0,1.0,descriptive_secondary
B_G,A_G,25,representative,u,0.05,-0.0014944910388324656,-1.0,1.0,descriptive_secondary
B_G,A_G,25,representative,u,0.5,-0.0075229436366863744,-1.0,1.0,descriptive_secondary
B_G,A_G,25,representative,u,0.9,-0.001586241551228107,-1.0,1.0,descriptive_secondary
B_G,A_G,25,representative,u,0.95,-0.0009552397181225025,-1.0,1.0,inconclusive
B_G,A_G,25,representative,log10_Agw,0.05,-0.011856945736499189,-1.0,1.0,descriptive_secondary
B_G,A_G,25,representative,log10_Agw,0.5,-0.005141452986872519,-1.0,1.0,descriptive_secondary
B_G,A_G,25,representative,log10_Agw,0.9,0.07982245904412655,-1.0,1.0,descriptive_secondary
B_G,A_G,25,representative,log10_Agw,0.95,0.09929815893283711,-1.0,1.0,descriptive_secondary
B_G,A_G,25,representative,gamma_gw,0.05,0.0009541827023539923,-1.0,1.0,descriptive_secondary
B_G,A_G,25,representative,gamma_gw,0.5,-0.003920998846311918,-1.0,1.0,descriptive_secondary
B_G,A_G,25,representative,gamma_gw,0.9,-0.001380258692385672,-1.0,1.0,descriptive_secondary
B_G,A_G,25,representative,gamma_gw,0.95,-0.0003956956568558212,-1.0,1.0,descriptive_secondary
B_G,A_G,25,representative,log10_Ar,0.05,0.00514415980037828,-1.0,1.0,descriptive_secondary
B_G,A_G,25,representative,log10_Ar,0.5,0.060950601483623745,-1.0,1.0,descriptive_secondary
B_G,A_G,25,representative,log10_Ar,0.9,0.13481567073582146,-1.0,1.0,descriptive_secondary
B_G,A_G,25,representative,log10_Ar,0.95,0.1544360599696264,-1.0,1.0,descriptive_secondary
B_G,A_G,25,representative,log10_EFAC,0.05,-0.07032215840852796,-1.0,1.0,descriptive_secondary
B_G,A_G,25,representative,log10_EFAC,0.5,-0.03041283589717858,-1.0,1.0,descriptive_secondary
B_G,A_G,25,representative,log10_EFAC,0.9,-0.003115830967616806,-1.0,1.0,descriptive_secondary
B_G,A_G,25,representative,log10_EFAC,0.95,0.005737497723406371,-1.0,1.0,descriptive_secondary
B_G,A_G,26,representative,u,0.05,0.011677659782874626,-1.0,1.0,descriptive_secondary
B_G,A_G,26,representative,u,0.5,0.10961865011853389,-1.0,1.0,descriptive_secondary
B_G,A_G,26,representative,u,0.9,0.05687159041402645,-1.0,1.0,descriptive_secondary
B_G,A_G,26,representative,u,0.95,0.030397542717332082,-1.0,1.0,inconclusive
B_G,A_G,26,representative,log10_Agw,0.05,-0.03633341030102303,-1.0,1.0,descriptive_secondary
B_G,A_G,26,representative,log10_Agw,0.5,-0.0074949956321337385,-1.0,1.0,descriptive_secondary
B_G,A_G,26,representative,log10_Agw,0.9,0.03431092752512177,-1.0,1.0,descriptive_secondary
B_G,A_G,26,representative,log10_Agw,0.95,0.044588589348486085,-1.0,1.0,descriptive_secondary
B_G,A_G,26,representative,gamma_gw,0.05,-0.002713095741014568,-1.0,1.0,descriptive_secondary
B_G,A_G,26,representative,gamma_gw,0.5,-0.0012362705277146335,-1.0,1.0,descriptive_secondary
B_G,A_G,26,representative,gamma_gw,0.9,0.0022195726261055038,-1.0,1.0,descriptive_secondary
B_G,A_G,26,representative,gamma_gw,0.95,0.0031822341048971525,-1.0,1.0,descriptive_secondary
B_G,A_G,26,representative,log10_Ar,0.05,0.006023603436628826,-1.0,1.0,descriptive_secondary
B_G,A_G,26,representative,log10_Ar,0.5,0.04877911253181,-1.0,1.0,descriptive_secondary
B_G,A_G,26,representative,log10_Ar,0.9,0.10435242629402508,-1.0,1.0,descriptive_secondary
B_G,A_G,26,representative,log10_Ar,0.95,0.10854118636582033,-1.0,1.0,descriptive_secondary
B_G,A_G,26,representative,log10_EFAC,0.05,-0.1412807693840431,-1.0,1.0,descriptive_secondary
B_G,A_G,26,representative,log10_EFAC,0.5,-0.02109467532408804,-1.0,1.0,descriptive_secondary
B_G,A_G,26,representative,log10_EFAC,0.9,0.041686330834602325,-1.0,1.0,descriptive_secondary
B_G,A_G,26,representative,log10_EFAC,0.95,0.053154610376311084,-1.0,1.0,descriptive_secondary
B_G,A_G,30,stress,u,0.05,0.011964711122144138,-0.036296058817352095,0.9757039411826479,descriptive_secondary
B_G,A_G,30,stress,u,0.5,0.09204528631947823,-0.3317068118688249,0.6922931881311751,descriptive_secondary
B_G,A_G,30,stress,u,0.9,0.10170152029059343,-0.7522933569328875,0.27970664306711257,descriptive_secondary
B_G,A_G,30,stress,u,0.95,0.0702996896642002,-0.8553566315516734,0.17664336844832662,inconclusive
B_G,A_G,30,stress,log10_Agw,0.05,-0.02693212889086638,-0.7920424744597061,0.2199575255402939,descriptive_secondary
B_G,A_G,30,stress,log10_Agw,0.5,0.038797868845936945,-0.8645571593044012,0.13944284069559876,descriptive_secondary
B_G,A_G,30,stress,log10_Agw,0.9,0.05979576990154967,-0.9252593505487752,0.07874064945122483,descriptive_secondary
B_G,A_G,30,stress,log10_Agw,0.95,0.05244993436321954,-0.9431962289803542,0.06480377101964585,descriptive_secondary
B_G,A_G,30,stress,gamma_gw,0.05,-0.180016269638202,-0.4978676659722546,0.5261323340277454,descriptive_secondary
B_G,A_G,30,stress,gamma_gw,0.5,-0.11366643979721647,-0.7437445806058667,0.27225541939413334,descriptive_secondary
B_G,A_G,30,stress,gamma_gw,0.9,-0.006175524391466625,-0.9303311710167241,0.09366882898327589,descriptive_secondary
B_G,A_G,30,stress,gamma_gw,0.95,0.0008196951506508343,-0.9659186961997432,0.05008130380025677,descriptive_secondary
B_G,A_G,30,stress,log10_Ar,0.05,-0.0011745552104846999,-0.060794689876592437,0.9552053101234076,descriptive_secondary
B_G,A_G,30,stress,log10_Ar,0.5,-0.020106883514180884,-0.5357914526072495,0.5002085473927506,descriptive_secondary
B_G,A_G,30,stress,log10_Ar,0.9,-0.02189763689452595,-0.9263151774419552,0.08568482255804477,descriptive_secondary
B_G,A_G,30,stress,log10_Ar,0.95,-0.013698968047485605,-0.965990610435081,0.04600938956491896,descriptive_secondary
B_G,A_G,30,stress,log10_EFAC,0.05,0.02978836892650098,-0.030107698348095763,0.9778923016519042,descriptive_secondary
B_G,A_G,30,stress,log10_EFAC,0.5,0.2508264346364848,-0.15483272859563066,0.8511672714043693,descriptive_secondary
B_G,A_G,30,stress,log10_EFAC,0.9,0.4096359629098573,-0.2602266417238836,0.7477733582761164,descriptive_secondary
B_G,A_G,30,stress,log10_EFAC,0.95,0.4465274853456603,-0.2893004423472262,0.7226995576527738,descriptive_secondary
B_G,A_G,44,representative,u,0.05,-3.1528906467105655e-05,-1.0,1.0,descriptive_secondary
B_G,A_G,44,representative,u,0.5,0.022060020966632843,-1.0,1.0,descriptive_secondary
B_G,A_G,44,representative,u,0.9,0.012634042880539598,-1.0,1.0,descriptive_secondary
B_G,A_G,44,representative,u,0.95,0.006874680617524942,-1.0,1.0,inconclusive
B_G,A_G,44,representative,log10_Agw,0.05,-0.02579769566471239,-1.0,1.0,descriptive_secondary
B_G,A_G,44,representative,log10_Agw,0.5,-0.23147594558717138,-1.0,1.0,descriptive_secondary
B_G,A_G,44,representative,log10_Agw,0.9,-0.23917454988443154,-1.0,1.0,descriptive_secondary
B_G,A_G,44,representative,log10_Agw,0.95,-0.21073048453027832,-1.0,1.0,descriptive_secondary
B_G,A_G,44,representative,gamma_gw,0.05,-0.0005713826258947688,-1.0,1.0,descriptive_secondary
B_G,A_G,44,representative,gamma_gw,0.5,0.021590791538487253,-1.0,1.0,descriptive_secondary
B_G,A_G,44,representative,gamma_gw,0.9,0.010210686794557056,-1.0,1.0,descriptive_secondary
B_G,A_G,44,representative,gamma_gw,0.95,0.006064382172854876,-1.0,1.0,descriptive_secondary
B_G,A_G,44,representative,log10_Ar,0.05,-0.09518357408665454,-1.0,1.0,descriptive_secondary
B_G,A_G,44,representative,log10_Ar,0.5,-0.473021834437047,-1.0,1.0,descriptive_secondary
B_G,A_G,44,representative,log10_Ar,0.9,-0.13373782091731234,-1.0,1.0,descriptive_secondary
B_G,A_G,44,representative,log10_Ar,0.95,-0.08218373926123357,-1.0,1.0,descriptive_secondary
B_G,A_G,44,representative,log10_EFAC,0.05,0.00011042868207800094,-1.0,1.0,descriptive_secondary
B_G,A_G,44,representative,log10_EFAC,0.5,-0.002939694360700962,-1.0,1.0,descriptive_secondary
B_G,A_G,44,representative,log10_EFAC,0.9,0.0026644498492005564,-1.0,1.0,descriptive_secondary
B_G,A_G,44,representative,log10_EFAC,0.95,0.0048759706778022105,-1.0,1.0,descriptive_secondary
B_G,A_G,48,representative,u,0.05,-0.0013840233675695562,-1.0,1.0,descriptive_secondary
B_G,A_G,48,representative,u,0.5,-0.0022649155628147177,-1.0,1.0,descriptive_secondary
B_G,A_G,48,representative,u,0.9,0.00011887894038487001,-1.0,1.0,descriptive_secondary
B_G,A_G,48,representative,u,0.95,-0.000439712328323294,-1.0,1.0,inconclusive
B_G,A_G,48,representative,log10_Agw,0.05,-0.0079196280056061,-1.0,1.0,descriptive_secondary
B_G,A_G,48,representative,log10_Agw,0.5,0.0017064537167930105,-1.0,1.0,descriptive_secondary
B_G,A_G,48,representative,log10_Agw,0.9,0.03753409155196896,-1.0,1.0,descriptive_secondary
B_G,A_G,48,representative,log10_Agw,0.95,0.05246684537952079,-1.0,1.0,descriptive_secondary
B_G,A_G,48,representative,gamma_gw,0.05,0.00251693146280612,-1.0,1.0,descriptive_secondary
B_G,A_G,48,representative,gamma_gw,0.5,0.010488091779653042,-1.0,1.0,descriptive_secondary
B_G,A_G,48,representative,gamma_gw,0.9,0.01119728708229184,-1.0,1.0,descriptive_secondary
B_G,A_G,48,representative,gamma_gw,0.95,0.007288437442912077,-1.0,1.0,descriptive_secondary
B_G,A_G,48,representative,log10_Ar,0.05,0.003350648393287664,-1.0,1.0,descriptive_secondary
B_G,A_G,48,representative,log10_Ar,0.5,0.038831238572712645,-1.0,1.0,descriptive_secondary
B_G,A_G,48,representative,log10_Ar,0.9,0.11308917190848833,-1.0,1.0,descriptive_secondary
B_G,A_G,48,representative,log10_Ar,0.95,0.12630328342699537,-1.0,1.0,descriptive_secondary
B_G,A_G,48,representative,log10_EFAC,0.05,-0.006712822590865501,-1.0,1.0,descriptive_secondary
B_G,A_G,48,representative,log10_EFAC,0.5,-0.003003619527174442,-1.0,1.0,descriptive_secondary
B_G,A_G,48,representative,log10_EFAC,0.9,0.016044630471134108,-1.0,1.0,descriptive_secondary
B_G,A_G,48,representative,log10_EFAC,0.95,0.02339161763493222,-1.0,1.0,descriptive_secondary
B_G,A_G,102,representative,u,0.05,-0.007260380015836176,-1.0,1.0,descriptive_secondary
B_G,A_G,102,representative,u,0.5,-0.0024781452585944663,-1.0,1.0,descriptive_secondary
B_G,A_G,102,representative,u,0.9,0.010616352099472537,-1.0,1.0,descriptive_secondary
B_G,A_G,102,representative,u,0.95,0.005882397110303028,-1.0,1.0,inconclusive
B_G,A_G,102,representative,log10_Agw,0.05,-0.10909608499679783,-1.0,1.0,descriptive_secondary
B_G,A_G,102,representative,log10_Agw,0.5,-0.17872840891819913,-1.0,1.0,descriptive_secondary
B_G,A_G,102,representative,log10_Agw,0.9,-0.05381964999329947,-1.0,1.0,descriptive_secondary
B_G,A_G,102,representative,log10_Agw,0.95,-0.030798882219018497,-1.0,1.0,descriptive_secondary
B_G,A_G,102,representative,gamma_gw,0.05,-0.017723640298399186,-1.0,1.0,descriptive_secondary
B_G,A_G,102,representative,gamma_gw,0.5,-0.009357260085713026,-1.0,1.0,descriptive_secondary
B_G,A_G,102,representative,gamma_gw,0.9,0.015579889859413387,-1.0,1.0,descriptive_secondary
B_G,A_G,102,representative,gamma_gw,0.95,0.011461102578803284,-1.0,1.0,descriptive_secondary
B_G,A_G,102,representative,log10_Ar,0.05,-0.0019911493917932344,-1.0,1.0,descriptive_secondary
B_G,A_G,102,representative,log10_Ar,0.5,-0.01693431470225415,-1.0,1.0,descriptive_secondary
B_G,A_G,102,representative,log10_Ar,0.9,0.015296231317108666,-1.0,1.0,descriptive_secondary
B_G,A_G,102,representative,log10_Ar,0.95,0.021659233205955974,-1.0,1.0,descriptive_secondary
B_G,A_G,102,representative,log10_EFAC,0.05,-0.17920120491994107,-1.0,1.0,descriptive_secondary
B_G,A_G,102,representative,log10_EFAC,0.5,-0.007312772872820283,-1.0,1.0,descriptive_secondary
B_G,A_G,102,representative,log10_EFAC,0.9,0.03188129695155151,-1.0,1.0,descriptive_secondary
B_G,A_G,102,representative,log10_EFAC,0.95,0.03902342182863905,-1.0,1.0,descriptive_secondary
B_G,A_G,138,stress,u,0.05,0.0016403955116535418,-0.046354704395240934,0.9656452956047591,descriptive_secondary
B_G,A_G,138,stress,u,0.5,-0.0008805335522367175,-0.4777560295512911,0.554243970448709,descriptive_secondary
B_G,A_G,138,stress,u,0.9,-0.008210186463028735,-0.9094679380763433,0.11453206192365672,descriptive_secondary
B_G,A_G,138,stress,u,0.95,-0.004271627532019262,-0.9555656028311013,0.06043439716889876,inconclusive
B_G,A_G,138,stress,log10_Agw,0.05,-0.09735604633870465,-0.730718512871807,0.285281487128193,descriptive_secondary
B_G,A_G,138,stress,log10_Agw,0.5,-0.052575033951727246,-0.8922841857552276,0.1137158142447724,descriptive_secondary
B_G,A_G,138,stress,log10_Agw,0.9,-0.011512232800516164,-0.9763204335178776,0.027679566482122442,descriptive_secondary
B_G,A_G,138,stress,log10_Agw,0.95,-0.006111483462279854,-0.98866083253707,0.015339167462929959,descriptive_secondary
B_G,A_G,138,stress,gamma_gw,0.05,-0.047233493714964436,-0.14028019275254153,0.8757198072474585,descriptive_secondary
B_G,A_G,138,stress,gamma_gw,0.5,0.08056332846811537,-0.4742326486783061,0.5497673513216939,descriptive_secondary
B_G,A_G,138,stress,gamma_gw,0.9,0.1091596468424404,-0.8096055138621132,0.22239448613788682,descriptive_secondary
B_G,A_G,138,stress,gamma_gw,0.95,0.07308577346455647,-0.9055692398474346,0.1424307601525654,descriptive_secondary
B_G,A_G,138,stress,log10_Ar,0.05,-0.015266526033825271,-0.07958376744472836,0.9444162325552716,descriptive_secondary
B_G,A_G,138,stress,log10_Ar,0.5,-0.1439041364136564,-0.7247243140844092,0.32327568591559086,descriptive_secondary
B_G,A_G,138,stress,log10_Ar,0.9,-0.028168683986576792,-0.9836991483005143,0.0203008516994857,descriptive_secondary
B_G,A_G,138,stress,log10_Ar,0.95,-0.01149785561097405,-0.9927869713277356,0.010213028672264368,descriptive_secondary
B_G,A_G,138,stress,log10_EFAC,0.05,-0.05501020070901852,-0.7852328004356443,0.22276719956435576,descriptive_secondary
B_G,A_G,138,stress,log10_EFAC,0.5,0.03851287662678904,-0.8681747869608837,0.13582521303911632,descriptive_secondary
B_G,A_G,138,stress,log10_EFAC,0.9,0.04620850390188724,-0.9397637900077171,0.06823620999228286,descriptive_secondary
B_G,A_G,138,stress,log10_EFAC,0.95,0.03659024164253566,-0.9617355833116661,0.050264416688333924,descriptive_secondary
B_G,A_G,142,representative,u,0.05,0.0009324776630939974,-1.0,1.0,descriptive_secondary
B_G,A_G,142,representative,u,0.5,0.014082662589925521,-1.0,1.0,descriptive_secondary
B_G,A_G,142,representative,u,0.9,0.005722800092842983,-1.0,1.0,descriptive_secondary
B_G,A_G,142,representative,u,0.95,0.002754235026771079,-1.0,1.0,inconclusive
B_G,A_G,142,representative,log10_Agw,0.05,-0.07536656903117671,-1.0,1.0,descriptive_secondary
B_G,A_G,142,representative,log10_Agw,0.5,-0.0038009140099138916,-1.0,1.0,descriptive_secondary
B_G,A_G,142,representative,log10_Agw,0.9,0.0842348675617084,-1.0,1.0,descriptive_secondary
B_G,A_G,142,representative,log10_Agw,0.95,0.10445161161851524,-1.0,1.0,descriptive_secondary
B_G,A_G,142,representative,gamma_gw,0.05,-0.000877719095099351,-1.0,1.0,descriptive_secondary
B_G,A_G,142,representative,gamma_gw,0.5,-0.01181167493579427,-1.0,1.0,descriptive_secondary
B_G,A_G,142,representative,gamma_gw,0.9,-0.007902797346880708,-1.0,1.0,descriptive_secondary
B_G,A_G,142,representative,gamma_gw,0.95,-0.004817968871399736,-1.0,1.0,descriptive_secondary
B_G,A_G,142,representative,log10_Ar,0.05,0.010092471312284988,-1.0,1.0,descriptive_secondary
B_G,A_G,142,representative,log10_Ar,0.5,0.09584179016203087,-1.0,1.0,descriptive_secondary
B_G,A_G,142,representative,log10_Ar,0.9,0.19366991079105011,-1.0,1.0,descriptive_secondary
B_G,A_G,142,representative,log10_Ar,0.95,0.21587980607521362,-1.0,1.0,descriptive_secondary
B_G,A_G,142,representative,log10_EFAC,0.05,-0.15269300899538002,-1.0,1.0,descriptive_secondary
B_G,A_G,142,representative,log10_EFAC,0.5,0.028525496386883287,-1.0,1.0,descriptive_secondary
B_G,A_G,142,representative,log10_EFAC,0.9,0.06886767460086607,-1.0,1.0,descriptive_secondary
B_G,A_G,142,representative,log10_EFAC,0.95,0.07926426113670787,-1.0,1.0,descriptive_secondary
B_G,A_G,157,representative,u,0.05,0.010579297306641623,-1.0,1.0,descriptive_secondary
B_G,A_G,157,representative,u,0.5,0.05270164847273989,-1.0,1.0,descriptive_secondary
B_G,A_G,157,representative,u,0.9,0.017296408414258946,-1.0,1.0,descriptive_secondary
B_G,A_G,157,representative,u,0.95,0.009306558636906215,-1.0,1.0,inconclusive
B_G,A_G,157,representative,log10_Agw,0.05,0.014213281093663016,-1.0,1.0,descriptive_secondary
B_G,A_G,157,representative,log10_Agw,0.5,0.1001166701769125,-1.0,1.0,descriptive_secondary
B_G,A_G,157,representative,log10_Agw,0.9,0.1001601356248305,-1.0,1.0,descriptive_secondary
B_G,A_G,157,representative,log10_Agw,0.95,0.091241104586405,-1.0,1.0,descriptive_secondary
B_G,A_G,157,representative,gamma_gw,0.05,0.00026832606903662987,-1.0,1.0,descriptive_secondary
B_G,A_G,157,representative,gamma_gw,0.5,0.001647180077478494,-1.0,1.0,descriptive_secondary
B_G,A_G,157,representative,gamma_gw,0.9,0.0010516627611902862,-1.0,1.0,descriptive_secondary
B_G,A_G,157,representative,gamma_gw,0.95,-0.0005971327969436224,-1.0,1.0,descriptive_secondary
B_G,A_G,157,representative,log10_Ar,0.05,-0.1586840346314547,-1.0,1.0,descriptive_secondary
B_G,A_G,157,representative,log10_Ar,0.5,-0.3159462800324381,-1.0,1.0,descriptive_secondary
B_G,A_G,157,representative,log10_Ar,0.9,-0.003305741912832727,-1.0,1.0,descriptive_secondary
B_G,A_G,157,representative,log10_Ar,0.95,0.03572192836740273,-1.0,1.0,descriptive_secondary
B_G,A_G,157,representative,log10_EFAC,0.05,-0.0724841644310393,-1.0,1.0,descriptive_secondary
B_G,A_G,157,representative,log10_EFAC,0.5,0.011017538131602223,-1.0,1.0,descriptive_secondary
B_G,A_G,157,representative,log10_EFAC,0.9,0.03786121745267956,-1.0,1.0,descriptive_secondary
B_G,A_G,157,representative,log10_EFAC,0.95,0.043945717775516036,-1.0,1.0,descriptive_secondary
B_G,A_G,184,stress,u,0.05,-0.0022066054940054897,-1.0,1.0,descriptive_secondary
B_G,A_G,184,stress,u,0.5,-0.010854668399622014,-1.0,1.0,descriptive_secondary
B_G,A_G,184,stress,u,0.9,-0.003797227431522665,-1.0,1.0,descriptive_secondary
B_G,A_G,184,stress,u,0.95,-0.0014322042268705149,-1.0,1.0,inconclusive
B_G,A_G,184,stress,log10_Agw,0.05,0.004542098980840386,-1.0,1.0,descriptive_secondary
B_G,A_G,184,stress,log10_Agw,0.5,0.05445245723275241,-1.0,1.0,descriptive_secondary
B_G,A_G,184,stress,log10_Agw,0.9,0.0974317425234929,-1.0,1.0,descriptive_secondary
B_G,A_G,184,stress,log10_Agw,0.95,0.10798414705855286,-1.0,1.0,descriptive_secondary
B_G,A_G,184,stress,gamma_gw,0.05,0.004970335954001724,-1.0,1.0,descriptive_secondary
B_G,A_G,184,stress,gamma_gw,0.5,0.03517402981241735,-1.0,1.0,descriptive_secondary
B_G,A_G,184,stress,gamma_gw,0.9,0.02856772633984972,-1.0,1.0,descriptive_secondary
B_G,A_G,184,stress,gamma_gw,0.95,0.01796458329566919,-1.0,1.0,descriptive_secondary
B_G,A_G,184,stress,log10_Ar,0.05,0.0074600872945585,-1.0,1.0,descriptive_secondary
B_G,A_G,184,stress,log10_Ar,0.5,0.07654144545618058,-1.0,1.0,descriptive_secondary
B_G,A_G,184,stress,log10_Ar,0.9,0.16563670781306894,-1.0,1.0,descriptive_secondary
B_G,A_G,184,stress,log10_Ar,0.95,0.1933826801459121,-1.0,1.0,descriptive_secondary
B_G,A_G,184,stress,log10_EFAC,0.05,-0.04179841967925013,-1.0,1.0,descriptive_secondary
B_G,A_G,184,stress,log10_EFAC,0.5,-0.0070173453066757485,-1.0,1.0,descriptive_secondary
B_G,A_G,184,stress,log10_EFAC,0.9,0.019240086101497578,-1.0,1.0,descriptive_secondary
B_G,A_G,184,stress,log10_EFAC,0.95,0.028561834072346415,-1.0,1.0,descriptive_secondary
B_G,A_G,189,representative,u,0.05,0.008480370251805348,-1.0,1.0,descriptive_secondary
B_G,A_G,189,representative,u,0.5,0.04372860146928331,-1.0,1.0,descriptive_secondary
B_G,A_G,189,representative,u,0.9,0.013105608191851026,-1.0,1.0,descriptive_secondary
B_G,A_G,189,representative,u,0.95,0.0065590063470317705,-1.0,1.0,inconclusive
B_G,A_G,189,representative,log10_Agw,0.05,-0.007653219090226558,-1.0,1.0,descriptive_secondary
B_G,A_G,189,representative,log10_Agw,0.5,0.019920253580745617,-1.0,1.0,descriptive_secondary
B_G,A_G,189,representative,log10_Agw,0.9,0.027120420701755354,-1.0,1.0,descriptive_secondary
B_G,A_G,189,representative,log10_Agw,0.95,0.029909173050033377,-1.0,1.0,descriptive_secondary
B_G,A_G,189,representative,gamma_gw,0.05,0.004859159282409757,-1.0,1.0,descriptive_secondary
B_G,A_G,189,representative,gamma_gw,0.5,0.04146136681170781,-1.0,1.0,descriptive_secondary
B_G,A_G,189,representative,gamma_gw,0.9,0.017803234675308754,-1.0,1.0,descriptive_secondary
B_G,A_G,189,representative,gamma_gw,0.95,0.01022018856994178,-1.0,1.0,descriptive_secondary
B_G,A_G,189,representative,log10_Ar,0.05,-0.02268556818190244,-1.0,1.0,descriptive_secondary
B_G,A_G,189,representative,log10_Ar,0.5,-0.17145141257892293,-1.0,1.0,descriptive_secondary
B_G,A_G,189,representative,log10_Ar,0.9,0.030037270857701692,-1.0,1.0,descriptive_secondary
B_G,A_G,189,representative,log10_Ar,0.95,0.060986383797822286,-1.0,1.0,descriptive_secondary
B_G,A_G,189,representative,log10_EFAC,0.05,-0.0996276702092342,-1.0,1.0,descriptive_secondary
B_G,A_G,189,representative,log10_EFAC,0.5,-0.050071193566157246,-1.0,1.0,descriptive_secondary
B_G,A_G,189,representative,log10_EFAC,0.9,-0.02097291350514824,-1.0,1.0,descriptive_secondary
B_G,A_G,189,representative,log10_EFAC,0.95,-0.013383852825317066,-1.0,1.0,descriptive_secondary
B_G,A_G,191,representative,u,0.05,0.00029909399924266805,-1.0,1.0,descriptive_secondary
B_G,A_G,191,representative,u,0.5,-0.0032601901128144206,-1.0,1.0,descriptive_secondary
B_G,A_G,191,representative,u,0.9,-0.0021520688585745518,-1.0,1.0,descriptive_secondary
B_G,A_G,191,representative,u,0.95,-0.0015985904141488927,-1.0,1.0,inconclusive
B_G,A_G,191,representative,log10_Agw,0.05,-0.0049275520980340895,-1.0,1.0,descriptive_secondary
B_G,A_G,191,representative,log10_Agw,0.5,0.03126442252265693,-1.0,1.0,descriptive_secondary
B_G,A_G,191,representative,log10_Agw,0.9,0.08283498050963212,-1.0,1.0,descriptive_secondary
B_G,A_G,191,representative,log10_Agw,0.95,0.09518145003484701,-1.0,1.0,descriptive_secondary
B_G,A_G,191,representative,gamma_gw,0.05,0.005521948634078559,-1.0,1.0,descriptive_secondary
B_G,A_G,191,representative,gamma_gw,0.5,0.03108542668601394,-1.0,1.0,descriptive_secondary
B_G,A_G,191,representative,gamma_gw,0.9,0.01705234655532506,-1.0,1.0,descriptive_secondary
B_G,A_G,191,representative,gamma_gw,0.95,0.008574343331873902,-1.0,1.0,descriptive_secondary
B_G,A_G,191,representative,log10_Ar,0.05,0.005417041297336396,-1.0,1.0,descriptive_secondary
B_G,A_G,191,representative,log10_Ar,0.5,0.050236961277534464,-1.0,1.0,descriptive_secondary
B_G,A_G,191,representative,log10_Ar,0.9,0.15039689410028212,-1.0,1.0,descriptive_secondary
B_G,A_G,191,representative,log10_Ar,0.95,0.16001543157941223,-1.0,1.0,descriptive_secondary
B_G,A_G,191,representative,log10_EFAC,0.05,-0.11259111246934772,-1.0,1.0,descriptive_secondary
B_G,A_G,191,representative,log10_EFAC,0.5,-0.05343591226112121,-1.0,1.0,descriptive_secondary
B_G,A_G,191,representative,log10_EFAC,0.9,-0.026127641719598582,-1.0,1.0,descriptive_secondary
B_G,A_G,191,representative,log10_EFAC,0.95,-0.017764330182128307,-1.0,1.0,descriptive_secondary
B_G,A_G,197,representative,u,0.05,-0.009973561418619846,-1.0,1.0,descriptive_secondary
B_G,A_G,197,representative,u,0.5,-0.03822916894325312,-1.0,1.0,descriptive_secondary
B_G,A_G,197,representative,u,0.9,-0.01118714099126461,-1.0,1.0,descriptive_secondary
B_G,A_G,197,representative,u,0.95,-0.005914896946979553,-1.0,1.0,inconclusive
B_G,A_G,197,representative,log10_Agw,0.05,0.008728679872784842,-1.0,1.0,descriptive_secondary
B_G,A_G,197,representative,log10_Agw,0.5,0.07981931299175206,-1.0,1.0,descriptive_secondary
B_G,A_G,197,representative,log10_Agw,0.9,0.1326976354355286,-1.0,1.0,descriptive_secondary
B_G,A_G,197,representative,log10_Agw,0.95,0.13877920861265403,-1.0,1.0,descriptive_secondary
B_G,A_G,197,representative,gamma_gw,0.05,0.012746153929444962,-1.0,1.0,descriptive_secondary
B_G,A_G,197,representative,gamma_gw,0.5,0.12159966048006593,-1.0,1.0,descriptive_secondary
B_G,A_G,197,representative,gamma_gw,0.9,0.16432092021932054,-1.0,1.0,descriptive_secondary
B_G,A_G,197,representative,gamma_gw,0.95,0.13260598622817332,-1.0,1.0,descriptive_secondary
B_G,A_G,197,representative,log10_Ar,0.05,0.010449747367753167,-1.0,1.0,descriptive_secondary
B_G,A_G,197,representative,log10_Ar,0.5,0.09857424306182516,-1.0,1.0,descriptive_secondary
B_G,A_G,197,representative,log10_Ar,0.9,0.16627024918593558,-1.0,1.0,descriptive_secondary
B_G,A_G,197,representative,log10_Ar,0.95,0.17310765804163858,-1.0,1.0,descriptive_secondary
B_G,A_G,197,representative,log10_EFAC,0.05,0.0005846106560662691,-1.0,1.0,descriptive_secondary
B_G,A_G,197,representative,log10_EFAC,0.5,0.007890988444040915,-1.0,1.0,descriptive_secondary
B_G,A_G,197,representative,log10_EFAC,0.9,0.02505164948461288,-1.0,1.0,descriptive_secondary
B_G,A_G,197,representative,log10_EFAC,0.95,0.03230393512052352,-1.0,1.0,descriptive_secondary
B_G,A_G,249,representative,u,0.05,-0.005801439957486616,-1.0,1.0,descriptive_secondary
B_G,A_G,249,representative,u,0.5,-0.02723403540832603,-1.0,1.0,descriptive_secondary
B_G,A_G,249,representative,u,0.9,-0.007715388629929043,-1.0,1.0,descriptive_secondary
B_G,A_G,249,representative,u,0.95,-0.003747322169850631,-1.0,1.0,inconclusive
B_G,A_G,249,representative,log10_Agw,0.05,0.010396059280522913,-1.0,1.0,descriptive_secondary
B_G,A_G,249,representative,log10_Agw,0.5,0.09924493603811799,-1.0,1.0,descriptive_secondary
B_G,A_G,249,representative,log10_Agw,0.9,0.16526958056201851,-1.0,1.0,descriptive_secondary
B_G,A_G,249,representative,log10_Agw,0.95,0.1774574946662349,-1.0,1.0,descriptive_secondary
B_G,A_G,249,representative,gamma_gw,0.05,0.010413039198587014,-1.0,1.0,descriptive_secondary
B_G,A_G,249,representative,gamma_gw,0.5,0.08638975091971257,-1.0,1.0,descriptive_secondary
B_G,A_G,249,representative,gamma_gw,0.9,0.09622547487835253,-1.0,1.0,descriptive_secondary
B_G,A_G,249,representative,gamma_gw,0.95,0.07103307650348589,-1.0,1.0,descriptive_secondary
B_G,A_G,249,representative,log10_Ar,0.05,0.012153830790673288,-1.0,1.0,descriptive_secondary
B_G,A_G,249,representative,log10_Ar,0.5,0.12473753990793546,-1.0,1.0,descriptive_secondary
B_G,A_G,249,representative,log10_Ar,0.9,0.2186335355906589,-1.0,1.0,descriptive_secondary
B_G,A_G,249,representative,log10_Ar,0.95,0.23158550258850474,-1.0,1.0,descriptive_secondary
B_G,A_G,249,representative,log10_EFAC,0.05,-0.04016991658199334,-1.0,1.0,descriptive_secondary
B_G,A_G,249,representative,log10_EFAC,0.5,-0.005833524132676793,-1.0,1.0,descriptive_secondary
B_G,A_G,249,representative,log10_EFAC,0.9,0.022117051109610958,-1.0,1.0,descriptive_secondary
B_G,A_G,249,representative,log10_EFAC,0.95,0.031046340474885137,-1.0,1.0,descriptive_secondary
B_G,A_G,272,representative,u,0.05,0.0002512116041225726,-1.0,1.0,descriptive_secondary
B_G,A_G,272,representative,u,0.5,-0.005401555867196928,-1.0,1.0,descriptive_secondary
B_G,A_G,272,representative,u,0.9,-0.0038475850224982677,-1.0,1.0,descriptive_secondary
B_G,A_G,272,representative,u,0.95,-0.002495407958526874,-1.0,1.0,inconclusive
B_G,A_G,272,representative,log10_Agw,0.05,0.018891709894443737,-1.0,1.0,descriptive_secondary
B_G,A_G,272,representative,log10_Agw,0.5,0.17687756386730186,-1.0,1.0,descriptive_secondary
B_G,A_G,272,representative,log10_Agw,0.9,0.20633471352991029,-1.0,1.0,descriptive_secondary
B_G,A_G,272,representative,log10_Agw,0.95,0.19916545899202465,-1.0,1.0,descriptive_secondary
B_G,A_G,272,representative,gamma_gw,0.05,0.007751852878758771,-1.0,1.0,descriptive_secondary
B_G,A_G,272,representative,gamma_gw,0.5,0.04759595837229963,-1.0,1.0,descriptive_secondary
B_G,A_G,272,representative,gamma_gw,0.9,0.02495762066987628,-1.0,1.0,descriptive_secondary
B_G,A_G,272,representative,gamma_gw,0.95,0.013636278604713725,-1.0,1.0,descriptive_secondary
B_G,A_G,272,representative,log10_Ar,0.05,0.00032022630337989744,-1.0,1.0,descriptive_secondary
B_G,A_G,272,representative,log10_Ar,0.5,0.0028635994058282543,-1.0,1.0,descriptive_secondary
B_G,A_G,272,representative,log10_Ar,0.9,0.11630010157777204,-1.0,1.0,descriptive_secondary
B_G,A_G,272,representative,log10_Ar,0.95,0.13482052906417963,-1.0,1.0,descriptive_secondary
B_G,A_G,272,representative,log10_EFAC,0.05,-0.16563674967536768,-1.0,1.0,descriptive_secondary
B_G,A_G,272,representative,log10_EFAC,0.5,-0.05984423596244559,-1.0,1.0,descriptive_secondary
B_G,A_G,272,representative,log10_EFAC,0.9,-0.024876460226462616,-1.0,1.0,descriptive_secondary
B_G,A_G,272,representative,log10_EFAC,0.95,-0.01502741391648732,-1.0,1.0,descriptive_secondary
B_G,A_G,285,representative,u,0.05,-0.010570362787834416,-1.0,1.0,descriptive_secondary
B_G,A_G,285,representative,u,0.5,-0.02647774086966237,-1.0,1.0,descriptive_secondary
B_G,A_G,285,representative,u,0.9,-0.0063457051420490185,-1.0,1.0,descriptive_secondary
B_G,A_G,285,representative,u,0.95,-0.003021010635746224,-1.0,1.0,inconclusive
B_G,A_G,285,representative,log10_Agw,0.05,0.031050411118327237,-1.0,1.0,descriptive_secondary
B_G,A_G,285,representative,log10_Agw,0.5,0.07201779692079224,-1.0,1.0,descriptive_secondary
B_G,A_G,285,representative,log10_Agw,0.9,0.042377693399582084,-1.0,1.0,descriptive_secondary
B_G,A_G,285,representative,log10_Agw,0.95,0.035293323417065925,-1.0,1.0,descriptive_secondary
B_G,A_G,285,representative,gamma_gw,0.05,0.027654684161639735,-1.0,1.0,descriptive_secondary
B_G,A_G,285,representative,gamma_gw,0.5,0.09234620019218487,-1.0,1.0,descriptive_secondary
B_G,A_G,285,representative,gamma_gw,0.9,0.027062654752826543,-1.0,1.0,descriptive_secondary
B_G,A_G,285,representative,gamma_gw,0.95,0.014361863233494754,-1.0,1.0,descriptive_secondary
B_G,A_G,285,representative,log10_Ar,0.05,-0.004723912790822987,-1.0,1.0,descriptive_secondary
B_G,A_G,285,representative,log10_Ar,0.5,-0.034512256904002836,-1.0,1.0,descriptive_secondary
B_G,A_G,285,representative,log10_Ar,0.9,-0.00965045289313271,-1.0,1.0,descriptive_secondary
B_G,A_G,285,representative,log10_Ar,0.95,0.004947669330702675,-1.0,1.0,descriptive_secondary
B_G,A_G,285,representative,log10_EFAC,0.05,-0.11375567828873245,-1.0,1.0,descriptive_secondary
B_G,A_G,285,representative,log10_EFAC,0.5,-0.015779259606851892,-1.0,1.0,descriptive_secondary
B_G,A_G,285,representative,log10_EFAC,0.9,4.926169032959393e-05,-1.0,1.0,descriptive_secondary
B_G,A_G,285,representative,log10_EFAC,0.95,0.00019754049694931108,-1.0,1.0,descriptive_secondary
B_G,A_G,313,representative,u,0.05,-0.007515050011503439,-1.0,1.0,descriptive_secondary
B_G,A_G,313,representative,u,0.5,-0.042844495269510174,-1.0,1.0,descriptive_secondary
B_G,A_G,313,representative,u,0.9,-0.014843966826892374,-1.0,1.0,descriptive_secondary
B_G,A_G,313,representative,u,0.95,-0.007063296487964665,-1.0,1.0,inconclusive
B_G,A_G,313,representative,log10_Agw,0.05,0.02854540084512497,-1.0,1.0,descriptive_secondary
B_G,A_G,313,representative,log10_Agw,0.5,0.23419313432003788,-1.0,1.0,descriptive_secondary
B_G,A_G,313,representative,log10_Agw,0.9,0.25445427409957433,-1.0,1.0,descriptive_secondary
B_G,A_G,313,representative,log10_Agw,0.95,0.242463351467342,-1.0,1.0,descriptive_secondary
B_G,A_G,313,representative,gamma_gw,0.05,0.007955911142564047,-1.0,1.0,descriptive_secondary
B_G,A_G,313,representative,gamma_gw,0.5,0.06862002198302897,-1.0,1.0,descriptive_secondary
B_G,A_G,313,representative,gamma_gw,0.9,0.04648459831870955,-1.0,1.0,descriptive_secondary
B_G,A_G,313,representative,gamma_gw,0.95,0.027872542500565922,-1.0,1.0,descriptive_secondary
B_G,A_G,313,representative,log10_Ar,0.05,0.030017149256221863,-1.0,1.0,descriptive_secondary
B_G,A_G,313,representative,log10_Ar,0.5,0.3030120889064831,-1.0,1.0,descriptive_secondary
B_G,A_G,313,representative,log10_Ar,0.9,0.2606147963218459,-1.0,1.0,descriptive_secondary
B_G,A_G,313,representative,log10_Ar,0.95,0.24247776381459663,-1.0,1.0,descriptive_secondary
B_G,A_G,313,representative,log10_EFAC,0.05,-0.23608113046100637,-1.0,1.0,descriptive_secondary
B_G,A_G,313,representative,log10_EFAC,0.5,-0.10792161728606847,-1.0,1.0,descriptive_secondary
B_G,A_G,313,representative,log10_EFAC,0.9,-0.023978601460667437,-1.0,1.0,descriptive_secondary
B_G,A_G,313,representative,log10_EFAC,0.95,-0.008006121034289604,-1.0,1.0,descriptive_secondary
B_G,A_G,327,representative,u,0.05,0.002501824300284436,-1.0,1.0,descriptive_secondary
B_G,A_G,327,representative,u,0.5,0.03505424637891308,-1.0,1.0,descriptive_secondary
B_G,A_G,327,representative,u,0.9,0.013678065932055117,-1.0,1.0,descriptive_secondary
B_G,A_G,327,representative,u,0.95,0.006467318498529218,-1.0,1.0,inconclusive
B_G,A_G,327,representative,log10_Agw,0.05,-0.12096333404572701,-1.0,1.0,descriptive_secondary
B_G,A_G,327,representative,log10_Agw,0.5,-0.061937075451306556,-1.0,1.0,descriptive_secondary
B_G,A_G,327,representative,log10_Agw,0.9,-0.004841281965874411,-1.0,1.0,descriptive_secondary
B_G,A_G,327,representative,log10_Agw,0.95,-0.000985071129643189,-1.0,1.0,descriptive_secondary
B_G,A_G,327,representative,gamma_gw,0.05,0.002016252571123922,-1.0,1.0,descriptive_secondary
B_G,A_G,327,representative,gamma_gw,0.5,0.15509418947538994,-1.0,1.0,descriptive_secondary
B_G,A_G,327,representative,gamma_gw,0.9,0.2478429088284938,-1.0,1.0,descriptive_secondary
B_G,A_G,327,representative,gamma_gw,0.95,0.2256552165412422,-1.0,1.0,descriptive_secondary
B_G,A_G,327,representative,log10_Ar,0.05,-0.005029774053993782,-1.0,1.0,descriptive_secondary
B_G,A_G,327,representative,log10_Ar,0.5,-0.05318024782989622,-1.0,1.0,descriptive_secondary
B_G,A_G,327,representative,log10_Ar,0.9,-0.046803922101667506,-1.0,1.0,descriptive_secondary
B_G,A_G,327,representative,log10_Ar,0.95,-0.028730566410033465,-1.0,1.0,descriptive_secondary
B_G,A_G,327,representative,log10_EFAC,0.05,-0.009006112729034267,-1.0,1.0,descriptive_secondary
B_G,A_G,327,representative,log10_EFAC,0.5,0.0932794154176563,-1.0,1.0,descriptive_secondary
B_G,A_G,327,representative,log10_EFAC,0.9,0.2583287603336134,-1.0,1.0,descriptive_secondary
B_G,A_G,327,representative,log10_EFAC,0.95,0.30132123869901184,-1.0,1.0,descriptive_secondary
B_G,A_G,333,stress,u,0.05,0.011128163154897786,-1.0,1.0,descriptive_secondary
B_G,A_G,333,stress,u,0.5,0.11108476195247935,-1.0,1.0,descriptive_secondary
B_G,A_G,333,stress,u,0.9,0.10391329258839421,-1.0,1.0,descriptive_secondary
B_G,A_G,333,stress,u,0.95,0.06542569740202997,-1.0,1.0,inconclusive
B_G,A_G,333,stress,log10_Agw,0.05,0.022039188566560508,-1.0,1.0,descriptive_secondary
B_G,A_G,333,stress,log10_Agw,0.5,0.06541649409341421,-1.0,1.0,descriptive_secondary
B_G,A_G,333,stress,log10_Agw,0.9,0.04720003744450674,-1.0,1.0,descriptive_secondary
B_G,A_G,333,stress,log10_Agw,0.95,0.030842596676439182,-1.0,1.0,descriptive_secondary
B_G,A_G,333,stress,gamma_gw,0.05,-0.17508183507719996,-1.0,1.0,descriptive_secondary
B_G,A_G,333,stress,gamma_gw,0.5,-0.1532658050510688,-1.0,1.0,descriptive_secondary
B_G,A_G,333,stress,gamma_gw,0.9,-0.038110842057754724,-1.0,1.0,descriptive_secondary
B_G,A_G,333,stress,gamma_gw,0.95,-0.01913979294577517,-1.0,1.0,descriptive_secondary
B_G,A_G,333,stress,log10_Ar,0.05,-0.0057292745043954,-1.0,1.0,descriptive_secondary
B_G,A_G,333,stress,log10_Ar,0.5,-0.05317780700533126,-1.0,1.0,descriptive_secondary
B_G,A_G,333,stress,log10_Ar,0.9,-0.020554867306348368,-1.0,1.0,descriptive_secondary
B_G,A_G,333,stress,log10_Ar,0.95,-0.009168522571141202,-1.0,1.0,descriptive_secondary
B_G,A_G,333,stress,log10_EFAC,0.05,-0.10846513587057582,-1.0,1.0,descriptive_secondary
B_G,A_G,333,stress,log10_EFAC,0.5,-0.01608518700554118,-1.0,1.0,descriptive_secondary
B_G,A_G,333,stress,log10_EFAC,0.9,0.00018750974076675586,-1.0,1.0,descriptive_secondary
B_G,A_G,333,stress,log10_EFAC,0.95,0.000498225907249461,-1.0,1.0,descriptive_secondary
B_G,A_G,346,representative,u,0.05,-0.012425000829420212,-1.0,1.0,descriptive_secondary
B_G,A_G,346,representative,u,0.5,-0.05232925018625645,-1.0,1.0,descriptive_secondary
B_G,A_G,346,representative,u,0.9,-0.012787723293531394,-1.0,1.0,descriptive_secondary
B_G,A_G,346,representative,u,0.95,-0.005988631728637728,-1.0,1.0,inconclusive
B_G,A_G,346,representative,log10_Agw,0.05,-0.14650070700865014,-1.0,1.0,descriptive_secondary
B_G,A_G,346,representative,log10_Agw,0.5,-0.13920632692017193,-1.0,1.0,descriptive_secondary
B_G,A_G,346,representative,log10_Agw,0.9,-0.030030200689112108,-1.0,1.0,descriptive_secondary
B_G,A_G,346,representative,log10_Agw,0.95,-0.0021201653578578616,-1.0,1.0,descriptive_secondary
B_G,A_G,346,representative,gamma_gw,0.05,-0.00424874696073891,-1.0,1.0,descriptive_secondary
B_G,A_G,346,representative,gamma_gw,0.5,-0.023665049684745643,-1.0,1.0,descriptive_secondary
B_G,A_G,346,representative,gamma_gw,0.9,-0.013938496229776942,-1.0,1.0,descriptive_secondary
B_G,A_G,346,representative,gamma_gw,0.95,-0.007320879107599709,-1.0,1.0,descriptive_secondary
B_G,A_G,346,representative,log10_Ar,0.05,0.006458378974156936,-1.0,1.0,descriptive_secondary
B_G,A_G,346,representative,log10_Ar,0.5,0.05941441776851958,-1.0,1.0,descriptive_secondary
B_G,A_G,346,representative,log10_Ar,0.9,0.11102490832191092,-1.0,1.0,descriptive_secondary
B_G,A_G,346,representative,log10_Ar,0.95,0.13330044580806777,-1.0,1.0,descriptive_secondary
B_G,A_G,346,representative,log10_EFAC,0.05,-0.05494934337908225,-1.0,1.0,descriptive_secondary
B_G,A_G,346,representative,log10_EFAC,0.5,0.023406018627316505,-1.0,1.0,descriptive_secondary
B_G,A_G,346,representative,log10_EFAC,0.9,0.049949869817182135,-1.0,1.0,descriptive_secondary
B_G,A_G,346,representative,log10_EFAC,0.95,0.05792556619854339,-1.0,1.0,descriptive_secondary
B_G,A_G,355,representative,u,0.05,0.011264325506089898,-1.0,1.0,descriptive_secondary
B_G,A_G,355,representative,u,0.5,0.08033834097541642,-1.0,1.0,descriptive_secondary
B_G,A_G,355,representative,u,0.9,0.03137317446165233,-1.0,1.0,descriptive_secondary
B_G,A_G,355,representative,u,0.95,0.017698072420123334,-1.0,1.0,inconclusive
B_G,A_G,355,representative,log10_Agw,0.05,-0.19180895652696978,-1.0,1.0,descriptive_secondary
B_G,A_G,355,representative,log10_Agw,0.5,-0.06340947427701227,-1.0,1.0,descriptive_secondary
B_G,A_G,355,representative,log10_Agw,0.9,0.047124524682610414,-1.0,1.0,descriptive_secondary
B_G,A_G,355,representative,log10_Agw,0.95,0.0509161589687126,-1.0,1.0,descriptive_secondary
B_G,A_G,355,representative,gamma_gw,0.05,-0.19635630213118532,-1.0,1.0,descriptive_secondary
B_G,A_G,355,representative,gamma_gw,0.5,-0.31068527155196096,-1.0,1.0,descriptive_secondary
B_G,A_G,355,representative,gamma_gw,0.9,-0.08040729255021573,-1.0,1.0,descriptive_secondary
B_G,A_G,355,representative,gamma_gw,0.95,-0.04067900555390869,-1.0,1.0,descriptive_secondary
B_G,A_G,355,representative,log10_Ar,0.05,0.0011386489537027547,-1.0,1.0,descriptive_secondary
B_G,A_G,355,representative,log10_Ar,0.5,0.011108349860522337,-1.0,1.0,descriptive_secondary
B_G,A_G,355,representative,log10_Ar,0.9,-0.014716298459706012,-1.0,1.0,descriptive_secondary
B_G,A_G,355,representative,log10_Ar,0.95,-0.00206020492604031,-1.0,1.0,descriptive_secondary
B_G,A_G,355,representative,log10_EFAC,0.05,0.01717043695069024,-1.0,1.0,descriptive_secondary
B_G,A_G,355,representative,log10_EFAC,0.5,0.13819522543659654,-1.0,1.0,descriptive_secondary
B_G,A_G,355,representative,log10_EFAC,0.9,0.20233841164486827,-1.0,1.0,descriptive_secondary
B_G,A_G,355,representative,log10_EFAC,0.95,0.21377129805505446,-1.0,1.0,descriptive_secondary
B_G,A_G,359,stress,u,0.05,-0.020877678202153437,-0.06969183243985314,0.9503081675601469,descriptive_secondary
B_G,A_G,359,stress,u,0.5,-0.10537326723838364,-0.4994085781635145,0.5245914218364855,descriptive_secondary
B_G,A_G,359,stress,u,0.9,-0.04746713655649981,-0.8844628080285435,0.13153719197145652,descriptive_secondary
B_G,A_G,359,stress,u,0.95,-0.027854950609385476,-0.9440197696003756,0.07198023039962442,inconclusive
B_G,A_G,359,stress,log10_Agw,0.05,-0.17105946262166305,-0.8706975437221085,0.1373024562778915,descriptive_secondary
B_G,A_G,359,stress,log10_Agw,0.5,-0.09349112101335644,-0.9588128715570985,0.04418712844290151,descriptive_secondary
B_G,A_G,359,stress,log10_Agw,0.9,-0.01975035725120111,-0.9932742291357022,0.008725770864297822,descriptive_secondary
B_G,A_G,359,stress,log10_Agw,0.95,-0.01017093065231478,-0.9972544172571602,0.00474558274283976,descriptive_secondary
B_G,A_G,359,stress,gamma_gw,0.05,0.050638519979942495,-0.11557510620429623,0.8964248937957038,descriptive_secondary
B_G,A_G,359,stress,gamma_gw,0.5,0.2845087647138931,-0.3268348915500765,0.6851651084499235,descriptive_secondary
B_G,A_G,359,stress,gamma_gw,0.9,0.38365123270999946,-0.5502626191206282,0.4737373808793718,descriptive_secondary
B_G,A_G,359,stress,gamma_gw,0.95,0.35277673608765114,-0.6232309553019448,0.4087690446980552,descriptive_secondary
B_G,A_G,359,stress,log10_Ar,0.05,0.0032880418844374107,-0.058861456104695765,0.9571385438953043,descriptive_secondary
B_G,A_G,359,stress,log10_Ar,0.5,0.026575249313655847,-0.526667567437005,0.505332432562995,descriptive_secondary
B_G,A_G,359,stress,log10_Ar,0.9,0.030027172842914007,-0.9099907983418707,0.10200920165812932,descriptive_secondary
B_G,A_G,359,stress,log10_Ar,0.95,0.020023310232281766,-0.955505764978507,0.05649423502149298,descriptive_secondary
B_G,A_G,359,stress,log10_EFAC,0.05,-0.35062117497612655,-0.5083270156090738,0.4996729843909262,descriptive_secondary
B_G,A_G,359,stress,log10_EFAC,0.5,0.030270856025355397,-0.6040720287267579,0.3999279712732421,descriptive_secondary
B_G,A_G,359,stress,log10_EFAC,0.9,0.19417918978130844,-0.6853577081794593,0.3206422918205407,descriptive_secondary
B_G,A_G,359,stress,log10_EFAC,0.95,0.22272577130849947,-0.7107434603024513,0.2972565396975487,descriptive_secondary
B_G,A_G,380,representative,u,0.05,0.0074609408760254806,-1.0,1.0,descriptive_secondary
B_G,A_G,380,representative,u,0.5,0.049562477512219205,-1.0,1.0,descriptive_secondary
B_G,A_G,380,representative,u,0.9,0.025530146787760333,-1.0,1.0,descriptive_secondary
B_G,A_G,380,representative,u,0.95,0.013905913462326502,-1.0,1.0,inconclusive
B_G,A_G,380,representative,log10_Agw,0.05,-0.1255158953671346,-1.0,1.0,descriptive_secondary
B_G,A_G,380,representative,log10_Agw,0.5,-0.11006558642333464,-1.0,1.0,descriptive_secondary
B_G,A_G,380,representative,log10_Agw,0.9,-0.03770860415046229,-1.0,1.0,descriptive_secondary
B_G,A_G,380,representative,log10_Agw,0.95,-0.024434185553588117,-1.0,1.0,descriptive_secondary
B_G,A_G,380,representative,gamma_gw,0.05,-0.02013220337030222,-1.0,1.0,descriptive_secondary
B_G,A_G,380,representative,gamma_gw,0.5,-0.05676391528280483,-1.0,1.0,descriptive_secondary
B_G,A_G,380,representative,gamma_gw,0.9,-0.014011661583220869,-1.0,1.0,descriptive_secondary
B_G,A_G,380,representative,gamma_gw,0.95,-0.005493800986708042,-1.0,1.0,descriptive_secondary
B_G,A_G,380,representative,log10_Ar,0.05,0.013038862246427328,-1.0,1.0,descriptive_secondary
B_G,A_G,380,representative,log10_Ar,0.5,0.13347745654550958,-1.0,1.0,descriptive_secondary
B_G,A_G,380,representative,log10_Ar,0.9,0.07417845663518297,-1.0,1.0,descriptive_secondary
B_G,A_G,380,representative,log10_Ar,0.95,0.07560349207497563,-1.0,1.0,descriptive_secondary
B_G,A_G,380,representative,log10_EFAC,0.05,-0.21378487404001456,-1.0,1.0,descriptive_secondary
B_G,A_G,380,representative,log10_EFAC,0.5,-0.06948943175534944,-1.0,1.0,descriptive_secondary
B_G,A_G,380,representative,log10_EFAC,0.9,-0.007596711746124196,-1.0,1.0,descriptive_secondary
B_G,A_G,380,representative,log10_EFAC,0.95,0.0035637792422034686,-1.0,1.0,descriptive_secondary
B_G,A_G,409,representative,u,0.05,-0.004102203656928954,-1.0,1.0,descriptive_secondary
B_G,A_G,409,representative,u,0.5,-0.019320717173661794,-1.0,1.0,descriptive_secondary
B_G,A_G,409,representative,u,0.9,-0.005161871463008949,-1.0,1.0,descriptive_secondary
B_G,A_G,409,representative,u,0.95,-0.0037789220601562867,-1.0,1.0,inconclusive
B_G,A_G,409,representative,log10_Agw,0.05,0.008299841831695898,-1.0,1.0,descriptive_secondary
B_G,A_G,409,representative,log10_Agw,0.5,0.08223155179944877,-1.0,1.0,descriptive_secondary
B_G,A_G,409,representative,log10_Agw,0.9,0.1278107647600773,-1.0,1.0,descriptive_secondary
B_G,A_G,409,representative,log10_Agw,0.95,0.1310205513370747,-1.0,1.0,descriptive_secondary
B_G,A_G,409,representative,gamma_gw,0.05,0.005065764780152381,-1.0,1.0,descriptive_secondary
B_G,A_G,409,representative,gamma_gw,0.5,0.04829525714138305,-1.0,1.0,descriptive_secondary
B_G,A_G,409,representative,gamma_gw,0.9,0.03547631820045838,-1.0,1.0,descriptive_secondary
B_G,A_G,409,representative,gamma_gw,0.95,0.021159772302749014,-1.0,1.0,descriptive_secondary
B_G,A_G,409,representative,log10_Ar,0.05,0.008997922704500762,-1.0,1.0,descriptive_secondary
B_G,A_G,409,representative,log10_Ar,0.5,0.09270886939310713,-1.0,1.0,descriptive_secondary
B_G,A_G,409,representative,log10_Ar,0.9,0.16940890865068348,-1.0,1.0,descriptive_secondary
B_G,A_G,409,representative,log10_Ar,0.95,0.17814816555979252,-1.0,1.0,descriptive_secondary
B_G,A_G,409,representative,log10_EFAC,0.05,-0.020232556009965874,-1.0,1.0,descriptive_secondary
B_G,A_G,409,representative,log10_EFAC,0.5,0.009083153303889313,-1.0,1.0,descriptive_secondary
B_G,A_G,409,representative,log10_EFAC,0.9,0.0359904217812993,-1.0,1.0,descriptive_secondary
B_G,A_G,409,representative,log10_EFAC,0.95,0.04503647478806405,-1.0,1.0,descriptive_secondary
B_G,A_G,424,stress,u,0.05,-0.04590115510777511,-1.0,1.0,descriptive_secondary
B_G,A_G,424,stress,u,0.5,-0.0720746596050873,-1.0,1.0,descriptive_secondary
B_G,A_G,424,stress,u,0.9,-0.014944102789325342,-1.0,1.0,descriptive_secondary
B_G,A_G,424,stress,u,0.95,-0.008236618988403,-1.0,1.0,inconclusive
B_G,A_G,424,stress,log10_Agw,0.05,-0.061518491346698956,-1.0,1.0,descriptive_secondary
B_G,A_G,424,stress,log10_Agw,0.5,-0.04822011221604139,-1.0,1.0,descriptive_secondary
B_G,A_G,424,stress,log10_Agw,0.9,-0.014188834515599935,-1.0,1.0,descriptive_secondary
B_G,A_G,424,stress,log10_Agw,0.95,-0.007171082459326739,-1.0,1.0,descriptive_secondary
B_G,A_G,424,stress,gamma_gw,0.05,-0.0007603132074350538,-1.0,1.0,descriptive_secondary
B_G,A_G,424,stress,gamma_gw,0.5,0.17956853737587436,-1.0,1.0,descriptive_secondary
B_G,A_G,424,stress,gamma_gw,0.9,0.10629783031933293,-1.0,1.0,descriptive_secondary
B_G,A_G,424,stress,gamma_gw,0.95,0.06263088548592977,-1.0,1.0,descriptive_secondary
B_G,A_G,424,stress,log10_Ar,0.05,0.0020591610448603,-1.0,1.0,descriptive_secondary
B_G,A_G,424,stress,log10_Ar,0.5,0.020231998085416092,-1.0,1.0,descriptive_secondary
B_G,A_G,424,stress,log10_Ar,0.9,0.027236782661803627,-1.0,1.0,descriptive_secondary
B_G,A_G,424,stress,log10_Ar,0.95,0.01984060511905883,-1.0,1.0,descriptive_secondary
B_G,A_G,424,stress,log10_EFAC,0.05,-0.41071212897228826,-1.0,1.0,descriptive_secondary
B_G,A_G,424,stress,log10_EFAC,0.5,-0.17645522552823234,-1.0,1.0,descriptive_secondary
B_G,A_G,424,stress,log10_EFAC,0.9,0.1221510469906748,-1.0,1.0,descriptive_secondary
B_G,A_G,424,stress,log10_EFAC,0.95,0.20049919682723927,-1.0,1.0,descriptive_secondary
B_G,A_G,446,representative,u,0.05,0.0066288072778206975,-1.0,1.0,descriptive_secondary
B_G,A_G,446,representative,u,0.5,0.03394676602113267,-1.0,1.0,descriptive_secondary
B_G,A_G,446,representative,u,0.9,0.009850829866430932,-1.0,1.0,descriptive_secondary
B_G,A_G,446,representative,u,0.95,0.005082047835190395,-1.0,1.0,inconclusive
B_G,A_G,446,representative,log10_Agw,0.05,-0.028656882770588823,-1.0,1.0,descriptive_secondary
B_G,A_G,446,representative,log10_Agw,0.5,-0.08324271182889792,-1.0,1.0,descriptive_secondary
B_G,A_G,446,representative,log10_Agw,0.9,0.0021034815061091727,-1.0,1.0,descriptive_secondary
B_G,A_G,446,representative,log10_Agw,0.95,0.02614891249922424,-1.0,1.0,descriptive_secondary
B_G,A_G,446,representative,gamma_gw,0.05,-0.005985829327420554,-1.0,1.0,descriptive_secondary
B_G,A_G,446,representative,gamma_gw,0.5,-0.03944689715160826,-1.0,1.0,descriptive_secondary
B_G,A_G,446,representative,gamma_gw,0.9,-0.019981295614817207,-1.0,1.0,descriptive_secondary
B_G,A_G,446,representative,gamma_gw,0.95,-0.012134665324623262,-1.0,1.0,descriptive_secondary
B_G,A_G,446,representative,log10_Ar,0.05,-0.02179683594415703,-1.0,1.0,descriptive_secondary
B_G,A_G,446,representative,log10_Ar,0.5,-0.1705378198635612,-1.0,1.0,descriptive_secondary
B_G,A_G,446,representative,log10_Ar,0.9,0.0585067140716663,-1.0,1.0,descriptive_secondary
B_G,A_G,446,representative,log10_Ar,0.95,0.08931334530248647,-1.0,1.0,descriptive_secondary
B_G,A_G,446,representative,log10_EFAC,0.05,0.0020990434910737044,-1.0,1.0,descriptive_secondary
B_G,A_G,446,representative,log10_EFAC,0.5,0.03551786168578819,-1.0,1.0,descriptive_secondary
B_G,A_G,446,representative,log10_EFAC,0.9,0.05627110865615714,-1.0,1.0,descriptive_secondary
B_G,A_G,446,representative,log10_EFAC,0.95,0.06277152069192637,-1.0,1.0,descriptive_secondary
B_G,A_G,453,stress,u,0.05,0.04592809363389226,-1.0,1.0,descriptive_secondary
B_G,A_G,453,stress,u,0.5,0.22304867137697598,-1.0,1.0,descriptive_secondary
B_G,A_G,453,stress,u,0.9,0.1101468831630773,-1.0,1.0,descriptive_secondary
B_G,A_G,453,stress,u,0.95,0.06301567997645696,-1.0,1.0,inconclusive
B_G,A_G,453,stress,log10_Agw,0.05,0.039213333153462426,-1.0,1.0,descriptive_secondary
B_G,A_G,453,stress,log10_Agw,0.5,0.1527837354598247,-1.0,1.0,descriptive_secondary
B_G,A_G,453,stress,log10_Agw,0.9,0.18764246115562588,-1.0,1.0,descriptive_secondary
B_G,A_G,453,stress,log10_Agw,0.95,0.1788010075630636,-1.0,1.0,descriptive_secondary
B_G,A_G,453,stress,gamma_gw,0.05,-0.5238957390064681,-1.0,1.0,descriptive_secondary
B_G,A_G,453,stress,gamma_gw,0.5,-0.4201422581664009,-1.0,1.0,descriptive_secondary
B_G,A_G,453,stress,gamma_gw,0.9,-0.10022774496030618,-1.0,1.0,descriptive_secondary
B_G,A_G,453,stress,gamma_gw,0.95,-0.049831516991298175,-1.0,1.0,descriptive_secondary
B_G,A_G,453,stress,log10_Ar,0.05,8.618218530597604e-05,-1.0,1.0,descriptive_secondary
B_G,A_G,453,stress,log10_Ar,0.5,-0.0012493572990314727,-1.0,1.0,descriptive_secondary
B_G,A_G,453,stress,log10_Ar,0.9,0.010982387388492554,-1.0,1.0,descriptive_secondary
B_G,A_G,453,stress,log10_Ar,0.95,0.016938649580171883,-1.0,1.0,descriptive_secondary
B_G,A_G,453,stress,log10_EFAC,0.05,-0.008191043501290886,-1.0,1.0,descriptive_secondary
B_G,A_G,453,stress,log10_EFAC,0.5,0.06910138595005672,-1.0,1.0,descriptive_secondary
B_G,A_G,453,stress,log10_EFAC,0.9,0.17210868889159164,-1.0,1.0,descriptive_secondary
B_G,A_G,453,stress,log10_EFAC,0.95,0.20295450529736558,-1.0,1.0,descriptive_secondary
B_G,A_G,458,stress,u,0.05,0.009653187359086199,-1.0,1.0,descriptive_secondary
B_G,A_G,458,stress,u,0.5,0.02339710403337314,-1.0,1.0,descriptive_secondary
B_G,A_G,458,stress,u,0.9,0.004418860893749543,-1.0,1.0,descriptive_secondary
B_G,A_G,458,stress,u,0.95,0.001982477233477775,-1.0,1.0,inconclusive
B_G,A_G,458,stress,log10_Agw,0.05,-0.02962060468588619,-1.0,1.0,descriptive_secondary
B_G,A_G,458,stress,log10_Agw,0.5,0.04856971705169022,-1.0,1.0,descriptive_secondary
B_G,A_G,458,stress,log10_Agw,0.9,0.058719750492959966,-1.0,1.0,descriptive_secondary
B_G,A_G,458,stress,log10_Agw,0.95,0.06517089578070612,-1.0,1.0,descriptive_secondary
B_G,A_G,458,stress,gamma_gw,0.05,0.014417106759906463,-1.0,1.0,descriptive_secondary
B_G,A_G,458,stress,gamma_gw,0.5,0.099850218933494,-1.0,1.0,descriptive_secondary
B_G,A_G,458,stress,gamma_gw,0.9,0.04602206482713145,-1.0,1.0,descriptive_secondary
B_G,A_G,458,stress,gamma_gw,0.95,0.025893343534086788,-1.0,1.0,descriptive_secondary
B_G,A_G,458,stress,log10_Ar,0.05,-0.013706547587798455,-1.0,1.0,descriptive_secondary
B_G,A_G,458,stress,log10_Ar,0.5,-0.137651271416373,-1.0,1.0,descriptive_secondary
B_G,A_G,458,stress,log10_Ar,0.9,0.004629366836261473,-1.0,1.0,descriptive_secondary
B_G,A_G,458,stress,log10_Ar,0.95,0.03624657206654247,-1.0,1.0,descriptive_secondary
B_G,A_G,458,stress,log10_EFAC,0.05,-0.3524463503548926,-1.0,1.0,descriptive_secondary
B_G,A_G,458,stress,log10_EFAC,0.5,-0.06891879388356359,-1.0,1.0,descriptive_secondary
B_G,A_G,458,stress,log10_EFAC,0.9,0.03307264639731933,-1.0,1.0,descriptive_secondary
B_G,A_G,458,stress,log10_EFAC,0.95,0.04543436470635709,-1.0,1.0,descriptive_secondary
B_G,A_G,461,representative,u,0.05,0.008409747340405258,-1.0,1.0,descriptive_secondary
B_G,A_G,461,representative,u,0.5,0.09209115714537797,-1.0,1.0,descriptive_secondary
B_G,A_G,461,representative,u,0.9,0.13302164675735328,-1.0,1.0,descriptive_secondary
B_G,A_G,461,representative,u,0.95,0.09795162999130413,-1.0,1.0,inconclusive
B_G,A_G,461,representative,log10_Agw,0.05,-0.05328291604520752,-1.0,1.0,descriptive_secondary
B_G,A_G,461,representative,log10_Agw,0.5,0.013692140382414508,-1.0,1.0,descriptive_secondary
B_G,A_G,461,representative,log10_Agw,0.9,0.04083127404722464,-1.0,1.0,descriptive_secondary
B_G,A_G,461,representative,log10_Agw,0.95,0.034106100009458795,-1.0,1.0,descriptive_secondary
B_G,A_G,461,representative,gamma_gw,0.05,-0.28863248160180965,-1.0,1.0,descriptive_secondary
B_G,A_G,461,representative,gamma_gw,0.5,-0.13906541794324911,-1.0,1.0,descriptive_secondary
B_G,A_G,461,representative,gamma_gw,0.9,-0.022219151346959176,-1.0,1.0,descriptive_secondary
B_G,A_G,461,representative,gamma_gw,0.95,-0.011053652580425344,-1.0,1.0,descriptive_secondary
B_G,A_G,461,representative,log10_Ar,0.05,-0.00202556611514923,-1.0,1.0,descriptive_secondary
B_G,A_G,461,representative,log10_Ar,0.5,-0.0055970187530342,-1.0,1.0,descriptive_secondary
B_G,A_G,461,representative,log10_Ar,0.9,-0.0030022436638214023,-1.0,1.0,descriptive_secondary
B_G,A_G,461,representative,log10_Ar,0.95,-0.0009043757420006404,-1.0,1.0,descriptive_secondary
B_G,A_G,461,representative,log10_EFAC,0.05,0.045936693287548375,-1.0,1.0,descriptive_secondary
B_G,A_G,461,representative,log10_EFAC,0.5,0.37753089279670604,-1.0,1.0,descriptive_secondary
B_G,A_G,461,representative,log10_EFAC,0.9,0.5058193162141962,-1.0,1.0,descriptive_secondary
B_G,A_G,461,representative,log10_EFAC,0.95,0.5226456712059362,-1.0,1.0,descriptive_secondary
B_G,A_G,463,representative,u,0.05,0.002069757057438233,-1.0,1.0,descriptive_secondary
B_G,A_G,463,representative,u,0.5,0.003550685961940192,-1.0,1.0,descriptive_secondary
B_G,A_G,463,representative,u,0.9,0.00043922804534346493,-1.0,1.0,descriptive_secondary
B_G,A_G,463,representative,u,0.95,0.00021404169281113994,-1.0,1.0,inconclusive
B_G,A_G,463,representative,log10_Agw,0.05,-0.012530751660487366,-1.0,1.0,descriptive_secondary
B_G,A_G,463,representative,log10_Agw,0.5,-0.11155079719682964,-1.0,1.0,descriptive_secondary
B_G,A_G,463,representative,log10_Agw,0.9,-0.10355246546902408,-1.0,1.0,descriptive_secondary
B_G,A_G,463,representative,log10_Agw,0.95,-0.09296227377903932,-1.0,1.0,descriptive_secondary
B_G,A_G,463,representative,gamma_gw,0.05,-0.0038207468787817833,-1.0,1.0,descriptive_secondary
B_G,A_G,463,representative,gamma_gw,0.5,-0.02651819070862038,-1.0,1.0,descriptive_secondary
B_G,A_G,463,representative,gamma_gw,0.9,-0.009456043234435052,-1.0,1.0,descriptive_secondary
B_G,A_G,463,representative,gamma_gw,0.95,-0.004464401522306649,-1.0,1.0,descriptive_secondary
B_G,A_G,463,representative,log10_Ar,0.05,-0.12855911866442252,-1.0,1.0,descriptive_secondary
B_G,A_G,463,representative,log10_Ar,0.5,-0.4261306393611617,-1.0,1.0,descriptive_secondary
B_G,A_G,463,representative,log10_Ar,0.9,-0.0915158474428368,-1.0,1.0,descriptive_secondary
B_G,A_G,463,representative,log10_Ar,0.95,-0.04853554001549876,-1.0,1.0,descriptive_secondary
B_G,A_G,463,representative,log10_EFAC,0.05,-0.008557844993531627,-1.0,1.0,descriptive_secondary
B_G,A_G,463,representative,log10_EFAC,0.5,0.0020978951940836543,-1.0,1.0,descriptive_secondary
B_G,A_G,463,representative,log10_EFAC,0.9,0.004615575378421943,-1.0,1.0,descriptive_secondary
B_G,A_G,463,representative,log10_EFAC,0.95,0.0034685557156437508,-1.0,1.0,descriptive_secondary
B_G,A_G,479,representative,u,0.05,-0.020102139432633795,-1.0,1.0,descriptive_secondary
B_G,A_G,479,representative,u,0.5,-0.04082080375259556,-1.0,1.0,descriptive_secondary
B_G,A_G,479,representative,u,0.9,-0.007283865489424057,-1.0,1.0,descriptive_secondary
B_G,A_G,479,representative,u,0.95,-0.003652372075367616,-1.0,1.0,inconclusive
B_G,A_G,479,representative,log10_Agw,0.05,-0.10579400512452342,-1.0,1.0,descriptive_secondary
B_G,A_G,479,representative,log10_Agw,0.5,-0.046320694919705696,-1.0,1.0,descriptive_secondary
B_G,A_G,479,representative,log10_Agw,0.9,0.010671384823096264,-1.0,1.0,descriptive_secondary
B_G,A_G,479,representative,log10_Agw,0.95,0.01422030296964627,-1.0,1.0,descriptive_secondary
B_G,A_G,479,representative,gamma_gw,0.05,-0.052841986218336995,-1.0,1.0,descriptive_secondary
B_G,A_G,479,representative,gamma_gw,0.5,0.09828207536265893,-1.0,1.0,descriptive_secondary
B_G,A_G,479,representative,gamma_gw,0.9,0.20740402088666665,-1.0,1.0,descriptive_secondary
B_G,A_G,479,representative,gamma_gw,0.95,0.17585707684380092,-1.0,1.0,descriptive_secondary
B_G,A_G,479,representative,log10_Ar,0.05,-0.0022843631471693576,-1.0,1.0,descriptive_secondary
B_G,A_G,479,representative,log10_Ar,0.5,-0.035162259654292705,-1.0,1.0,descriptive_secondary
B_G,A_G,479,representative,log10_Ar,0.9,-0.02609919382252235,-1.0,1.0,descriptive_secondary
B_G,A_G,479,representative,log10_Ar,0.95,-0.01460065743139538,-1.0,1.0,descriptive_secondary
B_G,A_G,479,representative,log10_EFAC,0.05,-0.038154823841060344,-1.0,1.0,descriptive_secondary
B_G,A_G,479,representative,log10_EFAC,0.5,0.0494103042845494,-1.0,1.0,descriptive_secondary
B_G,A_G,479,representative,log10_EFAC,0.9,0.1646377201434725,-1.0,1.0,descriptive_secondary
B_G,A_G,479,representative,log10_EFAC,0.95,0.2050494796338641,-1.0,1.0,descriptive_secondary
B_G,A_G,489,representative,u,0.05,-0.015214497384981159,-1.0,1.0,descriptive_secondary
B_G,A_G,489,representative,u,0.5,-0.06262156895713755,-1.0,1.0,descriptive_secondary
B_G,A_G,489,representative,u,0.9,-0.018830646140253426,-1.0,1.0,descriptive_secondary
B_G,A_G,489,representative,u,0.95,-0.010464934048776686,-1.0,1.0,inconclusive
B_G,A_G,489,representative,log10_Agw,0.05,-0.10927512581186138,-1.0,1.0,descriptive_secondary
B_G,A_G,489,representative,log10_Agw,0.5,-0.023297367014438963,-1.0,1.0,descriptive_secondary
B_G,A_G,489,representative,log10_Agw,0.9,0.04430428387931995,-1.0,1.0,descriptive_secondary
B_G,A_G,489,representative,log10_Agw,0.95,0.04527381221394755,-1.0,1.0,descriptive_secondary
B_G,A_G,489,representative,gamma_gw,0.05,-0.08860105182712584,-1.0,1.0,descriptive_secondary
B_G,A_G,489,representative,gamma_gw,0.5,0.0958651138417963,-1.0,1.0,descriptive_secondary
B_G,A_G,489,representative,gamma_gw,0.9,0.2501861132903376,-1.0,1.0,descriptive_secondary
B_G,A_G,489,representative,gamma_gw,0.95,0.23415699155105163,-1.0,1.0,descriptive_secondary
B_G,A_G,489,representative,log10_Ar,0.05,0.0031993973334288744,-1.0,1.0,descriptive_secondary
B_G,A_G,489,representative,log10_Ar,0.5,0.023152513209704073,-1.0,1.0,descriptive_secondary
B_G,A_G,489,representative,log10_Ar,0.9,0.03873702191235906,-1.0,1.0,descriptive_secondary
B_G,A_G,489,representative,log10_Ar,0.95,0.03951473119894333,-1.0,1.0,descriptive_secondary
B_G,A_G,489,representative,log10_EFAC,0.05,-0.002037817075767976,-1.0,1.0,descriptive_secondary
B_G,A_G,489,representative,log10_EFAC,0.5,0.03449506874199197,-1.0,1.0,descriptive_secondary
B_G,A_G,489,representative,log10_EFAC,0.9,0.14048960225400461,-1.0,1.0,descriptive_secondary
B_G,A_G,489,representative,log10_EFAC,0.95,0.17854235863387077,-1.0,1.0,descriptive_secondary
C_beta_CN,B_CN,25,representative,u,0.05,0.0018559405820028144,-1.0,1.0,descriptive_secondary
C_beta_CN,B_CN,25,representative,u,0.5,0.002314340737094356,-1.0,1.0,descriptive_secondary
C_beta_CN,B_CN,25,representative,u,0.9,-0.000276228653132371,-1.0,1.0,descriptive_secondary
C_beta_CN,B_CN,25,representative,u,0.95,0.0005999872363174896,-1.0,1.0,inconclusive
C_beta_CN,B_CN,25,representative,log10_Agw,0.05,0.0008709308033014382,-1.0,1.0,descriptive_secondary
C_beta_CN,B_CN,25,representative,log10_Agw,0.5,0.012369856458885775,-1.0,1.0,descriptive_secondary
C_beta_CN,B_CN,25,representative,log10_Agw,0.9,0.012656776269261538,-1.0,1.0,descriptive_secondary
C_beta_CN,B_CN,25,representative,log10_Agw,0.95,0.0117548770723096,-1.0,1.0,descriptive_secondary
C_beta_CN,B_CN,25,representative,gamma_gw,0.05,0.0008387879406307683,-1.0,1.0,descriptive_secondary
C_beta_CN,B_CN,25,representative,gamma_gw,0.5,0.002493862794479107,-1.0,1.0,descriptive_secondary
C_beta_CN,B_CN,25,representative,gamma_gw,0.9,0.0010964473176615641,-1.0,1.0,descriptive_secondary
C_beta_CN,B_CN,25,representative,gamma_gw,0.95,0.00017582302338003952,-1.0,1.0,descriptive_secondary
C_beta_CN,B_CN,25,representative,log10_Ar,0.05,0.0016868796612506329,-1.0,1.0,descriptive_secondary
C_beta_CN,B_CN,25,representative,log10_Ar,0.5,-1.0578626569723859e-05,-1.0,1.0,descriptive_secondary
C_beta_CN,B_CN,25,representative,log10_Ar,0.9,0.0013900170548721835,-1.0,1.0,descriptive_secondary
C_beta_CN,B_CN,25,representative,log10_Ar,0.95,0.0013759632084289208,-1.0,1.0,descriptive_secondary
C_beta_CN,B_CN,25,representative,log10_EFAC,0.05,-0.007576297216086936,-1.0,1.0,descriptive_secondary
C_beta_CN,B_CN,25,representative,log10_EFAC,0.5,-0.0008581594992420616,-1.0,1.0,descriptive_secondary
C_beta_CN,B_CN,25,representative,log10_EFAC,0.9,-0.0002641146816123596,-1.0,1.0,descriptive_secondary
C_beta_CN,B_CN,25,representative,log10_EFAC,0.95,-8.809765013173543e-05,-1.0,1.0,descriptive_secondary
C_beta_CN,B_CN,26,representative,u,0.05,-0.00013685856040512173,-1.0,1.0,descriptive_secondary
C_beta_CN,B_CN,26,representative,u,0.5,-0.0024998623561813815,-1.0,1.0,descriptive_secondary
C_beta_CN,B_CN,26,representative,u,0.9,-0.0012781130944745644,-1.0,1.0,descriptive_secondary
C_beta_CN,B_CN,26,representative,u,0.95,0.00019524409672211362,-1.0,1.0,inconclusive
C_beta_CN,B_CN,26,representative,log10_Agw,0.05,0.0016377382121271766,-1.0,1.0,descriptive_secondary
C_beta_CN,B_CN,26,representative,log10_Agw,0.5,0.008968898475645526,-1.0,1.0,descriptive_secondary
C_beta_CN,B_CN,26,representative,log10_Agw,0.9,0.014084615906311493,-1.0,1.0,descriptive_secondary
C_beta_CN,B_CN,26,representative,log10_Agw,0.95,0.016937986654850024,-1.0,1.0,descriptive_secondary
C_beta_CN,B_CN,26,representative,gamma_gw,0.05,-0.001473037327817242,-1.0,1.0,descriptive_secondary
C_beta_CN,B_CN,26,representative,gamma_gw,0.5,-0.0018978637116544572,-1.0,1.0,descriptive_secondary
C_beta_CN,B_CN,26,representative,gamma_gw,0.9,-0.0027763435482224263,-1.0,1.0,descriptive_secondary
C_beta_CN,B_CN,26,representative,gamma_gw,0.95,-0.0021415461327330965,-1.0,1.0,descriptive_secondary
C_beta_CN,B_CN,26,representative,log10_Ar,0.05,0.000829123988865331,-1.0,1.0,descriptive_secondary
C_beta_CN,B_CN,26,representative,log10_Ar,0.5,0.0022311740232638377,-1.0,1.0,descriptive_secondary
C_beta_CN,B_CN,26,representative,log10_Ar,0.9,0.00010218033394238102,-1.0,1.0,descriptive_secondary
C_beta_CN,B_CN,26,representative,log10_Ar,0.95,-0.000612470147642985,-1.0,1.0,descriptive_secondary
C_beta_CN,B_CN,26,representative,log10_EFAC,0.05,0.00019317953086562395,-1.0,1.0,descriptive_secondary
C_beta_CN,B_CN,26,representative,log10_EFAC,0.5,-0.00024411258269038671,-1.0,1.0,descriptive_secondary
C_beta_CN,B_CN,26,representative,log10_EFAC,0.9,-0.0006796199579677253,-1.0,1.0,descriptive_secondary
C_beta_CN,B_CN,26,representative,log10_EFAC,0.95,-0.00042074295653649063,-1.0,1.0,descriptive_secondary
C_beta_CN,B_CN,30,stress,u,0.05,-0.0028806315607518146,-1.0,1.0,descriptive_secondary
C_beta_CN,B_CN,30,stress,u,0.5,-0.030887892995289434,-1.0,1.0,descriptive_secondary
C_beta_CN,B_CN,30,stress,u,0.9,-0.028982618782104397,-1.0,1.0,descriptive_secondary
C_beta_CN,B_CN,30,stress,u,0.95,-0.01972923248443592,-1.0,1.0,inconclusive
C_beta_CN,B_CN,30,stress,log10_Agw,0.05,-0.0028297992983759013,-1.0,1.0,descriptive_secondary
C_beta_CN,B_CN,30,stress,log10_Agw,0.5,-0.00426952712071238,-1.0,1.0,descriptive_secondary
C_beta_CN,B_CN,30,stress,log10_Agw,0.9,-0.0015368826499781996,-1.0,1.0,descriptive_secondary
C_beta_CN,B_CN,30,stress,log10_Agw,0.95,-0.0012206244273723632,-1.0,1.0,descriptive_secondary
C_beta_CN,B_CN,30,stress,gamma_gw,0.05,0.014710034067287242,-1.0,1.0,descriptive_secondary
C_beta_CN,B_CN,30,stress,gamma_gw,0.5,0.016573298567779116,-1.0,1.0,descriptive_secondary
C_beta_CN,B_CN,30,stress,gamma_gw,0.9,0.0071140928075019705,-1.0,1.0,descriptive_secondary
C_beta_CN,B_CN,30,stress,gamma_gw,0.95,0.004209998233362322,-1.0,1.0,descriptive_secondary
C_beta_CN,B_CN,30,stress,log10_Ar,0.05,0.0010423995909009942,-1.0,1.0,descriptive_secondary
C_beta_CN,B_CN,30,stress,log10_Ar,0.5,0.000948336760966062,-1.0,1.0,descriptive_secondary
C_beta_CN,B_CN,30,stress,log10_Ar,0.9,0.0008720235874456472,-1.0,1.0,descriptive_secondary
C_beta_CN,B_CN,30,stress,log10_Ar,0.95,0.00021674890070211283,-1.0,1.0,descriptive_secondary
C_beta_CN,B_CN,30,stress,log10_EFAC,0.05,0.002073500199962351,-1.0,1.0,descriptive_secondary
C_beta_CN,B_CN,30,stress,log10_EFAC,0.5,0.00393002058171521,-1.0,1.0,descriptive_secondary
C_beta_CN,B_CN,30,stress,log10_EFAC,0.9,0.0024365335142602085,-1.0,1.0,descriptive_secondary
C_beta_CN,B_CN,30,stress,log10_EFAC,0.95,0.0017732840257180804,-1.0,1.0,descriptive_secondary
C_beta_CN,B_CN,44,representative,u,0.05,0.0006440960048420402,-0.9549187856081937,0.061081214391806395,descriptive_secondary
C_beta_CN,B_CN,44,representative,u,0.5,0.0002609983274219907,-0.4926132340999455,0.5273867659000545,descriptive_secondary
C_beta_CN,B_CN,44,representative,u,0.9,-0.0003291677887499178,-0.10508967846970785,0.9189103215302922,descriptive_secondary
C_beta_CN,B_CN,44,representative,u,0.95,0.00041214551174106884,-0.05238367110280251,0.9596163288971975,inconclusive
C_beta_CN,B_CN,44,representative,log10_Agw,0.05,0.0005714121436457345,-0.969121645519571,0.042878354480428926,descriptive_secondary
C_beta_CN,B_CN,44,representative,log10_Agw,0.5,0.00616097563251361,-0.6517109433744324,0.36828905662556766,descriptive_secondary
C_beta_CN,B_CN,44,representative,log10_Agw,0.9,0.00903442125218712,-0.32789422255506095,0.6881057774449391,descriptive_secondary
C_beta_CN,B_CN,44,representative,log10_Agw,0.95,0.010238764654096566,-0.26022810631788307,0.763771893682117,descriptive_secondary
C_beta_CN,B_CN,44,representative,gamma_gw,0.05,-0.0010955667348958725,-0.9629786492525219,0.045021350747478164,descriptive_secondary
C_beta_CN,B_CN,44,representative,gamma_gw,0.5,-0.0026660975252270624,-0.5727710117880123,0.4512289882119877,descriptive_secondary
C_beta_CN,B_CN,44,representative,gamma_gw,0.9,-0.0019570506711902302,-0.14254132082485005,0.88145867917515,descriptive_secondary
C_beta_CN,B_CN,44,representative,gamma_gw,0.95,-0.0020799673338657287,-0.08026035877475479,0.9437396412252452,descriptive_secondary
C_beta_CN,B_CN,44,representative,log10_Ar,0.05,-0.0005893691069133039,-0.9562974903249828,0.05570250967501721,descriptive_secondary
C_beta_CN,B_CN,44,representative,log10_Ar,0.5,-0.0002240055897118065,-0.5334119827982735,0.49058801720172657,descriptive_secondary
C_beta_CN,B_CN,44,representative,log10_Ar,0.9,-0.0011634946791371226,-0.14042733810269659,0.8755726618973034,descriptive_secondary
C_beta_CN,B_CN,44,representative,log10_Ar,0.95,-0.00047180400343704854,-0.08491338088531142,0.9310866191146886,descriptive_secondary
C_beta_CN,B_CN,44,representative,log10_EFAC,0.05,0.00045668612373739315,-0.2681075296403085,0.7378924703596915,descriptive_secondary
C_beta_CN,B_CN,44,representative,log10_EFAC,0.5,0.0005124596884255039,-0.1799787126351976,0.8230212873648024,descriptive_secondary
C_beta_CN,B_CN,44,representative,log10_EFAC,0.9,9.197707207264649e-05,-0.10863788119678641,0.8973621188032136,descriptive_secondary
C_beta_CN,B_CN,44,representative,log10_EFAC,0.95,0.0007075815217494341,-0.08820702935878566,0.9197929706412143,descriptive_secondary
C_beta_CN,B_CN,48,representative,u,0.05,0.0016938327248621973,-1.0,1.0,descriptive_secondary
C_beta_CN,B_CN,48,representative,u,0.5,0.0055425665204129615,-1.0,1.0,descriptive_secondary
C_beta_CN,B_CN,48,representative,u,0.9,0.0009875188632306742,-1.0,1.0,descriptive_secondary
C_beta_CN,B_CN,48,representative,u,0.95,0.0011543861292294677,-1.0,1.0,inconclusive
C_beta_CN,B_CN,48,representative,log10_Agw,0.05,0.0006233996881603344,-1.0,1.0,descriptive_secondary
C_beta_CN,B_CN,48,representative,log10_Agw,0.5,0.005550421440511238,-1.0,1.0,descriptive_secondary
C_beta_CN,B_CN,48,representative,log10_Agw,0.9,0.010470903584935298,-1.0,1.0,descriptive_secondary
C_beta_CN,B_CN,48,representative,log10_Agw,0.95,0.012374964300843172,-1.0,1.0,descriptive_secondary
C_beta_CN,B_CN,48,representative,gamma_gw,0.05,7.932418263415647e-05,-1.0,1.0,descriptive_secondary
C_beta_CN,B_CN,48,representative,gamma_gw,0.5,-0.0019573501389905656,-1.0,1.0,descriptive_secondary
C_beta_CN,B_CN,48,representative,gamma_gw,0.9,-0.0013733578783760025,-1.0,1.0,descriptive_secondary
C_beta_CN,B_CN,48,representative,gamma_gw,0.95,-0.000651994317724891,-1.0,1.0,descriptive_secondary
C_beta_CN,B_CN,48,representative,log10_Ar,0.05,0.000259824140047861,-1.0,1.0,descriptive_secondary
C_beta_CN,B_CN,48,representative,log10_Ar,0.5,0.00014230330970088634,-1.0,1.0,descriptive_secondary
C_beta_CN,B_CN,48,representative,log10_Ar,0.9,9.181749038200682e-05,-1.0,1.0,descriptive_secondary
C_beta_CN,B_CN,48,representative,log10_Ar,0.95,-0.0006760071556071168,-1.0,1.0,descriptive_secondary
C_beta_CN,B_CN,48,representative,log10_EFAC,0.05,0.00014376809022648325,-1.0,1.0,descriptive_secondary
C_beta_CN,B_CN,48,representative,log10_EFAC,0.5,0.00042465033703043,-1.0,1.0,descriptive_secondary
C_beta_CN,B_CN,48,representative,log10_EFAC,0.9,-0.00034665962421404073,-1.0,1.0,descriptive_secondary
C_beta_CN,B_CN,48,representative,log10_EFAC,0.95,-0.0005060796016446989,-1.0,1.0,descriptive_secondary
C_beta_CN,B_CN,102,representative,u,0.05,0.0015969271953013078,-1.0,1.0,descriptive_secondary
C_beta_CN,B_CN,102,representative,u,0.5,0.002047070664468409,-1.0,1.0,descriptive_secondary
C_beta_CN,B_CN,102,representative,u,0.9,0.0009842681671748954,-1.0,1.0,descriptive_secondary
C_beta_CN,B_CN,102,representative,u,0.95,0.0002849708307393062,-1.0,1.0,inconclusive
C_beta_CN,B_CN,102,representative,log10_Agw,0.05,0.0011840180599682337,-1.0,1.0,descriptive_secondary
C_beta_CN,B_CN,102,representative,log10_Agw,0.5,0.0042650261475012385,-1.0,1.0,descriptive_secondary
C_beta_CN,B_CN,102,representative,log10_Agw,0.9,0.01060726723915173,-1.0,1.0,descriptive_secondary
C_beta_CN,B_CN,102,representative,log10_Agw,0.95,0.012627969520288551,-1.0,1.0,descriptive_secondary
C_beta_CN,B_CN,102,representative,gamma_gw,0.05,0.0003663239361291967,-1.0,1.0,descriptive_secondary
C_beta_CN,B_CN,102,representative,gamma_gw,0.5,-0.0009738721897717406,-1.0,1.0,descriptive_secondary
C_beta_CN,B_CN,102,representative,gamma_gw,0.9,-0.0018796478707745479,-1.0,1.0,descriptive_secondary
C_beta_CN,B_CN,102,representative,gamma_gw,0.95,-0.001113003199818996,-1.0,1.0,descriptive_secondary
C_beta_CN,B_CN,102,representative,log10_Ar,0.05,-0.00046586858281773974,-1.0,1.0,descriptive_secondary
C_beta_CN,B_CN,102,representative,log10_Ar,0.5,0.00030896644709144105,-1.0,1.0,descriptive_secondary
C_beta_CN,B_CN,102,representative,log10_Ar,0.9,0.00021326551606959399,-1.0,1.0,descriptive_secondary
C_beta_CN,B_CN,102,representative,log10_Ar,0.95,-0.00032510311122746494,-1.0,1.0,descriptive_secondary
C_beta_CN,B_CN,102,representative,log10_EFAC,0.05,0.0013769028581098741,-1.0,1.0,descriptive_secondary
C_beta_CN,B_CN,102,representative,log10_EFAC,0.5,0.0007898883210155638,-1.0,1.0,descriptive_secondary
C_beta_CN,B_CN,102,representative,log10_EFAC,0.9,-2.0641098772866684e-05,-1.0,1.0,descriptive_secondary
C_beta_CN,B_CN,102,representative,log10_EFAC,0.95,0.0001652456879698283,-1.0,1.0,descriptive_secondary
C_beta_CN,B_CN,138,stress,u,0.05,-0.0013313706366083894,-0.9576831975725377,0.05831680242746225,descriptive_secondary
C_beta_CN,B_CN,138,stress,u,0.5,-0.014280286769541573,-0.522658091970428,0.513341908029572,descriptive_secondary
C_beta_CN,B_CN,138,stress,u,0.9,-0.005685835445669696,-0.11569078784570996,0.9083092121542901,descriptive_secondary
C_beta_CN,B_CN,138,stress,u,0.95,-0.0021256113673377985,-0.06099230750329754,0.9550076924967025,inconclusive
C_beta_CN,B_CN,138,stress,log10_Agw,0.05,0.0003136271766850385,-0.28807670340730673,0.7279232965926933,descriptive_secondary
C_beta_CN,B_CN,138,stress,log10_Agw,0.5,0.0008534449452469728,-0.12727095965982482,0.8807290403401752,descriptive_secondary
C_beta_CN,B_CN,138,stress,log10_Agw,0.9,0.0004461573209788572,-0.026021407643800454,0.9779785923561995,descriptive_secondary
C_beta_CN,B_CN,138,stress,log10_Agw,0.95,0.00046066080275497523,-0.014128158958568782,0.9898718410414312,descriptive_secondary
C_beta_CN,B_CN,138,stress,gamma_gw,0.05,0.01914784707537029,-0.8002988519450223,0.2237011480549777,descriptive_secondary
C_beta_CN,B_CN,138,stress,gamma_gw,0.5,0.010175418771006028,-0.3899735802967903,0.6420264197032097,descriptive_secondary
C_beta_CN,B_CN,138,stress,gamma_gw,0.9,0.004638072421029538,-0.08427267824822804,0.931727321751772,descriptive_secondary
C_beta_CN,B_CN,138,stress,gamma_gw,0.95,0.0036772745712880806,-0.04265104171060641,0.9693489582893936,descriptive_secondary
C_beta_CN,B_CN,138,stress,log10_Ar,0.05,0.0004778233421226727,-0.9562534367649698,0.05974656323503025,descriptive_secondary
C_beta_CN,B_CN,138,stress,log10_Ar,0.5,0.00023770399917921736,-0.5049653924057481,0.5290346075942519,descriptive_secondary
C_beta_CN,B_CN,138,stress,log10_Ar,0.9,9.027738416389486e-05,-0.08768432755350042,0.9283156724464996,descriptive_secondary
C_beta_CN,B_CN,138,stress,log10_Ar,0.95,0.0009086285998201049,-0.04563606342992088,0.9703639365700791,descriptive_secondary
C_beta_CN,B_CN,138,stress,log10_EFAC,0.05,0.008554222538975143,-0.6204390698230402,0.44356093017695986,descriptive_secondary
C_beta_CN,B_CN,138,stress,log10_EFAC,0.5,0.0036470622407364095,-0.2114308707005904,0.7965691292994096,descriptive_secondary
C_beta_CN,B_CN,138,stress,log10_EFAC,0.9,0.001339265064381756,-0.06437162453450496,0.943628375465495,descriptive_secondary
C_beta_CN,B_CN,138,stress,log10_EFAC,0.95,0.0004903388844952339,-0.041906702150274144,0.9700932978497259,descriptive_secondary
C_beta_CN,B_CN,142,representative,u,0.05,-0.0006947120023052047,-0.9633223216275413,0.0606776783724587,descriptive_secondary
C_beta_CN,B_CN,142,representative,u,0.5,0.0008005897980094545,-0.502801572773707,0.5291984272262931,descriptive_secondary
C_beta_CN,B_CN,142,representative,u,0.9,0.000531677865852398,-0.10302459416605114,0.9129754058339489,descriptive_secondary
C_beta_CN,B_CN,142,representative,u,0.95,-0.0003213092942311313,-0.05499654810562804,0.957003451894372,inconclusive
C_beta_CN,B_CN,142,representative,log10_Agw,0.05,0.0008298094480156601,-0.9739753890966786,0.042024610903321394,descriptive_secondary
C_beta_CN,B_CN,142,representative,log10_Agw,0.5,0.002845255250144063,-0.6840331804900939,0.3319668195099061,descriptive_secondary
C_beta_CN,B_CN,142,representative,log10_Agw,0.9,0.006896957134787107,-0.4064460378809377,0.6175539621190623,descriptive_secondary
C_beta_CN,B_CN,142,representative,log10_Agw,0.95,0.010163825486975697,-0.34249857671037764,0.6815014232896224,descriptive_secondary
C_beta_CN,B_CN,142,representative,gamma_gw,0.05,5.188228723876365e-05,-0.9638265761317122,0.04817342386828786,descriptive_secondary
C_beta_CN,B_CN,142,representative,gamma_gw,0.5,-0.0018309219953069333,-0.5786538344911747,0.4453461655088253,descriptive_secondary
C_beta_CN,B_CN,142,representative,gamma_gw,0.9,0.0003355182110151844,-0.1397436527514132,0.8762563472485868,descriptive_secondary
C_beta_CN,B_CN,142,representative,gamma_gw,0.95,-0.000343502826101183,-0.07464302266722533,0.9413569773327747,descriptive_secondary
C_beta_CN,B_CN,142,representative,log10_Ar,0.05,0.0008719902201682617,-0.950923749993927,0.065076250006073,descriptive_secondary
C_beta_CN,B_CN,142,representative,log10_Ar,0.5,0.001992842545680218,-0.45669474403849675,0.5753052559615033,descriptive_secondary
C_beta_CN,B_CN,142,representative,log10_Ar,0.9,0.0005966989489718522,-0.12109431668518855,0.8909056833148115,descriptive_secondary
C_beta_CN,B_CN,142,representative,log10_Ar,0.95,0.0007686475319043096,-0.08788572351515866,0.9241142764848413,descriptive_secondary
C_beta_CN,B_CN,142,representative,log10_EFAC,0.05,0.0005178109042603407,-0.88492773514483,0.13907226485517,descriptive_secondary
C_beta_CN,B_CN,142,representative,log10_EFAC,0.5,0.0010491299519637676,-0.6964292225988755,0.3075707774011245,descriptive_secondary
C_beta_CN,B_CN,142,representative,log10_EFAC,0.9,0.0005146300422443351,-0.6146320535728084,0.39336794642719164,descriptive_secondary
C_beta_CN,B_CN,142,representative,log10_EFAC,0.95,0.0005247221758350462,-0.5899949076996436,0.4180050923003564,descriptive_secondary
C_beta_CN,B_CN,157,representative,u,0.05,-0.00043570278264169066,-1.0,1.0,descriptive_secondary
C_beta_CN,B_CN,157,representative,u,0.5,0.0017628116382103487,-1.0,1.0,descriptive_secondary
C_beta_CN,B_CN,157,representative,u,0.9,-0.0006815913185386213,-1.0,1.0,descriptive_secondary
C_beta_CN,B_CN,157,representative,u,0.95,-0.0005763394599663796,-1.0,1.0,inconclusive
C_beta_CN,B_CN,157,representative,log10_Agw,0.05,0.005879761278737183,-1.0,1.0,descriptive_secondary
C_beta_CN,B_CN,157,representative,log10_Agw,0.5,0.00979415876033718,-1.0,1.0,descriptive_secondary
C_beta_CN,B_CN,157,representative,log10_Agw,0.9,0.01705904007426773,-1.0,1.0,descriptive_secondary
C_beta_CN,B_CN,157,representative,log10_Agw,0.95,0.01965319679130395,-1.0,1.0,descriptive_secondary
C_beta_CN,B_CN,157,representative,gamma_gw,0.05,-0.0015418282171818579,-1.0,1.0,descriptive_secondary
C_beta_CN,B_CN,157,representative,gamma_gw,0.5,-0.009396052532687826,-1.0,1.0,descriptive_secondary
C_beta_CN,B_CN,157,representative,gamma_gw,0.9,-0.0053375006645395295,-1.0,1.0,descriptive_secondary
C_beta_CN,B_CN,157,representative,gamma_gw,0.95,-0.0026586863007970196,-1.0,1.0,descriptive_secondary
C_beta_CN,B_CN,157,representative,log10_Ar,0.05,-0.0016948313894191505,-1.0,1.0,descriptive_secondary
C_beta_CN,B_CN,157,representative,log10_Ar,0.5,0.0032081443199106774,-1.0,1.0,descriptive_secondary
C_beta_CN,B_CN,157,representative,log10_Ar,0.9,-0.00018976432178130498,-1.0,1.0,descriptive_secondary
C_beta_CN,B_CN,157,representative,log10_Ar,0.95,0.00026362755291142737,-1.0,1.0,descriptive_secondary
C_beta_CN,B_CN,157,representative,log10_EFAC,0.05,0.0001577989354581439,-1.0,1.0,descriptive_secondary
C_beta_CN,B_CN,157,representative,log10_EFAC,0.5,0.0011682322285666152,-1.0,1.0,descriptive_secondary
C_beta_CN,B_CN,157,representative,log10_EFAC,0.9,-8.680312981584892e-05,-1.0,1.0,descriptive_secondary
C_beta_CN,B_CN,157,representative,log10_EFAC,0.95,0.00030958053819629683,-1.0,1.0,descriptive_secondary
C_beta_CN,B_CN,184,stress,u,0.05,0.0010618820328327436,-1.0,1.0,descriptive_secondary
C_beta_CN,B_CN,184,stress,u,0.5,0.005001953546616256,-1.0,1.0,descriptive_secondary
C_beta_CN,B_CN,184,stress,u,0.9,0.0009561826972582788,-1.0,1.0,descriptive_secondary
C_beta_CN,B_CN,184,stress,u,0.95,0.0009824741229333966,-1.0,1.0,inconclusive
C_beta_CN,B_CN,184,stress,log10_Agw,0.05,0.00011631044368455579,-1.0,1.0,descriptive_secondary
C_beta_CN,B_CN,184,stress,log10_Agw,0.5,0.004213121336571868,-1.0,1.0,descriptive_secondary
C_beta_CN,B_CN,184,stress,log10_Agw,0.9,0.011080946287190696,-1.0,1.0,descriptive_secondary
C_beta_CN,B_CN,184,stress,log10_Agw,0.95,0.013316424833523577,-1.0,1.0,descriptive_secondary
C_beta_CN,B_CN,184,stress,gamma_gw,0.05,-0.0010049428105703626,-1.0,1.0,descriptive_secondary
C_beta_CN,B_CN,184,stress,gamma_gw,0.5,-0.0014211176979957996,-1.0,1.0,descriptive_secondary
C_beta_CN,B_CN,184,stress,gamma_gw,0.9,0.0006058078184159044,-1.0,1.0,descriptive_secondary
C_beta_CN,B_CN,184,stress,gamma_gw,0.95,7.624103989978259e-05,-1.0,1.0,descriptive_secondary
C_beta_CN,B_CN,184,stress,log10_Ar,0.05,0.0001821277191503129,-1.0,1.0,descriptive_secondary
C_beta_CN,B_CN,184,stress,log10_Ar,0.5,0.0013814473765536017,-1.0,1.0,descriptive_secondary
C_beta_CN,B_CN,184,stress,log10_Ar,0.9,0.0020002055554249054,-1.0,1.0,descriptive_secondary
C_beta_CN,B_CN,184,stress,log10_Ar,0.95,0.0015566529721899869,-1.0,1.0,descriptive_secondary
C_beta_CN,B_CN,184,stress,log10_EFAC,0.05,-0.0007086680495412279,-1.0,1.0,descriptive_secondary
C_beta_CN,B_CN,184,stress,log10_EFAC,0.5,0.00019072158005850604,-1.0,1.0,descriptive_secondary
C_beta_CN,B_CN,184,stress,log10_EFAC,0.9,0.0002672766937755755,-1.0,1.0,descriptive_secondary
C_beta_CN,B_CN,184,stress,log10_EFAC,0.95,5.4061986959008657e-05,-1.0,1.0,descriptive_secondary
C_beta_CN,B_CN,189,representative,u,0.05,0.0004510342417748045,-1.0,1.0,descriptive_secondary
C_beta_CN,B_CN,189,representative,u,0.5,0.003450297043025796,-1.0,1.0,descriptive_secondary
C_beta_CN,B_CN,189,representative,u,0.9,0.002760639414669641,-1.0,1.0,descriptive_secondary
C_beta_CN,B_CN,189,representative,u,0.95,0.0016008674556835523,-1.0,1.0,inconclusive
C_beta_CN,B_CN,189,representative,log10_Agw,0.05,0.00044883677789146065,-1.0,1.0,descriptive_secondary
C_beta_CN,B_CN,189,representative,log10_Agw,0.5,0.0027276370352783963,-1.0,1.0,descriptive_secondary
C_beta_CN,B_CN,189,representative,log10_Agw,0.9,0.010647459394948044,-1.0,1.0,descriptive_secondary
C_beta_CN,B_CN,189,representative,log10_Agw,0.95,0.012724736908111156,-1.0,1.0,descriptive_secondary
C_beta_CN,B_CN,189,representative,gamma_gw,0.05,-0.0005577449401341916,-1.0,1.0,descriptive_secondary
C_beta_CN,B_CN,189,representative,gamma_gw,0.5,-0.0022513480585492074,-1.0,1.0,descriptive_secondary
C_beta_CN,B_CN,189,representative,gamma_gw,0.9,-0.00022930521498110146,-1.0,1.0,descriptive_secondary
C_beta_CN,B_CN,189,representative,gamma_gw,0.95,0.00012859940580223217,-1.0,1.0,descriptive_secondary
C_beta_CN,B_CN,189,representative,log10_Ar,0.05,0.001438698038324089,-1.0,1.0,descriptive_secondary
C_beta_CN,B_CN,189,representative,log10_Ar,0.5,0.004780638187746544,-1.0,1.0,descriptive_secondary
C_beta_CN,B_CN,189,representative,log10_Ar,0.9,-0.0002208507967302875,-1.0,1.0,descriptive_secondary
C_beta_CN,B_CN,189,representative,log10_Ar,0.95,-0.00018751659244997665,-1.0,1.0,descriptive_secondary
C_beta_CN,B_CN,189,representative,log10_EFAC,0.05,0.00033931577264172987,-1.0,1.0,descriptive_secondary
C_beta_CN,B_CN,189,representative,log10_EFAC,0.5,0.0010136341593002668,-1.0,1.0,descriptive_secondary
C_beta_CN,B_CN,189,representative,log10_EFAC,0.9,0.0008066832567962257,-1.0,1.0,descriptive_secondary
C_beta_CN,B_CN,189,representative,log10_EFAC,0.95,0.00044255253640490544,-1.0,1.0,descriptive_secondary
C_beta_CN,B_CN,191,representative,u,0.05,0.0008153081972137668,-1.0,1.0,descriptive_secondary
C_beta_CN,B_CN,191,representative,u,0.5,0.0037774826962081454,-1.0,1.0,descriptive_secondary
C_beta_CN,B_CN,191,representative,u,0.9,0.0017184683736670703,-1.0,1.0,descriptive_secondary
C_beta_CN,B_CN,191,representative,u,0.95,0.0011615779619671418,-1.0,1.0,inconclusive
C_beta_CN,B_CN,191,representative,log10_Agw,0.05,0.0002582116145397953,-1.0,1.0,descriptive_secondary
C_beta_CN,B_CN,191,representative,log10_Agw,0.5,0.006847564494423253,-1.0,1.0,descriptive_secondary
C_beta_CN,B_CN,191,representative,log10_Agw,0.9,0.013693781807015415,-1.0,1.0,descriptive_secondary
C_beta_CN,B_CN,191,representative,log10_Agw,0.95,0.014493526603687745,-1.0,1.0,descriptive_secondary
C_beta_CN,B_CN,191,representative,gamma_gw,0.05,-0.00016733070071293238,-1.0,1.0,descriptive_secondary
C_beta_CN,B_CN,191,representative,gamma_gw,0.5,-0.0017887169756135024,-1.0,1.0,descriptive_secondary
C_beta_CN,B_CN,191,representative,gamma_gw,0.9,0.0001612246384189442,-1.0,1.0,descriptive_secondary
C_beta_CN,B_CN,191,representative,gamma_gw,0.95,-0.00043709804507297,-1.0,1.0,descriptive_secondary
C_beta_CN,B_CN,191,representative,log10_Ar,0.05,0.0007281081898787845,-1.0,1.0,descriptive_secondary
C_beta_CN,B_CN,191,representative,log10_Ar,0.5,-0.0006923905545302422,-1.0,1.0,descriptive_secondary
C_beta_CN,B_CN,191,representative,log10_Ar,0.9,-1.73433408242607e-05,-1.0,1.0,descriptive_secondary
C_beta_CN,B_CN,191,representative,log10_Ar,0.95,-0.00018016806534382201,-1.0,1.0,descriptive_secondary
C_beta_CN,B_CN,191,representative,log10_EFAC,0.05,0.0005591978041876722,-1.0,1.0,descriptive_secondary
C_beta_CN,B_CN,191,representative,log10_EFAC,0.5,0.0002993074605424084,-1.0,1.0,descriptive_secondary
C_beta_CN,B_CN,191,representative,log10_EFAC,0.9,0.00011167089482344572,-1.0,1.0,descriptive_secondary
C_beta_CN,B_CN,191,representative,log10_EFAC,0.95,0.00023232511788451315,-1.0,1.0,descriptive_secondary
C_beta_CN,B_CN,197,representative,u,0.05,0.0021179872905058017,-0.9527169409451546,0.06328305905484545,descriptive_secondary
C_beta_CN,B_CN,197,representative,u,0.5,0.005695165864439744,-0.48484872890130937,0.5471512710986907,descriptive_secondary
C_beta_CN,B_CN,197,representative,u,0.9,0.0015300269126196087,-0.0989711947748032,0.9170288052251968,descriptive_secondary
C_beta_CN,B_CN,197,representative,u,0.95,0.001209497903381096,-0.04948797489839396,0.962512025101606,inconclusive
C_beta_CN,B_CN,197,representative,log10_Agw,0.05,0.0002727636607805853,-0.9838174738925637,0.022182526107436262,descriptive_secondary
C_beta_CN,B_CN,197,representative,log10_Agw,0.5,0.003901424309018492,-0.8119112800995083,0.20008871990049173,descriptive_secondary
C_beta_CN,B_CN,197,representative,log10_Agw,0.9,0.010409237391733384,-0.5843102259687893,0.4316897740312106,descriptive_secondary
C_beta_CN,B_CN,197,representative,log10_Agw,0.95,0.012510608515537813,-0.524899669578917,0.491100330421083,descriptive_secondary
C_beta_CN,B_CN,197,representative,gamma_gw,0.05,-0.00045884062874421844,-0.9691142603370817,0.038885739662918306,descriptive_secondary
C_beta_CN,B_CN,197,representative,gamma_gw,0.5,-0.00010717507880098065,-0.6163373732439258,0.3996626267560742,descriptive_secondary
C_beta_CN,B_CN,197,representative,gamma_gw,0.9,-0.0017145677834167206,-0.17648282240190571,0.8475171775980943,descriptive_secondary
C_beta_CN,B_CN,197,representative,gamma_gw,0.95,-0.0004635702646512696,-0.10240692267145701,0.921593077328543,descriptive_secondary
C_beta_CN,B_CN,197,representative,log10_Ar,0.05,6.384357022436171e-05,-0.9700414962610698,0.037958503738930185,descriptive_secondary
C_beta_CN,B_CN,197,representative,log10_Ar,0.5,-0.0002897059234131527,-0.6725936145063527,0.3434063854936474,descriptive_secondary
C_beta_CN,B_CN,197,representative,log10_Ar,0.9,-0.0007902594210601466,-0.37951142648727965,0.6364885735127204,descriptive_secondary
C_beta_CN,B_CN,197,representative,log10_Ar,0.95,-0.00040503384914392093,-0.3280765675158003,0.6879234324841997,descriptive_secondary
C_beta_CN,B_CN,197,representative,log10_EFAC,0.05,-2.540947050560919e-05,-0.998776132073264,0.0022238679267359805,descriptive_secondary
C_beta_CN,B_CN,197,representative,log10_EFAC,0.5,-4.6870913717196594e-05,-0.9798279258739365,0.022672074126063497,descriptive_secondary
C_beta_CN,B_CN,197,representative,log10_EFAC,0.9,0.0002336548324010923,-0.9347676900151436,0.06923230998485645,descriptive_secondary
C_beta_CN,B_CN,197,representative,log10_EFAC,0.95,0.00017313358801576695,-0.9226883117280644,0.08931168827193563,descriptive_secondary
C_beta_CN,B_CN,249,representative,u,0.05,0.001626651233829761,-1.0,1.0,descriptive_secondary
C_beta_CN,B_CN,249,representative,u,0.5,0.0029489173319997564,-1.0,1.0,descriptive_secondary
C_beta_CN,B_CN,249,representative,u,0.9,0.0007150354972784712,-1.0,1.0,descriptive_secondary
C_beta_CN,B_CN,249,representative,u,0.95,0.0007101140234700987,-1.0,1.0,inconclusive
C_beta_CN,B_CN,249,representative,log10_Agw,0.05,0.0009490219280140072,-1.0,1.0,descriptive_secondary
C_beta_CN,B_CN,249,representative,log10_Agw,0.5,0.0044115542517431106,-1.0,1.0,descriptive_secondary
C_beta_CN,B_CN,249,representative,log10_Agw,0.9,0.012711131186186941,-1.0,1.0,descriptive_secondary
C_beta_CN,B_CN,249,representative,log10_Agw,0.95,0.013355744421721494,-1.0,1.0,descriptive_secondary
C_beta_CN,B_CN,249,representative,gamma_gw,0.05,-0.0009009646992284986,-1.0,1.0,descriptive_secondary
C_beta_CN,B_CN,249,representative,gamma_gw,0.5,7.504756963844228e-05,-1.0,1.0,descriptive_secondary
C_beta_CN,B_CN,249,representative,gamma_gw,0.9,-0.0004037544458267428,-1.0,1.0,descriptive_secondary
C_beta_CN,B_CN,249,representative,gamma_gw,0.95,0.00014362689790958783,-1.0,1.0,descriptive_secondary
C_beta_CN,B_CN,249,representative,log10_Ar,0.05,9.953743770805407e-05,-1.0,1.0,descriptive_secondary
C_beta_CN,B_CN,249,representative,log10_Ar,0.5,-0.0004335545078780756,-1.0,1.0,descriptive_secondary
C_beta_CN,B_CN,249,representative,log10_Ar,0.9,-0.0003376791017457581,-1.0,1.0,descriptive_secondary
C_beta_CN,B_CN,249,representative,log10_Ar,0.95,-0.0014832690456276776,-1.0,1.0,descriptive_secondary
C_beta_CN,B_CN,249,representative,log10_EFAC,0.05,0.0005939728475000752,-1.0,1.0,descriptive_secondary
C_beta_CN,B_CN,249,representative,log10_EFAC,0.5,0.0009124919072661247,-1.0,1.0,descriptive_secondary
C_beta_CN,B_CN,249,representative,log10_EFAC,0.9,0.0006330814950482322,-1.0,1.0,descriptive_secondary
C_beta_CN,B_CN,249,representative,log10_EFAC,0.95,0.0005530355252783004,-1.0,1.0,descriptive_secondary
C_beta_CN,B_CN,272,representative,u,0.05,0.0012470416869162157,-1.0,1.0,descriptive_secondary
C_beta_CN,B_CN,272,representative,u,0.5,0.0017216779004356475,-1.0,1.0,descriptive_secondary
C_beta_CN,B_CN,272,representative,u,0.9,0.0018359177518346703,-1.0,1.0,descriptive_secondary
C_beta_CN,B_CN,272,representative,u,0.95,0.0011216424140731984,-1.0,1.0,inconclusive
C_beta_CN,B_CN,272,representative,log10_Agw,0.05,0.0004924177520645931,-1.0,1.0,descriptive_secondary
C_beta_CN,B_CN,272,representative,log10_Agw,0.5,0.004829480865522817,-1.0,1.0,descriptive_secondary
C_beta_CN,B_CN,272,representative,log10_Agw,0.9,0.007974937027151019,-1.0,1.0,descriptive_secondary
C_beta_CN,B_CN,272,representative,log10_Agw,0.95,0.010272332343252533,-1.0,1.0,descriptive_secondary
C_beta_CN,B_CN,272,representative,gamma_gw,0.05,0.0003739547386825068,-1.0,1.0,descriptive_secondary
C_beta_CN,B_CN,272,representative,gamma_gw,0.5,-0.0018513444953853209,-1.0,1.0,descriptive_secondary
C_beta_CN,B_CN,272,representative,gamma_gw,0.9,-0.00180636092111508,-1.0,1.0,descriptive_secondary
C_beta_CN,B_CN,272,representative,gamma_gw,0.95,-0.0017348863253818791,-1.0,1.0,descriptive_secondary
C_beta_CN,B_CN,272,representative,log10_Ar,0.05,0.00034072634020285153,-1.0,1.0,descriptive_secondary
C_beta_CN,B_CN,272,representative,log10_Ar,0.5,-0.0002501312788166232,-1.0,1.0,descriptive_secondary
C_beta_CN,B_CN,272,representative,log10_Ar,0.9,-2.3089919561680716e-05,-1.0,1.0,descriptive_secondary
C_beta_CN,B_CN,272,representative,log10_Ar,0.95,-0.0001788963670477095,-1.0,1.0,descriptive_secondary
C_beta_CN,B_CN,272,representative,log10_EFAC,0.05,0.001105959541467194,-1.0,1.0,descriptive_secondary
C_beta_CN,B_CN,272,representative,log10_EFAC,0.5,0.00014420488764932404,-1.0,1.0,descriptive_secondary
C_beta_CN,B_CN,272,representative,log10_EFAC,0.9,-0.00012528711510861879,-1.0,1.0,descriptive_secondary
C_beta_CN,B_CN,272,representative,log10_EFAC,0.95,-0.00026766817569634505,-1.0,1.0,descriptive_secondary
C_beta_CN,B_CN,285,representative,u,0.05,0.0010927177956958703,-1.0,1.0,descriptive_secondary
C_beta_CN,B_CN,285,representative,u,0.5,0.005075408532484338,-1.0,1.0,descriptive_secondary
C_beta_CN,B_CN,285,representative,u,0.9,0.001928906340554315,-1.0,1.0,descriptive_secondary
C_beta_CN,B_CN,285,representative,u,0.95,0.0017126727772378558,-1.0,1.0,inconclusive
C_beta_CN,B_CN,285,representative,log10_Agw,0.05,0.0002639640200335566,-1.0,1.0,descriptive_secondary
C_beta_CN,B_CN,285,representative,log10_Agw,0.5,0.0032379524254107506,-1.0,1.0,descriptive_secondary
C_beta_CN,B_CN,285,representative,log10_Agw,0.9,0.008858945125684525,-1.0,1.0,descriptive_secondary
C_beta_CN,B_CN,285,representative,log10_Agw,0.95,0.010645539092145273,-1.0,1.0,descriptive_secondary
C_beta_CN,B_CN,285,representative,gamma_gw,0.05,-0.00023341042816073937,-1.0,1.0,descriptive_secondary
C_beta_CN,B_CN,285,representative,gamma_gw,0.5,-0.002332210881011487,-1.0,1.0,descriptive_secondary
C_beta_CN,B_CN,285,representative,gamma_gw,0.9,-5.878932004388382e-05,-1.0,1.0,descriptive_secondary
C_beta_CN,B_CN,285,representative,gamma_gw,0.95,-0.0005308613764183345,-1.0,1.0,descriptive_secondary
C_beta_CN,B_CN,285,representative,log10_Ar,0.05,-0.0009534706044905944,-1.0,1.0,descriptive_secondary
C_beta_CN,B_CN,285,representative,log10_Ar,0.5,-0.00017141339940529576,-1.0,1.0,descriptive_secondary
C_beta_CN,B_CN,285,representative,log10_Ar,0.9,-0.0009768778460836902,-1.0,1.0,descriptive_secondary
C_beta_CN,B_CN,285,representative,log10_Ar,0.95,0.0006925843287529654,-1.0,1.0,descriptive_secondary
C_beta_CN,B_CN,285,representative,log10_EFAC,0.05,0.0005348388147498051,-1.0,1.0,descriptive_secondary
C_beta_CN,B_CN,285,representative,log10_EFAC,0.5,0.0005422095054017362,-1.0,1.0,descriptive_secondary
C_beta_CN,B_CN,285,representative,log10_EFAC,0.9,0.0005571041029249768,-1.0,1.0,descriptive_secondary
C_beta_CN,B_CN,285,representative,log10_EFAC,0.95,0.0004650033529743913,-1.0,1.0,descriptive_secondary
C_beta_CN,B_CN,313,representative,u,0.05,0.002078264610541551,-1.0,1.0,descriptive_secondary
C_beta_CN,B_CN,313,representative,u,0.5,0.006300141061207021,-1.0,1.0,descriptive_secondary
C_beta_CN,B_CN,313,representative,u,0.9,0.0015815917436659,-1.0,1.0,descriptive_secondary
C_beta_CN,B_CN,313,representative,u,0.95,0.0006973486119823402,-1.0,1.0,inconclusive
C_beta_CN,B_CN,313,representative,log10_Agw,0.05,0.0010843652078711963,-1.0,1.0,descriptive_secondary
C_beta_CN,B_CN,313,representative,log10_Agw,0.5,0.01004223373053248,-1.0,1.0,descriptive_secondary
C_beta_CN,B_CN,313,representative,log10_Agw,0.9,0.01755228781841811,-1.0,1.0,descriptive_secondary
C_beta_CN,B_CN,313,representative,log10_Agw,0.95,0.018876914044518966,-1.0,1.0,descriptive_secondary
C_beta_CN,B_CN,313,representative,gamma_gw,0.05,-0.0006000817865447136,-1.0,1.0,descriptive_secondary
C_beta_CN,B_CN,313,representative,gamma_gw,0.5,-0.0025234841027368393,-1.0,1.0,descriptive_secondary
C_beta_CN,B_CN,313,representative,gamma_gw,0.9,-0.000776004742184977,-1.0,1.0,descriptive_secondary
C_beta_CN,B_CN,313,representative,gamma_gw,0.95,-0.0016634655999561154,-1.0,1.0,descriptive_secondary
C_beta_CN,B_CN,313,representative,log10_Ar,0.05,-0.0008003360048657385,-1.0,1.0,descriptive_secondary
C_beta_CN,B_CN,313,representative,log10_Ar,0.5,0.002343524448696177,-1.0,1.0,descriptive_secondary
C_beta_CN,B_CN,313,representative,log10_Ar,0.9,0.002861853485105592,-1.0,1.0,descriptive_secondary
C_beta_CN,B_CN,313,representative,log10_Ar,0.95,0.002180430439235881,-1.0,1.0,descriptive_secondary
C_beta_CN,B_CN,313,representative,log10_EFAC,0.05,-0.004106118318746105,-1.0,1.0,descriptive_secondary
C_beta_CN,B_CN,313,representative,log10_EFAC,0.5,-0.00042185631833746573,-1.0,1.0,descriptive_secondary
C_beta_CN,B_CN,313,representative,log10_EFAC,0.9,8.244747131402885e-06,-1.0,1.0,descriptive_secondary
C_beta_CN,B_CN,313,representative,log10_EFAC,0.95,-1.6902599722090628e-06,-1.0,1.0,descriptive_secondary
C_beta_CN,B_CN,327,representative,u,0.05,0.010401093912397144,-1.0,1.0,descriptive_secondary
C_beta_CN,B_CN,327,representative,u,0.5,0.01332582657799486,-1.0,1.0,descriptive_secondary
C_beta_CN,B_CN,327,representative,u,0.9,0.0019494542174376406,-1.0,1.0,descriptive_secondary
C_beta_CN,B_CN,327,representative,u,0.95,0.0004832203922446876,-1.0,1.0,inconclusive
C_beta_CN,B_CN,327,representative,log10_Agw,0.05,0.00574035073179191,-1.0,1.0,descriptive_secondary
C_beta_CN,B_CN,327,representative,log10_Agw,0.5,0.00913121209979273,-1.0,1.0,descriptive_secondary
C_beta_CN,B_CN,327,representative,log10_Agw,0.9,0.0035524899978600644,-1.0,1.0,descriptive_secondary
C_beta_CN,B_CN,327,representative,log10_Agw,0.95,0.0018450495257466004,-1.0,1.0,descriptive_secondary
C_beta_CN,B_CN,327,representative,gamma_gw,0.05,0.02467067446820892,-1.0,1.0,descriptive_secondary
C_beta_CN,B_CN,327,representative,gamma_gw,0.5,-0.005975522877978423,-1.0,1.0,descriptive_secondary
C_beta_CN,B_CN,327,representative,gamma_gw,0.9,-0.0035380571322418675,-1.0,1.0,descriptive_secondary
C_beta_CN,B_CN,327,representative,gamma_gw,0.95,-0.001876931062008036,-1.0,1.0,descriptive_secondary
C_beta_CN,B_CN,327,representative,log10_Ar,0.05,0.00027165927994025896,-1.0,1.0,descriptive_secondary
C_beta_CN,B_CN,327,representative,log10_Ar,0.5,0.0006969530330125928,-1.0,1.0,descriptive_secondary
C_beta_CN,B_CN,327,representative,log10_Ar,0.9,0.0012497184773060388,-1.0,1.0,descriptive_secondary
C_beta_CN,B_CN,327,representative,log10_Ar,0.95,-5.257377959799747e-05,-1.0,1.0,descriptive_secondary
C_beta_CN,B_CN,327,representative,log10_EFAC,0.05,0.0015008481371387647,-1.0,1.0,descriptive_secondary
C_beta_CN,B_CN,327,representative,log10_EFAC,0.5,0.007311266817507822,-1.0,1.0,descriptive_secondary
C_beta_CN,B_CN,327,representative,log10_EFAC,0.9,-0.006167143289860899,-1.0,1.0,descriptive_secondary
C_beta_CN,B_CN,327,representative,log10_EFAC,0.95,-0.007303424239241241,-1.0,1.0,descriptive_secondary
C_beta_CN,B_CN,333,stress,u,0.05,-0.002060068593340625,-1.0,1.0,descriptive_secondary
C_beta_CN,B_CN,333,stress,u,0.5,-0.017260213286163728,-1.0,1.0,descriptive_secondary
C_beta_CN,B_CN,333,stress,u,0.9,-0.009195619201504801,-1.0,1.0,descriptive_secondary
C_beta_CN,B_CN,333,stress,u,0.95,-0.005438441705270081,-1.0,1.0,inconclusive
C_beta_CN,B_CN,333,stress,log10_Agw,0.05,0.0006004979330390681,-1.0,1.0,descriptive_secondary
C_beta_CN,B_CN,333,stress,log10_Agw,0.5,-0.00015588878763173053,-1.0,1.0,descriptive_secondary
C_beta_CN,B_CN,333,stress,log10_Agw,0.9,0.0004919064588085886,-1.0,1.0,descriptive_secondary
C_beta_CN,B_CN,333,stress,log10_Agw,0.95,0.00019005042336894817,-1.0,1.0,descriptive_secondary
C_beta_CN,B_CN,333,stress,gamma_gw,0.05,0.02281117826104151,-1.0,1.0,descriptive_secondary
C_beta_CN,B_CN,333,stress,gamma_gw,0.5,0.01802679505888849,-1.0,1.0,descriptive_secondary
C_beta_CN,B_CN,333,stress,gamma_gw,0.9,0.004142636998808458,-1.0,1.0,descriptive_secondary
C_beta_CN,B_CN,333,stress,gamma_gw,0.95,0.002160092988257034,-1.0,1.0,descriptive_secondary
C_beta_CN,B_CN,333,stress,log10_Ar,0.05,-0.0015014794417749777,-1.0,1.0,descriptive_secondary
C_beta_CN,B_CN,333,stress,log10_Ar,0.5,-0.002495017115280329,-1.0,1.0,descriptive_secondary
C_beta_CN,B_CN,333,stress,log10_Ar,0.9,0.0007614106630042805,-1.0,1.0,descriptive_secondary
C_beta_CN,B_CN,333,stress,log10_Ar,0.95,0.0004744698970507999,-1.0,1.0,descriptive_secondary
C_beta_CN,B_CN,333,stress,log10_EFAC,0.05,0.004354971735971769,-1.0,1.0,descriptive_secondary
C_beta_CN,B_CN,333,stress,log10_EFAC,0.5,0.00038873449575427266,-1.0,1.0,descriptive_secondary
C_beta_CN,B_CN,333,stress,log10_EFAC,0.9,0.00015642563273365884,-1.0,1.0,descriptive_secondary
C_beta_CN,B_CN,333,stress,log10_EFAC,0.95,2.4268663205928576e-05,-1.0,1.0,descriptive_secondary
C_beta_CN,B_CN,346,representative,u,0.05,0.0005861895348860044,-1.0,1.0,descriptive_secondary
C_beta_CN,B_CN,346,representative,u,0.5,0.0033701921571821503,-1.0,1.0,descriptive_secondary
C_beta_CN,B_CN,346,representative,u,0.9,0.0008291633542597543,-1.0,1.0,descriptive_secondary
C_beta_CN,B_CN,346,representative,u,0.95,4.274475465382288e-05,-1.0,1.0,inconclusive
C_beta_CN,B_CN,346,representative,log10_Agw,0.05,0.0007770999735108204,-1.0,1.0,descriptive_secondary
C_beta_CN,B_CN,346,representative,log10_Agw,0.5,0.0030657602691124275,-1.0,1.0,descriptive_secondary
C_beta_CN,B_CN,346,representative,log10_Agw,0.9,0.009336857476522575,-1.0,1.0,descriptive_secondary
C_beta_CN,B_CN,346,representative,log10_Agw,0.95,0.0122029419810471,-1.0,1.0,descriptive_secondary
C_beta_CN,B_CN,346,representative,gamma_gw,0.05,-0.0001182885952328433,-1.0,1.0,descriptive_secondary
C_beta_CN,B_CN,346,representative,gamma_gw,0.5,-0.002128123040639862,-1.0,1.0,descriptive_secondary
C_beta_CN,B_CN,346,representative,gamma_gw,0.9,-0.001799701312469426,-1.0,1.0,descriptive_secondary
C_beta_CN,B_CN,346,representative,gamma_gw,0.95,-0.0018847592985147266,-1.0,1.0,descriptive_secondary
C_beta_CN,B_CN,346,representative,log10_Ar,0.05,7.550691616099725e-06,-1.0,1.0,descriptive_secondary
C_beta_CN,B_CN,346,representative,log10_Ar,0.5,-0.002139411028084015,-1.0,1.0,descriptive_secondary
C_beta_CN,B_CN,346,representative,log10_Ar,0.9,-0.0011218542399706877,-1.0,1.0,descriptive_secondary
C_beta_CN,B_CN,346,representative,log10_Ar,0.95,-0.000567172371198299,-1.0,1.0,descriptive_secondary
C_beta_CN,B_CN,346,representative,log10_EFAC,0.05,6.221747699125535e-05,-1.0,1.0,descriptive_secondary
C_beta_CN,B_CN,346,representative,log10_EFAC,0.5,0.000509712153626718,-1.0,1.0,descriptive_secondary
C_beta_CN,B_CN,346,representative,log10_EFAC,0.9,1.4432262680053043e-05,-1.0,1.0,descriptive_secondary
C_beta_CN,B_CN,346,representative,log10_EFAC,0.95,8.707230202098515e-05,-1.0,1.0,descriptive_secondary
C_beta_CN,B_CN,355,representative,u,0.05,-0.001590519390708374,-1.0,1.0,descriptive_secondary
C_beta_CN,B_CN,355,representative,u,0.5,-0.007960671470761738,-1.0,1.0,descriptive_secondary
C_beta_CN,B_CN,355,representative,u,0.9,-0.0026617505019250753,-1.0,1.0,descriptive_secondary
C_beta_CN,B_CN,355,representative,u,0.95,-0.001925357457381538,-1.0,1.0,inconclusive
C_beta_CN,B_CN,355,representative,log10_Agw,0.05,-0.0026030064887427873,-1.0,1.0,descriptive_secondary
C_beta_CN,B_CN,355,representative,log10_Agw,0.5,0.007589619372785461,-1.0,1.0,descriptive_secondary
C_beta_CN,B_CN,355,representative,log10_Agw,0.9,0.015361600464206093,-1.0,1.0,descriptive_secondary
C_beta_CN,B_CN,355,representative,log10_Agw,0.95,0.01872734034009227,-1.0,1.0,descriptive_secondary
C_beta_CN,B_CN,355,representative,gamma_gw,0.05,-4.0254518872753775e-05,-1.0,1.0,descriptive_secondary
C_beta_CN,B_CN,355,representative,gamma_gw,0.5,-0.003885857729143294,-1.0,1.0,descriptive_secondary
C_beta_CN,B_CN,355,representative,gamma_gw,0.9,-0.0024681478611472407,-1.0,1.0,descriptive_secondary
C_beta_CN,B_CN,355,representative,gamma_gw,0.95,-0.0019626548039319847,-1.0,1.0,descriptive_secondary
C_beta_CN,B_CN,355,representative,log10_Ar,0.05,-0.0005560200712723673,-1.0,1.0,descriptive_secondary
C_beta_CN,B_CN,355,representative,log10_Ar,0.5,0.002726825557712642,-1.0,1.0,descriptive_secondary
C_beta_CN,B_CN,355,representative,log10_Ar,0.9,0.002822682099049234,-1.0,1.0,descriptive_secondary
C_beta_CN,B_CN,355,representative,log10_Ar,0.95,0.0005798847725747569,-1.0,1.0,descriptive_secondary
C_beta_CN,B_CN,355,representative,log10_EFAC,0.05,0.00014759864102486652,-1.0,1.0,descriptive_secondary
C_beta_CN,B_CN,355,representative,log10_EFAC,0.5,0.001357296562745386,-1.0,1.0,descriptive_secondary
C_beta_CN,B_CN,355,representative,log10_EFAC,0.9,0.0015623738004009735,-1.0,1.0,descriptive_secondary
C_beta_CN,B_CN,355,representative,log10_EFAC,0.95,0.0030911386197245705,-1.0,1.0,descriptive_secondary
C_beta_CN,B_CN,359,stress,u,0.05,0.0017250069681090108,-1.0,1.0,descriptive_secondary
C_beta_CN,B_CN,359,stress,u,0.5,0.0057661557706855104,-1.0,1.0,descriptive_secondary
C_beta_CN,B_CN,359,stress,u,0.9,-6.719254386278184e-05,-1.0,1.0,descriptive_secondary
C_beta_CN,B_CN,359,stress,u,0.95,-0.0001317235292371821,-1.0,1.0,inconclusive
C_beta_CN,B_CN,359,stress,log10_Agw,0.05,0.007743163547128312,-1.0,1.0,descriptive_secondary
C_beta_CN,B_CN,359,stress,log10_Agw,0.5,0.008480369940991106,-1.0,1.0,descriptive_secondary
C_beta_CN,B_CN,359,stress,log10_Agw,0.9,0.008499075934461642,-1.0,1.0,descriptive_secondary
C_beta_CN,B_CN,359,stress,log10_Agw,0.95,0.006147781454930223,-1.0,1.0,descriptive_secondary
C_beta_CN,B_CN,359,stress,gamma_gw,0.05,0.0042023399235325415,-1.0,1.0,descriptive_secondary
C_beta_CN,B_CN,359,stress,gamma_gw,0.5,0.0038264750529045655,-1.0,1.0,descriptive_secondary
C_beta_CN,B_CN,359,stress,gamma_gw,0.9,0.0005132276854862283,-1.0,1.0,descriptive_secondary
C_beta_CN,B_CN,359,stress,gamma_gw,0.95,-0.00020273721356955932,-1.0,1.0,descriptive_secondary
C_beta_CN,B_CN,359,stress,log10_Ar,0.05,0.0007070830293361419,-1.0,1.0,descriptive_secondary
C_beta_CN,B_CN,359,stress,log10_Ar,0.5,0.0016258723265583086,-1.0,1.0,descriptive_secondary
C_beta_CN,B_CN,359,stress,log10_Ar,0.9,0.0005523345820003245,-1.0,1.0,descriptive_secondary
C_beta_CN,B_CN,359,stress,log10_Ar,0.95,0.00031268040182663714,-1.0,1.0,descriptive_secondary
C_beta_CN,B_CN,359,stress,log10_EFAC,0.05,0.002671696293809256,-1.0,1.0,descriptive_secondary
C_beta_CN,B_CN,359,stress,log10_EFAC,0.5,0.0002496962617628551,-1.0,1.0,descriptive_secondary
C_beta_CN,B_CN,359,stress,log10_EFAC,0.9,-0.000721996990983631,-1.0,1.0,descriptive_secondary
C_beta_CN,B_CN,359,stress,log10_EFAC,0.95,-0.0002910147196454327,-1.0,1.0,descriptive_secondary
C_beta_CN,B_CN,380,representative,u,0.05,0.001313056399281802,-1.0,1.0,descriptive_secondary
C_beta_CN,B_CN,380,representative,u,0.5,0.0049021912068735185,-1.0,1.0,descriptive_secondary
C_beta_CN,B_CN,380,representative,u,0.9,0.002011862751176152,-1.0,1.0,descriptive_secondary
C_beta_CN,B_CN,380,representative,u,0.95,0.001341338411656845,-1.0,1.0,inconclusive
C_beta_CN,B_CN,380,representative,log10_Agw,0.05,0.0018043465486565977,-1.0,1.0,descriptive_secondary
C_beta_CN,B_CN,380,representative,log10_Agw,0.5,0.008791258366533938,-1.0,1.0,descriptive_secondary
C_beta_CN,B_CN,380,representative,log10_Agw,0.9,0.015776512267433374,-1.0,1.0,descriptive_secondary
C_beta_CN,B_CN,380,representative,log10_Agw,0.95,0.017072061670770022,-1.0,1.0,descriptive_secondary
C_beta_CN,B_CN,380,representative,gamma_gw,0.05,-0.0001311465804473208,-1.0,1.0,descriptive_secondary
C_beta_CN,B_CN,380,representative,gamma_gw,0.5,0.0005004482409980415,-1.0,1.0,descriptive_secondary
C_beta_CN,B_CN,380,representative,gamma_gw,0.9,-0.0023477576126285093,-1.0,1.0,descriptive_secondary
C_beta_CN,B_CN,380,representative,gamma_gw,0.95,-0.0018950472979426536,-1.0,1.0,descriptive_secondary
C_beta_CN,B_CN,380,representative,log10_Ar,0.05,0.0006672583506731333,-1.0,1.0,descriptive_secondary
C_beta_CN,B_CN,380,representative,log10_Ar,0.5,-0.0018111505326638966,-1.0,1.0,descriptive_secondary
C_beta_CN,B_CN,380,representative,log10_Ar,0.9,-0.0003551493131286332,-1.0,1.0,descriptive_secondary
C_beta_CN,B_CN,380,representative,log10_Ar,0.95,-0.001340020741003034,-1.0,1.0,descriptive_secondary
C_beta_CN,B_CN,380,representative,log10_EFAC,0.05,-0.0035068402520710973,-1.0,1.0,descriptive_secondary
C_beta_CN,B_CN,380,representative,log10_EFAC,0.5,-0.00015966795704303038,-1.0,1.0,descriptive_secondary
C_beta_CN,B_CN,380,representative,log10_EFAC,0.9,0.0001879289891205671,-1.0,1.0,descriptive_secondary
C_beta_CN,B_CN,380,representative,log10_EFAC,0.95,0.0006128593179524078,-1.0,1.0,descriptive_secondary
C_beta_CN,B_CN,409,representative,u,0.05,0.0011471118339987166,-1.0,1.0,descriptive_secondary
C_beta_CN,B_CN,409,representative,u,0.5,0.0019358945732115274,-1.0,1.0,descriptive_secondary
C_beta_CN,B_CN,409,representative,u,0.9,0.0006099927335370126,-1.0,1.0,descriptive_secondary
C_beta_CN,B_CN,409,representative,u,0.95,0.00022286238200663888,-1.0,1.0,inconclusive
C_beta_CN,B_CN,409,representative,log10_Agw,0.05,0.0011134702932521154,-1.0,1.0,descriptive_secondary
C_beta_CN,B_CN,409,representative,log10_Agw,0.5,0.004527592495291388,-1.0,1.0,descriptive_secondary
C_beta_CN,B_CN,409,representative,log10_Agw,0.9,0.01057736372179241,-1.0,1.0,descriptive_secondary
C_beta_CN,B_CN,409,representative,log10_Agw,0.95,0.013420870649188399,-1.0,1.0,descriptive_secondary
C_beta_CN,B_CN,409,representative,gamma_gw,0.05,0.00019835720746807367,-1.0,1.0,descriptive_secondary
C_beta_CN,B_CN,409,representative,gamma_gw,0.5,-0.002749483121252838,-1.0,1.0,descriptive_secondary
C_beta_CN,B_CN,409,representative,gamma_gw,0.9,-0.0001805463869071211,-1.0,1.0,descriptive_secondary
C_beta_CN,B_CN,409,representative,gamma_gw,0.95,3.407210302230901e-05,-1.0,1.0,descriptive_secondary
C_beta_CN,B_CN,409,representative,log10_Ar,0.05,0.00031769751190093704,-1.0,1.0,descriptive_secondary
C_beta_CN,B_CN,409,representative,log10_Ar,0.5,0.0025758262782552,-1.0,1.0,descriptive_secondary
C_beta_CN,B_CN,409,representative,log10_Ar,0.9,-0.0012752240452320596,-1.0,1.0,descriptive_secondary
C_beta_CN,B_CN,409,representative,log10_Ar,0.95,-0.0018207512802802528,-1.0,1.0,descriptive_secondary
C_beta_CN,B_CN,409,representative,log10_EFAC,0.05,0.00017765426497595715,-1.0,1.0,descriptive_secondary
C_beta_CN,B_CN,409,representative,log10_EFAC,0.5,0.0002115470891130844,-1.0,1.0,descriptive_secondary
C_beta_CN,B_CN,409,representative,log10_EFAC,0.9,6.744706944361578e-05,-1.0,1.0,descriptive_secondary
C_beta_CN,B_CN,409,representative,log10_EFAC,0.95,9.467312335265099e-05,-1.0,1.0,descriptive_secondary
C_beta_CN,B_CN,424,stress,u,0.05,-0.0043792405106575505,-1.0,1.0,descriptive_secondary
C_beta_CN,B_CN,424,stress,u,0.5,-0.026238838188638813,-1.0,1.0,descriptive_secondary
C_beta_CN,B_CN,424,stress,u,0.9,-0.015955973481371122,-1.0,1.0,descriptive_secondary
C_beta_CN,B_CN,424,stress,u,0.95,-0.009234843258545178,-1.0,1.0,inconclusive
C_beta_CN,B_CN,424,stress,log10_Agw,0.05,-0.001338019046150496,-1.0,1.0,descriptive_secondary
C_beta_CN,B_CN,424,stress,log10_Agw,0.5,-0.0010264924740567283,-1.0,1.0,descriptive_secondary
C_beta_CN,B_CN,424,stress,log10_Agw,0.9,0.0007841375318712318,-1.0,1.0,descriptive_secondary
C_beta_CN,B_CN,424,stress,log10_Agw,0.95,0.0007114870176518906,-1.0,1.0,descriptive_secondary
C_beta_CN,B_CN,424,stress,gamma_gw,0.05,0.011733242093249482,-1.0,1.0,descriptive_secondary
C_beta_CN,B_CN,424,stress,gamma_gw,0.5,0.012574110507899361,-1.0,1.0,descriptive_secondary
C_beta_CN,B_CN,424,stress,gamma_gw,0.9,0.005072767414354917,-1.0,1.0,descriptive_secondary
C_beta_CN,B_CN,424,stress,gamma_gw,0.95,0.003115576207859516,-1.0,1.0,descriptive_secondary
C_beta_CN,B_CN,424,stress,log10_Ar,0.05,-0.0005409573493551853,-1.0,1.0,descriptive_secondary
C_beta_CN,B_CN,424,stress,log10_Ar,0.5,-0.002651742818332581,-1.0,1.0,descriptive_secondary
C_beta_CN,B_CN,424,stress,log10_Ar,0.9,0.0014886145359471747,-1.0,1.0,descriptive_secondary
C_beta_CN,B_CN,424,stress,log10_Ar,0.95,0.0005785325021884224,-1.0,1.0,descriptive_secondary
C_beta_CN,B_CN,424,stress,log10_EFAC,0.05,0.013518559128030183,-1.0,1.0,descriptive_secondary
C_beta_CN,B_CN,424,stress,log10_EFAC,0.5,0.010172545616782491,-1.0,1.0,descriptive_secondary
C_beta_CN,B_CN,424,stress,log10_EFAC,0.9,0.008515376005129416,-1.0,1.0,descriptive_secondary
C_beta_CN,B_CN,424,stress,log10_EFAC,0.95,0.008224546201210381,-1.0,1.0,descriptive_secondary
C_beta_CN,B_CN,446,representative,u,0.05,0.0006547042691303975,-1.0,1.0,descriptive_secondary
C_beta_CN,B_CN,446,representative,u,0.5,0.006295746357873666,-1.0,1.0,descriptive_secondary
C_beta_CN,B_CN,446,representative,u,0.9,0.000975313893115004,-1.0,1.0,descriptive_secondary
C_beta_CN,B_CN,446,representative,u,0.95,0.0006355492430383247,-1.0,1.0,inconclusive
C_beta_CN,B_CN,446,representative,log10_Agw,0.05,0.0005273652172161566,-1.0,1.0,descriptive_secondary
C_beta_CN,B_CN,446,representative,log10_Agw,0.5,0.005859783973799881,-1.0,1.0,descriptive_secondary
C_beta_CN,B_CN,446,representative,log10_Agw,0.9,0.010814368024918086,-1.0,1.0,descriptive_secondary
C_beta_CN,B_CN,446,representative,log10_Agw,0.95,0.013082757808391299,-1.0,1.0,descriptive_secondary
C_beta_CN,B_CN,446,representative,gamma_gw,0.05,-0.0004177004814544666,-1.0,1.0,descriptive_secondary
C_beta_CN,B_CN,446,representative,gamma_gw,0.5,-0.0003463398539726992,-1.0,1.0,descriptive_secondary
C_beta_CN,B_CN,446,representative,gamma_gw,0.9,0.0008881130101486834,-1.0,1.0,descriptive_secondary
C_beta_CN,B_CN,446,representative,gamma_gw,0.95,0.0009889972357208787,-1.0,1.0,descriptive_secondary
C_beta_CN,B_CN,446,representative,log10_Ar,0.05,-4.999061220625073e-05,-1.0,1.0,descriptive_secondary
C_beta_CN,B_CN,446,representative,log10_Ar,0.5,0.0018879015285492295,-1.0,1.0,descriptive_secondary
C_beta_CN,B_CN,446,representative,log10_Ar,0.9,1.745224871241291e-05,-1.0,1.0,descriptive_secondary
C_beta_CN,B_CN,446,representative,log10_Ar,0.95,-0.00031606529430616703,-1.0,1.0,descriptive_secondary
C_beta_CN,B_CN,446,representative,log10_EFAC,0.05,0.0005366123180063909,-1.0,1.0,descriptive_secondary
C_beta_CN,B_CN,446,representative,log10_EFAC,0.5,9.181941200253618e-06,-1.0,1.0,descriptive_secondary
C_beta_CN,B_CN,446,representative,log10_EFAC,0.9,2.8480351653925595e-05,-1.0,1.0,descriptive_secondary
C_beta_CN,B_CN,446,representative,log10_EFAC,0.95,0.00012966926856328165,-1.0,1.0,descriptive_secondary
C_beta_CN,B_CN,453,stress,u,0.05,0.020197364221871086,-0.13439954332544898,0.897600456674551,descriptive_secondary
C_beta_CN,B_CN,453,stress,u,0.5,0.0199637925555306,-0.6961871757711441,0.32781282422885594,descriptive_secondary
C_beta_CN,B_CN,453,stress,u,0.9,0.0023949252951573907,-0.9535831682048596,0.058416831795140456,descriptive_secondary
C_beta_CN,B_CN,453,stress,u,0.95,0.0008714778665952494,-0.980760642063739,0.02923935793626098,inconclusive
C_beta_CN,B_CN,453,stress,log10_Agw,0.05,0.006701328937262163,-0.6251797541226978,0.39082024587730224,descriptive_secondary
C_beta_CN,B_CN,453,stress,log10_Agw,0.5,0.023059282279082938,-0.7903649143300295,0.21763508566997047,descriptive_secondary
C_beta_CN,B_CN,453,stress,log10_Agw,0.9,0.023617188442812576,-0.926099080650438,0.081900919349562,descriptive_secondary
C_beta_CN,B_CN,453,stress,log10_Agw,0.95,0.022386398719549616,-0.9478574914566563,0.06014250854334369,descriptive_secondary
C_beta_CN,B_CN,453,stress,gamma_gw,0.05,-0.004030675233106511,-0.06634324049051603,0.949656759509484,descriptive_secondary
C_beta_CN,B_CN,453,stress,gamma_gw,0.5,-0.040161316419142945,-0.5353710553566566,0.4966289446433434,descriptive_secondary
C_beta_CN,B_CN,453,stress,gamma_gw,0.9,-0.012371838160671667,-0.9192352901336939,0.11276470986630616,descriptive_secondary
C_beta_CN,B_CN,453,stress,gamma_gw,0.95,-0.006001390058980149,-0.9666554325712745,0.06534456742872552,descriptive_secondary
C_beta_CN,B_CN,453,stress,log10_Ar,0.05,-0.0001313068957992103,-0.04943455715007034,0.9665654428499296,descriptive_secondary
C_beta_CN,B_CN,453,stress,log10_Ar,0.5,0.002369253313187103,-0.4242067563062372,0.5997932436937627,descriptive_secondary
C_beta_CN,B_CN,453,stress,log10_Ar,0.9,-0.0037943691419989323,-0.7851792070307136,0.23882079296928638,descriptive_secondary
C_beta_CN,B_CN,453,stress,log10_Ar,0.95,-0.004139186937966222,-0.8501811599719131,0.1738188400280869,descriptive_secondary
C_beta_CN,B_CN,453,stress,log10_EFAC,0.05,-8.957167813750371e-05,-0.007503662495342395,0.9949963375046577,descriptive_secondary
C_beta_CN,B_CN,453,stress,log10_EFAC,0.5,-0.00046224564676784763,-0.07594619824360777,0.9320538017563922,descriptive_secondary
C_beta_CN,B_CN,453,stress,log10_EFAC,0.9,-0.005951415302667573,-0.22193525951879872,0.7980647404812014,descriptive_secondary
C_beta_CN,B_CN,453,stress,log10_EFAC,0.95,-0.004475916536397062,-0.2677614148475638,0.7482385851524362,descriptive_secondary
C_beta_CN,B_CN,458,stress,u,0.05,0.00038091566579086245,-1.0,1.0,descriptive_secondary
C_beta_CN,B_CN,458,stress,u,0.5,0.008330960932188436,-1.0,1.0,descriptive_secondary
C_beta_CN,B_CN,458,stress,u,0.9,0.0015283062434671146,-1.0,1.0,descriptive_secondary
C_beta_CN,B_CN,458,stress,u,0.95,0.0014405070094530847,-1.0,1.0,inconclusive
C_beta_CN,B_CN,458,stress,log10_Agw,0.05,0.0003049454640867699,-1.0,1.0,descriptive_secondary
C_beta_CN,B_CN,458,stress,log10_Agw,0.5,0.003313016939399227,-1.0,1.0,descriptive_secondary
C_beta_CN,B_CN,458,stress,log10_Agw,0.9,0.009136111651532941,-1.0,1.0,descriptive_secondary
C_beta_CN,B_CN,458,stress,log10_Agw,0.95,0.01038536798652634,-1.0,1.0,descriptive_secondary
C_beta_CN,B_CN,458,stress,gamma_gw,0.05,-1.9304559467345217e-05,-1.0,1.0,descriptive_secondary
C_beta_CN,B_CN,458,stress,gamma_gw,0.5,0.0005342358406258962,-1.0,1.0,descriptive_secondary
C_beta_CN,B_CN,458,stress,gamma_gw,0.9,-0.00135455045725974,-1.0,1.0,descriptive_secondary
C_beta_CN,B_CN,458,stress,gamma_gw,0.95,-0.000442213682430026,-1.0,1.0,descriptive_secondary
C_beta_CN,B_CN,458,stress,log10_Ar,0.05,0.00041271411931362995,-1.0,1.0,descriptive_secondary
C_beta_CN,B_CN,458,stress,log10_Ar,0.5,-0.0005729859336937038,-1.0,1.0,descriptive_secondary
C_beta_CN,B_CN,458,stress,log10_Ar,0.9,0.000481224732253982,-1.0,1.0,descriptive_secondary
C_beta_CN,B_CN,458,stress,log10_Ar,0.95,0.00012890352815697614,-1.0,1.0,descriptive_secondary
C_beta_CN,B_CN,458,stress,log10_EFAC,0.05,0.0011211445497706363,-1.0,1.0,descriptive_secondary
C_beta_CN,B_CN,458,stress,log10_EFAC,0.5,0.0007857801671835585,-1.0,1.0,descriptive_secondary
C_beta_CN,B_CN,458,stress,log10_EFAC,0.9,-0.00014050927325914842,-1.0,1.0,descriptive_secondary
C_beta_CN,B_CN,458,stress,log10_EFAC,0.95,-0.00015011625032435028,-1.0,1.0,descriptive_secondary
C_beta_CN,B_CN,461,representative,u,0.05,-0.0001726339513017927,-1.0,1.0,descriptive_secondary
C_beta_CN,B_CN,461,representative,u,0.5,-0.010817500115870904,-1.0,1.0,descriptive_secondary
C_beta_CN,B_CN,461,representative,u,0.9,-0.008649693577223672,-1.0,1.0,descriptive_secondary
C_beta_CN,B_CN,461,representative,u,0.95,-0.004139693763098418,-1.0,1.0,inconclusive
C_beta_CN,B_CN,461,representative,log10_Agw,0.05,0.0013243442997140642,-1.0,1.0,descriptive_secondary
C_beta_CN,B_CN,461,representative,log10_Agw,0.5,0.0031378438293732103,-1.0,1.0,descriptive_secondary
C_beta_CN,B_CN,461,representative,log10_Agw,0.9,0.0011084379621840723,-1.0,1.0,descriptive_secondary
C_beta_CN,B_CN,461,representative,log10_Agw,0.95,0.0004449701771467307,-1.0,1.0,descriptive_secondary
C_beta_CN,B_CN,461,representative,gamma_gw,0.05,0.01432181772034613,-1.0,1.0,descriptive_secondary
C_beta_CN,B_CN,461,representative,gamma_gw,0.5,0.000998360592146308,-1.0,1.0,descriptive_secondary
C_beta_CN,B_CN,461,representative,gamma_gw,0.9,0.00031367555548833526,-1.0,1.0,descriptive_secondary
C_beta_CN,B_CN,461,representative,gamma_gw,0.95,0.00023483765275800206,-1.0,1.0,descriptive_secondary
C_beta_CN,B_CN,461,representative,log10_Ar,0.05,-0.00090041034545843,-1.0,1.0,descriptive_secondary
C_beta_CN,B_CN,461,representative,log10_Ar,0.5,0.0012401637032464219,-1.0,1.0,descriptive_secondary
C_beta_CN,B_CN,461,representative,log10_Ar,0.9,0.0022975721359491663,-1.0,1.0,descriptive_secondary
C_beta_CN,B_CN,461,representative,log10_Ar,0.95,0.001933820028270694,-1.0,1.0,descriptive_secondary
C_beta_CN,B_CN,461,representative,log10_EFAC,0.05,0.002614595635614593,-1.0,1.0,descriptive_secondary
C_beta_CN,B_CN,461,representative,log10_EFAC,0.5,0.008716904100231904,-1.0,1.0,descriptive_secondary
C_beta_CN,B_CN,461,representative,log10_EFAC,0.9,0.002227796365256607,-1.0,1.0,descriptive_secondary
C_beta_CN,B_CN,461,representative,log10_EFAC,0.95,0.0008058893452644877,-1.0,1.0,descriptive_secondary
C_beta_CN,B_CN,463,representative,u,0.05,0.00013757624231419685,-1.0,1.0,descriptive_secondary
C_beta_CN,B_CN,463,representative,u,0.5,0.0023788600236309687,-1.0,1.0,descriptive_secondary
C_beta_CN,B_CN,463,representative,u,0.9,-0.0005184197223427889,-1.0,1.0,descriptive_secondary
C_beta_CN,B_CN,463,representative,u,0.95,-0.0007656427460992488,-1.0,1.0,inconclusive
C_beta_CN,B_CN,463,representative,log10_Agw,0.05,-0.00047420180292322145,-1.0,1.0,descriptive_secondary
C_beta_CN,B_CN,463,representative,log10_Agw,0.5,0.003297156600275075,-1.0,1.0,descriptive_secondary
C_beta_CN,B_CN,463,representative,log10_Agw,0.9,0.008144531465086757,-1.0,1.0,descriptive_secondary
C_beta_CN,B_CN,463,representative,log10_Agw,0.95,0.011147756844805179,-1.0,1.0,descriptive_secondary
C_beta_CN,B_CN,463,representative,gamma_gw,0.05,7.0725005034529e-05,-1.0,1.0,descriptive_secondary
C_beta_CN,B_CN,463,representative,gamma_gw,0.5,-0.0023422496346571786,-1.0,1.0,descriptive_secondary
C_beta_CN,B_CN,463,representative,gamma_gw,0.9,-0.0016786021215414726,-1.0,1.0,descriptive_secondary
C_beta_CN,B_CN,463,representative,gamma_gw,0.95,-0.0012940177655273999,-1.0,1.0,descriptive_secondary
C_beta_CN,B_CN,463,representative,log10_Ar,0.05,0.00031455906981669307,-1.0,1.0,descriptive_secondary
C_beta_CN,B_CN,463,representative,log10_Ar,0.5,0.0006542731407669367,-1.0,1.0,descriptive_secondary
C_beta_CN,B_CN,463,representative,log10_Ar,0.9,-0.0003143991188905293,-1.0,1.0,descriptive_secondary
C_beta_CN,B_CN,463,representative,log10_Ar,0.95,6.4139330409052064e-06,-1.0,1.0,descriptive_secondary
C_beta_CN,B_CN,463,representative,log10_EFAC,0.05,0.0021595707053375657,-1.0,1.0,descriptive_secondary
C_beta_CN,B_CN,463,representative,log10_EFAC,0.5,0.00013545734027253786,-1.0,1.0,descriptive_secondary
C_beta_CN,B_CN,463,representative,log10_EFAC,0.9,0.00011402438381080682,-1.0,1.0,descriptive_secondary
C_beta_CN,B_CN,463,representative,log10_EFAC,0.95,0.00018308255381538352,-1.0,1.0,descriptive_secondary
C_beta_CN,B_CN,479,representative,u,0.05,-0.005390214511048819,-1.0,1.0,descriptive_secondary
C_beta_CN,B_CN,479,representative,u,0.5,-0.024750951337241034,-1.0,1.0,descriptive_secondary
C_beta_CN,B_CN,479,representative,u,0.9,-0.010109197358725175,-1.0,1.0,descriptive_secondary
C_beta_CN,B_CN,479,representative,u,0.95,-0.005133313455805921,-1.0,1.0,inconclusive
C_beta_CN,B_CN,479,representative,log10_Agw,0.05,0.001547776060380146,-1.0,1.0,descriptive_secondary
C_beta_CN,B_CN,479,representative,log10_Agw,0.5,0.00400161348810113,-1.0,1.0,descriptive_secondary
C_beta_CN,B_CN,479,representative,log10_Agw,0.9,0.0046842068270344095,-1.0,1.0,descriptive_secondary
C_beta_CN,B_CN,479,representative,log10_Agw,0.95,0.003978319295831589,-1.0,1.0,descriptive_secondary
C_beta_CN,B_CN,479,representative,gamma_gw,0.05,0.011606613230752717,-1.0,1.0,descriptive_secondary
C_beta_CN,B_CN,479,representative,gamma_gw,0.5,0.0038836912494590314,-1.0,1.0,descriptive_secondary
C_beta_CN,B_CN,479,representative,gamma_gw,0.9,0.002687098182037606,-1.0,1.0,descriptive_secondary
C_beta_CN,B_CN,479,representative,gamma_gw,0.95,0.001483864941114077,-1.0,1.0,descriptive_secondary
C_beta_CN,B_CN,479,representative,log10_Ar,0.05,-0.0009238154197696302,-1.0,1.0,descriptive_secondary
C_beta_CN,B_CN,479,representative,log10_Ar,0.5,0.004468822924336091,-1.0,1.0,descriptive_secondary
C_beta_CN,B_CN,479,representative,log10_Ar,0.9,0.0031630498411788777,-1.0,1.0,descriptive_secondary
C_beta_CN,B_CN,479,representative,log10_Ar,0.95,0.003908730878546485,-1.0,1.0,descriptive_secondary
C_beta_CN,B_CN,479,representative,log10_EFAC,0.05,0.005456704979459763,-1.0,1.0,descriptive_secondary
C_beta_CN,B_CN,479,representative,log10_EFAC,0.5,0.013464772302862832,-1.0,1.0,descriptive_secondary
C_beta_CN,B_CN,479,representative,log10_EFAC,0.9,0.01024667884316005,-1.0,1.0,descriptive_secondary
C_beta_CN,B_CN,479,representative,log10_EFAC,0.95,0.008279391202297537,-1.0,1.0,descriptive_secondary
C_beta_CN,B_CN,489,representative,u,0.05,0.010319236670425641,-1.0,1.0,descriptive_secondary
C_beta_CN,B_CN,489,representative,u,0.5,-0.00022093471057760272,-1.0,1.0,descriptive_secondary
C_beta_CN,B_CN,489,representative,u,0.9,-0.0025142491753760154,-1.0,1.0,descriptive_secondary
C_beta_CN,B_CN,489,representative,u,0.95,-0.0020013293045361147,-1.0,1.0,inconclusive
C_beta_CN,B_CN,489,representative,log10_Agw,0.05,0.0027248337553519297,-1.0,1.0,descriptive_secondary
C_beta_CN,B_CN,489,representative,log10_Agw,0.5,0.01179893535055021,-1.0,1.0,descriptive_secondary
C_beta_CN,B_CN,489,representative,log10_Agw,0.9,0.007284552938771061,-1.0,1.0,descriptive_secondary
C_beta_CN,B_CN,489,representative,log10_Agw,0.95,0.005042567550787691,-1.0,1.0,descriptive_secondary
C_beta_CN,B_CN,489,representative,gamma_gw,0.05,0.017444088936160146,-1.0,1.0,descriptive_secondary
C_beta_CN,B_CN,489,representative,gamma_gw,0.5,-0.014782096300646752,-1.0,1.0,descriptive_secondary
C_beta_CN,B_CN,489,representative,gamma_gw,0.9,-0.004775302153400385,-1.0,1.0,descriptive_secondary
C_beta_CN,B_CN,489,representative,gamma_gw,0.95,-0.0013667740423124464,-1.0,1.0,descriptive_secondary
C_beta_CN,B_CN,489,representative,log10_Ar,0.05,0.0019204299405834804,-1.0,1.0,descriptive_secondary
C_beta_CN,B_CN,489,representative,log10_Ar,0.5,-0.0014588993756788349,-1.0,1.0,descriptive_secondary
C_beta_CN,B_CN,489,representative,log10_Ar,0.9,-0.0025636524884538048,-1.0,1.0,descriptive_secondary
C_beta_CN,B_CN,489,representative,log10_Ar,0.95,-0.0016444266257331641,-1.0,1.0,descriptive_secondary
C_beta_CN,B_CN,489,representative,log10_EFAC,0.05,-0.0002022600502862553,-1.0,1.0,descriptive_secondary
C_beta_CN,B_CN,489,representative,log10_EFAC,0.5,0.002173014036845264,-1.0,1.0,descriptive_secondary
C_beta_CN,B_CN,489,representative,log10_EFAC,0.9,0.0008802330342155273,-1.0,1.0,descriptive_secondary
C_beta_CN,B_CN,489,representative,log10_EFAC,0.95,0.0003812706337835148,-1.0,1.0,descriptive_secondary
C_beta_G,B_G,25,representative,u,0.05,0.0003708949838556255,-1.0,1.0,descriptive_secondary
C_beta_G,B_G,25,representative,u,0.5,0.002097021235099361,-1.0,1.0,descriptive_secondary
C_beta_G,B_G,25,representative,u,0.9,0.0003305818796139892,-1.0,1.0,descriptive_secondary
C_beta_G,B_G,25,representative,u,0.95,0.00018829882219473237,-1.0,1.0,inconclusive
C_beta_G,B_G,25,representative,log10_Agw,0.05,0.000369602456465834,-1.0,1.0,descriptive_secondary
C_beta_G,B_G,25,representative,log10_Agw,0.5,0.006462081401927999,-1.0,1.0,descriptive_secondary
C_beta_G,B_G,25,representative,log10_Agw,0.9,0.011179379698321612,-1.0,1.0,descriptive_secondary
C_beta_G,B_G,25,representative,log10_Agw,0.95,0.013973409792959912,-1.0,1.0,descriptive_secondary
C_beta_G,B_G,25,representative,gamma_gw,0.05,-0.0006561343195221059,-1.0,1.0,descriptive_secondary
C_beta_G,B_G,25,representative,gamma_gw,0.5,-0.00047539371174531997,-1.0,1.0,descriptive_secondary
C_beta_G,B_G,25,representative,gamma_gw,0.9,-0.00035776587600344634,-1.0,1.0,descriptive_secondary
C_beta_G,B_G,25,representative,gamma_gw,0.95,0.0001682197729491186,-1.0,1.0,descriptive_secondary
C_beta_G,B_G,25,representative,log10_Ar,0.05,0.00036753442117710283,-1.0,1.0,descriptive_secondary
C_beta_G,B_G,25,representative,log10_Ar,0.5,0.0005120546557381145,-1.0,1.0,descriptive_secondary
C_beta_G,B_G,25,representative,log10_Ar,0.9,-0.0011436374153478424,-1.0,1.0,descriptive_secondary
C_beta_G,B_G,25,representative,log10_Ar,0.95,-0.0009119168675828515,-1.0,1.0,descriptive_secondary
C_beta_G,B_G,25,representative,log10_EFAC,0.05,0.0009272747431200434,-1.0,1.0,descriptive_secondary
C_beta_G,B_G,25,representative,log10_EFAC,0.5,0.0004753466044022936,-1.0,1.0,descriptive_secondary
C_beta_G,B_G,25,representative,log10_EFAC,0.9,0.0005995204655223629,-1.0,1.0,descriptive_secondary
C_beta_G,B_G,25,representative,log10_EFAC,0.95,0.0008225781886600503,-1.0,1.0,descriptive_secondary
C_beta_G,B_G,26,representative,u,0.05,4.8849136151288275e-05,-1.0,1.0,descriptive_secondary
C_beta_G,B_G,26,representative,u,0.5,0.002215186228225585,-1.0,1.0,descriptive_secondary
C_beta_G,B_G,26,representative,u,0.9,0.0005330211214125136,-1.0,1.0,descriptive_secondary
C_beta_G,B_G,26,representative,u,0.95,0.0017118887432223673,-1.0,1.0,inconclusive
C_beta_G,B_G,26,representative,log10_Agw,0.05,0.0006345409319036752,-1.0,1.0,descriptive_secondary
C_beta_G,B_G,26,representative,log10_Agw,0.5,0.0037914923663390776,-1.0,1.0,descriptive_secondary
C_beta_G,B_G,26,representative,log10_Agw,0.9,0.00944048705995637,-1.0,1.0,descriptive_secondary
C_beta_G,B_G,26,representative,log10_Agw,0.95,0.013677623243333659,-1.0,1.0,descriptive_secondary
C_beta_G,B_G,26,representative,gamma_gw,0.05,0.00035414956752461563,-1.0,1.0,descriptive_secondary
C_beta_G,B_G,26,representative,gamma_gw,0.5,-0.0004926855229194782,-1.0,1.0,descriptive_secondary
C_beta_G,B_G,26,representative,gamma_gw,0.9,-5.31644582786317e-05,-1.0,1.0,descriptive_secondary
C_beta_G,B_G,26,representative,gamma_gw,0.95,-0.001503094641015279,-1.0,1.0,descriptive_secondary
C_beta_G,B_G,26,representative,log10_Ar,0.05,-0.001046999431142101,-1.0,1.0,descriptive_secondary
C_beta_G,B_G,26,representative,log10_Ar,0.5,0.0049814333090806295,-1.0,1.0,descriptive_secondary
C_beta_G,B_G,26,representative,log10_Ar,0.9,-0.00012619620808029808,-1.0,1.0,descriptive_secondary
C_beta_G,B_G,26,representative,log10_Ar,0.95,0.00019211472420777032,-1.0,1.0,descriptive_secondary
C_beta_G,B_G,26,representative,log10_EFAC,0.05,0.0018253799740739485,-1.0,1.0,descriptive_secondary
C_beta_G,B_G,26,representative,log10_EFAC,0.5,0.0011207975511682844,-1.0,1.0,descriptive_secondary
C_beta_G,B_G,26,representative,log10_EFAC,0.9,0.0014816223825128705,-1.0,1.0,descriptive_secondary
C_beta_G,B_G,26,representative,log10_EFAC,0.95,0.0017133734160032499,-1.0,1.0,descriptive_secondary
C_beta_G,B_G,30,stress,u,0.05,-0.007126298287850497,-1.0,1.0,descriptive_secondary
C_beta_G,B_G,30,stress,u,0.5,-0.045780261365148955,-1.0,1.0,descriptive_secondary
C_beta_G,B_G,30,stress,u,0.9,-0.036188952363892524,-1.0,1.0,descriptive_secondary
C_beta_G,B_G,30,stress,u,0.95,-0.02278466456463135,-1.0,1.0,inconclusive
C_beta_G,B_G,30,stress,log10_Agw,0.05,-0.003949824655799072,-1.0,1.0,descriptive_secondary
C_beta_G,B_G,30,stress,log10_Agw,0.5,-0.00527425549941396,-1.0,1.0,descriptive_secondary
C_beta_G,B_G,30,stress,log10_Agw,0.9,-0.0016027455565628124,-1.0,1.0,descriptive_secondary
C_beta_G,B_G,30,stress,log10_Agw,0.95,-0.0006927540630012885,-1.0,1.0,descriptive_secondary
C_beta_G,B_G,30,stress,gamma_gw,0.05,0.005641442477997249,-1.0,1.0,descriptive_secondary
C_beta_G,B_G,30,stress,gamma_gw,0.5,0.01546878579514488,-1.0,1.0,descriptive_secondary
C_beta_G,B_G,30,stress,gamma_gw,0.9,0.0071765893556751115,-1.0,1.0,descriptive_secondary
C_beta_G,B_G,30,stress,gamma_gw,0.95,0.004069369823807012,-1.0,1.0,descriptive_secondary
C_beta_G,B_G,30,stress,log10_Ar,0.05,0.0005056862928271705,-1.0,1.0,descriptive_secondary
C_beta_G,B_G,30,stress,log10_Ar,0.5,4.697039827394889e-05,-1.0,1.0,descriptive_secondary
C_beta_G,B_G,30,stress,log10_Ar,0.9,0.0025901683596751823,-1.0,1.0,descriptive_secondary
C_beta_G,B_G,30,stress,log10_Ar,0.95,0.0014726788669617852,-1.0,1.0,descriptive_secondary
C_beta_G,B_G,30,stress,log10_EFAC,0.05,0.0028482893134040843,-1.0,1.0,descriptive_secondary
C_beta_G,B_G,30,stress,log10_EFAC,0.5,0.013622587387205343,-1.0,1.0,descriptive_secondary
C_beta_G,B_G,30,stress,log10_EFAC,0.9,0.01152366092057755,-1.0,1.0,descriptive_secondary
C_beta_G,B_G,30,stress,log10_EFAC,0.95,0.008714665312825498,-1.0,1.0,descriptive_secondary
C_beta_G,B_G,44,representative,u,0.05,0.0017203263162894888,-1.0,1.0,descriptive_secondary
C_beta_G,B_G,44,representative,u,0.5,0.005489639310679362,-1.0,1.0,descriptive_secondary
C_beta_G,B_G,44,representative,u,0.9,0.001280971733111369,-1.0,1.0,descriptive_secondary
C_beta_G,B_G,44,representative,u,0.95,0.00010117355486438662,-1.0,1.0,inconclusive
C_beta_G,B_G,44,representative,log10_Agw,0.05,-0.00036494617531185325,-1.0,1.0,descriptive_secondary
C_beta_G,B_G,44,representative,log10_Agw,0.5,0.00381205648567684,-1.0,1.0,descriptive_secondary
C_beta_G,B_G,44,representative,log10_Agw,0.9,0.008886725531652706,-1.0,1.0,descriptive_secondary
C_beta_G,B_G,44,representative,log10_Agw,0.95,0.008604744197668657,-1.0,1.0,descriptive_secondary
C_beta_G,B_G,44,representative,gamma_gw,0.05,-0.00046263364122797745,-1.0,1.0,descriptive_secondary
C_beta_G,B_G,44,representative,gamma_gw,0.5,-0.0013020672226748409,-1.0,1.0,descriptive_secondary
C_beta_G,B_G,44,representative,gamma_gw,0.9,-0.0024557228266369746,-1.0,1.0,descriptive_secondary
C_beta_G,B_G,44,representative,gamma_gw,0.95,-0.0009436923524679397,-1.0,1.0,descriptive_secondary
C_beta_G,B_G,44,representative,log10_Ar,0.05,-0.00011311180219061162,-1.0,1.0,descriptive_secondary
C_beta_G,B_G,44,representative,log10_Ar,0.5,-0.0017833174832084242,-1.0,1.0,descriptive_secondary
C_beta_G,B_G,44,representative,log10_Ar,0.9,0.0008920660002175174,-1.0,1.0,descriptive_secondary
C_beta_G,B_G,44,representative,log10_Ar,0.95,0.0005713875207087327,-1.0,1.0,descriptive_secondary
C_beta_G,B_G,44,representative,log10_EFAC,0.05,0.0003084628409248946,-1.0,1.0,descriptive_secondary
C_beta_G,B_G,44,representative,log10_EFAC,0.5,0.00018290468157766693,-1.0,1.0,descriptive_secondary
C_beta_G,B_G,44,representative,log10_EFAC,0.9,-0.00024640811530907136,-1.0,1.0,descriptive_secondary
C_beta_G,B_G,44,representative,log10_EFAC,0.95,-0.00019546766083755607,-1.0,1.0,descriptive_secondary
C_beta_G,B_G,48,representative,u,0.05,-4.816240651272369e-05,-1.0,1.0,descriptive_secondary
C_beta_G,B_G,48,representative,u,0.5,0.0052222293049778434,-1.0,1.0,descriptive_secondary
C_beta_G,B_G,48,representative,u,0.9,0.0013225343041600723,-1.0,1.0,descriptive_secondary
C_beta_G,B_G,48,representative,u,0.95,0.0012399145789651067,-1.0,1.0,inconclusive
C_beta_G,B_G,48,representative,log10_Agw,0.05,0.00038816357156310974,-1.0,1.0,descriptive_secondary
C_beta_G,B_G,48,representative,log10_Agw,0.5,0.004141273681653873,-1.0,1.0,descriptive_secondary
C_beta_G,B_G,48,representative,log10_Agw,0.9,0.012238031708511121,-1.0,1.0,descriptive_secondary
C_beta_G,B_G,48,representative,log10_Agw,0.95,0.01393863038820875,-1.0,1.0,descriptive_secondary
C_beta_G,B_G,48,representative,gamma_gw,0.05,-0.000829703542993443,-1.0,1.0,descriptive_secondary
C_beta_G,B_G,48,representative,gamma_gw,0.5,-0.00234488751781764,-1.0,1.0,descriptive_secondary
C_beta_G,B_G,48,representative,gamma_gw,0.9,-0.001106875748786429,-1.0,1.0,descriptive_secondary
C_beta_G,B_G,48,representative,gamma_gw,0.95,-0.0010236856483056833,-1.0,1.0,descriptive_secondary
C_beta_G,B_G,48,representative,log10_Ar,0.05,0.00035077729467646035,-1.0,1.0,descriptive_secondary
C_beta_G,B_G,48,representative,log10_Ar,0.5,0.0029409938676127068,-1.0,1.0,descriptive_secondary
C_beta_G,B_G,48,representative,log10_Ar,0.9,3.155530251297556e-05,-1.0,1.0,descriptive_secondary
C_beta_G,B_G,48,representative,log10_Ar,0.95,0.0014392140234384954,-1.0,1.0,descriptive_secondary
C_beta_G,B_G,48,representative,log10_EFAC,0.05,0.00011725201425612751,-1.0,1.0,descriptive_secondary
C_beta_G,B_G,48,representative,log10_EFAC,0.5,0.00016448925687934102,-1.0,1.0,descriptive_secondary
C_beta_G,B_G,48,representative,log10_EFAC,0.9,0.00025828699439237046,-1.0,1.0,descriptive_secondary
C_beta_G,B_G,48,representative,log10_EFAC,0.95,0.0004448285082779002,-1.0,1.0,descriptive_secondary
C_beta_G,B_G,102,representative,u,0.05,-0.0012008707030152707,-1.0,1.0,descriptive_secondary
C_beta_G,B_G,102,representative,u,0.5,-0.003631860164903522,-1.0,1.0,descriptive_secondary
C_beta_G,B_G,102,representative,u,0.9,-0.003472957417436584,-1.0,1.0,descriptive_secondary
C_beta_G,B_G,102,representative,u,0.95,-0.0018934976166228301,-1.0,1.0,inconclusive
C_beta_G,B_G,102,representative,log10_Agw,0.05,0.00029154902452748627,-1.0,1.0,descriptive_secondary
C_beta_G,B_G,102,representative,log10_Agw,0.5,-0.0009895477371033023,-1.0,1.0,descriptive_secondary
C_beta_G,B_G,102,representative,log10_Agw,0.9,0.004997646530825128,-1.0,1.0,descriptive_secondary
C_beta_G,B_G,102,representative,log10_Agw,0.95,0.008345567588385339,-1.0,1.0,descriptive_secondary
C_beta_G,B_G,102,representative,gamma_gw,0.05,0.001643920289169265,-1.0,1.0,descriptive_secondary
C_beta_G,B_G,102,representative,gamma_gw,0.5,0.001823881096202462,-1.0,1.0,descriptive_secondary
C_beta_G,B_G,102,representative,gamma_gw,0.9,0.0028309831109687433,-1.0,1.0,descriptive_secondary
C_beta_G,B_G,102,representative,gamma_gw,0.95,0.00011385339614400358,-1.0,1.0,descriptive_secondary
C_beta_G,B_G,102,representative,log10_Ar,0.05,0.00025007424523986604,-1.0,1.0,descriptive_secondary
C_beta_G,B_G,102,representative,log10_Ar,0.5,0.0005821368968649265,-1.0,1.0,descriptive_secondary
C_beta_G,B_G,102,representative,log10_Ar,0.9,0.0005752596838646262,-1.0,1.0,descriptive_secondary
C_beta_G,B_G,102,representative,log10_Ar,0.95,0.00024728684572150605,-1.0,1.0,descriptive_secondary
C_beta_G,B_G,102,representative,log10_EFAC,0.05,0.00019101919103925447,-1.0,1.0,descriptive_secondary
C_beta_G,B_G,102,representative,log10_EFAC,0.5,0.0016441778874322077,-1.0,1.0,descriptive_secondary
C_beta_G,B_G,102,representative,log10_EFAC,0.9,0.0012809061467373706,-1.0,1.0,descriptive_secondary
C_beta_G,B_G,102,representative,log10_EFAC,0.95,0.0012836137723514218,-1.0,1.0,descriptive_secondary
C_beta_G,B_G,138,stress,u,0.05,-0.002373325166143213,-0.9656022018831416,0.046397798116858416,descriptive_secondary
C_beta_G,B_G,138,stress,u,0.5,-0.013534690775598823,-0.5631237155588176,0.4568762844411825,descriptive_secondary
C_beta_G,B_G,138,stress,u,0.9,-0.0046354415763838475,-0.12567775283548843,0.8943222471645116,descriptive_secondary
C_beta_G,B_G,138,stress,u,0.95,-0.0032030437213382834,-0.06780619987399594,0.9481938001260041,inconclusive
C_beta_G,B_G,138,stress,log10_Agw,0.05,-0.00012784744508242962,-0.3879284628001045,0.6360715371998955,descriptive_secondary
C_beta_G,B_G,138,stress,log10_Agw,0.5,0.0006103555260482674,-0.16987620028370853,0.8421237997162915,descriptive_secondary
C_beta_G,B_G,138,stress,log10_Agw,0.9,0.0013415723640780586,-0.03995512994213524,0.9680448700578648,descriptive_secondary
C_beta_G,B_G,138,stress,log10_Agw,0.95,0.001018305481952475,-0.021590023162562533,0.9844099768374375,descriptive_secondary
C_beta_G,B_G,138,stress,gamma_gw,0.05,0.012426453795968045,-0.9110316607706721,0.11296833922932789,descriptive_secondary
C_beta_G,B_G,138,stress,gamma_gw,0.5,0.013551268111345993,-0.45725888006286386,0.5667411199371362,descriptive_secondary
C_beta_G,B_G,138,stress,gamma_gw,0.9,0.003254114256240226,-0.09963064628825269,0.9163693537117473,descriptive_secondary
C_beta_G,B_G,138,stress,gamma_gw,0.95,0.0024251740613758788,-0.04940520738177667,0.9625947926182233,descriptive_secondary
C_beta_G,B_G,138,stress,log10_Ar,0.05,0.002778373599054841,-0.9504437430479225,0.06555625695207755,descriptive_secondary
C_beta_G,B_G,138,stress,log10_Ar,0.5,0.002262650258934462,-0.465260613848543,0.582739386151457,descriptive_secondary
C_beta_G,B_G,138,stress,log10_Ar,0.9,0.001306266205618578,-0.052584304499465495,0.9594156955005345,descriptive_secondary
C_beta_G,B_G,138,stress,log10_Ar,0.95,0.0005549120070672542,-0.027075256307162454,0.9849247436928376,descriptive_secondary
C_beta_G,B_G,138,stress,log10_EFAC,0.05,0.0019063129596605943,-0.28809833813112606,0.743901661868874,descriptive_secondary
C_beta_G,B_G,138,stress,log10_EFAC,0.5,0.0033774496157638056,-0.09438051121041902,0.911619488789581,descriptive_secondary
C_beta_G,B_G,138,stress,log10_EFAC,0.9,0.0006379801715372668,-0.01967443480430542,0.9833255651956946,descriptive_secondary
C_beta_G,B_G,138,stress,log10_EFAC,0.95,0.0003459641069298858,-0.010715757589495278,0.9922842424105047,descriptive_secondary
C_beta_G,B_G,142,representative,u,0.05,0.0012332456196711555,-1.0,1.0,descriptive_secondary
C_beta_G,B_G,142,representative,u,0.5,0.006195245567624297,-1.0,1.0,descriptive_secondary
C_beta_G,B_G,142,representative,u,0.9,0.0003913806703925715,-1.0,1.0,descriptive_secondary
C_beta_G,B_G,142,representative,u,0.95,0.0015425286635226687,-1.0,1.0,inconclusive
C_beta_G,B_G,142,representative,log10_Agw,0.05,0.001811475376824398,-1.0,1.0,descriptive_secondary
C_beta_G,B_G,142,representative,log10_Agw,0.5,0.009391080050039413,-1.0,1.0,descriptive_secondary
C_beta_G,B_G,142,representative,log10_Agw,0.9,0.016828620351690193,-1.0,1.0,descriptive_secondary
C_beta_G,B_G,142,representative,log10_Agw,0.95,0.017875445511819743,-1.0,1.0,descriptive_secondary
C_beta_G,B_G,142,representative,gamma_gw,0.05,0.0003359517976976936,-1.0,1.0,descriptive_secondary
C_beta_G,B_G,142,representative,gamma_gw,0.5,-0.00336616629014852,-1.0,1.0,descriptive_secondary
C_beta_G,B_G,142,representative,gamma_gw,0.9,-0.003212553853359501,-1.0,1.0,descriptive_secondary
C_beta_G,B_G,142,representative,gamma_gw,0.95,-0.0009268775089745773,-1.0,1.0,descriptive_secondary
C_beta_G,B_G,142,representative,log10_Ar,0.05,0.0002975162799178366,-1.0,1.0,descriptive_secondary
C_beta_G,B_G,142,representative,log10_Ar,0.5,0.0005333131605836372,-1.0,1.0,descriptive_secondary
C_beta_G,B_G,142,representative,log10_Ar,0.9,-0.0012385131317662612,-1.0,1.0,descriptive_secondary
C_beta_G,B_G,142,representative,log10_Ar,0.95,-0.0007717004292390195,-1.0,1.0,descriptive_secondary
C_beta_G,B_G,142,representative,log10_EFAC,0.05,-0.006354261900418906,-1.0,1.0,descriptive_secondary
C_beta_G,B_G,142,representative,log10_EFAC,0.5,0.000487968349356549,-1.0,1.0,descriptive_secondary
C_beta_G,B_G,142,representative,log10_EFAC,0.9,0.0006460575338859131,-1.0,1.0,descriptive_secondary
C_beta_G,B_G,142,representative,log10_EFAC,0.95,0.00038755765655573704,-1.0,1.0,descriptive_secondary
C_beta_G,B_G,157,representative,u,0.05,0.0017744188669865449,-1.0,1.0,descriptive_secondary
C_beta_G,B_G,157,representative,u,0.5,0.008835075079894006,-1.0,1.0,descriptive_secondary
C_beta_G,B_G,157,representative,u,0.9,0.002006238225343737,-1.0,1.0,descriptive_secondary
C_beta_G,B_G,157,representative,u,0.95,0.0007417698854595978,-1.0,1.0,inconclusive
C_beta_G,B_G,157,representative,log10_Agw,0.05,0.0022593913154147355,-1.0,1.0,descriptive_secondary
C_beta_G,B_G,157,representative,log10_Agw,0.5,0.014277504665622942,-1.0,1.0,descriptive_secondary
C_beta_G,B_G,157,representative,log10_Agw,0.9,0.021075183216667903,-1.0,1.0,descriptive_secondary
C_beta_G,B_G,157,representative,log10_Agw,0.95,0.022662879413050563,-1.0,1.0,descriptive_secondary
C_beta_G,B_G,157,representative,gamma_gw,0.05,0.0005112282031410759,-1.0,1.0,descriptive_secondary
C_beta_G,B_G,157,representative,gamma_gw,0.5,-0.004786392982972454,-1.0,1.0,descriptive_secondary
C_beta_G,B_G,157,representative,gamma_gw,0.9,-0.0009172497347026409,-1.0,1.0,descriptive_secondary
C_beta_G,B_G,157,representative,gamma_gw,0.95,0.00037282410229411145,-1.0,1.0,descriptive_secondary
C_beta_G,B_G,157,representative,log10_Ar,0.05,0.00039521015065729914,-1.0,1.0,descriptive_secondary
C_beta_G,B_G,157,representative,log10_Ar,0.5,0.0010968703840529836,-1.0,1.0,descriptive_secondary
C_beta_G,B_G,157,representative,log10_Ar,0.9,-0.0014826381330705907,-1.0,1.0,descriptive_secondary
C_beta_G,B_G,157,representative,log10_Ar,0.95,-0.0013669211710870544,-1.0,1.0,descriptive_secondary
C_beta_G,B_G,157,representative,log10_EFAC,0.05,-0.003645737300148444,-1.0,1.0,descriptive_secondary
C_beta_G,B_G,157,representative,log10_EFAC,0.5,-0.0012349769844546832,-1.0,1.0,descriptive_secondary
C_beta_G,B_G,157,representative,log10_EFAC,0.9,-0.0009722124649496622,-1.0,1.0,descriptive_secondary
C_beta_G,B_G,157,representative,log10_EFAC,0.95,-0.0008292300563395583,-1.0,1.0,descriptive_secondary
C_beta_G,B_G,184,stress,u,0.05,0.0004709581964708609,-1.0,1.0,descriptive_secondary
C_beta_G,B_G,184,stress,u,0.5,0.0015732359045226296,-1.0,1.0,descriptive_secondary
C_beta_G,B_G,184,stress,u,0.9,0.00145175903539152,-1.0,1.0,descriptive_secondary
C_beta_G,B_G,184,stress,u,0.95,0.001215756767078302,-1.0,1.0,inconclusive
C_beta_G,B_G,184,stress,log10_Agw,0.05,0.0005710577353526432,-1.0,1.0,descriptive_secondary
C_beta_G,B_G,184,stress,log10_Agw,0.5,0.00333377890487907,-1.0,1.0,descriptive_secondary
C_beta_G,B_G,184,stress,log10_Agw,0.9,0.010321380041174,-1.0,1.0,descriptive_secondary
C_beta_G,B_G,184,stress,log10_Agw,0.95,0.012143057478204211,-1.0,1.0,descriptive_secondary
C_beta_G,B_G,184,stress,gamma_gw,0.05,0.0001316056843492855,-1.0,1.0,descriptive_secondary
C_beta_G,B_G,184,stress,gamma_gw,0.5,-0.002844894309512347,-1.0,1.0,descriptive_secondary
C_beta_G,B_G,184,stress,gamma_gw,0.9,-0.0005510126392322956,-1.0,1.0,descriptive_secondary
C_beta_G,B_G,184,stress,gamma_gw,0.95,-0.0008161674165234611,-1.0,1.0,descriptive_secondary
C_beta_G,B_G,184,stress,log10_Ar,0.05,-0.00016265438989969405,-1.0,1.0,descriptive_secondary
C_beta_G,B_G,184,stress,log10_Ar,0.5,-0.0006693320091030741,-1.0,1.0,descriptive_secondary
C_beta_G,B_G,184,stress,log10_Ar,0.9,0.0005123240767006543,-1.0,1.0,descriptive_secondary
C_beta_G,B_G,184,stress,log10_Ar,0.95,0.0003727565656957976,-1.0,1.0,descriptive_secondary
C_beta_G,B_G,184,stress,log10_EFAC,0.05,0.00031714681082622986,-1.0,1.0,descriptive_secondary
C_beta_G,B_G,184,stress,log10_EFAC,0.5,0.0005229451311645206,-1.0,1.0,descriptive_secondary
C_beta_G,B_G,184,stress,log10_EFAC,0.9,0.0004957660269137576,-1.0,1.0,descriptive_secondary
C_beta_G,B_G,184,stress,log10_EFAC,0.95,-0.00012116255293626033,-1.0,1.0,descriptive_secondary
C_beta_G,B_G,189,representative,u,0.05,0.002119206902757867,-1.0,1.0,descriptive_secondary
C_beta_G,B_G,189,representative,u,0.5,0.006080822749758963,-1.0,1.0,descriptive_secondary
C_beta_G,B_G,189,representative,u,0.9,0.0018167490337431813,-1.0,1.0,descriptive_secondary
C_beta_G,B_G,189,representative,u,0.95,0.00044692236737853275,-1.0,1.0,inconclusive
C_beta_G,B_G,189,representative,log10_Agw,0.05,0.0020786953653990498,-1.0,1.0,descriptive_secondary
C_beta_G,B_G,189,representative,log10_Agw,0.5,0.011388400717321834,-1.0,1.0,descriptive_secondary
C_beta_G,B_G,189,representative,log10_Agw,0.9,0.01872728730899209,-1.0,1.0,descriptive_secondary
C_beta_G,B_G,189,representative,log10_Agw,0.95,0.020853860895232557,-1.0,1.0,descriptive_secondary
C_beta_G,B_G,189,representative,gamma_gw,0.05,0.0005648022668259048,-1.0,1.0,descriptive_secondary
C_beta_G,B_G,189,representative,gamma_gw,0.5,-0.003075558249109045,-1.0,1.0,descriptive_secondary
C_beta_G,B_G,189,representative,gamma_gw,0.9,-0.0007652867434313482,-1.0,1.0,descriptive_secondary
C_beta_G,B_G,189,representative,gamma_gw,0.95,-0.0005875536020789607,-1.0,1.0,descriptive_secondary
C_beta_G,B_G,189,representative,log10_Ar,0.05,0.00042589407378313543,-1.0,1.0,descriptive_secondary
C_beta_G,B_G,189,representative,log10_Ar,0.5,-0.0017710029711471287,-1.0,1.0,descriptive_secondary
C_beta_G,B_G,189,representative,log10_Ar,0.9,-0.0007282943841144807,-1.0,1.0,descriptive_secondary
C_beta_G,B_G,189,representative,log10_Ar,0.95,-7.746852312373598e-05,-1.0,1.0,descriptive_secondary
C_beta_G,B_G,189,representative,log10_EFAC,0.05,0.00023832868604217045,-1.0,1.0,descriptive_secondary
C_beta_G,B_G,189,representative,log10_EFAC,0.5,1.0697880994392506e-06,-1.0,1.0,descriptive_secondary
C_beta_G,B_G,189,representative,log10_EFAC,0.9,-0.0006547812042144718,-1.0,1.0,descriptive_secondary
C_beta_G,B_G,189,representative,log10_EFAC,0.95,-0.000659447258560153,-1.0,1.0,descriptive_secondary
C_beta_G,B_G,191,representative,u,0.05,9.340348360609846e-05,-0.9536441677581307,0.058355832241869306,descriptive_secondary
C_beta_G,B_G,191,representative,u,0.5,0.00024680194236115227,-0.5026685229691997,0.5213314770308003,descriptive_secondary
C_beta_G,B_G,191,representative,u,0.9,0.0016566600201376458,-0.10114793369407016,0.9108520663059299,descriptive_secondary
C_beta_G,B_G,191,representative,u,0.95,0.0005444172126554125,-0.05444004088782606,0.957559959112174,inconclusive
C_beta_G,B_G,191,representative,log10_Agw,0.05,0.000658008129621579,-0.9632994045762293,0.04470059542377075,descriptive_secondary
C_beta_G,B_G,191,representative,log10_Agw,0.5,0.004335910839917412,-0.6102539961918167,0.40574600380818326,descriptive_secondary
C_beta_G,B_G,191,representative,log10_Agw,0.9,0.009444486361598114,-0.29414353245389024,0.7218564675461098,descriptive_secondary
C_beta_G,B_G,191,representative,log10_Agw,0.95,0.008950280147743128,-0.2362846186162474,0.7957153813837526,descriptive_secondary
C_beta_G,B_G,191,representative,gamma_gw,0.05,1.8194802278062583e-05,-0.9659425136416563,0.05005748635834371,descriptive_secondary
C_beta_G,B_G,191,representative,gamma_gw,0.5,0.0012655247821676263,-0.5650715515467573,0.4589284484532428,descriptive_secondary
C_beta_G,B_G,191,representative,gamma_gw,0.9,-0.003264747641039123,-0.13712569374800332,0.8828743062519967,descriptive_secondary
C_beta_G,B_G,191,representative,gamma_gw,0.95,-0.002476830592264445,-0.07107941765734938,0.9449205823426506,descriptive_secondary
C_beta_G,B_G,191,representative,log10_Ar,0.05,-0.0018733330641190135,-0.9546559569231737,0.05734404307682622,descriptive_secondary
C_beta_G,B_G,191,representative,log10_Ar,0.5,0.000927750769309621,-0.48672153046017086,0.5452784695398292,descriptive_secondary
C_beta_G,B_G,191,representative,log10_Ar,0.9,0.0011704270724948174,-0.09520196627886368,0.9207980337211363,descriptive_secondary
C_beta_G,B_G,191,representative,log10_Ar,0.95,5.131434386052014e-05,-0.05116992736526438,0.9568300726347356,descriptive_secondary
C_beta_G,B_G,191,representative,log10_EFAC,0.05,0.0009017078129436307,-0.4326245822339012,0.5793754177660988,descriptive_secondary
C_beta_G,B_G,191,representative,log10_EFAC,0.5,0.00029690674416027463,-0.3075655776246291,0.6954344223753709,descriptive_secondary
C_beta_G,B_G,191,representative,log10_EFAC,0.9,0.0001893892184564594,-0.2307905166549905,0.7772094833450095,descriptive_secondary
C_beta_G,B_G,191,representative,log10_EFAC,0.95,0.0008404958428386289,-0.2077008282058006,0.8002991717941994,descriptive_secondary
C_beta_G,B_G,197,representative,u,0.05,0.0010910239271919447,-1.0,1.0,descriptive_secondary
C_beta_G,B_G,197,representative,u,0.5,0.008465874846561916,-1.0,1.0,descriptive_secondary
C_beta_G,B_G,197,representative,u,0.9,0.00225039298187657,-1.0,1.0,descriptive_secondary
C_beta_G,B_G,197,representative,u,0.95,0.001574207073330336,-1.0,1.0,inconclusive
C_beta_G,B_G,197,representative,log10_Agw,0.05,0.0007976272172221036,-1.0,1.0,descriptive_secondary
C_beta_G,B_G,197,representative,log10_Agw,0.5,0.004483305153988676,-1.0,1.0,descriptive_secondary
C_beta_G,B_G,197,representative,log10_Agw,0.9,0.010553925710221734,-1.0,1.0,descriptive_secondary
C_beta_G,B_G,197,representative,log10_Agw,0.95,0.013616380771788561,-1.0,1.0,descriptive_secondary
C_beta_G,B_G,197,representative,gamma_gw,0.05,-0.0004884037417120304,-1.0,1.0,descriptive_secondary
C_beta_G,B_G,197,representative,gamma_gw,0.5,6.0106449987495925e-05,-1.0,1.0,descriptive_secondary
C_beta_G,B_G,197,representative,gamma_gw,0.9,-0.00034810771718629674,-1.0,1.0,descriptive_secondary
C_beta_G,B_G,197,representative,gamma_gw,0.95,-0.0010634567971998798,-1.0,1.0,descriptive_secondary
C_beta_G,B_G,197,representative,log10_Ar,0.05,0.00020722029265841935,-1.0,1.0,descriptive_secondary
C_beta_G,B_G,197,representative,log10_Ar,0.5,-0.0001577931510684527,-1.0,1.0,descriptive_secondary
C_beta_G,B_G,197,representative,log10_Ar,0.9,0.0014124804923484335,-1.0,1.0,descriptive_secondary
C_beta_G,B_G,197,representative,log10_Ar,0.95,4.442411804372881e-05,-1.0,1.0,descriptive_secondary
C_beta_G,B_G,197,representative,log10_EFAC,0.05,1.6574902494460343e-07,-1.0,1.0,descriptive_secondary
C_beta_G,B_G,197,representative,log10_EFAC,0.5,1.6907402783865322e-05,-1.0,1.0,descriptive_secondary
C_beta_G,B_G,197,representative,log10_EFAC,0.9,0.00016625441584617456,-1.0,1.0,descriptive_secondary
C_beta_G,B_G,197,representative,log10_EFAC,0.95,-0.00022315502001578336,-1.0,1.0,descriptive_secondary
C_beta_G,B_G,249,representative,u,0.05,0.0009671525601213718,-1.0,1.0,descriptive_secondary
C_beta_G,B_G,249,representative,u,0.5,0.00803349035953771,-1.0,1.0,descriptive_secondary
C_beta_G,B_G,249,representative,u,0.9,0.0028992358954149644,-1.0,1.0,descriptive_secondary
C_beta_G,B_G,249,representative,u,0.95,0.0015707458691158749,-1.0,1.0,inconclusive
C_beta_G,B_G,249,representative,log10_Agw,0.05,0.000620048417571191,-1.0,1.0,descriptive_secondary
C_beta_G,B_G,249,representative,log10_Agw,0.5,0.0043547480842128505,-1.0,1.0,descriptive_secondary
C_beta_G,B_G,249,representative,log10_Agw,0.9,0.012414120016728758,-1.0,1.0,descriptive_secondary
C_beta_G,B_G,249,representative,log10_Agw,0.95,0.014357754010539514,-1.0,1.0,descriptive_secondary
C_beta_G,B_G,249,representative,gamma_gw,0.05,-0.0009444029484302549,-1.0,1.0,descriptive_secondary
C_beta_G,B_G,249,representative,gamma_gw,0.5,-0.0010083959657294361,-1.0,1.0,descriptive_secondary
C_beta_G,B_G,249,representative,gamma_gw,0.9,0.0011275480517558556,-1.0,1.0,descriptive_secondary
C_beta_G,B_G,249,representative,gamma_gw,0.95,0.0006979686237711391,-1.0,1.0,descriptive_secondary
C_beta_G,B_G,249,representative,log10_Ar,0.05,0.0005661799374937285,-1.0,1.0,descriptive_secondary
C_beta_G,B_G,249,representative,log10_Ar,0.5,-0.0003546397638707899,-1.0,1.0,descriptive_secondary
C_beta_G,B_G,249,representative,log10_Ar,0.9,-0.0013600928706922755,-1.0,1.0,descriptive_secondary
C_beta_G,B_G,249,representative,log10_Ar,0.95,-4.41115859830532e-05,-1.0,1.0,descriptive_secondary
C_beta_G,B_G,249,representative,log10_EFAC,0.05,6.848011596016779e-05,-1.0,1.0,descriptive_secondary
C_beta_G,B_G,249,representative,log10_EFAC,0.5,-0.00011107054280265483,-1.0,1.0,descriptive_secondary
C_beta_G,B_G,249,representative,log10_EFAC,0.9,-0.00019722120579976354,-1.0,1.0,descriptive_secondary
C_beta_G,B_G,249,representative,log10_EFAC,0.95,4.8658738950269065e-05,-1.0,1.0,descriptive_secondary
C_beta_G,B_G,272,representative,u,0.05,0.00022706777157114472,-1.0,1.0,descriptive_secondary
C_beta_G,B_G,272,representative,u,0.5,0.0012880972504177857,-1.0,1.0,descriptive_secondary
C_beta_G,B_G,272,representative,u,0.9,0.0019695093494865867,-1.0,1.0,descriptive_secondary
C_beta_G,B_G,272,representative,u,0.95,0.0009828676572409822,-1.0,1.0,inconclusive
C_beta_G,B_G,272,representative,log10_Agw,0.05,0.0005103755813725755,-1.0,1.0,descriptive_secondary
C_beta_G,B_G,272,representative,log10_Agw,0.5,0.0062193829906003195,-1.0,1.0,descriptive_secondary
C_beta_G,B_G,272,representative,log10_Agw,0.9,0.012454702346639035,-1.0,1.0,descriptive_secondary
C_beta_G,B_G,272,representative,log10_Agw,0.95,0.012470734372897585,-1.0,1.0,descriptive_secondary
C_beta_G,B_G,272,representative,gamma_gw,0.05,5.2575847570006384e-05,-1.0,1.0,descriptive_secondary
C_beta_G,B_G,272,representative,gamma_gw,0.5,-0.005395169188986415,-1.0,1.0,descriptive_secondary
C_beta_G,B_G,272,representative,gamma_gw,0.9,-0.0011799722127098233,-1.0,1.0,descriptive_secondary
C_beta_G,B_G,272,representative,gamma_gw,0.95,-0.00012322447518964275,-1.0,1.0,descriptive_secondary
C_beta_G,B_G,272,representative,log10_Ar,0.05,0.00027033754369520935,-1.0,1.0,descriptive_secondary
C_beta_G,B_G,272,representative,log10_Ar,0.5,0.0021441265278963617,-1.0,1.0,descriptive_secondary
C_beta_G,B_G,272,representative,log10_Ar,0.9,0.0017871045335030589,-1.0,1.0,descriptive_secondary
C_beta_G,B_G,272,representative,log10_Ar,0.95,0.00046742359691342994,-1.0,1.0,descriptive_secondary
C_beta_G,B_G,272,representative,log10_EFAC,0.05,0.001723433402939456,-1.0,1.0,descriptive_secondary
C_beta_G,B_G,272,representative,log10_EFAC,0.5,0.0002546523187437755,-1.0,1.0,descriptive_secondary
C_beta_G,B_G,272,representative,log10_EFAC,0.9,0.00022725260819334014,-1.0,1.0,descriptive_secondary
C_beta_G,B_G,272,representative,log10_EFAC,0.95,-2.313216725280398e-05,-1.0,1.0,descriptive_secondary
C_beta_G,B_G,285,representative,u,0.05,0.00015574876851085634,-1.0,1.0,descriptive_secondary
C_beta_G,B_G,285,representative,u,0.5,-0.005750173950283544,-1.0,1.0,descriptive_secondary
C_beta_G,B_G,285,representative,u,0.9,-0.002417599908703716,-1.0,1.0,descriptive_secondary
C_beta_G,B_G,285,representative,u,0.95,-0.0011961965075790726,-1.0,1.0,inconclusive
C_beta_G,B_G,285,representative,log10_Agw,0.05,-0.0022987719476926793,-1.0,1.0,descriptive_secondary
C_beta_G,B_G,285,representative,log10_Agw,0.5,0.004870591820596348,-1.0,1.0,descriptive_secondary
C_beta_G,B_G,285,representative,log10_Agw,0.9,0.003984636237261974,-1.0,1.0,descriptive_secondary
C_beta_G,B_G,285,representative,log10_Agw,0.95,0.003488614082494901,-1.0,1.0,descriptive_secondary
C_beta_G,B_G,285,representative,gamma_gw,0.05,0.005675772538982951,-1.0,1.0,descriptive_secondary
C_beta_G,B_G,285,representative,gamma_gw,0.5,0.008230392902986217,-1.0,1.0,descriptive_secondary
C_beta_G,B_G,285,representative,gamma_gw,0.9,0.001994199308730682,-1.0,1.0,descriptive_secondary
C_beta_G,B_G,285,representative,gamma_gw,0.95,0.0004788843121307229,-1.0,1.0,descriptive_secondary
C_beta_G,B_G,285,representative,log10_Ar,0.05,3.557125831880892e-05,-1.0,1.0,descriptive_secondary
C_beta_G,B_G,285,representative,log10_Ar,0.5,-0.0031840051115732404,-1.0,1.0,descriptive_secondary
C_beta_G,B_G,285,representative,log10_Ar,0.9,0.0005135437375480834,-1.0,1.0,descriptive_secondary
C_beta_G,B_G,285,representative,log10_Ar,0.95,-0.0001600903959777522,-1.0,1.0,descriptive_secondary
C_beta_G,B_G,285,representative,log10_EFAC,0.05,0.0013313975375667253,-1.0,1.0,descriptive_secondary
C_beta_G,B_G,285,representative,log10_EFAC,0.5,0.0014159342559759702,-1.0,1.0,descriptive_secondary
C_beta_G,B_G,285,representative,log10_EFAC,0.9,7.99476329865767e-05,-1.0,1.0,descriptive_secondary
C_beta_G,B_G,285,representative,log10_EFAC,0.95,2.50822217517932e-05,-1.0,1.0,descriptive_secondary
C_beta_G,B_G,313,representative,u,0.05,-6.139804902593332e-05,-1.0,1.0,descriptive_secondary
C_beta_G,B_G,313,representative,u,0.5,-0.005324655273402257,-1.0,1.0,descriptive_secondary
C_beta_G,B_G,313,representative,u,0.9,0.00030394664502453317,-1.0,1.0,descriptive_secondary
C_beta_G,B_G,313,representative,u,0.95,-6.697254538390318e-05,-1.0,1.0,inconclusive
C_beta_G,B_G,313,representative,log10_Agw,0.05,-2.4030111812858856e-05,-1.0,1.0,descriptive_secondary
C_beta_G,B_G,313,representative,log10_Agw,0.5,0.0007002947602949283,-1.0,1.0,descriptive_secondary
C_beta_G,B_G,313,representative,log10_Agw,0.9,0.004530994588406112,-1.0,1.0,descriptive_secondary
C_beta_G,B_G,313,representative,log10_Agw,0.95,0.007815239747715474,-1.0,1.0,descriptive_secondary
C_beta_G,B_G,313,representative,gamma_gw,0.05,0.0009521220349377607,-1.0,1.0,descriptive_secondary
C_beta_G,B_G,313,representative,gamma_gw,0.5,-0.0001116705619908509,-1.0,1.0,descriptive_secondary
C_beta_G,B_G,313,representative,gamma_gw,0.9,-0.0010622559346562532,-1.0,1.0,descriptive_secondary
C_beta_G,B_G,313,representative,gamma_gw,0.95,-0.0007244722379248225,-1.0,1.0,descriptive_secondary
C_beta_G,B_G,313,representative,log10_Ar,0.05,0.0030104184988946764,-1.0,1.0,descriptive_secondary
C_beta_G,B_G,313,representative,log10_Ar,0.5,0.006593496465071902,-1.0,1.0,descriptive_secondary
C_beta_G,B_G,313,representative,log10_Ar,0.9,0.0009049538669019253,-1.0,1.0,descriptive_secondary
C_beta_G,B_G,313,representative,log10_Ar,0.95,0.0008342727450131315,-1.0,1.0,descriptive_secondary
C_beta_G,B_G,313,representative,log10_EFAC,0.05,0.0005443581596626321,-1.0,1.0,descriptive_secondary
C_beta_G,B_G,313,representative,log10_EFAC,0.5,0.0026288705204633445,-1.0,1.0,descriptive_secondary
C_beta_G,B_G,313,representative,log10_EFAC,0.9,0.0015399583774481918,-1.0,1.0,descriptive_secondary
C_beta_G,B_G,313,representative,log10_EFAC,0.95,0.0006478141838487383,-1.0,1.0,descriptive_secondary
C_beta_G,B_G,327,representative,u,0.05,-0.001457551425404019,-1.0,1.0,descriptive_secondary
C_beta_G,B_G,327,representative,u,0.5,-0.011422635255239011,-1.0,1.0,descriptive_secondary
C_beta_G,B_G,327,representative,u,0.9,-0.006068572490212976,-1.0,1.0,descriptive_secondary
C_beta_G,B_G,327,representative,u,0.95,-0.0030778211332210814,-1.0,1.0,inconclusive
C_beta_G,B_G,327,representative,log10_Agw,0.05,0.0023660366998913274,-1.0,1.0,descriptive_secondary
C_beta_G,B_G,327,representative,log10_Agw,0.5,0.003642480309694718,-1.0,1.0,descriptive_secondary
C_beta_G,B_G,327,representative,log10_Agw,0.9,0.0012395675860487065,-1.0,1.0,descriptive_secondary
C_beta_G,B_G,327,representative,log10_Agw,0.95,0.0007931288880660414,-1.0,1.0,descriptive_secondary
C_beta_G,B_G,327,representative,gamma_gw,0.05,0.015830954300036948,-1.0,1.0,descriptive_secondary
C_beta_G,B_G,327,representative,gamma_gw,0.5,0.0037965079784367806,-1.0,1.0,descriptive_secondary
C_beta_G,B_G,327,representative,gamma_gw,0.9,-0.0007375047780407984,-1.0,1.0,descriptive_secondary
C_beta_G,B_G,327,representative,gamma_gw,0.95,0.00035722024699791355,-1.0,1.0,descriptive_secondary
C_beta_G,B_G,327,representative,log10_Ar,0.05,0.0013090417683487357,-1.0,1.0,descriptive_secondary
C_beta_G,B_G,327,representative,log10_Ar,0.5,0.0039680324980559956,-1.0,1.0,descriptive_secondary
C_beta_G,B_G,327,representative,log10_Ar,0.9,0.00280592944925262,-1.0,1.0,descriptive_secondary
C_beta_G,B_G,327,representative,log10_Ar,0.95,0.0015268767974455644,-1.0,1.0,descriptive_secondary
C_beta_G,B_G,327,representative,log10_EFAC,0.05,0.001566731406820135,-1.0,1.0,descriptive_secondary
C_beta_G,B_G,327,representative,log10_EFAC,0.5,0.008086520181900037,-1.0,1.0,descriptive_secondary
C_beta_G,B_G,327,representative,log10_EFAC,0.9,0.004092198009145509,-1.0,1.0,descriptive_secondary
C_beta_G,B_G,327,representative,log10_EFAC,0.95,0.004315847918960447,-1.0,1.0,descriptive_secondary
C_beta_G,B_G,333,stress,u,0.05,-0.0022888371251375897,-1.0,1.0,descriptive_secondary
C_beta_G,B_G,333,stress,u,0.5,-0.03199974629564356,-1.0,1.0,descriptive_secondary
C_beta_G,B_G,333,stress,u,0.9,-0.022518034324858105,-1.0,1.0,descriptive_secondary
C_beta_G,B_G,333,stress,u,0.95,-0.013264790984767849,-1.0,1.0,inconclusive
C_beta_G,B_G,333,stress,log10_Agw,0.05,-0.002347110180042411,-1.0,1.0,descriptive_secondary
C_beta_G,B_G,333,stress,log10_Agw,0.5,-0.002595478483834679,-1.0,1.0,descriptive_secondary
C_beta_G,B_G,333,stress,log10_Agw,0.9,-0.0010944504163178381,-1.0,1.0,descriptive_secondary
C_beta_G,B_G,333,stress,log10_Agw,0.95,-0.000460201187764131,-1.0,1.0,descriptive_secondary
C_beta_G,B_G,333,stress,gamma_gw,0.05,0.01657830153465442,-1.0,1.0,descriptive_secondary
C_beta_G,B_G,333,stress,gamma_gw,0.5,0.01763703604958855,-1.0,1.0,descriptive_secondary
C_beta_G,B_G,333,stress,gamma_gw,0.9,0.00516673701098147,-1.0,1.0,descriptive_secondary
C_beta_G,B_G,333,stress,gamma_gw,0.95,0.0031656660271560666,-1.0,1.0,descriptive_secondary
C_beta_G,B_G,333,stress,log10_Ar,0.05,0.0004071392093177237,-1.0,1.0,descriptive_secondary
C_beta_G,B_G,333,stress,log10_Ar,0.5,0.002428594640605408,-1.0,1.0,descriptive_secondary
C_beta_G,B_G,333,stress,log10_Ar,0.9,0.0008284373718774329,-1.0,1.0,descriptive_secondary
C_beta_G,B_G,333,stress,log10_Ar,0.95,0.00011616526487123746,-1.0,1.0,descriptive_secondary
C_beta_G,B_G,333,stress,log10_EFAC,0.05,0.002296357892061507,-1.0,1.0,descriptive_secondary
C_beta_G,B_G,333,stress,log10_EFAC,0.5,0.0010153854072576518,-1.0,1.0,descriptive_secondary
C_beta_G,B_G,333,stress,log10_EFAC,0.9,0.00043421546810540335,-1.0,1.0,descriptive_secondary
C_beta_G,B_G,333,stress,log10_EFAC,0.95,0.0002850664333493569,-1.0,1.0,descriptive_secondary
C_beta_G,B_G,346,representative,u,0.05,0.00014087859736427316,-1.0,1.0,descriptive_secondary
C_beta_G,B_G,346,representative,u,0.5,0.0056616459458926904,-1.0,1.0,descriptive_secondary
C_beta_G,B_G,346,representative,u,0.9,0.0005421830237840597,-1.0,1.0,descriptive_secondary
C_beta_G,B_G,346,representative,u,0.95,0.00039927185228594286,-1.0,1.0,inconclusive
C_beta_G,B_G,346,representative,log10_Agw,0.05,0.0007923744243752834,-1.0,1.0,descriptive_secondary
C_beta_G,B_G,346,representative,log10_Agw,0.5,0.005914409803987275,-1.0,1.0,descriptive_secondary
C_beta_G,B_G,346,representative,log10_Agw,0.9,0.013170372940166764,-1.0,1.0,descriptive_secondary
C_beta_G,B_G,346,representative,log10_Agw,0.95,0.014938259656209651,-1.0,1.0,descriptive_secondary
C_beta_G,B_G,346,representative,gamma_gw,0.05,-0.0009656342427397657,-1.0,1.0,descriptive_secondary
C_beta_G,B_G,346,representative,gamma_gw,0.5,-0.0033377806951736533,-1.0,1.0,descriptive_secondary
C_beta_G,B_G,346,representative,gamma_gw,0.9,-0.0005495997050938284,-1.0,1.0,descriptive_secondary
C_beta_G,B_G,346,representative,gamma_gw,0.95,-0.00014611027221422823,-1.0,1.0,descriptive_secondary
C_beta_G,B_G,346,representative,log10_Ar,0.05,0.0017382604514817254,-1.0,1.0,descriptive_secondary
C_beta_G,B_G,346,representative,log10_Ar,0.5,0.0033075623312309177,-1.0,1.0,descriptive_secondary
C_beta_G,B_G,346,representative,log10_Ar,0.9,-0.0011640591062497263,-1.0,1.0,descriptive_secondary
C_beta_G,B_G,346,representative,log10_Ar,0.95,-0.002073655081128001,-1.0,1.0,descriptive_secondary
C_beta_G,B_G,346,representative,log10_EFAC,0.05,0.0014835170533886721,-1.0,1.0,descriptive_secondary
C_beta_G,B_G,346,representative,log10_EFAC,0.5,0.0005015653021751554,-1.0,1.0,descriptive_secondary
C_beta_G,B_G,346,representative,log10_EFAC,0.9,0.0005446008560193727,-1.0,1.0,descriptive_secondary
C_beta_G,B_G,346,representative,log10_EFAC,0.95,0.0006722032698859293,-1.0,1.0,descriptive_secondary
C_beta_G,B_G,355,representative,u,0.05,-0.00010738439729091054,-1.0,1.0,descriptive_secondary
C_beta_G,B_G,355,representative,u,0.5,-0.002226754918242091,-1.0,1.0,descriptive_secondary
C_beta_G,B_G,355,representative,u,0.9,0.0013707098394460937,-1.0,1.0,descriptive_secondary
C_beta_G,B_G,355,representative,u,0.95,0.0005156745985297473,-1.0,1.0,inconclusive
C_beta_G,B_G,355,representative,log10_Agw,0.05,-0.0005939164977060846,-1.0,1.0,descriptive_secondary
C_beta_G,B_G,355,representative,log10_Agw,0.5,0.0013774922626759722,-1.0,1.0,descriptive_secondary
C_beta_G,B_G,355,representative,log10_Agw,0.9,0.007643151731979492,-1.0,1.0,descriptive_secondary
C_beta_G,B_G,355,representative,log10_Agw,0.95,0.010191901398972858,-1.0,1.0,descriptive_secondary
C_beta_G,B_G,355,representative,gamma_gw,0.05,0.0006920241432042951,-1.0,1.0,descriptive_secondary
C_beta_G,B_G,355,representative,gamma_gw,0.5,0.0028976622305979527,-1.0,1.0,descriptive_secondary
C_beta_G,B_G,355,representative,gamma_gw,0.9,0.001326564738129199,-1.0,1.0,descriptive_secondary
C_beta_G,B_G,355,representative,gamma_gw,0.95,0.00017270583006168128,-1.0,1.0,descriptive_secondary
C_beta_G,B_G,355,representative,log10_Ar,0.05,-0.0009608273952991173,-1.0,1.0,descriptive_secondary
C_beta_G,B_G,355,representative,log10_Ar,0.5,0.0020723293271318055,-1.0,1.0,descriptive_secondary
C_beta_G,B_G,355,representative,log10_Ar,0.9,0.0023879017229663235,-1.0,1.0,descriptive_secondary
C_beta_G,B_G,355,representative,log10_Ar,0.95,0.0012142823500266298,-1.0,1.0,descriptive_secondary
C_beta_G,B_G,355,representative,log10_EFAC,0.05,-3.926409929347688e-05,-1.0,1.0,descriptive_secondary
C_beta_G,B_G,355,representative,log10_EFAC,0.5,0.002827787440919022,-1.0,1.0,descriptive_secondary
C_beta_G,B_G,355,representative,log10_EFAC,0.9,0.0011095972545999144,-1.0,1.0,descriptive_secondary
C_beta_G,B_G,355,representative,log10_EFAC,0.95,0.0007738329961900492,-1.0,1.0,descriptive_secondary
C_beta_G,B_G,359,stress,u,0.05,-0.0040608405553891475,-1.0,1.0,descriptive_secondary
C_beta_G,B_G,359,stress,u,0.5,-0.02911589378980317,-1.0,1.0,descriptive_secondary
C_beta_G,B_G,359,stress,u,0.9,-0.027679034754030662,-1.0,1.0,descriptive_secondary
C_beta_G,B_G,359,stress,u,0.95,-0.017426022464169688,-1.0,1.0,inconclusive
C_beta_G,B_G,359,stress,log10_Agw,0.05,-0.0018651159423755947,-1.0,1.0,descriptive_secondary
C_beta_G,B_G,359,stress,log10_Agw,0.5,-0.0025520539019103783,-1.0,1.0,descriptive_secondary
C_beta_G,B_G,359,stress,log10_Agw,0.9,-0.0009952061959177527,-1.0,1.0,descriptive_secondary
C_beta_G,B_G,359,stress,log10_Agw,0.95,-0.0003328542107580157,-1.0,1.0,descriptive_secondary
C_beta_G,B_G,359,stress,gamma_gw,0.05,0.014151713961112755,-1.0,1.0,descriptive_secondary
C_beta_G,B_G,359,stress,gamma_gw,0.5,0.015829314256742055,-1.0,1.0,descriptive_secondary
C_beta_G,B_G,359,stress,gamma_gw,0.9,0.00486953813611668,-1.0,1.0,descriptive_secondary
C_beta_G,B_G,359,stress,gamma_gw,0.95,0.0023400475147469235,-1.0,1.0,descriptive_secondary
C_beta_G,B_G,359,stress,log10_Ar,0.05,0.0008424964952790867,-1.0,1.0,descriptive_secondary
C_beta_G,B_G,359,stress,log10_Ar,0.5,0.0016758222034263248,-1.0,1.0,descriptive_secondary
C_beta_G,B_G,359,stress,log10_Ar,0.9,0.0012028089443196777,-1.0,1.0,descriptive_secondary
C_beta_G,B_G,359,stress,log10_Ar,0.95,0.0005321497379030538,-1.0,1.0,descriptive_secondary
C_beta_G,B_G,359,stress,log10_EFAC,0.05,0.006412919656088506,-1.0,1.0,descriptive_secondary
C_beta_G,B_G,359,stress,log10_EFAC,0.5,0.003036652473169532,-1.0,1.0,descriptive_secondary
C_beta_G,B_G,359,stress,log10_EFAC,0.9,0.004187534459632158,-1.0,1.0,descriptive_secondary
C_beta_G,B_G,359,stress,log10_EFAC,0.95,0.0033927848587136378,-1.0,1.0,descriptive_secondary
C_beta_G,B_G,380,representative,u,0.05,9.314472270006285e-05,-1.0,1.0,descriptive_secondary
C_beta_G,B_G,380,representative,u,0.5,0.0017633478183799456,-1.0,1.0,descriptive_secondary
C_beta_G,B_G,380,representative,u,0.9,0.0010480723852753782,-1.0,1.0,descriptive_secondary
C_beta_G,B_G,380,representative,u,0.95,0.0012062074920049515,-1.0,1.0,inconclusive
C_beta_G,B_G,380,representative,log10_Agw,0.05,-0.0001318650292370105,-1.0,1.0,descriptive_secondary
C_beta_G,B_G,380,representative,log10_Agw,0.5,0.002958956410945124,-1.0,1.0,descriptive_secondary
C_beta_G,B_G,380,representative,log10_Agw,0.9,0.00924516105061246,-1.0,1.0,descriptive_secondary
C_beta_G,B_G,380,representative,log10_Agw,0.95,0.011723200344670226,-1.0,1.0,descriptive_secondary
C_beta_G,B_G,380,representative,gamma_gw,0.05,-0.0003378270469128336,-1.0,1.0,descriptive_secondary
C_beta_G,B_G,380,representative,gamma_gw,0.5,-0.004682535758699202,-1.0,1.0,descriptive_secondary
C_beta_G,B_G,380,representative,gamma_gw,0.9,-0.0008498214479297772,-1.0,1.0,descriptive_secondary
C_beta_G,B_G,380,representative,gamma_gw,0.95,-0.0014012759005682662,-1.0,1.0,descriptive_secondary
C_beta_G,B_G,380,representative,log10_Ar,0.05,0.000291366296809939,-1.0,1.0,descriptive_secondary
C_beta_G,B_G,380,representative,log10_Ar,0.5,0.004739694238850789,-1.0,1.0,descriptive_secondary
C_beta_G,B_G,380,representative,log10_Ar,0.9,0.00043356424309637376,-1.0,1.0,descriptive_secondary
C_beta_G,B_G,380,representative,log10_Ar,0.95,-0.0001598842186488758,-1.0,1.0,descriptive_secondary
C_beta_G,B_G,380,representative,log10_EFAC,0.05,-0.00031886552398471824,-1.0,1.0,descriptive_secondary
C_beta_G,B_G,380,representative,log10_EFAC,0.5,0.0021888044571061194,-1.0,1.0,descriptive_secondary
C_beta_G,B_G,380,representative,log10_EFAC,0.9,0.0010788659146989676,-1.0,1.0,descriptive_secondary
C_beta_G,B_G,380,representative,log10_EFAC,0.95,-0.000256033679566281,-1.0,1.0,descriptive_secondary
C_beta_G,B_G,409,representative,u,0.05,0.0020301244563227447,-1.0,1.0,descriptive_secondary
C_beta_G,B_G,409,representative,u,0.5,0.009203271093692345,-1.0,1.0,descriptive_secondary
C_beta_G,B_G,409,representative,u,0.9,0.0031705491545240827,-1.0,1.0,descriptive_secondary
C_beta_G,B_G,409,representative,u,0.95,0.002155238090181144,-1.0,1.0,inconclusive
C_beta_G,B_G,409,representative,log10_Agw,0.05,0.0009889886709969972,-1.0,1.0,descriptive_secondary
C_beta_G,B_G,409,representative,log10_Agw,0.5,0.0038151369761316722,-1.0,1.0,descriptive_secondary
C_beta_G,B_G,409,representative,log10_Agw,0.9,0.010409157389847046,-1.0,1.0,descriptive_secondary
C_beta_G,B_G,409,representative,log10_Agw,0.95,0.01407822569354944,-1.0,1.0,descriptive_secondary
C_beta_G,B_G,409,representative,gamma_gw,0.05,0.0006804649683232536,-1.0,1.0,descriptive_secondary
C_beta_G,B_G,409,representative,gamma_gw,0.5,-0.0003553592286107965,-1.0,1.0,descriptive_secondary
C_beta_G,B_G,409,representative,gamma_gw,0.9,0.0007598568542782624,-1.0,1.0,descriptive_secondary
C_beta_G,B_G,409,representative,gamma_gw,0.95,0.0011690669703694478,-1.0,1.0,descriptive_secondary
C_beta_G,B_G,409,representative,log10_Ar,0.05,0.00022880136146114644,-1.0,1.0,descriptive_secondary
C_beta_G,B_G,409,representative,log10_Ar,0.5,0.0013566780771226972,-1.0,1.0,descriptive_secondary
C_beta_G,B_G,409,representative,log10_Ar,0.9,0.0002867916128519443,-1.0,1.0,descriptive_secondary
C_beta_G,B_G,409,representative,log10_Ar,0.95,0.0013914433896397016,-1.0,1.0,descriptive_secondary
C_beta_G,B_G,409,representative,log10_EFAC,0.05,-0.0004774546914000366,-1.0,1.0,descriptive_secondary
C_beta_G,B_G,409,representative,log10_EFAC,0.5,-5.83475566678926e-05,-1.0,1.0,descriptive_secondary
C_beta_G,B_G,409,representative,log10_EFAC,0.9,-0.0002642180657351778,-1.0,1.0,descriptive_secondary
C_beta_G,B_G,409,representative,log10_EFAC,0.95,9.387959825113423e-05,-1.0,1.0,descriptive_secondary
C_beta_G,B_G,424,stress,u,0.05,0.012906879925762935,-1.0,1.0,descriptive_secondary
C_beta_G,B_G,424,stress,u,0.5,0.02213260128209904,-1.0,1.0,descriptive_secondary
C_beta_G,B_G,424,stress,u,0.9,0.004574328606245959,-1.0,1.0,descriptive_secondary
C_beta_G,B_G,424,stress,u,0.95,0.0026069308730020113,-1.0,1.0,inconclusive
C_beta_G,B_G,424,stress,log10_Agw,0.05,0.022770802083988073,-1.0,1.0,descriptive_secondary
C_beta_G,B_G,424,stress,log10_Agw,0.5,0.012425029806908738,-1.0,1.0,descriptive_secondary
C_beta_G,B_G,424,stress,log10_Agw,0.9,0.00616942638679896,-1.0,1.0,descriptive_secondary
C_beta_G,B_G,424,stress,log10_Agw,0.95,0.0036541485533346796,-1.0,1.0,descriptive_secondary
C_beta_G,B_G,424,stress,gamma_gw,0.05,0.02839898262587831,-1.0,1.0,descriptive_secondary
C_beta_G,B_G,424,stress,gamma_gw,0.5,-0.005469008528720343,-1.0,1.0,descriptive_secondary
C_beta_G,B_G,424,stress,gamma_gw,0.9,-0.0056718776453373865,-1.0,1.0,descriptive_secondary
C_beta_G,B_G,424,stress,gamma_gw,0.95,-0.003923641608275075,-1.0,1.0,descriptive_secondary
C_beta_G,B_G,424,stress,log10_Ar,0.05,-0.00027751689532996837,-1.0,1.0,descriptive_secondary
C_beta_G,B_G,424,stress,log10_Ar,0.5,0.001051145841868828,-1.0,1.0,descriptive_secondary
C_beta_G,B_G,424,stress,log10_Ar,0.9,-6.910875361298974e-05,-1.0,1.0,descriptive_secondary
C_beta_G,B_G,424,stress,log10_Ar,0.95,0.00038421107706776425,-1.0,1.0,descriptive_secondary
C_beta_G,B_G,424,stress,log10_EFAC,0.05,0.00015662047704069482,-1.0,1.0,descriptive_secondary
C_beta_G,B_G,424,stress,log10_EFAC,0.5,-0.005741037636584734,-1.0,1.0,descriptive_secondary
C_beta_G,B_G,424,stress,log10_EFAC,0.9,-0.02624929683998567,-1.0,1.0,descriptive_secondary
C_beta_G,B_G,424,stress,log10_EFAC,0.95,-0.01553746197757877,-1.0,1.0,descriptive_secondary
C_beta_G,B_G,446,representative,u,0.05,0.00046484964802560175,-1.0,1.0,descriptive_secondary
C_beta_G,B_G,446,representative,u,0.5,0.0030364936707495405,-1.0,1.0,descriptive_secondary
C_beta_G,B_G,446,representative,u,0.9,0.0010135377948788937,-1.0,1.0,descriptive_secondary
C_beta_G,B_G,446,representative,u,0.95,0.0004906721109758649,-1.0,1.0,inconclusive
C_beta_G,B_G,446,representative,log10_Agw,0.05,0.0008719805655756779,-1.0,1.0,descriptive_secondary
C_beta_G,B_G,446,representative,log10_Agw,0.5,0.005828972633245,-1.0,1.0,descriptive_secondary
C_beta_G,B_G,446,representative,log10_Agw,0.9,0.01009644858443226,-1.0,1.0,descriptive_secondary
C_beta_G,B_G,446,representative,log10_Agw,0.95,0.010139398047513182,-1.0,1.0,descriptive_secondary
C_beta_G,B_G,446,representative,gamma_gw,0.05,-0.0005433044080002114,-1.0,1.0,descriptive_secondary
C_beta_G,B_G,446,representative,gamma_gw,0.5,-0.0010897301082500865,-1.0,1.0,descriptive_secondary
C_beta_G,B_G,446,representative,gamma_gw,0.9,-6.442220537061782e-05,-1.0,1.0,descriptive_secondary
C_beta_G,B_G,446,representative,gamma_gw,0.95,0.0016891214572800628,-1.0,1.0,descriptive_secondary
C_beta_G,B_G,446,representative,log10_Ar,0.05,0.00034642786470914094,-1.0,1.0,descriptive_secondary
C_beta_G,B_G,446,representative,log10_Ar,0.5,0.0011226014541431129,-1.0,1.0,descriptive_secondary
C_beta_G,B_G,446,representative,log10_Ar,0.9,0.0010714392480092316,-1.0,1.0,descriptive_secondary
C_beta_G,B_G,446,representative,log10_Ar,0.95,-6.380074117184886e-05,-1.0,1.0,descriptive_secondary
C_beta_G,B_G,446,representative,log10_EFAC,0.05,0.0010255800676884919,-1.0,1.0,descriptive_secondary
C_beta_G,B_G,446,representative,log10_EFAC,0.5,0.0005241579859631695,-1.0,1.0,descriptive_secondary
C_beta_G,B_G,446,representative,log10_EFAC,0.9,0.00024977793017944006,-1.0,1.0,descriptive_secondary
C_beta_G,B_G,446,representative,log10_EFAC,0.95,0.0004889785398174418,-1.0,1.0,descriptive_secondary
C_beta_G,B_G,453,stress,u,0.05,-0.0062894278351723065,-1.0,1.0,descriptive_secondary
C_beta_G,B_G,453,stress,u,0.5,-0.021460551366538794,-1.0,1.0,descriptive_secondary
C_beta_G,B_G,453,stress,u,0.9,-0.007800977375057472,-1.0,1.0,descriptive_secondary
C_beta_G,B_G,453,stress,u,0.95,-0.003728123579040288,-1.0,1.0,inconclusive
C_beta_G,B_G,453,stress,log10_Agw,0.05,0.0015272602941331925,-1.0,1.0,descriptive_secondary
C_beta_G,B_G,453,stress,log10_Agw,0.5,0.007043532861431223,-1.0,1.0,descriptive_secondary
C_beta_G,B_G,453,stress,log10_Agw,0.9,0.011913620212231746,-1.0,1.0,descriptive_secondary
C_beta_G,B_G,453,stress,log10_Agw,0.95,0.011453973879247403,-1.0,1.0,descriptive_secondary
C_beta_G,B_G,453,stress,gamma_gw,0.05,0.004853685094323511,-1.0,1.0,descriptive_secondary
C_beta_G,B_G,453,stress,gamma_gw,0.5,-0.004760507894866484,-1.0,1.0,descriptive_secondary
C_beta_G,B_G,453,stress,gamma_gw,0.9,0.0008898130531181936,-1.0,1.0,descriptive_secondary
C_beta_G,B_G,453,stress,gamma_gw,0.95,-0.001123299105008968,-1.0,1.0,descriptive_secondary
C_beta_G,B_G,453,stress,log10_Ar,0.05,-6.04774155501947e-05,-1.0,1.0,descriptive_secondary
C_beta_G,B_G,453,stress,log10_Ar,0.5,0.0016764223884861429,-1.0,1.0,descriptive_secondary
C_beta_G,B_G,453,stress,log10_Ar,0.9,0.0031690607460495013,-1.0,1.0,descriptive_secondary
C_beta_G,B_G,453,stress,log10_Ar,0.95,0.0027653066883944755,-1.0,1.0,descriptive_secondary
C_beta_G,B_G,453,stress,log10_EFAC,0.05,0.003005184827332825,-1.0,1.0,descriptive_secondary
C_beta_G,B_G,453,stress,log10_EFAC,0.5,0.009814109181236791,-1.0,1.0,descriptive_secondary
C_beta_G,B_G,453,stress,log10_EFAC,0.9,0.006975663083908845,-1.0,1.0,descriptive_secondary
C_beta_G,B_G,453,stress,log10_EFAC,0.95,0.005410728330888903,-1.0,1.0,descriptive_secondary
C_beta_G,B_G,458,stress,u,0.05,0.00613278911842334,-1.0,1.0,descriptive_secondary
C_beta_G,B_G,458,stress,u,0.5,0.021768814428491434,-1.0,1.0,descriptive_secondary
C_beta_G,B_G,458,stress,u,0.9,0.004016753748347979,-1.0,1.0,descriptive_secondary
C_beta_G,B_G,458,stress,u,0.95,0.00240051595885038,-1.0,1.0,inconclusive
C_beta_G,B_G,458,stress,log10_Agw,0.05,0.008392593508345522,-1.0,1.0,descriptive_secondary
C_beta_G,B_G,458,stress,log10_Agw,0.5,0.018527475833344687,-1.0,1.0,descriptive_secondary
C_beta_G,B_G,458,stress,log10_Agw,0.9,0.02081742941442921,-1.0,1.0,descriptive_secondary
C_beta_G,B_G,458,stress,log10_Agw,0.95,0.0185935502361102,-1.0,1.0,descriptive_secondary
C_beta_G,B_G,458,stress,gamma_gw,0.05,0.0008212731491169523,-1.0,1.0,descriptive_secondary
C_beta_G,B_G,458,stress,gamma_gw,0.5,-0.005924041719772344,-1.0,1.0,descriptive_secondary
C_beta_G,B_G,458,stress,gamma_gw,0.9,-0.004333094786372227,-1.0,1.0,descriptive_secondary
C_beta_G,B_G,458,stress,gamma_gw,0.95,-0.002813939692434153,-1.0,1.0,descriptive_secondary
C_beta_G,B_G,458,stress,log10_Ar,0.05,-0.000798582269160103,-1.0,1.0,descriptive_secondary
C_beta_G,B_G,458,stress,log10_Ar,0.5,-0.0007883590918293937,-1.0,1.0,descriptive_secondary
C_beta_G,B_G,458,stress,log10_Ar,0.9,0.0007898937768757719,-1.0,1.0,descriptive_secondary
C_beta_G,B_G,458,stress,log10_Ar,0.95,0.0009386620938767187,-1.0,1.0,descriptive_secondary
C_beta_G,B_G,458,stress,log10_EFAC,0.05,-0.002937494077411812,-1.0,1.0,descriptive_secondary
C_beta_G,B_G,458,stress,log10_EFAC,0.5,-0.009132527233408294,-1.0,1.0,descriptive_secondary
C_beta_G,B_G,458,stress,log10_EFAC,0.9,-0.002462619708880176,-1.0,1.0,descriptive_secondary
C_beta_G,B_G,458,stress,log10_EFAC,0.95,-0.0014587520202334892,-1.0,1.0,descriptive_secondary
C_beta_G,B_G,461,representative,u,0.05,-0.0031837484124937337,-1.0,1.0,descriptive_secondary
C_beta_G,B_G,461,representative,u,0.5,-0.03008443884120221,-1.0,1.0,descriptive_secondary
C_beta_G,B_G,461,representative,u,0.9,-0.02590733949144519,-1.0,1.0,descriptive_secondary
C_beta_G,B_G,461,representative,u,0.95,-0.01699274012118479,-1.0,1.0,inconclusive
C_beta_G,B_G,461,representative,log10_Agw,0.05,-0.0014002481537080946,-1.0,1.0,descriptive_secondary
C_beta_G,B_G,461,representative,log10_Agw,0.5,-0.003023985937950169,-1.0,1.0,descriptive_secondary
C_beta_G,B_G,461,representative,log10_Agw,0.9,-0.0009846469847305528,-1.0,1.0,descriptive_secondary
C_beta_G,B_G,461,representative,log10_Agw,0.95,-0.00048399507032825806,-1.0,1.0,descriptive_secondary
C_beta_G,B_G,461,representative,gamma_gw,0.05,0.01603538121233275,-1.0,1.0,descriptive_secondary
C_beta_G,B_G,461,representative,gamma_gw,0.5,0.013310800389005895,-1.0,1.0,descriptive_secondary
C_beta_G,B_G,461,representative,gamma_gw,0.9,0.002427142539140892,-1.0,1.0,descriptive_secondary
C_beta_G,B_G,461,representative,gamma_gw,0.95,0.0015250250314611247,-1.0,1.0,descriptive_secondary
C_beta_G,B_G,461,representative,log10_Ar,0.05,0.00016159905356608745,-1.0,1.0,descriptive_secondary
C_beta_G,B_G,461,representative,log10_Ar,0.5,0.003983183271417778,-1.0,1.0,descriptive_secondary
C_beta_G,B_G,461,representative,log10_Ar,0.9,0.0012568046967380564,-1.0,1.0,descriptive_secondary
C_beta_G,B_G,461,representative,log10_Ar,0.95,0.000673734040860019,-1.0,1.0,descriptive_secondary
C_beta_G,B_G,461,representative,log10_EFAC,0.05,0.0050182057821827886,-1.0,1.0,descriptive_secondary
C_beta_G,B_G,461,representative,log10_EFAC,0.5,0.0033150661435606965,-1.0,1.0,descriptive_secondary
C_beta_G,B_G,461,representative,log10_EFAC,0.9,0.0024191192201198364,-1.0,1.0,descriptive_secondary
C_beta_G,B_G,461,representative,log10_EFAC,0.95,0.0017717972427909734,-1.0,1.0,descriptive_secondary
C_beta_G,B_G,463,representative,u,0.05,0.0018779699531177446,-0.9542425690506202,0.06175743094937974,descriptive_secondary
C_beta_G,B_G,463,representative,u,0.5,0.006851716923148121,-0.4960912832009653,0.5359087167990347,descriptive_secondary
C_beta_G,B_G,463,representative,u,0.9,0.0011121132536838774,-0.10088697054902152,0.9111130294509785,descriptive_secondary
C_beta_G,B_G,463,representative,u,0.95,0.0005135580493227376,-0.052690122671224415,0.9593098773287756,inconclusive
C_beta_G,B_G,463,representative,log10_Agw,0.05,0.001825364203511766,-0.9674900250001864,0.04250997499981361,descriptive_secondary
C_beta_G,B_G,463,representative,log10_Agw,0.5,0.00432039706799181,-0.653805509488421,0.36619449051157904,descriptive_secondary
C_beta_G,B_G,463,representative,log10_Agw,0.9,0.012094508050281338,-0.32398897201468213,0.6960110279853179,descriptive_secondary
C_beta_G,B_G,463,representative,log10_Agw,0.95,0.012921051622882485,-0.2536274593389084,0.7703725406610916,descriptive_secondary
C_beta_G,B_G,463,representative,gamma_gw,0.05,-0.0003148602521066482,-0.9633117777920819,0.048688222207918096,descriptive_secondary
C_beta_G,B_G,463,representative,gamma_gw,0.5,0.00025225488937541396,-0.5743031454624308,0.44969685453756925,descriptive_secondary
C_beta_G,B_G,463,representative,gamma_gw,0.9,0.001268981002903402,-0.1345606793106391,0.8814393206893609,descriptive_secondary
C_beta_G,B_G,463,representative,gamma_gw,0.95,-0.00038603369725220826,-0.0730036620027199,0.9429963379972801,descriptive_secondary
C_beta_G,B_G,463,representative,log10_Ar,0.05,-0.00026935823013949506,-0.9588486784154764,0.05315132158452361,descriptive_secondary
C_beta_G,B_G,463,representative,log10_Ar,0.5,-0.0006371634753931099,-0.533377399533419,0.490622600466581,descriptive_secondary
C_beta_G,B_G,463,representative,log10_Ar,0.9,-0.001229745056063547,-0.13646011418039172,0.8795398858196083,descriptive_secondary
C_beta_G,B_G,463,representative,log10_Ar,0.95,0.00038958743833683585,-0.07944363396362564,0.9365563660363744,descriptive_secondary
C_beta_G,B_G,463,representative,log10_EFAC,0.05,0.00039649890815551814,-0.14892460182579847,0.8570753981742015,descriptive_secondary
C_beta_G,B_G,463,representative,log10_EFAC,0.5,-0.00010675838901730295,-0.07358299284121317,0.9304170071587868,descriptive_secondary
C_beta_G,B_G,463,representative,log10_EFAC,0.9,0.00014947659749930953,-0.02133320580926923,0.9816667941907308,descriptive_secondary
C_beta_G,B_G,463,representative,log10_EFAC,0.95,4.827223190606578e-05,-0.011952307919991134,0.9900476920800089,descriptive_secondary
C_beta_G,B_G,479,representative,u,0.05,-0.0005504649687007937,-1.0,1.0,descriptive_secondary
C_beta_G,B_G,479,representative,u,0.5,-0.004439951519159435,-1.0,1.0,descriptive_secondary
C_beta_G,B_G,479,representative,u,0.9,-0.005069796353512679,-1.0,1.0,descriptive_secondary
C_beta_G,B_G,479,representative,u,0.95,-0.0026396055802722085,-1.0,1.0,inconclusive
C_beta_G,B_G,479,representative,log10_Agw,0.05,0.002783837715726878,-1.0,1.0,descriptive_secondary
C_beta_G,B_G,479,representative,log10_Agw,0.5,0.006300448187098295,-1.0,1.0,descriptive_secondary
C_beta_G,B_G,479,representative,log10_Agw,0.9,0.009084764961445169,-1.0,1.0,descriptive_secondary
C_beta_G,B_G,479,representative,log10_Agw,0.95,0.009546104868747296,-1.0,1.0,descriptive_secondary
C_beta_G,B_G,479,representative,gamma_gw,0.05,0.008130223847102033,-1.0,1.0,descriptive_secondary
C_beta_G,B_G,479,representative,gamma_gw,0.5,0.0011233371973111694,-1.0,1.0,descriptive_secondary
C_beta_G,B_G,479,representative,gamma_gw,0.9,0.0010813087645500374,-1.0,1.0,descriptive_secondary
C_beta_G,B_G,479,representative,gamma_gw,0.95,0.0011219404388040921,-1.0,1.0,descriptive_secondary
C_beta_G,B_G,479,representative,log10_Ar,0.05,0.0008849503073681264,-1.0,1.0,descriptive_secondary
C_beta_G,B_G,479,representative,log10_Ar,0.5,-0.000989287793508653,-1.0,1.0,descriptive_secondary
C_beta_G,B_G,479,representative,log10_Ar,0.9,0.004007379967777225,-1.0,1.0,descriptive_secondary
C_beta_G,B_G,479,representative,log10_Ar,0.95,0.002248449409633424,-1.0,1.0,descriptive_secondary
C_beta_G,B_G,479,representative,log10_EFAC,0.05,0.0032288195334743697,-1.0,1.0,descriptive_secondary
C_beta_G,B_G,479,representative,log10_EFAC,0.5,0.006110153419339848,-1.0,1.0,descriptive_secondary
C_beta_G,B_G,479,representative,log10_EFAC,0.9,0.0006286385317081922,-1.0,1.0,descriptive_secondary
C_beta_G,B_G,479,representative,log10_EFAC,0.95,-0.0016453100184822267,-1.0,1.0,descriptive_secondary
C_beta_G,B_G,489,representative,u,0.05,-0.002100751914909847,-1.0,1.0,descriptive_secondary
C_beta_G,B_G,489,representative,u,0.5,-0.015725284951121687,-1.0,1.0,descriptive_secondary
C_beta_G,B_G,489,representative,u,0.9,-0.007864266252164076,-1.0,1.0,descriptive_secondary
C_beta_G,B_G,489,representative,u,0.95,-0.002872589611858878,-1.0,1.0,inconclusive
C_beta_G,B_G,489,representative,log10_Agw,0.05,0.0012384554693656291,-1.0,1.0,descriptive_secondary
C_beta_G,B_G,489,representative,log10_Agw,0.5,0.0017320730549370555,-1.0,1.0,descriptive_secondary
C_beta_G,B_G,489,representative,log10_Agw,0.9,0.0018303946574231844,-1.0,1.0,descriptive_secondary
C_beta_G,B_G,489,representative,log10_Agw,0.95,0.0015744281500206236,-1.0,1.0,descriptive_secondary
C_beta_G,B_G,489,representative,gamma_gw,0.05,0.01903524268596861,-1.0,1.0,descriptive_secondary
C_beta_G,B_G,489,representative,gamma_gw,0.5,0.010300920535728175,-1.0,1.0,descriptive_secondary
C_beta_G,B_G,489,representative,gamma_gw,0.9,0.003444352238924586,-1.0,1.0,descriptive_secondary
C_beta_G,B_G,489,representative,gamma_gw,0.95,0.0002820563350636185,-1.0,1.0,descriptive_secondary
C_beta_G,B_G,489,representative,log10_Ar,0.05,-0.00024034862985559263,-1.0,1.0,descriptive_secondary
C_beta_G,B_G,489,representative,log10_Ar,0.5,0.0032606502292115702,-1.0,1.0,descriptive_secondary
C_beta_G,B_G,489,representative,log10_Ar,0.9,0.003077159434092036,-1.0,1.0,descriptive_secondary
C_beta_G,B_G,489,representative,log10_Ar,0.95,0.001967440368669471,-1.0,1.0,descriptive_secondary
C_beta_G,B_G,489,representative,log10_EFAC,0.05,0.0007362639014196308,-1.0,1.0,descriptive_secondary
C_beta_G,B_G,489,representative,log10_EFAC,0.5,0.004365926465631331,-1.0,1.0,descriptive_secondary
C_beta_G,B_G,489,representative,log10_EFAC,0.9,0.002349905813998243,-1.0,1.0,descriptive_secondary
C_beta_G,B_G,489,representative,log10_EFAC,0.95,0.0027515113213506526,-1.0,1.0,descriptive_secondary
C_full_CN,C_beta_CN,25,representative,u,0.05,0.0008628881893758059,-0.9511051595562443,0.06489484044375565,descriptive_secondary
C_full_CN,C_beta_CN,25,representative,u,0.5,0.0021195732372956133,-0.4832359931297413,0.5407640068702587,descriptive_secondary
C_full_CN,C_beta_CN,25,representative,u,0.9,0.0012284768392715195,-0.10139191068023823,0.9146080893197618,descriptive_secondary
C_full_CN,C_beta_CN,25,representative,u,0.95,0.0005531173473594109,-0.0509050554813012,0.9610949445186988,inconclusive
C_full_CN,C_beta_CN,25,representative,log10_Agw,0.05,0.0004746514167726368,-0.9503553377061547,0.06964466229384529,descriptive_secondary
C_full_CN,C_beta_CN,25,representative,log10_Agw,0.5,0.0014703435702148049,-0.43815828092035414,0.5858417190796459,descriptive_secondary
C_full_CN,C_beta_CN,25,representative,log10_Agw,0.9,0.0007119460721115578,-0.14835816731830553,0.8676418326816945,descriptive_secondary
C_full_CN,C_beta_CN,25,representative,log10_Agw,0.95,0.0005359310359220881,-0.10446975932335056,0.9195302406766495,descriptive_secondary
C_full_CN,C_beta_CN,25,representative,gamma_gw,0.05,-0.00027426966950021975,-0.9598794422998816,0.05612055770011834,descriptive_secondary
C_full_CN,C_beta_CN,25,representative,gamma_gw,0.5,0.0009830039098963073,-0.5281372503792228,0.49586274962077725,descriptive_secondary
C_full_CN,C_beta_CN,25,representative,gamma_gw,0.9,0.00011701561499333213,-0.11558630864830977,0.9044136913516903,descriptive_secondary
C_full_CN,C_beta_CN,25,representative,gamma_gw,0.95,0.0011954303724505122,-0.06044986515054829,0.9595501348494517,descriptive_secondary
C_full_CN,C_beta_CN,25,representative,log10_Ar,0.05,-0.0005629937840110691,-0.9569863421047902,0.055013657895209775,descriptive_secondary
C_full_CN,C_beta_CN,25,representative,log10_Ar,0.5,0.0003567552147841768,-0.5234828782982021,0.510517121701798,descriptive_secondary
C_full_CN,C_beta_CN,25,representative,log10_Ar,0.9,0.0001308083933549975,-0.1284287667520262,0.8875712332479738,descriptive_secondary
C_full_CN,C_beta_CN,25,representative,log10_Ar,0.95,0.0011304476050031376,-0.07279102734312481,0.9432089726568752,descriptive_secondary
C_full_CN,C_beta_CN,25,representative,log10_EFAC,0.05,0.009548990387463152,-0.7131165224153001,0.38288347758469987,descriptive_secondary
C_full_CN,C_beta_CN,25,representative,log10_EFAC,0.5,0.00013802175796406857,-0.289876465200712,0.718123534799288,descriptive_secondary
C_full_CN,C_beta_CN,25,representative,log10_EFAC,0.9,-0.00012882996146434955,-0.19109075155832556,0.8149092484416744,descriptive_secondary
C_full_CN,C_beta_CN,25,representative,log10_EFAC,0.95,-0.0003157725894306074,-0.16560948911671958,0.8423905108832804,descriptive_secondary
C_full_CN,C_beta_CN,26,representative,u,0.05,0.0010104183718366855,-0.9528031042132625,0.06319689578673748,descriptive_secondary
C_full_CN,C_beta_CN,26,representative,u,0.5,0.0019761756296372557,-0.4981212546458018,0.5338787453541982,descriptive_secondary
C_full_CN,C_beta_CN,26,representative,u,0.9,-0.0010494447561604225,-0.11059355028305451,0.9094064497169455,descriptive_secondary
C_full_CN,C_beta_CN,26,representative,u,0.95,-0.0012288508691769007,-0.05434548976506748,0.9556545102349325,inconclusive
C_full_CN,C_beta_CN,26,representative,log10_Agw,0.05,0.0018724513313189972,-0.9397916018657657,0.08420839813423427,descriptive_secondary
C_full_CN,C_beta_CN,26,representative,log10_Agw,0.5,-0.00045787170995742477,-0.5287543933419456,0.4832456066580544,descriptive_secondary
C_full_CN,C_beta_CN,26,representative,log10_Agw,0.9,6.787833146049138e-05,-0.31200830145892167,0.6999916985410783,descriptive_secondary
C_full_CN,C_beta_CN,26,representative,log10_Agw,0.95,-0.0013828386477384713,-0.2745724439115249,0.7414275560884751,descriptive_secondary
C_full_CN,C_beta_CN,26,representative,gamma_gw,0.05,0.0009645232222543001,-0.9631236305547806,0.060876369445219444,descriptive_secondary
C_full_CN,C_beta_CN,26,representative,gamma_gw,0.5,-0.0008713910373470135,-0.5425663041040567,0.48143369589594326,descriptive_secondary
C_full_CN,C_beta_CN,26,representative,gamma_gw,0.9,0.0028362985985528333,-0.12104338361007505,0.894956616389925,descriptive_secondary
C_full_CN,C_beta_CN,26,representative,gamma_gw,0.95,0.0012352777608449772,-0.06297899851383049,0.9490210014861695,descriptive_secondary
C_full_CN,C_beta_CN,26,representative,log10_Ar,0.05,-0.0007378251932303598,-0.9607727488442538,0.0552272511557462,descriptive_secondary
C_full_CN,C_beta_CN,26,representative,log10_Ar,0.5,-0.0021579430988770687,-0.5352432221931072,0.4967567778068928,descriptive_secondary
C_full_CN,C_beta_CN,26,representative,log10_Ar,0.9,-0.0008379926878967492,-0.1844058750604397,0.8315941249395603,descriptive_secondary
C_full_CN,C_beta_CN,26,representative,log10_Ar,0.95,-0.0006335785941292693,-0.1503374476998819,0.8656625523001181,descriptive_secondary
C_full_CN,C_beta_CN,26,representative,log10_EFAC,0.05,0.00015211445492538736,-0.982633829807925,0.02736617019207497,descriptive_secondary
C_full_CN,C_beta_CN,26,representative,log10_EFAC,0.5,0.001089946996783775,-0.8586778509015425,0.1498221490984575,descriptive_secondary
C_full_CN,C_beta_CN,26,representative,log10_EFAC,0.9,0.0005401241396780221,-0.7480716933228647,0.2579283066771353,descriptive_secondary
C_full_CN,C_beta_CN,26,representative,log10_EFAC,0.95,0.0004953603224162051,-0.7219384489498157,0.2860615510501843,descriptive_secondary
C_full_CN,C_beta_CN,30,stress,u,0.05,0.0008938072384458498,-0.9779551506563722,0.030044849343627854,descriptive_secondary
C_full_CN,C_beta_CN,30,stress,u,0.5,-0.001054885802299399,-0.7128400546220812,0.31915994537791886,descriptive_secondary
C_full_CN,C_beta_CN,30,stress,u,0.9,-0.0008164367232973424,-0.2631083038793074,0.8008916961206927,descriptive_secondary
C_full_CN,C_beta_CN,30,stress,u,0.95,0.0010600213130771419,-0.1447275872470284,0.8872724127529716,inconclusive
C_full_CN,C_beta_CN,30,stress,log10_Agw,0.05,0.0009652717697823388,-0.29106897033805823,0.7209310296619418,descriptive_secondary
C_full_CN,C_beta_CN,30,stress,log10_Agw,0.5,0.0004210408636537988,-0.1381188132338549,0.8698811867661451,descriptive_secondary
C_full_CN,C_beta_CN,30,stress,log10_Agw,0.9,0.0002527781484898961,-0.029359147049640266,0.9766408529503597,descriptive_secondary
C_full_CN,C_beta_CN,30,stress,log10_Agw,0.95,0.00048416773765525,-0.01666788678431641,0.9893321132156836,descriptive_secondary
C_full_CN,C_beta_CN,30,stress,gamma_gw,0.05,-0.0026598353474877323,-0.8034112232374861,0.22858877676251388,descriptive_secondary
C_full_CN,C_beta_CN,30,stress,gamma_gw,0.5,0.00014857114132760252,-0.3890953174374421,0.6349046825625579,descriptive_secondary
C_full_CN,C_beta_CN,30,stress,gamma_gw,0.9,-0.0020618265739140718,-0.08520141817683391,0.9387985818231661,descriptive_secondary
C_full_CN,C_beta_CN,30,stress,gamma_gw,0.95,-0.0010705600711963248,-0.04804855361179061,0.9759514463882094,descriptive_secondary
C_full_CN,C_beta_CN,30,stress,log10_Ar,0.05,-0.0017351559155680124,-0.9596462273635774,0.060353772636422554,descriptive_secondary
C_full_CN,C_beta_CN,30,stress,log10_Ar,0.5,-0.004820625513812904,-0.47313732192149194,0.5588626780785081,descriptive_secondary
C_full_CN,C_beta_CN,30,stress,log10_Ar,0.9,-0.0010984237202307234,-0.06867083545311103,0.947329164546889,descriptive_secondary
C_full_CN,C_beta_CN,30,stress,log10_Ar,0.95,-0.00021329249414991924,-0.03473379617144112,0.9772662038285589,descriptive_secondary
C_full_CN,C_beta_CN,30,stress,log10_EFAC,0.05,-0.0005319462588135038,-0.961408419181217,0.06259158081878301,descriptive_secondary
C_full_CN,C_beta_CN,30,stress,log10_EFAC,0.5,0.0013590722855262305,-0.6090184840638433,0.4069815159361568,descriptive_secondary
C_full_CN,C_beta_CN,30,stress,log10_EFAC,0.9,0.002434649620012941,-0.3197459562111452,0.7042540437888548,descriptive_secondary
C_full_CN,C_beta_CN,30,stress,log10_EFAC,0.95,0.002478407979414343,-0.24300086312122793,0.7809991368787721,descriptive_secondary
C_full_CN,C_beta_CN,44,representative,u,0.05,-0.0006543173636052724,-0.014666621524671068,0.017333378475328932,descriptive_secondary
C_full_CN,C_beta_CN,44,representative,u,0.5,0.0025168537046321715,-0.02555234999327527,0.026447650006724777,descriptive_secondary
C_full_CN,C_beta_CN,44,representative,u,0.9,0.0001246492939964705,-0.022127263654050044,0.01787273634594999,descriptive_secondary
C_full_CN,C_beta_CN,44,representative,u,0.95,-3.819248230141348e-05,-0.011388164054298877,0.012611835945701144,inconclusive
C_full_CN,C_beta_CN,44,representative,log10_Agw,0.05,0.0002653198265422721,-0.01110959377057641,0.008890406229423584,descriptive_secondary
C_full_CN,C_beta_CN,44,representative,log10_Agw,0.5,-0.0017107117526943827,-0.022623580437270807,0.013376419562729225,descriptive_secondary
C_full_CN,C_beta_CN,44,representative,log10_Agw,0.9,0.0015202103535522093,-0.014463050673644173,0.025536949326355862,descriptive_secondary
C_full_CN,C_beta_CN,44,representative,log10_Agw,0.95,0.001113539617888737,-0.023487061984652335,0.024512938015347707,descriptive_secondary
C_full_CN,C_beta_CN,44,representative,gamma_gw,0.05,0.0005114593494342443,-0.011253202190708883,0.008746797809291107,descriptive_secondary
C_full_CN,C_beta_CN,44,representative,gamma_gw,0.5,-0.0015412644578429169,-0.018959856331687508,0.021040143668312528,descriptive_secondary
C_full_CN,C_beta_CN,44,representative,gamma_gw,0.9,0.0005493783944735542,-0.016931406304407925,0.02306859369559211,descriptive_secondary
C_full_CN,C_beta_CN,44,representative,gamma_gw,0.95,0.00038555427015407595,-0.023430240109219125,0.024569759890780918,descriptive_secondary
C_full_CN,C_beta_CN,44,representative,log10_Ar,0.05,-0.0001867230017786048,-0.015623752756534673,0.012376247243465331,descriptive_secondary
C_full_CN,C_beta_CN,44,representative,log10_Ar,0.5,0.001013874196193476,-0.01926121213691845,0.028738787863081594,descriptive_secondary
C_full_CN,C_beta_CN,44,representative,log10_Ar,0.9,0.0004209638886109035,-0.013810902182051388,0.01818909781794864,descriptive_secondary
C_full_CN,C_beta_CN,44,representative,log10_Ar,0.95,0.0003581992970247416,-0.014214602764270445,0.017785397235729583,descriptive_secondary
C_full_CN,C_beta_CN,44,representative,log10_EFAC,0.05,-0.0001513501131782391,-0.007592347272267319,0.006407652727732693,descriptive_secondary
C_full_CN,C_beta_CN,44,representative,log10_EFAC,0.5,0.000113808860823017,-0.0033953048787701556,0.0036046951212298506,descriptive_secondary
C_full_CN,C_beta_CN,44,representative,log10_EFAC,0.9,0.00019160352953195847,-0.005782305673687871,0.00621769432631214,descriptive_secondary
C_full_CN,C_beta_CN,44,representative,log10_EFAC,0.95,-0.00022671081354785905,-0.006329816016289347,0.0076701839837106656,descriptive_secondary
C_full_CN,C_beta_CN,48,representative,u,0.05,0.0005665832037637722,-0.952600198885506,0.06339980111449406,descriptive_secondary
C_full_CN,C_beta_CN,48,representative,u,0.5,0.0023220787356826866,-0.4852132080116075,0.5387867919883925,descriptive_secondary
C_full_CN,C_beta_CN,48,representative,u,0.9,0.0009972913597747768,-0.10452886302083764,0.9154711369791624,descriptive_secondary
C_full_CN,C_beta_CN,48,representative,u,0.95,0.0006525330272054708,-0.05062490557863719,0.9593750944213628,inconclusive
C_full_CN,C_beta_CN,48,representative,log10_Agw,0.05,-0.00010331897728941067,-0.982633719984002,0.02336628001599806,descriptive_secondary
C_full_CN,C_beta_CN,48,representative,log10_Agw,0.5,-0.001064375084356306,-0.7893319768889462,0.22266802311105377,descriptive_secondary
C_full_CN,C_beta_CN,48,representative,log10_Agw,0.9,-0.000530766881816136,-0.5479090452466553,0.4680909547533448,descriptive_secondary
C_full_CN,C_beta_CN,48,representative,log10_Agw,0.95,-0.0019028575316220042,-0.4875185774783066,0.5364814225216934,descriptive_secondary
C_full_CN,C_beta_CN,48,representative,gamma_gw,0.05,0.00018764031561146338,-0.9672190911316068,0.04078090886839322,descriptive_secondary
C_full_CN,C_beta_CN,48,representative,gamma_gw,0.5,0.0007727664338231244,-0.6067098017506742,0.41729019824932573,descriptive_secondary
C_full_CN,C_beta_CN,48,representative,gamma_gw,0.9,0.0018595777846914796,-0.16675224562920032,0.8572477543707997,descriptive_secondary
C_full_CN,C_beta_CN,48,representative,gamma_gw,0.95,0.0013355759986070082,-0.09409019790300932,0.9259098020969907,descriptive_secondary
C_full_CN,C_beta_CN,48,representative,log10_Ar,0.05,-0.0005163688469270386,-0.9714175456732254,0.04058245432677464,descriptive_secondary
C_full_CN,C_beta_CN,48,representative,log10_Ar,0.5,-0.0001849602946168427,-0.6489268488733544,0.36707315112664557,descriptive_secondary
C_full_CN,C_beta_CN,48,representative,log10_Ar,0.9,0.0004379006613810521,-0.3400694082745286,0.6759305917254714,descriptive_secondary
C_full_CN,C_beta_CN,48,representative,log10_Ar,0.95,9.297046337553017e-05,-0.28596127446617825,0.7300387255338218,descriptive_secondary
C_full_CN,C_beta_CN,48,representative,log10_EFAC,0.05,0.0001318831309518034,-0.993602738061293,0.008397261938706994,descriptive_secondary
C_full_CN,C_beta_CN,48,representative,log10_EFAC,0.5,-0.00015648818341770093,-0.9418727012939765,0.06312729870602356,descriptive_secondary
C_full_CN,C_beta_CN,48,representative,log10_EFAC,0.9,0.0004996265566589442,-0.8762017971517257,0.1317982028482742,descriptive_secondary
C_full_CN,C_beta_CN,48,representative,log10_EFAC,0.95,0.00023152362733694365,-0.8541286239953583,0.15387137600464174,descriptive_secondary
C_full_CN,C_beta_CN,102,representative,u,0.05,-0.0013146158356891757,-0.956061739960381,0.059938260039618975,descriptive_secondary
C_full_CN,C_beta_CN,102,representative,u,0.5,0.0009307553970836491,-0.5012031863463964,0.5227968136536036,descriptive_secondary
C_full_CN,C_beta_CN,102,representative,u,0.9,0.0003127156984521484,-0.1023616741512301,0.9136383258487699,descriptive_secondary
C_full_CN,C_beta_CN,102,representative,u,0.95,0.00036349564708293425,-0.053989671106945636,0.9580103288930544,inconclusive
C_full_CN,C_beta_CN,102,representative,log10_Agw,0.05,-0.0008271488113717126,-0.9645833786837099,0.05141662131629006,descriptive_secondary
C_full_CN,C_beta_CN,102,representative,log10_Agw,0.5,0.0019295010287986858,-0.5905369695958895,0.4334630304041105,descriptive_secondary
C_full_CN,C_beta_CN,102,representative,log10_Agw,0.9,0.002365847533926324,-0.2727674084573629,0.7432325915426371,descriptive_secondary
C_full_CN,C_beta_CN,102,representative,log10_Agw,0.95,0.0010265589051892121,-0.21604422393303346,0.8079557760669666,descriptive_secondary
C_full_CN,C_beta_CN,102,representative,gamma_gw,0.05,-0.0010306729713199722,-0.9644556490999683,0.04754435090003176,descriptive_secondary
C_full_CN,C_beta_CN,102,representative,gamma_gw,0.5,-0.0006564594550964031,-0.5651714741197913,0.4668285258802088,descriptive_secondary
C_full_CN,C_beta_CN,102,representative,gamma_gw,0.9,0.00031049969575780434,-0.14008018011533363,0.8919198198846664,descriptive_secondary
C_full_CN,C_beta_CN,102,representative,gamma_gw,0.95,0.0007035238885985118,-0.06941083223884559,0.9465891677611544,descriptive_secondary
C_full_CN,C_beta_CN,102,representative,log10_Ar,0.05,-0.0005182233587462046,-0.9546263049521347,0.061373695047865245,descriptive_secondary
C_full_CN,C_beta_CN,102,representative,log10_Ar,0.5,-0.0018651624223997576,-0.492629921708987,0.539370078291013,descriptive_secondary
C_full_CN,C_beta_CN,102,representative,log10_Ar,0.9,-0.0006431549919375668,-0.09647025826624589,0.9155297417337541,descriptive_secondary
C_full_CN,C_beta_CN,102,representative,log10_Ar,0.95,-0.00016048827282877376,-0.05616911603047281,0.9558308839695272,descriptive_secondary
C_full_CN,C_beta_CN,102,representative,log10_EFAC,0.05,-0.00073501164350398,-0.46261279174707115,0.5493872082529289,descriptive_secondary
C_full_CN,C_beta_CN,102,representative,log10_EFAC,0.5,-0.0007343886388671006,-0.3276679120581165,0.6753320879418835,descriptive_secondary
C_full_CN,C_beta_CN,102,representative,log10_EFAC,0.9,-0.0001661857855489446,-0.24882496745102445,0.7571750325489756,descriptive_secondary
C_full_CN,C_beta_CN,102,representative,log10_EFAC,0.95,-0.00048780191288311237,-0.22508655997581561,0.7809134400241844,descriptive_secondary
C_full_CN,C_beta_CN,138,stress,u,0.05,-0.0002745462937477003,-0.01671784753466872,0.01528215246533128,descriptive_secondary
C_full_CN,C_beta_CN,138,stress,u,0.5,-0.000289892052720897,-0.04027277497782228,0.02772722502217767,descriptive_secondary
C_full_CN,C_beta_CN,138,stress,u,0.9,-0.0017303754630203505,-0.023288053524232355,0.01671194647576768,descriptive_secondary
C_full_CN,C_beta_CN,138,stress,u,0.95,-0.0023039151350096043,-0.01623737338083009,0.011762626619169936,inconclusive
C_full_CN,C_beta_CN,138,stress,log10_Agw,0.05,-0.000897692041459508,-0.015157048124804007,0.012842951875196018,descriptive_secondary
C_full_CN,C_beta_CN,138,stress,log10_Agw,0.5,-0.00012198297339272024,-0.008840661036840447,0.007159338963159567,descriptive_secondary
C_full_CN,C_beta_CN,138,stress,log10_Agw,0.9,-1.925578039885245e-05,-0.0038749959104094067,0.006125004089590602,descriptive_secondary
C_full_CN,C_beta_CN,138,stress,log10_Agw,0.95,0.0002295063687423049,-0.0036425143442124774,0.00435748565578753,descriptive_secondary
C_full_CN,C_beta_CN,138,stress,gamma_gw,0.05,-0.0008399679689935491,-0.0298547152966257,0.02614528470337435,descriptive_secondary
C_full_CN,C_beta_CN,138,stress,gamma_gw,0.5,0.0014971852209783032,-0.029129458873548453,0.034870541126451604,descriptive_secondary
C_full_CN,C_beta_CN,138,stress,gamma_gw,0.9,-0.00044789227907815476,-0.01313987753756729,0.014860122462432734,descriptive_secondary
C_full_CN,C_beta_CN,138,stress,gamma_gw,0.95,-0.001064998394463501,-0.012357434610420936,0.011642565389579085,descriptive_secondary
C_full_CN,C_beta_CN,138,stress,log10_Ar,0.05,-0.0003296694987222834,-0.013098223552879248,0.014901776447120749,descriptive_secondary
C_full_CN,C_beta_CN,138,stress,log10_Ar,0.5,4.124922872161818e-07,-0.028039310616968627,0.03796068938303143,descriptive_secondary
C_full_CN,C_beta_CN,138,stress,log10_Ar,0.9,0.0004383038361917002,-0.01535718129564112,0.016642818704358908,descriptive_secondary
C_full_CN,C_beta_CN,138,stress,log10_Ar,0.95,-0.00035803341965923163,-0.01497904169737041,0.013020958302629615,descriptive_secondary
C_full_CN,C_beta_CN,138,stress,log10_EFAC,0.05,-0.0014592077406597181,-0.09245092715166975,0.09954907284833031,descriptive_secondary
C_full_CN,C_beta_CN,138,stress,log10_EFAC,0.5,-0.00021311255824640885,-0.011814020851485418,0.0081859791485146,descriptive_secondary
C_full_CN,C_beta_CN,138,stress,log10_EFAC,0.9,8.694037831158408e-05,-0.008736461888786629,0.007263538111213386,descriptive_secondary
C_full_CN,C_beta_CN,138,stress,log10_EFAC,0.95,0.00023933890047500572,-0.008333910386688181,0.011666089613311836,descriptive_secondary
C_full_CN,C_beta_CN,142,representative,u,0.05,0.0011140502481323741,-0.01709679195388185,0.022903208046118152,descriptive_secondary
C_full_CN,C_beta_CN,142,representative,u,0.5,0.0014168766141233746,-0.034528038441607345,0.029471961558392712,descriptive_secondary
C_full_CN,C_beta_CN,142,representative,u,0.9,0.001474513658281995,-0.01397750850306223,0.0220224914969378,descriptive_secondary
C_full_CN,C_beta_CN,142,representative,u,0.95,0.0006564438961600416,-0.010323416551672016,0.013676583448328006,inconclusive
C_full_CN,C_beta_CN,142,representative,log10_Agw,0.05,-7.55008833111942e-05,-0.013440963459683378,0.010559036540316619,descriptive_secondary
C_full_CN,C_beta_CN,142,representative,log10_Agw,0.5,0.0007503054395431863,-0.01645482612997501,0.023545173870025027,descriptive_secondary
C_full_CN,C_beta_CN,142,representative,log10_Agw,0.9,0.0024977764615345954,-0.01743307583439979,0.03056692416560025,descriptive_secondary
C_full_CN,C_beta_CN,142,representative,log10_Agw,0.95,0.0007850240008542286,-0.01872410314445916,0.029275896855540884,descriptive_secondary
C_full_CN,C_beta_CN,142,representative,gamma_gw,0.05,-1.8172097960567068e-06,-0.015138789339802922,0.008861210660197086,descriptive_secondary
C_full_CN,C_beta_CN,142,representative,gamma_gw,0.5,-0.001141303165086982,-0.02360123544700421,0.024398764552995833,descriptive_secondary
C_full_CN,C_beta_CN,142,representative,gamma_gw,0.9,0.000861368541698937,-0.015298622277351126,0.02470137772264891,descriptive_secondary
C_full_CN,C_beta_CN,142,representative,gamma_gw,0.95,0.00013548738884550104,-0.01656701380194925,0.01543298619805078,descriptive_secondary
C_full_CN,C_beta_CN,142,representative,log10_Ar,0.05,-6.012424508794467e-05,-0.014359307539633284,0.01364069246036672,descriptive_secondary
C_full_CN,C_beta_CN,142,representative,log10_Ar,0.5,-0.0010829511291404748,-0.029514265205583534,0.026485734794416516,descriptive_secondary
C_full_CN,C_beta_CN,142,representative,log10_Ar,0.9,0.00021004044959693768,-0.01034663609986708,0.013653363900132942,descriptive_secondary
C_full_CN,C_beta_CN,142,representative,log10_Ar,0.95,-8.392002001467169e-05,-0.014565203355461409,0.009434796644538612,descriptive_secondary
C_full_CN,C_beta_CN,142,representative,log10_EFAC,0.05,-0.00011029643187122906,-0.028936033440219916,0.0190639665597801,descriptive_secondary
C_full_CN,C_beta_CN,142,representative,log10_EFAC,0.5,2.114946369230486e-05,-0.0035984551905287043,0.004901544809471303,descriptive_secondary
C_full_CN,C_beta_CN,142,representative,log10_EFAC,0.9,0.00022007157466968907,-0.007904048752691684,0.00809595124730833,descriptive_secondary
C_full_CN,C_beta_CN,142,representative,log10_EFAC,0.95,0.00026239048768261775,-0.008413232310416796,0.007586767689583218,descriptive_secondary
C_full_CN,C_beta_CN,157,representative,u,0.05,-0.0002914123723891035,-0.9532261212058272,0.06277387879417287,descriptive_secondary
C_full_CN,C_beta_CN,157,representative,u,0.5,-0.0034454563201525845,-0.4908837216836386,0.5331162783163614,descriptive_secondary
C_full_CN,C_beta_CN,157,representative,u,0.9,-0.0006448733001177542,-0.10245106139951099,0.913548938600489,descriptive_secondary
C_full_CN,C_beta_CN,157,representative,u,0.95,0.0005314473499603567,-0.05115442352845978,0.9608455764715402,inconclusive
C_full_CN,C_beta_CN,157,representative,log10_Agw,0.05,0.004014498961060403,-0.8360870095996833,0.22791299040031665,descriptive_secondary
C_full_CN,C_beta_CN,157,representative,log10_Agw,0.5,-0.000147085915649936,-0.38006968668925256,0.6319303133107474,descriptive_secondary
C_full_CN,C_beta_CN,157,representative,log10_Agw,0.9,-0.0006937417031978033,-0.20655392582783216,0.8054460741721678,descriptive_secondary
C_full_CN,C_beta_CN,157,representative,log10_Agw,0.95,-0.0006278615267653054,-0.17540225368262763,0.8365977463173724,descriptive_secondary
C_full_CN,C_beta_CN,157,representative,gamma_gw,0.05,6.341549065944085e-05,-0.9680299212427129,0.04997007875728707,descriptive_secondary
C_full_CN,C_beta_CN,157,representative,gamma_gw,0.5,0.0019776611723882898,-0.541746925864004,0.4902530741359961,descriptive_secondary
C_full_CN,C_beta_CN,157,representative,gamma_gw,0.9,0.0028695705766337287,-0.11950396729535617,0.8964960327046438,descriptive_secondary
C_full_CN,C_beta_CN,157,representative,gamma_gw,0.95,0.002651926414460326,-0.06610289559561366,0.9578971044043864,descriptive_secondary
C_full_CN,C_beta_CN,157,representative,log10_Ar,0.05,0.001881303187681642,-0.9554202117607667,0.06057978823923329,descriptive_secondary
C_full_CN,C_beta_CN,157,representative,log10_Ar,0.5,-0.0026145433099337145,-0.498290729413441,0.525709270586559,descriptive_secondary
C_full_CN,C_beta_CN,157,representative,log10_Ar,0.9,-0.00039996083861337794,-0.12450290446463608,0.8874970955353639,descriptive_secondary
C_full_CN,C_beta_CN,157,representative,log10_Ar,0.95,-0.0004507509034301638,-0.09273609736091215,0.9192639026390879,descriptive_secondary
C_full_CN,C_beta_CN,157,representative,log10_EFAC,0.05,-0.00010288542471024661,-0.9907794682887727,0.01722053171122729,descriptive_secondary
C_full_CN,C_beta_CN,157,representative,log10_EFAC,0.5,-1.8045550675457878e-05,-0.884286348798508,0.12371365120149205,descriptive_secondary
C_full_CN,C_beta_CN,157,representative,log10_EFAC,0.9,0.000400408384456985,-0.7335619860988993,0.2824380139011006,descriptive_secondary
C_full_CN,C_beta_CN,157,representative,log10_EFAC,0.95,-0.0008251220796101078,-0.6868147307857497,0.33718526921425035,descriptive_secondary
C_full_CN,C_beta_CN,184,stress,u,0.05,-0.00038249999316714023,-0.9529609586350569,0.06303904136494312,descriptive_secondary
C_full_CN,C_beta_CN,184,stress,u,0.5,-8.48266853794577e-05,-0.49182881302906767,0.5321711869709324,descriptive_secondary
C_full_CN,C_beta_CN,184,stress,u,0.9,0.001546442303279827,-0.096862895809955,0.915137104190045,descriptive_secondary
C_full_CN,C_beta_CN,184,stress,u,0.95,0.0005163588128962449,-0.053231609800518,0.958768390199482,inconclusive
C_full_CN,C_beta_CN,184,stress,log10_Agw,0.05,0.00023108124373151517,-0.9760528205335427,0.029947179466457266,descriptive_secondary
C_full_CN,C_beta_CN,184,stress,log10_Agw,0.5,4.531377028232919e-05,-0.7423839990342107,0.2776160009657893,descriptive_secondary
C_full_CN,C_beta_CN,184,stress,log10_Agw,0.9,-0.0005644310961584464,-0.46075903679838615,0.5592409632016139,descriptive_secondary
C_full_CN,C_beta_CN,184,stress,log10_Agw,0.95,0.001314127994574088,-0.3910721483110655,0.6329278516889345,descriptive_secondary
C_full_CN,C_beta_CN,184,stress,gamma_gw,0.05,0.000486359355622315,-0.9659998542323075,0.046000145767692534,descriptive_secondary
C_full_CN,C_beta_CN,184,stress,gamma_gw,0.5,0.0001451408163068435,-0.5884284069996498,0.4355715930003502,descriptive_secondary
C_full_CN,C_beta_CN,184,stress,gamma_gw,0.9,-0.002038468460702436,-0.155535282379484,0.868464717620516,descriptive_secondary
C_full_CN,C_beta_CN,184,stress,gamma_gw,0.95,-0.001140579352185589,-0.08733583506618636,0.9366641649338137,descriptive_secondary
C_full_CN,C_beta_CN,184,stress,log10_Ar,0.05,-0.0008625147325964644,-0.9636485899594154,0.04835141004058467,descriptive_secondary
C_full_CN,C_beta_CN,184,stress,log10_Ar,0.5,-0.0005348095819304732,-0.5747814028609104,0.4492185971390897,descriptive_secondary
C_full_CN,C_beta_CN,184,stress,log10_Ar,0.9,-0.0003335212068316107,-0.20811530046816185,0.8238846995318382,descriptive_secondary
C_full_CN,C_beta_CN,184,stress,log10_Ar,0.95,-0.00030414409064727366,-0.1398005079676271,0.8921994920323729,descriptive_secondary
C_full_CN,C_beta_CN,184,stress,log10_EFAC,0.05,-0.00010072743747879809,-0.7132500611690891,0.302749938830911,descriptive_secondary
C_full_CN,C_beta_CN,184,stress,log10_EFAC,0.5,-0.00027179052013170946,-0.6029568602994806,0.40104313970051936,descriptive_secondary
C_full_CN,C_beta_CN,184,stress,log10_EFAC,0.9,2.273323145879358e-05,-0.5279666804453887,0.47803331955461126,descriptive_secondary
C_full_CN,C_beta_CN,184,stress,log10_EFAC,0.95,0.00015619158494900587,-0.5040661361315604,0.5019338638684396,descriptive_secondary
C_full_CN,C_beta_CN,189,representative,u,0.05,0.00024014060620486388,-0.9539266125827786,0.05807338741722144,descriptive_secondary
C_full_CN,C_beta_CN,189,representative,u,0.5,-0.0022781022257095662,-0.5004822159011032,0.5235177840988968,descriptive_secondary
C_full_CN,C_beta_CN,189,representative,u,0.9,-0.0002339443891681281,-0.10074724440943283,0.9152527555905672,descriptive_secondary
C_full_CN,C_beta_CN,189,representative,u,0.95,-7.51065533614037e-05,-0.054224160126793985,0.957775839873206,inconclusive
C_full_CN,C_beta_CN,189,representative,log10_Agw,0.05,-0.0005663240665033445,-0.9670953624946143,0.044904637505385786,descriptive_secondary
C_full_CN,C_beta_CN,189,representative,log10_Agw,0.5,-0.00046549826603653477,-0.6590267065073945,0.3569732934926055,descriptive_secondary
C_full_CN,C_beta_CN,189,representative,log10_Agw,0.9,0.00030936163717809606,-0.40695655525334384,0.6090434447466562,descriptive_secondary
C_full_CN,C_beta_CN,189,representative,log10_Agw,0.95,0.0006619358623705107,-0.35512632146798306,0.668873678532017,descriptive_secondary
C_full_CN,C_beta_CN,189,representative,gamma_gw,0.05,-3.8263586570788655e-05,-0.9663042337110163,0.04569576628898378,descriptive_secondary
C_full_CN,C_beta_CN,189,representative,gamma_gw,0.5,0.0010897040714925033,-0.5728554919021671,0.4591445080978329,descriptive_secondary
C_full_CN,C_beta_CN,189,representative,gamma_gw,0.9,0.00021726283005651936,-0.14163970229148615,0.8823602977085139,descriptive_secondary
C_full_CN,C_beta_CN,189,representative,gamma_gw,0.95,0.0002056235987482058,-0.07864074719969016,0.9413592528003099,descriptive_secondary
C_full_CN,C_beta_CN,189,representative,log10_Ar,0.05,3.59059619674737e-05,-0.9559481165665515,0.05605188343344848,descriptive_secondary
C_full_CN,C_beta_CN,189,representative,log10_Ar,0.5,-0.0018089428991527878,-0.5197857031469457,0.5122142968530543,descriptive_secondary
C_full_CN,C_beta_CN,189,representative,log10_Ar,0.9,-3.4823297755726124e-05,-0.20138213756521728,0.8146178624347827,descriptive_secondary
C_full_CN,C_beta_CN,189,representative,log10_Ar,0.95,6.693587076544993e-05,-0.1714524650954523,0.8405475349045477,descriptive_secondary
C_full_CN,C_beta_CN,189,representative,log10_EFAC,0.05,-3.2441894547607236e-05,-0.9881660871605054,0.01983391283949467,descriptive_secondary
C_full_CN,C_beta_CN,189,representative,log10_EFAC,0.5,0.00013247338363471528,-0.8871097008168507,0.11889029918314935,descriptive_secondary
C_full_CN,C_beta_CN,189,representative,log10_EFAC,0.9,-0.00015723133228326414,-0.7974945282508443,0.20850547174915568,descriptive_secondary
C_full_CN,C_beta_CN,189,representative,log10_EFAC,0.95,-0.0001330116216411159,-0.7758281274955076,0.23617187250449248,descriptive_secondary
C_full_CN,C_beta_CN,191,representative,u,0.05,0.0008877566185858873,-0.954541751186411,0.061458248813588946,descriptive_secondary
C_full_CN,C_beta_CN,191,representative,u,0.5,-0.0010353886029006443,-0.4934361487240686,0.5385638512759314,descriptive_secondary
C_full_CN,C_beta_CN,191,representative,u,0.9,-0.0008750226046896348,-0.09918161015888582,0.9128183898411142,descriptive_secondary
C_full_CN,C_beta_CN,191,representative,u,0.95,-0.0006015700475378027,-0.05422467322392577,0.9577753267760742,inconclusive
C_full_CN,C_beta_CN,191,representative,log10_Agw,0.05,-0.00017959463603230835,-0.9684282712229898,0.043571728777010224,descriptive_secondary
C_full_CN,C_beta_CN,191,representative,log10_Agw,0.5,0.0012144848989331658,-0.6236165834426171,0.400383416557383,descriptive_secondary
C_full_CN,C_beta_CN,191,representative,log10_Agw,0.9,7.776585448926454e-05,-0.3108088091893616,0.7211911908106384,descriptive_secondary
C_full_CN,C_beta_CN,191,representative,log10_Agw,0.95,0.0016720082692013305,-0.2429117041948906,0.7810882958051094,descriptive_secondary
C_full_CN,C_beta_CN,191,representative,gamma_gw,0.05,0.0009695874200320864,-0.9674047550876117,0.048595244912388355,descriptive_secondary
C_full_CN,C_beta_CN,191,representative,gamma_gw,0.5,0.0007523381815655039,-0.5657002770169756,0.45829972298302446,descriptive_secondary
C_full_CN,C_beta_CN,191,representative,gamma_gw,0.9,-0.001967682178793173,-0.1349373522262599,0.8810626477737401,descriptive_secondary
C_full_CN,C_beta_CN,191,representative,gamma_gw,0.95,-0.0006756721118739151,-0.07347610324649823,0.9425238967535018,descriptive_secondary
C_full_CN,C_beta_CN,191,representative,log10_Ar,0.05,-0.0012942427966440434,-0.9606399679413056,0.05536003205869437,descriptive_secondary
C_full_CN,C_beta_CN,191,representative,log10_Ar,0.5,-0.0002959473707694338,-0.5420382025105122,0.48996179748948787,descriptive_secondary
C_full_CN,C_beta_CN,191,representative,log10_Ar,0.9,-0.00011430581912796889,-0.1603195808778788,0.8636804191221212,descriptive_secondary
C_full_CN,C_beta_CN,191,representative,log10_Ar,0.95,0.0015599995881174777,-0.09578824363767247,0.9202117563623275,descriptive_secondary
C_full_CN,C_beta_CN,191,representative,log10_EFAC,0.05,-0.0006604516768693447,-0.45024934951226925,0.5617506504877308,descriptive_secondary
C_full_CN,C_beta_CN,191,representative,log10_EFAC,0.5,-0.00036299321237021065,-0.3385317679223603,0.6654682320776397,descriptive_secondary
C_full_CN,C_beta_CN,191,representative,log10_EFAC,0.9,-0.0003138861382011582,-0.2631636269819899,0.7408363730180101,descriptive_secondary
C_full_CN,C_beta_CN,191,representative,log10_EFAC,0.95,-0.0003561663594918718,-0.24242431811268106,0.765575681887319,descriptive_secondary
C_full_CN,C_beta_CN,197,representative,u,0.05,-0.0005250627038561467,-0.01561163589072656,0.01638836410927344,descriptive_secondary
C_full_CN,C_beta_CN,197,representative,u,0.5,0.0019096455300807724,-0.023607725958227133,0.03239227404177292,descriptive_secondary
C_full_CN,C_beta_CN,197,representative,u,0.9,0.0004569965376713947,-0.01459399313729115,0.017406006862708878,descriptive_secondary
C_full_CN,C_beta_CN,197,representative,u,0.95,8.516489315490983e-05,-0.011298109498661169,0.00870189050133885,inconclusive
C_full_CN,C_beta_CN,197,representative,log10_Agw,0.05,-1.2985988138335125e-05,-0.0072727447337093964,0.0047272552662906,descriptive_secondary
C_full_CN,C_beta_CN,197,representative,log10_Agw,0.5,0.0010000653852773878,-0.008900373448961496,0.015099626551038525,descriptive_secondary
C_full_CN,C_beta_CN,197,representative,log10_Agw,0.9,-0.00014270089031614974,-0.014957898029898109,0.01704210197010192,descriptive_secondary
C_full_CN,C_beta_CN,197,representative,log10_Agw,0.95,0.00046016863456038726,-0.01616532105178492,0.01583467894821511,descriptive_secondary
C_full_CN,C_beta_CN,197,representative,gamma_gw,0.05,-0.0004212119000410394,-0.01133463480097309,0.00866536519902691,descriptive_secondary
C_full_CN,C_beta_CN,197,representative,gamma_gw,0.5,0.0011278544835864879,-0.019079714845471774,0.020920285154528262,descriptive_secondary
C_full_CN,C_beta_CN,197,representative,gamma_gw,0.9,-0.001516237263539666,-0.025726904067638334,0.02227309593236171,descriptive_secondary
C_full_CN,C_beta_CN,197,representative,gamma_gw,0.95,-0.0013324016855157383,-0.018668676854805555,0.029331323145194488,descriptive_secondary
C_full_CN,C_beta_CN,197,representative,log10_Ar,0.05,-8.419092757482732e-05,-0.011157592544319563,0.008842407455680438,descriptive_secondary
C_full_CN,C_beta_CN,197,representative,log10_Ar,0.5,0.0008508221077787592,-0.01205421693188835,0.02394578306811168,descriptive_secondary
C_full_CN,C_beta_CN,197,representative,log10_Ar,0.9,-0.000931801427439316,-0.018146856017560276,0.013853143982439753,descriptive_secondary
C_full_CN,C_beta_CN,197,representative,log10_Ar,0.95,-0.0008175031479022987,-0.016807374603438174,0.015192625396561854,descriptive_secondary
C_full_CN,C_beta_CN,197,representative,log10_EFAC,0.05,2.310539255885439e-05,-0.000984363308369203,0.001015636691630797,descriptive_secondary
C_full_CN,C_beta_CN,197,representative,log10_EFAC,0.5,0.00011851586535480477,-0.001580024390841362,0.002419975609158638,descriptive_secondary
C_full_CN,C_beta_CN,197,representative,log10_EFAC,0.9,-0.0002607065702126127,-0.004701450860063697,0.0032985491399363104,descriptive_secondary
C_full_CN,C_beta_CN,197,representative,log10_EFAC,0.95,6.3881547678196204e-06,-0.008595794487277778,0.011404205512722226,descriptive_secondary
C_full_CN,C_beta_CN,249,representative,u,0.05,-0.0013976335099321752,-0.9542604693201225,0.05773953067987744,descriptive_secondary
C_full_CN,C_beta_CN,249,representative,u,0.5,-5.3326646201612427e-05,-0.4940027105589886,0.5299972894410114,descriptive_secondary
C_full_CN,C_beta_CN,249,representative,u,0.9,0.0007547497961988281,-0.10276576032730989,0.9132342396726901,descriptive_secondary
C_full_CN,C_beta_CN,249,representative,u,0.95,0.00023079360893007994,-0.051158903767982045,0.960841096232018,inconclusive
C_full_CN,C_beta_CN,249,representative,log10_Agw,0.05,-0.00045089995112611997,-0.9731013376331827,0.03489866236681728,descriptive_secondary
C_full_CN,C_beta_CN,249,representative,log10_Agw,0.5,0.0008112837461056732,-0.7095130357586553,0.3064869642413447,descriptive_secondary
C_full_CN,C_beta_CN,249,representative,log10_Agw,0.9,-0.0011955953203259817,-0.45192268051134277,0.5640773194886572,descriptive_secondary
C_full_CN,C_beta_CN,249,representative,log10_Agw,0.95,-0.00045827446530866123,-0.4035668872828434,0.6204331127171566,descriptive_secondary
C_full_CN,C_beta_CN,249,representative,gamma_gw,0.05,0.001482992819982737,-0.9656872323718252,0.04631276762817482,descriptive_secondary
C_full_CN,C_beta_CN,249,representative,gamma_gw,0.5,0.00023285013296553414,-0.5786329828050177,0.4533670171949823,descriptive_secondary
C_full_CN,C_beta_CN,249,representative,gamma_gw,0.9,-0.0014222263030405635,-0.14521047679293186,0.8747895232070682,descriptive_secondary
C_full_CN,C_beta_CN,249,representative,gamma_gw,0.95,-0.00011780362418112311,-0.08241915469560146,0.9415808453043986,descriptive_secondary
C_full_CN,C_beta_CN,249,representative,log10_Ar,0.05,0.0002795311225184602,-0.9619496013236959,0.050050398676304134,descriptive_secondary
C_full_CN,C_beta_CN,249,representative,log10_Ar,0.5,0.0018003672175388452,-0.5801714930279397,0.44382850697206033,descriptive_secondary
C_full_CN,C_beta_CN,249,representative,log10_Ar,0.9,0.0003130896535403771,-0.2552512926475843,0.7647487073524157,descriptive_secondary
C_full_CN,C_beta_CN,249,representative,log10_Ar,0.95,0.0013943774031223155,-0.20866826777035596,0.807331732229644,descriptive_secondary
C_full_CN,C_beta_CN,249,representative,log10_EFAC,0.05,0.0005174847057783302,-0.9813041443912288,0.027695855608771223,descriptive_secondary
C_full_CN,C_beta_CN,249,representative,log10_EFAC,0.5,-0.00022254403132436484,-0.8953231242860742,0.10917687571392586,descriptive_secondary
C_full_CN,C_beta_CN,249,representative,log10_EFAC,0.9,-0.0007709459361485704,-0.82029612999686,0.18570387000314006,descriptive_secondary
C_full_CN,C_beta_CN,249,representative,log10_EFAC,0.95,-0.0008856974654705974,-0.7987745190204243,0.20922548097957566,descriptive_secondary
C_full_CN,C_beta_CN,272,representative,u,0.05,-0.0008510471706175207,-0.9556294501705007,0.0603705498294993,descriptive_secondary
C_full_CN,C_beta_CN,272,representative,u,0.5,-0.0008931006600453317,-0.497996914760246,0.526003085239754,descriptive_secondary
C_full_CN,C_beta_CN,272,representative,u,0.9,-0.0006869153176818354,-0.10488263248507201,0.911117367514928,descriptive_secondary
C_full_CN,C_beta_CN,272,representative,u,0.95,-0.0012506706838436576,-0.05653452759859556,0.9594654724014045,inconclusive
C_full_CN,C_beta_CN,272,representative,log10_Agw,0.05,-0.00022785595816027238,-0.9679367307733047,0.04006326922669538,descriptive_secondary
C_full_CN,C_beta_CN,272,representative,log10_Agw,0.5,-0.0016383021833033529,-0.6479858318100559,0.36801416818994415,descriptive_secondary
C_full_CN,C_beta_CN,272,representative,log10_Agw,0.9,-0.0007368663448192869,-0.3186353863465231,0.6973646136534769,descriptive_secondary
C_full_CN,C_beta_CN,272,representative,log10_Agw,0.95,-0.0013156430390919294,-0.2555257010025348,0.7764742989974652,descriptive_secondary
C_full_CN,C_beta_CN,272,representative,gamma_gw,0.05,-0.0003644794868026893,-0.9655834137237607,0.04641658627623935,descriptive_secondary
C_full_CN,C_beta_CN,272,representative,gamma_gw,0.5,0.0005491423344380908,-0.5706998856296746,0.44930011437032547,descriptive_secondary
C_full_CN,C_beta_CN,272,representative,gamma_gw,0.9,0.0014023933744867767,-0.13427037742450243,0.8817296225754976,descriptive_secondary
C_full_CN,C_beta_CN,272,representative,gamma_gw,0.95,0.0013788116570029318,-0.07228824424342284,0.9437117557565772,descriptive_secondary
C_full_CN,C_beta_CN,272,representative,log10_Ar,0.05,-0.0007287560202673404,-0.9596505138987096,0.05234948610129041,descriptive_secondary
C_full_CN,C_beta_CN,272,representative,log10_Ar,0.5,0.0012688498154456718,-0.5377525127869491,0.4942474872130509,descriptive_secondary
C_full_CN,C_beta_CN,272,representative,log10_Ar,0.9,0.0010031995757201484,-0.14457413110578654,0.8714258688942135,descriptive_secondary
C_full_CN,C_beta_CN,272,representative,log10_Ar,0.95,0.0008942219419371122,-0.08874146708461761,0.9272585329153824,descriptive_secondary
C_full_CN,C_beta_CN,272,representative,log10_EFAC,0.05,-0.0002486415961074906,-0.38252067296226167,0.6294793270377383,descriptive_secondary
C_full_CN,C_beta_CN,272,representative,log10_EFAC,0.5,-0.0002400127413666464,-0.27978736796551107,0.7242126320344889,descriptive_secondary
C_full_CN,C_beta_CN,272,representative,log10_EFAC,0.9,-8.78132434916079e-05,-0.204240490014847,0.799759509985153,descriptive_secondary
C_full_CN,C_beta_CN,272,representative,log10_EFAC,0.95,0.00023598055156570652,-0.18673171580443304,0.825268284195567,descriptive_secondary
C_full_CN,C_beta_CN,285,representative,u,0.05,-0.00035729947478080337,-0.9547321967513441,0.05726780324865585,descriptive_secondary
C_full_CN,C_beta_CN,285,representative,u,0.5,-0.000995993943506801,-0.4965577820401068,0.5274422179598932,descriptive_secondary
C_full_CN,C_beta_CN,285,representative,u,0.9,-0.0005266714104049663,-0.11214176790945551,0.9198582320905445,descriptive_secondary
C_full_CN,C_beta_CN,285,representative,u,0.95,-0.0005625961450289596,-0.0563915290504422,0.9596084709495578,inconclusive
C_full_CN,C_beta_CN,285,representative,log10_Agw,0.05,-0.00014198404509035284,-0.9663238256255597,0.04367617437444023,descriptive_secondary
C_full_CN,C_beta_CN,285,representative,log10_Agw,0.5,-0.001523777152012018,-0.6346895154033426,0.3813104845966574,descriptive_secondary
C_full_CN,C_beta_CN,285,representative,log10_Agw,0.9,-0.0005317322207691877,-0.3023352628253818,0.7136647371746182,descriptive_secondary
C_full_CN,C_beta_CN,285,representative,log10_Agw,0.95,-0.0003327976843885416,-0.23761025548528325,0.7943897445147168,descriptive_secondary
C_full_CN,C_beta_CN,285,representative,gamma_gw,0.05,0.00047786188292849724,-0.9625008157853644,0.04949918421463561,descriptive_secondary
C_full_CN,C_beta_CN,285,representative,gamma_gw,0.5,0.0007913414876397629,-0.570542811279028,0.4614571887209721,descriptive_secondary
C_full_CN,C_beta_CN,285,representative,gamma_gw,0.9,-2.547626468984987e-05,-0.13322385469233156,0.8867761453076685,descriptive_secondary
C_full_CN,C_beta_CN,285,representative,gamma_gw,0.95,-2.2471274185864587e-06,-0.07053654046723234,0.9494634595327677,descriptive_secondary
C_full_CN,C_beta_CN,285,representative,log10_Ar,0.05,0.0012673889699312824,-0.9588248090722369,0.05717519092776312,descriptive_secondary
C_full_CN,C_beta_CN,285,representative,log10_Ar,0.5,0.0010415275577001504,-0.5155986436958127,0.5084013563041874,descriptive_secondary
C_full_CN,C_beta_CN,285,representative,log10_Ar,0.9,0.002276040906018073,-0.12176217220641061,0.9022378277935894,descriptive_secondary
C_full_CN,C_beta_CN,285,representative,log10_Ar,0.95,0.0002319657353626603,-0.06730342069641515,0.9446965793035849,descriptive_secondary
C_full_CN,C_beta_CN,285,representative,log10_EFAC,0.05,8.603780876992317e-05,-0.20938304113505601,0.796616958864944,descriptive_secondary
C_full_CN,C_beta_CN,285,representative,log10_EFAC,0.5,5.987493835968305e-05,-0.12170581958836557,0.8812941804116344,descriptive_secondary
C_full_CN,C_beta_CN,285,representative,log10_EFAC,0.9,0.00018500372348317917,-0.05487055885210046,0.9491294411478995,descriptive_secondary
C_full_CN,C_beta_CN,285,representative,log10_EFAC,0.95,-8.050225606182071e-05,-0.03890263554881135,0.9670973644511887,descriptive_secondary
C_full_CN,C_beta_CN,313,representative,u,0.05,-0.0005213042766927106,-0.9513746686114066,0.0646253313885934,descriptive_secondary
C_full_CN,C_beta_CN,313,representative,u,0.5,0.0005740364873021431,-0.47623673472710204,0.547763265272898,descriptive_secondary
C_full_CN,C_beta_CN,313,representative,u,0.9,-0.0003228650866395899,-0.09609793188811888,0.9159020681118811,descriptive_secondary
C_full_CN,C_beta_CN,313,representative,u,0.95,-0.0002601868954126285,-0.05172129040037243,0.9602787095996276,inconclusive
C_full_CN,C_beta_CN,313,representative,log10_Agw,0.05,-0.0004597803777526069,-0.9682951502745979,0.03970484972540206,descriptive_secondary
C_full_CN,C_beta_CN,313,representative,log10_Agw,0.5,-0.00022305493014929123,-0.6624087328272334,0.35759126717276657,descriptive_secondary
C_full_CN,C_beta_CN,313,representative,log10_Agw,0.9,-0.0006620087778833605,-0.3642853216516039,0.6517146783483961,descriptive_secondary
C_full_CN,C_beta_CN,313,representative,log10_Agw,0.95,0.001023203568286002,-0.30398138669520747,0.7200186133047926,descriptive_secondary
C_full_CN,C_beta_CN,313,representative,gamma_gw,0.05,0.00023258039892465332,-0.9634093073549762,0.048590692645023796,descriptive_secondary
C_full_CN,C_beta_CN,313,representative,gamma_gw,0.5,0.0006792561720015411,-0.5753775267312049,0.44862247326879506,descriptive_secondary
C_full_CN,C_beta_CN,313,representative,gamma_gw,0.9,0.0012187490818308389,-0.13802147925601527,0.8859785207439848,descriptive_secondary
C_full_CN,C_beta_CN,313,representative,gamma_gw,0.95,0.0013432471421752634,-0.07467128349915764,0.9413287165008424,descriptive_secondary
C_full_CN,C_beta_CN,313,representative,log10_Ar,0.05,0.0015472790659942295,-0.9612396415410297,0.05476035845897027,descriptive_secondary
C_full_CN,C_beta_CN,313,representative,log10_Ar,0.5,-0.0016536639311822698,-0.5503862009969638,0.4736137990030362,descriptive_secondary
C_full_CN,C_beta_CN,313,representative,log10_Ar,0.9,-0.002301318567706434,-0.18270555373724573,0.8412944462627543,descriptive_secondary
C_full_CN,C_beta_CN,313,representative,log10_Ar,0.95,-0.003932155630755441,-0.12706582682502132,0.8969341731749787,descriptive_secondary
C_full_CN,C_beta_CN,313,representative,log10_EFAC,0.05,0.0019877308441559327,-0.8277949258050978,0.19620507419490213,descriptive_secondary
C_full_CN,C_beta_CN,313,representative,log10_EFAC,0.5,0.0002622199447602225,-0.6688334146925599,0.3371665853074402,descriptive_secondary
C_full_CN,C_beta_CN,313,representative,log10_EFAC,0.9,0.00019281966783535331,-0.5879140863507216,0.4180859136492784,descriptive_secondary
C_full_CN,C_beta_CN,313,representative,log10_EFAC,0.95,-5.350646176632834e-05,-0.5637906580534481,0.4442093419465519,descriptive_secondary
C_full_CN,C_beta_CN,327,representative,u,0.05,0.0006377560781151426,-0.9182762040796405,0.12972379592035949,descriptive_secondary
C_full_CN,C_beta_CN,327,representative,u,0.5,-0.0027211975395654564,-0.3441996243793449,0.6878003756206551,descriptive_secondary
C_full_CN,C_beta_CN,327,representative,u,0.9,0.0010319591047605048,-0.06085687770254922,0.9511431222974508,descriptive_secondary
C_full_CN,C_beta_CN,327,representative,u,0.95,0.001562177500881945,-0.03192387590015677,0.9800761240998432,inconclusive
C_full_CN,C_beta_CN,327,representative,log10_Agw,0.05,-0.0013836405699043652,-0.28012181030392636,0.7278781896960737,descriptive_secondary
C_full_CN,C_beta_CN,327,representative,log10_Agw,0.5,0.0005346483437105309,-0.13951697153157272,0.8724830284684273,descriptive_secondary
C_full_CN,C_beta_CN,327,representative,log10_Agw,0.9,0.00010013470474112829,-0.029413906010345103,0.9765860939896549,descriptive_secondary
C_full_CN,C_beta_CN,327,representative,log10_Agw,0.95,-6.874319013427943e-05,-0.01638571235407249,0.9896142876459275,descriptive_secondary
C_full_CN,C_beta_CN,327,representative,gamma_gw,0.05,-0.0007130943988180038,-0.763073345002782,0.26892665499721796,descriptive_secondary
C_full_CN,C_beta_CN,327,representative,gamma_gw,0.5,-0.002671994606640027,-0.3817908576153418,0.6422091423846582,descriptive_secondary
C_full_CN,C_beta_CN,327,representative,gamma_gw,0.9,0.0001446309971756543,-0.08469708060316283,0.9313029193968372,descriptive_secondary
C_full_CN,C_beta_CN,327,representative,gamma_gw,0.95,0.00015773417576514515,-0.04530658070525273,0.9666934192947473,descriptive_secondary
C_full_CN,C_beta_CN,327,representative,log10_Ar,0.05,8.910961092192804e-05,-0.95823724810089,0.0577627518991101,descriptive_secondary
C_full_CN,C_beta_CN,327,representative,log10_Ar,0.5,-0.0014038862510312167,-0.5273525230254527,0.5046474769745474,descriptive_secondary
C_full_CN,C_beta_CN,327,representative,log10_Ar,0.9,-0.0008431702605898872,-0.12699967933806533,0.8970003206619347,descriptive_secondary
C_full_CN,C_beta_CN,327,representative,log10_Ar,0.95,-0.0006825380512381907,-0.07097929421365945,0.9410207057863406,descriptive_secondary
C_full_CN,C_beta_CN,327,representative,log10_EFAC,0.05,0.0010603075481721222,-0.9719619255327385,0.044038074467261476,descriptive_secondary
C_full_CN,C_beta_CN,327,representative,log10_EFAC,0.5,-0.00022979001537209998,-0.720351948806381,0.29564805119361903,descriptive_secondary
C_full_CN,C_beta_CN,327,representative,log10_EFAC,0.9,0.003461332044864318,-0.4691669237448465,0.5548330762551535,descriptive_secondary
C_full_CN,C_beta_CN,327,representative,log10_EFAC,0.95,0.0019146781774077581,-0.39768949840383705,0.626310501596163,descriptive_secondary
C_full_CN,C_beta_CN,333,stress,u,0.05,-0.00040591972121812453,-0.9658860985575692,0.0461139014424308,descriptive_secondary
C_full_CN,C_beta_CN,333,stress,u,0.5,-0.0006158521587790178,-0.585201675767186,0.43879832423281406,descriptive_secondary
C_full_CN,C_beta_CN,333,stress,u,0.9,0.00023845734762384385,-0.14598827375096946,0.8780117262490306,descriptive_secondary
C_full_CN,C_beta_CN,333,stress,u,0.95,0.00013658555452134014,-0.0826346546871286,0.9413653453128714,inconclusive
C_full_CN,C_beta_CN,333,stress,log10_Agw,0.05,-0.0009466468564718333,-0.3028843967963939,0.7131156032036061,descriptive_secondary
C_full_CN,C_beta_CN,333,stress,log10_Agw,0.5,-0.0004254255366195059,-0.13218600314180962,0.8758139968581904,descriptive_secondary
C_full_CN,C_beta_CN,333,stress,log10_Agw,0.9,-0.0006733288230442724,-0.030300232988531017,0.977699767011469,descriptive_secondary
C_full_CN,C_beta_CN,333,stress,log10_Agw,0.95,-0.0005456582490324102,-0.017058428874154652,0.9889415711258454,descriptive_secondary
C_full_CN,C_beta_CN,333,stress,gamma_gw,0.05,0.0007615410431553449,-0.8416624690012965,0.19033753099870354,descriptive_secondary
C_full_CN,C_beta_CN,333,stress,gamma_gw,0.5,0.0031806193536938476,-0.3734158295246074,0.6505841704753926,descriptive_secondary
C_full_CN,C_beta_CN,333,stress,gamma_gw,0.9,0.00011597186358114353,-0.08026851677885738,0.9357314832211426,descriptive_secondary
C_full_CN,C_beta_CN,333,stress,gamma_gw,0.95,-8.538594525919763e-05,-0.043956370999276406,0.9720436290007236,descriptive_secondary
C_full_CN,C_beta_CN,333,stress,log10_Ar,0.05,5.909280756334623e-05,-0.9522052125562823,0.05979478744371769,descriptive_secondary
C_full_CN,C_beta_CN,333,stress,log10_Ar,0.5,0.001445457305679354,-0.4804350063083195,0.5515649936916805,descriptive_secondary
C_full_CN,C_beta_CN,333,stress,log10_Ar,0.9,0.0004132914918932862,-0.07070789102151143,0.9412921089784886,descriptive_secondary
C_full_CN,C_beta_CN,333,stress,log10_Ar,0.95,0.0007102249112100889,-0.03366340988392025,0.9783365901160798,descriptive_secondary
C_full_CN,C_beta_CN,333,stress,log10_EFAC,0.05,-0.0031848787409479717,-0.3952387706462398,0.6527612293537602,descriptive_secondary
C_full_CN,C_beta_CN,333,stress,log10_EFAC,0.5,-0.0006618735599085435,-0.08370312542686087,0.9222968745731391,descriptive_secondary
C_full_CN,C_beta_CN,333,stress,log10_EFAC,0.9,-9.311114222054773e-05,-0.015390772966840216,0.9876092270331598,descriptive_secondary
C_full_CN,C_beta_CN,333,stress,log10_EFAC,0.95,-1.0622386570124931e-05,-0.008534400108510254,0.9954655998914897,descriptive_secondary
C_full_CN,C_beta_CN,346,representative,u,0.05,-0.0008294938220383408,-0.9544984724220098,0.06150152757799018,descriptive_secondary
C_full_CN,C_beta_CN,346,representative,u,0.5,-0.003939175037555698,-0.4921457831467654,0.5318542168532346,descriptive_secondary
C_full_CN,C_beta_CN,346,representative,u,0.9,-0.00046720337419459135,-0.10053111120805525,0.9154688887919448,descriptive_secondary
C_full_CN,C_beta_CN,346,representative,u,0.95,-0.0004924067067524351,-0.05455637413675973,0.9574436258632403,inconclusive
C_full_CN,C_beta_CN,346,representative,log10_Agw,0.05,-0.0001797916425799427,-0.9767816857222127,0.03121831427778726,descriptive_secondary
C_full_CN,C_beta_CN,346,representative,log10_Agw,0.5,-0.0018172722867669244,-0.7299343360610396,0.2860656639389604,descriptive_secondary
C_full_CN,C_beta_CN,346,representative,log10_Agw,0.9,-0.00041149563725484395,-0.4344341963991514,0.5815658036008486,descriptive_secondary
C_full_CN,C_beta_CN,346,representative,log10_Agw,0.95,-0.00022619513865040908,-0.3717222428500615,0.6602777571499385,descriptive_secondary
C_full_CN,C_beta_CN,346,representative,gamma_gw,0.05,-0.0005135633615156177,-0.9656821135949794,0.04231788640502071,descriptive_secondary
C_full_CN,C_beta_CN,346,representative,gamma_gw,0.5,0.0015225334426931525,-0.5879322261281681,0.4360677738718319,descriptive_secondary
C_full_CN,C_beta_CN,346,representative,gamma_gw,0.9,0.0013797881853874205,-0.1476644557089788,0.8763355442910212,descriptive_secondary
C_full_CN,C_beta_CN,346,representative,gamma_gw,0.95,0.0012088314618334817,-0.08638998701699763,0.9376100129830024,descriptive_secondary
C_full_CN,C_beta_CN,346,representative,log10_Ar,0.05,0.00019347656754176157,-0.9641646344452914,0.05183536555470861,descriptive_secondary
C_full_CN,C_beta_CN,346,representative,log10_Ar,0.5,0.0018653315746783306,-0.5774126548063306,0.4425873451936694,descriptive_secondary
C_full_CN,C_beta_CN,346,representative,log10_Ar,0.9,0.0014089036300715119,-0.21405578687675775,0.8019442131232423,descriptive_secondary
C_full_CN,C_beta_CN,346,representative,log10_Ar,0.95,-0.0003609770762820208,-0.15087184071456283,0.8651281592854372,descriptive_secondary
C_full_CN,C_beta_CN,346,representative,log10_EFAC,0.05,-6.969571633580474e-05,-0.5076373073393512,0.5003626926606488,descriptive_secondary
C_full_CN,C_beta_CN,346,representative,log10_EFAC,0.5,-0.00028046197231368364,-0.4180992427129313,0.5859007572870687,descriptive_secondary
C_full_CN,C_beta_CN,346,representative,log10_EFAC,0.9,0.00032075350208693454,-0.3419699024803068,0.6640300975196932,descriptive_secondary
C_full_CN,C_beta_CN,346,representative,log10_EFAC,0.95,0.00019586346494349094,-0.31938989861848077,0.6886101013815192,descriptive_secondary
C_full_CN,C_beta_CN,355,representative,u,0.05,0.0015890498688220928,-0.9541751674447774,0.06982483255522257,descriptive_secondary
C_full_CN,C_beta_CN,355,representative,u,0.5,0.0020361190167632603,-0.5041045942297412,0.5278954057702588,descriptive_secondary
C_full_CN,C_beta_CN,355,representative,u,0.9,0.0008372703263123116,-0.10769295361739484,0.9083070463826052,descriptive_secondary
C_full_CN,C_beta_CN,355,representative,u,0.95,0.0011051669132521313,-0.055207710847272495,0.9567922891527275,inconclusive
C_full_CN,C_beta_CN,355,representative,log10_Agw,0.05,0.00307822624302978,-0.654541018269088,0.441458981730912,descriptive_secondary
C_full_CN,C_beta_CN,355,representative,log10_Agw,0.5,-4.0725595974899775e-05,-0.33978044634745863,0.6722195536525414,descriptive_secondary
C_full_CN,C_beta_CN,355,representative,log10_Agw,0.9,0.0010889914587811633,-0.18244377703368797,0.826556222966312,descriptive_secondary
C_full_CN,C_beta_CN,355,representative,log10_Agw,0.95,0.0007495482232103834,-0.15570618083945553,0.8562938191605445,descriptive_secondary
C_full_CN,C_beta_CN,355,representative,gamma_gw,0.05,-0.0013675446136086136,-0.9595813203405549,0.056418679659445074,descriptive_secondary
C_full_CN,C_beta_CN,355,representative,gamma_gw,0.5,-0.00045164121912211197,-0.5497604176531378,0.5142395823468623,descriptive_secondary
C_full_CN,C_beta_CN,355,representative,gamma_gw,0.9,-0.000993756750369501,-0.12072097601486842,0.9032790239851316,descriptive_secondary
C_full_CN,C_beta_CN,355,representative,gamma_gw,0.95,-0.00172555381438666,-0.06798400826781659,0.9520159917321834,descriptive_secondary
C_full_CN,C_beta_CN,355,representative,log10_Ar,0.05,0.001304438016154319,-0.9605024713866771,0.0554975286133229,descriptive_secondary
C_full_CN,C_beta_CN,355,representative,log10_Ar,0.5,0.0006002119991124766,-0.5458522968787758,0.48614770312122424,descriptive_secondary
C_full_CN,C_beta_CN,355,representative,log10_Ar,0.9,-0.0006272517904556407,-0.154472203776446,0.865527796223554,descriptive_secondary
C_full_CN,C_beta_CN,355,representative,log10_Ar,0.95,0.00034733272386433534,-0.09957365797234674,0.9124263420276533,descriptive_secondary
C_full_CN,C_beta_CN,355,representative,log10_EFAC,0.05,2.917785298554767e-05,-0.9945396336387111,0.007460366361288858,descriptive_secondary
C_full_CN,C_beta_CN,355,representative,log10_EFAC,0.5,0.000778043806838602,-0.9271594546551023,0.07884054534489775,descriptive_secondary
C_full_CN,C_beta_CN,355,representative,log10_EFAC,0.9,0.0009862018481640866,-0.804470555685803,0.207529444314197,descriptive_secondary
C_full_CN,C_beta_CN,355,representative,log10_EFAC,0.95,-0.0011066992690012822,-0.763102711777979,0.260897288222021,descriptive_secondary
C_full_CN,C_beta_CN,359,stress,u,0.05,-0.00022979656987148767,-0.9426517004006696,0.07334829959933045,descriptive_secondary
C_full_CN,C_beta_CN,359,stress,u,0.5,-0.001615156982428867,-0.4488985168705718,0.5751014831294282,descriptive_secondary
C_full_CN,C_beta_CN,359,stress,u,0.9,-0.0002077893748387849,-0.08808988821291941,0.9239101117870806,descriptive_secondary
C_full_CN,C_beta_CN,359,stress,u,0.95,-0.0005770240184970188,-0.04533302368097902,0.962666976319021,inconclusive
C_full_CN,C_beta_CN,359,stress,log10_Agw,0.05,-0.005413041985209949,-0.8011424275666336,0.2628575724333665,descriptive_secondary
C_full_CN,C_beta_CN,359,stress,log10_Agw,0.5,-4.887821353793953e-05,-0.22134801745299482,0.7886519825470052,descriptive_secondary
C_full_CN,C_beta_CN,359,stress,log10_Agw,0.9,-0.0002680487352507699,-0.06003109545974916,0.9499689045402508,descriptive_secondary
C_full_CN,C_beta_CN,359,stress,log10_Agw,0.95,-3.7957998981874574e-05,-0.032574339374732864,0.9754256606252671,descriptive_secondary
C_full_CN,C_beta_CN,359,stress,gamma_gw,0.05,-0.0004271460228589402,-0.9388816050125729,0.08511839498742713,descriptive_secondary
C_full_CN,C_beta_CN,359,stress,gamma_gw,0.5,-0.00013486176740895583,-0.4814837449595235,0.5425162550404765,descriptive_secondary
C_full_CN,C_beta_CN,359,stress,gamma_gw,0.9,-0.0005681573262261708,-0.1043836678489084,0.9116163321510916,descriptive_secondary
C_full_CN,C_beta_CN,359,stress,gamma_gw,0.95,0.00028984317320912556,-0.05514547187459118,0.9608545281254088,descriptive_secondary
C_full_CN,C_beta_CN,359,stress,log10_Ar,0.05,-0.00016509853834682092,-0.954529500567424,0.057470499432576025,descriptive_secondary
C_full_CN,C_beta_CN,359,stress,log10_Ar,0.5,3.016937634037209e-05,-0.5020440997556412,0.5299559002443588,descriptive_secondary
C_full_CN,C_beta_CN,359,stress,log10_Ar,0.9,0.0013542571158446925,-0.088939181644909,0.923060818355091,descriptive_secondary
C_full_CN,C_beta_CN,359,stress,log10_Ar,0.95,0.0006616439278177566,-0.044218744424776024,0.967781255575224,descriptive_secondary
C_full_CN,C_beta_CN,359,stress,log10_EFAC,0.05,0.0009805752928543354,-0.398712441879446,0.625287558120554,descriptive_secondary
C_full_CN,C_beta_CN,359,stress,log10_EFAC,0.5,0.0007853163876540004,-0.18647346594997893,0.8215265340500211,descriptive_secondary
C_full_CN,C_beta_CN,359,stress,log10_EFAC,0.9,0.0002747228416909442,-0.050322728628818925,0.9556772713711811,descriptive_secondary
C_full_CN,C_beta_CN,359,stress,log10_EFAC,0.95,0.0004668306748883966,-0.03106477750297909,0.9769352224970209,descriptive_secondary
C_full_CN,C_beta_CN,380,representative,u,0.05,0.0003739619559482779,-0.9519964316904937,0.06400356830950628,descriptive_secondary
C_full_CN,C_beta_CN,380,representative,u,0.5,-0.0006739015516934455,-0.48579702435260175,0.5382029756473983,descriptive_secondary
C_full_CN,C_beta_CN,380,representative,u,0.9,-0.0004957673475427526,-0.09793286378199706,0.914067136218003,descriptive_secondary
C_full_CN,C_beta_CN,380,representative,u,0.95,-0.00016676013772687348,-0.05249381626166927,0.9595061837383307,inconclusive
C_full_CN,C_beta_CN,380,representative,log10_Agw,0.05,-0.0003417014795580736,-0.9657078709223278,0.04629212907767217,descriptive_secondary
C_full_CN,C_beta_CN,380,representative,log10_Agw,0.5,-0.0004887832313403284,-0.6332741875278026,0.3907258124721974,descriptive_secondary
C_full_CN,C_beta_CN,380,representative,log10_Agw,0.9,-0.0029408360023487345,-0.33292537896978247,0.6910746210302176,descriptive_secondary
C_full_CN,C_beta_CN,380,representative,log10_Agw,0.95,-0.0032283379735640327,-0.2641966936252472,0.7558033063747528,descriptive_secondary
C_full_CN,C_beta_CN,380,representative,gamma_gw,0.05,3.05757360245032e-05,-0.9628434222959251,0.045156577704074885,descriptive_secondary
C_full_CN,C_beta_CN,380,representative,gamma_gw,0.5,-0.0005603947290833133,-0.5716181633295864,0.46038183667041366,descriptive_secondary
C_full_CN,C_beta_CN,380,representative,gamma_gw,0.9,0.0026770651650502852,-0.13582398996068767,0.8881760100393123,descriptive_secondary
C_full_CN,C_beta_CN,380,representative,gamma_gw,0.95,0.0016815275307002775,-0.07218425186004684,0.9438157481399532,descriptive_secondary
C_full_CN,C_beta_CN,380,representative,log10_Ar,0.05,-0.0001556680772370131,-0.9575872881760459,0.054412711823954144,descriptive_secondary
C_full_CN,C_beta_CN,380,representative,log10_Ar,0.5,0.004356416231460436,-0.5184136140684026,0.5055863859315974,descriptive_secondary
C_full_CN,C_beta_CN,380,representative,log10_Ar,0.9,0.0024440431715706534,-0.12228721296039657,0.8937127870396034,descriptive_secondary
C_full_CN,C_beta_CN,380,representative,log10_Ar,0.95,0.0015526325674426467,-0.07053063966491768,0.9534693603350823,descriptive_secondary
C_full_CN,C_beta_CN,380,representative,log10_EFAC,0.05,-0.003323594054340573,-0.7962893187385267,0.26771068126147324,descriptive_secondary
C_full_CN,C_beta_CN,380,representative,log10_EFAC,0.5,7.185967944267624e-05,-0.5457451984175021,0.4602548015824978,descriptive_secondary
C_full_CN,C_beta_CN,380,representative,log10_EFAC,0.9,-0.00047431176919865425,-0.4606753163783105,0.5453246836216895,descriptive_secondary
C_full_CN,C_beta_CN,380,representative,log10_EFAC,0.95,-0.0002834819959963708,-0.43668870705888474,0.5713112929411153,descriptive_secondary
C_full_CN,C_beta_CN,409,representative,u,0.05,-0.0003450324098234134,-0.9551986190077252,0.06080138099227477,descriptive_secondary
C_full_CN,C_beta_CN,409,representative,u,0.5,-0.0015784620905111568,-0.49173216540278886,0.5322678345972112,descriptive_secondary
C_full_CN,C_beta_CN,409,representative,u,0.9,0.000322906638725029,-0.099507056061936,0.912492943938064,descriptive_secondary
C_full_CN,C_beta_CN,409,representative,u,0.95,-1.3798048885460545e-05,-0.05078839395605772,0.9612116060439423,inconclusive
C_full_CN,C_beta_CN,409,representative,log10_Agw,0.05,-0.0001582484749079599,-0.9702516704205059,0.039748329579494146,descriptive_secondary
C_full_CN,C_beta_CN,409,representative,log10_Agw,0.5,0.0001817251151325916,-0.67649224984389,0.33550775015611,descriptive_secondary
C_full_CN,C_beta_CN,409,representative,log10_Agw,0.9,-0.0002221881302832962,-0.3689064023013059,0.6470935976986941,descriptive_secondary
C_full_CN,C_beta_CN,409,representative,log10_Agw,0.95,-0.0019133183929237463,-0.30599063502346646,0.7180093649765336,descriptive_secondary
C_full_CN,C_beta_CN,409,representative,gamma_gw,0.05,-0.0005438258970874577,-0.9672223026969814,0.04877769730301863,descriptive_secondary
C_full_CN,C_beta_CN,409,representative,gamma_gw,0.5,0.0014583924805871562,-0.5799694269713168,0.4440305730286832,descriptive_secondary
C_full_CN,C_beta_CN,409,representative,gamma_gw,0.9,-0.0007606561673584311,-0.14451896714800694,0.8794810328519931,descriptive_secondary
C_full_CN,C_beta_CN,409,representative,gamma_gw,0.95,0.0005435677035237063,-0.08027444277242324,0.9437255572275768,descriptive_secondary
C_full_CN,C_beta_CN,409,representative,log10_Ar,0.05,0.0001905268181306638,-0.9589996050378499,0.05300039496215016,descriptive_secondary
C_full_CN,C_beta_CN,409,representative,log10_Ar,0.5,0.0012306953842577406,-0.5287076392841383,0.49129236071586163,descriptive_secondary
C_full_CN,C_beta_CN,409,representative,log10_Ar,0.9,0.0002399980596277107,-0.14569690383403133,0.8703030961659687,descriptive_secondary
C_full_CN,C_beta_CN,409,representative,log10_Ar,0.95,0.0012972936460569073,-0.09065703276301296,0.9333429672369871,descriptive_secondary
C_full_CN,C_beta_CN,409,representative,log10_EFAC,0.05,0.0004727302514693221,-0.4460352867253856,0.5619647132746144,descriptive_secondary
C_full_CN,C_beta_CN,409,representative,log10_EFAC,0.5,3.258673856365579e-05,-0.34378961300941224,0.6602103869905878,descriptive_secondary
C_full_CN,C_beta_CN,409,representative,log10_EFAC,0.9,0.00011663867195221833,-0.2663809714975176,0.7376190285024824,descriptive_secondary
C_full_CN,C_beta_CN,409,representative,log10_EFAC,0.95,-0.00021133127745676106,-0.24468168454398864,0.7633183154560114,descriptive_secondary
C_full_CN,C_beta_CN,424,stress,u,0.05,0.0002821519245681525,-0.9631032729867989,0.0528967270132011,descriptive_secondary
C_full_CN,C_beta_CN,424,stress,u,0.5,-0.002331614371753443,-0.5837026229453843,0.4642973770546157,descriptive_secondary
C_full_CN,C_beta_CN,424,stress,u,0.9,-0.0012436616162307956,-0.14803732091127542,0.8759626790887246,descriptive_secondary
C_full_CN,C_beta_CN,424,stress,u,0.95,0.00022962203997600739,-0.076553238295747,0.939446761704253,inconclusive
C_full_CN,C_beta_CN,424,stress,log10_Agw,0.05,-0.0006639480767601791,-0.3306488445735617,0.6813511554264383,descriptive_secondary
C_full_CN,C_beta_CN,424,stress,log10_Agw,0.5,-0.0007979311263820454,-0.15211374697342894,0.8578862530265711,descriptive_secondary
C_full_CN,C_beta_CN,424,stress,log10_Agw,0.9,-4.760246107093913e-05,-0.032408385608196144,0.9735916143918039,descriptive_secondary
C_full_CN,C_beta_CN,424,stress,log10_Agw,0.95,0.00029640158607013856,-0.01827941857464488,0.9897205814253551,descriptive_secondary
C_full_CN,C_beta_CN,424,stress,gamma_gw,0.05,-0.0016226543020984446,-0.8988671938926699,0.13313280610733008,descriptive_secondary
C_full_CN,C_beta_CN,424,stress,gamma_gw,0.5,-0.0007469819408418843,-0.47261397785834736,0.5593860221416527,descriptive_secondary
C_full_CN,C_beta_CN,424,stress,gamma_gw,0.9,-0.0009949454431990024,-0.10361232004840448,0.9123876799515955,descriptive_secondary
C_full_CN,C_beta_CN,424,stress,gamma_gw,0.95,-0.0009508656646287639,-0.05584202698042773,0.9601579730195723,descriptive_secondary
C_full_CN,C_beta_CN,424,stress,log10_Ar,0.05,0.0007743856017189688,-0.9571193597849053,0.05888064021509475,descriptive_secondary
C_full_CN,C_beta_CN,424,stress,log10_Ar,0.5,0.005214554151898865,-0.49101202827441115,0.5329879717255889,descriptive_secondary
C_full_CN,C_beta_CN,424,stress,log10_Ar,0.9,0.000350256835414231,-0.08516631279245801,0.926833687207542,descriptive_secondary
C_full_CN,C_beta_CN,424,stress,log10_Ar,0.95,0.0003779264982499697,-0.042177739454422825,0.9698222605455772,descriptive_secondary
C_full_CN,C_beta_CN,424,stress,log10_EFAC,0.05,-0.0018727000980821584,-0.8109466999433649,0.2530533000566351,descriptive_secondary
C_full_CN,C_beta_CN,424,stress,log10_EFAC,0.5,-0.0003470394482383288,-0.43615251653858966,0.5758474834614103,descriptive_secondary
C_full_CN,C_beta_CN,424,stress,log10_EFAC,0.9,-0.00012330621572220757,-0.2559713843168663,0.7600286156831337,descriptive_secondary
C_full_CN,C_beta_CN,424,stress,log10_EFAC,0.95,4.473794994241942e-06,-0.20383686301750026,0.8121631369824998,descriptive_secondary
C_full_CN,C_beta_CN,446,representative,u,0.05,-0.00012244163932630114,-0.951588477104129,0.060411522895871005,descriptive_secondary
C_full_CN,C_beta_CN,446,representative,u,0.5,-0.0008783933573256464,-0.4926071072636343,0.5313928927363657,descriptive_secondary
C_full_CN,C_beta_CN,446,representative,u,0.9,0.0002569026076137959,-0.10251236323145096,0.913487636768549,descriptive_secondary
C_full_CN,C_beta_CN,446,representative,u,0.95,0.0004168684431606895,-0.05135873018097159,0.9606412698190284,inconclusive
C_full_CN,C_beta_CN,446,representative,log10_Agw,0.05,0.0006769298978184304,-0.9698088353685951,0.046191164631404935,descriptive_secondary
C_full_CN,C_beta_CN,446,representative,log10_Agw,0.5,0.0003453515422325859,-0.6306009914997788,0.38939900850022124,descriptive_secondary
C_full_CN,C_beta_CN,446,representative,log10_Agw,0.9,0.0006613926311550555,-0.3158335670281136,0.7081664329718864,descriptive_secondary
C_full_CN,C_beta_CN,446,representative,log10_Agw,0.95,0.0006712393539903827,-0.2484452226733933,0.7755547773266067,descriptive_secondary
C_full_CN,C_beta_CN,446,representative,gamma_gw,0.05,-0.0002899113798286862,-0.966176992909378,0.04582300709062205,descriptive_secondary
C_full_CN,C_beta_CN,446,representative,gamma_gw,0.5,0.0013983130227899765,-0.5619669981477913,0.4620330018522087,descriptive_secondary
C_full_CN,C_beta_CN,446,representative,gamma_gw,0.9,-0.001625099168171218,-0.13389010428320158,0.8821098957167984,descriptive_secondary
C_full_CN,C_beta_CN,446,representative,gamma_gw,0.95,-0.0016143428167393337,-0.0739647129433213,0.9420352870566787,descriptive_secondary
C_full_CN,C_beta_CN,446,representative,log10_Ar,0.05,-0.0002269180385389563,-0.9567528414291231,0.059247158570876965,descriptive_secondary
C_full_CN,C_beta_CN,446,representative,log10_Ar,0.5,-0.00340552350415968,-0.5067805399982271,0.5252194600017729,descriptive_secondary
C_full_CN,C_beta_CN,446,representative,log10_Ar,0.9,-0.001433367515902284,-0.11026212068305896,0.905737879316941,descriptive_secondary
C_full_CN,C_beta_CN,446,representative,log10_Ar,0.95,-0.001411925158647076,-0.0664744773075936,0.9495255226924064,descriptive_secondary
C_full_CN,C_beta_CN,446,representative,log10_EFAC,0.05,0.0013913531784464084,-0.34935658431772476,0.6566434156822752,descriptive_secondary
C_full_CN,C_beta_CN,446,representative,log10_EFAC,0.5,-0.00017414129056725347,-0.2520019336756747,0.7509980663243253,descriptive_secondary
C_full_CN,C_beta_CN,446,representative,log10_EFAC,0.9,-0.00035335757788379496,-0.17790089575196943,0.8260991042480306,descriptive_secondary
C_full_CN,C_beta_CN,446,representative,log10_EFAC,0.95,-0.0006071840020365205,-0.1567153583604145,0.8532846416395855,descriptive_secondary
C_full_CN,C_beta_CN,453,stress,u,0.05,0.0010382112357546769,-0.8763830187295515,0.15561698127044848,descriptive_secondary
C_full_CN,C_beta_CN,453,stress,u,0.5,-0.00010547450338449504,-0.314107387587684,0.7178926124123161,descriptive_secondary
C_full_CN,C_beta_CN,453,stress,u,0.9,-0.00028785245027274087,-0.05805043490265749,0.9539495650973425,descriptive_secondary
C_full_CN,C_beta_CN,453,stress,u,0.95,-0.000664006963983943,-0.029248730540532564,0.9787512694594674,inconclusive
C_full_CN,C_beta_CN,453,stress,log10_Agw,0.05,7.544618852439733e-06,-0.3837696459075617,0.6322303540924383,descriptive_secondary
C_full_CN,C_beta_CN,453,stress,log10_Agw,0.5,0.0013347941441498312,-0.1948445945586772,0.8171554054413228,descriptive_secondary
C_full_CN,C_beta_CN,453,stress,log10_Agw,0.9,0.0005760375949734886,-0.0563842028199828,0.9526157971800172,descriptive_secondary
C_full_CN,C_beta_CN,453,stress,log10_Agw,0.95,0.00042226180877347197,-0.03789557044356551,0.9701044295564345,descriptive_secondary
C_full_CN,C_beta_CN,453,stress,gamma_gw,0.05,-0.0009242022563496488,-0.9530566104271474,0.058943389572852556,descriptive_secondary
C_full_CN,C_beta_CN,453,stress,gamma_gw,0.5,-0.002611077085904301,-0.5461896729836208,0.4938103270163793,descriptive_secondary
C_full_CN,C_beta_CN,453,stress,gamma_gw,0.9,-0.0019245194173068692,-0.12095268369985002,0.90304731630015,descriptive_secondary
C_full_CN,C_beta_CN,453,stress,gamma_gw,0.95,-0.00015900893263687266,-0.07063935369097307,0.961360646309027,descriptive_secondary
C_full_CN,C_beta_CN,453,stress,log10_Ar,0.05,0.0005373349272744382,-0.965519093596248,0.050480906403752,descriptive_secondary
C_full_CN,C_beta_CN,453,stress,log10_Ar,0.5,-0.0034046073829389623,-0.6034777582157295,0.42852224178427056,descriptive_secondary
C_full_CN,C_beta_CN,453,stress,log10_Ar,0.9,-0.0011057650939303443,-0.24624837629648788,0.7777516237035121,descriptive_secondary
C_full_CN,C_beta_CN,453,stress,log10_Ar,0.95,-0.00031209539213850057,-0.1818532497529517,0.8421467502470483,descriptive_secondary
C_full_CN,C_beta_CN,453,stress,log10_EFAC,0.05,-2.6608811399871785e-06,-0.9952236698207605,0.006776330179239473,descriptive_secondary
C_full_CN,C_beta_CN,453,stress,log10_EFAC,0.5,5.761007435663157e-05,-0.9322884581274169,0.07371154187258316,descriptive_secondary
C_full_CN,C_beta_CN,453,stress,log10_EFAC,0.9,0.0022330624400607457,-0.8015584116483179,0.2144415883516822,descriptive_secondary
C_full_CN,C_beta_CN,453,stress,log10_EFAC,0.95,-0.00016206343589392214,-0.7593158566000625,0.2646841433999375,descriptive_secondary
C_full_CN,C_beta_CN,458,stress,u,0.05,-0.0007113188704200024,-0.9565434609477365,0.05945653905226356,descriptive_secondary
C_full_CN,C_beta_CN,458,stress,u,0.5,-0.00047877760180059514,-0.49427709629935235,0.5297229037006477,descriptive_secondary
C_full_CN,C_beta_CN,458,stress,u,0.9,-0.0005982771037634782,-0.10069915741936586,0.9113008425806342,descriptive_secondary
C_full_CN,C_beta_CN,458,stress,u,0.95,-0.0009266102369439588,-0.05374206803654469,0.9582579319634553,inconclusive
C_full_CN,C_beta_CN,458,stress,log10_Agw,0.05,-0.0003967308936894745,-0.9670178071929689,0.04098219280703108,descriptive_secondary
C_full_CN,C_beta_CN,458,stress,log10_Agw,0.5,8.560661307216444e-05,-0.6408388746108663,0.3751611253891337,descriptive_secondary
C_full_CN,C_beta_CN,458,stress,log10_Agw,0.9,-0.0011330086554267593,-0.32499497535366184,0.6950050246463382,descriptive_secondary
C_full_CN,C_beta_CN,458,stress,log10_Agw,0.95,-0.0014156021686991815,-0.2587786779899961,0.7652213220100039,descriptive_secondary
C_full_CN,C_beta_CN,458,stress,gamma_gw,0.05,-0.0002115626540327084,-0.9657981245977698,0.046201875402230155,descriptive_secondary
C_full_CN,C_beta_CN,458,stress,gamma_gw,0.5,-0.0009578043109356171,-0.5665986554763733,0.4574013445236267,descriptive_secondary
C_full_CN,C_beta_CN,458,stress,gamma_gw,0.9,0.0014142260374293558,-0.13380493772098678,0.8821950622790132,descriptive_secondary
C_full_CN,C_beta_CN,458,stress,gamma_gw,0.95,0.0003639381526184815,-0.07833046332278404,0.941669536677216,descriptive_secondary
C_full_CN,C_beta_CN,458,stress,log10_Ar,0.05,-0.0002565282508024333,-0.9563917820152381,0.055608217984761926,descriptive_secondary
C_full_CN,C_beta_CN,458,stress,log10_Ar,0.5,-0.0001131173583532874,-0.5095707285014763,0.5224292714985237,descriptive_secondary
C_full_CN,C_beta_CN,458,stress,log10_Ar,0.9,-0.00039484845189419193,-0.10802401384588123,0.9079759861541188,descriptive_secondary
C_full_CN,C_beta_CN,458,stress,log10_Ar,0.95,-0.00018864649010463808,-0.06050127470726141,0.9514987252927386,descriptive_secondary
C_full_CN,C_beta_CN,458,stress,log10_EFAC,0.05,-6.365740739355807e-05,-0.3777181100117355,0.6382818899882645,descriptive_secondary
C_full_CN,C_beta_CN,458,stress,log10_EFAC,0.5,-0.00019415265735833742,-0.26252701954786994,0.7414729804521301,descriptive_secondary
C_full_CN,C_beta_CN,458,stress,log10_EFAC,0.9,0.0003164429138686753,-0.18426951856702756,0.8217304814329724,descriptive_secondary
C_full_CN,C_beta_CN,458,stress,log10_EFAC,0.95,0.00030363394813026634,-0.1627365825245577,0.8452634174754423,descriptive_secondary
C_full_CN,C_beta_CN,461,representative,u,0.05,-0.0019310669446957612,-0.9508176315242362,0.06918236847576385,descriptive_secondary
C_full_CN,C_beta_CN,461,representative,u,0.5,0.0007182493246559174,-0.5047010264687982,0.5272989735312018,descriptive_secondary
C_full_CN,C_beta_CN,461,representative,u,0.9,0.0007281067986355527,-0.11643754296397613,0.9035624570360239,descriptive_secondary
C_full_CN,C_beta_CN,461,representative,u,0.95,-0.00015267026560461527,-0.06542108438524896,0.950578915614751,inconclusive
C_full_CN,C_beta_CN,461,representative,log10_Agw,0.05,0.0001406907157635029,-0.2639473949436225,0.7440526050563775,descriptive_secondary
C_full_CN,C_beta_CN,461,representative,log10_Agw,0.5,-0.0002248366722482631,-0.1270638074599355,0.8779361925400645,descriptive_secondary
C_full_CN,C_beta_CN,461,representative,log10_Agw,0.9,-0.0006238293169422704,-0.02731431255101413,0.9786856874489859,descriptive_secondary
C_full_CN,C_beta_CN,461,representative,log10_Agw,0.95,-0.00033514754186125817,-0.014730617069693919,0.9892693829303061,descriptive_secondary
C_full_CN,C_beta_CN,461,representative,gamma_gw,0.05,0.0018620206266320438,-0.707268452130476,0.316731547869524,descriptive_secondary
C_full_CN,C_beta_CN,461,representative,gamma_gw,0.5,0.0017665048338884048,-0.34937673477451725,0.6746232652254828,descriptive_secondary
C_full_CN,C_beta_CN,461,representative,gamma_gw,0.9,-0.000458549629099414,-0.07441153132115153,0.9375884686788485,descriptive_secondary
C_full_CN,C_beta_CN,461,representative,gamma_gw,0.95,-0.00016127984509750615,-0.04180303509169392,0.9741969649083061,descriptive_secondary
C_full_CN,C_beta_CN,461,representative,log10_Ar,0.05,0.0009802307262221366,-0.9588811159462075,0.05711888405379246,descriptive_secondary
C_full_CN,C_beta_CN,461,representative,log10_Ar,0.5,-0.002708650184130579,-0.525242158197427,0.506757841802573,descriptive_secondary
C_full_CN,C_beta_CN,461,representative,log10_Ar,0.9,-0.0022984753305130834,-0.11933817720691542,0.8966618227930846,descriptive_secondary
C_full_CN,C_beta_CN,461,representative,log10_Ar,0.95,-0.0010780252350511832,-0.0653515971888462,0.9506484028111538,descriptive_secondary
C_full_CN,C_beta_CN,461,representative,log10_EFAC,0.05,-0.000425367768807243,-0.9707238489660464,0.03727615103395365,descriptive_secondary
C_full_CN,C_beta_CN,461,representative,log10_EFAC,0.5,0.0007565800799396172,-0.7158288737693878,0.30417112623061227,descriptive_secondary
C_full_CN,C_beta_CN,461,representative,log10_EFAC,0.9,0.00022091319871342385,-0.42443043756671184,0.6075695624332882,descriptive_secondary
C_full_CN,C_beta_CN,461,representative,log10_EFAC,0.95,-0.00024682417039800786,-0.3416390831156487,0.6903609168843513,descriptive_secondary
C_full_CN,C_beta_CN,463,representative,u,0.05,0.0003272453492251595,-0.9529867347438585,0.05901326525614149,descriptive_secondary
C_full_CN,C_beta_CN,463,representative,u,0.5,0.0008636595258318946,-0.5055408175330605,0.5264591824669396,descriptive_secondary
C_full_CN,C_beta_CN,463,representative,u,0.9,0.00017599335543105887,-0.10221203127795875,0.9137879687220413,descriptive_secondary
C_full_CN,C_beta_CN,463,representative,u,0.95,0.00016896189029613762,-0.05507124312598932,0.9569287568740107,inconclusive
C_full_CN,C_beta_CN,463,representative,log10_Agw,0.05,0.001130352055020524,-0.9632348280120656,0.04876517198793442,descriptive_secondary
C_full_CN,C_beta_CN,463,representative,log10_Agw,0.5,0.0017069298416617085,-0.5996636747822912,0.4243363252177088,descriptive_secondary
C_full_CN,C_beta_CN,463,representative,log10_Agw,0.9,0.0002078298939544032,-0.27725392902726986,0.7467460709727302,descriptive_secondary
C_full_CN,C_beta_CN,463,representative,log10_Agw,0.95,-0.000556900407589711,-0.20705446214248036,0.8169455378575197,descriptive_secondary
C_full_CN,C_beta_CN,463,representative,gamma_gw,0.05,8.181056822281069e-05,-0.9642620115479732,0.05173798845202684,descriptive_secondary
C_full_CN,C_beta_CN,463,representative,gamma_gw,0.5,0.0007087855778930008,-0.5640524804901572,0.46794751950984287,descriptive_secondary
C_full_CN,C_beta_CN,463,representative,gamma_gw,0.9,0.0017553001349694952,-0.13665902197956958,0.8873409780204304,descriptive_secondary
C_full_CN,C_beta_CN,463,representative,gamma_gw,0.95,0.001615419552708497,-0.0751058847207684,0.9448941152792316,descriptive_secondary
C_full_CN,C_beta_CN,463,representative,log10_Ar,0.05,-0.0007677584004254917,-0.9554309260346824,0.06056907396531762,descriptive_secondary
C_full_CN,C_beta_CN,463,representative,log10_Ar,0.5,-0.0014834045231227888,-0.48694558536200494,0.5450544146379951,descriptive_secondary
C_full_CN,C_beta_CN,463,representative,log10_Ar,0.9,-0.0010536967485723636,-0.08373395611603707,0.9282660438839629,descriptive_secondary
C_full_CN,C_beta_CN,463,representative,log10_Ar,0.95,-0.0006542488491487752,-0.04589336108503128,0.9661066389149687,descriptive_secondary
C_full_CN,C_beta_CN,463,representative,log10_EFAC,0.05,-3.524964445222878e-06,-0.24462648075630955,0.7673735192436905,descriptive_secondary
C_full_CN,C_beta_CN,463,representative,log10_EFAC,0.5,-1.753495590395282e-05,-0.138293216943414,0.864706783056586,descriptive_secondary
C_full_CN,C_beta_CN,463,representative,log10_EFAC,0.9,0.0005086794312731957,-0.0660365501606941,0.9389634498393059,descriptive_secondary
C_full_CN,C_beta_CN,463,representative,log10_EFAC,0.95,0.00033893808479579235,-0.047197835804980603,0.9588021641950194,descriptive_secondary
C_full_CN,C_beta_CN,479,representative,u,0.05,0.0007189862738384012,-0.9374541025722761,0.08654589742772384,descriptive_secondary
C_full_CN,C_beta_CN,479,representative,u,0.5,0.0003198888537842004,-0.4560391805678762,0.5919608194321239,descriptive_secondary
C_full_CN,C_beta_CN,479,representative,u,0.9,0.0007628381341578949,-0.09489416342594248,0.9251058365740575,descriptive_secondary
C_full_CN,C_beta_CN,479,representative,u,0.95,0.0008414289867787472,-0.0497220772120367,0.9622779227879633,inconclusive
C_full_CN,C_beta_CN,479,representative,log10_Agw,0.05,0.0011775719787484595,-0.3486595250942617,0.6673404749057383,descriptive_secondary
C_full_CN,C_beta_CN,479,representative,log10_Agw,0.5,-0.0008030866026309535,-0.1542856474162133,0.8577143525837867,descriptive_secondary
C_full_CN,C_beta_CN,479,representative,log10_Agw,0.9,-0.00015587484626911063,-0.03519680209118625,0.9708031979088138,descriptive_secondary
C_full_CN,C_beta_CN,479,representative,log10_Agw,0.95,-0.00019450691553679622,-0.020137566550429198,0.9848624334495708,descriptive_secondary
C_full_CN,C_beta_CN,479,representative,gamma_gw,0.05,0.00039442069995845874,-0.9397695943713174,0.07623040562868266,descriptive_secondary
C_full_CN,C_beta_CN,479,representative,gamma_gw,0.5,0.002054125653676131,-0.5595994531844783,0.46440054681552173,descriptive_secondary
C_full_CN,C_beta_CN,479,representative,gamma_gw,0.9,-0.0021356776855915305,-0.16144262229841988,0.9025573777015802,descriptive_secondary
C_full_CN,C_beta_CN,479,representative,gamma_gw,0.95,-0.0027296931985962836,-0.08212681018008139,0.9498731898199186,descriptive_secondary
C_full_CN,C_beta_CN,479,representative,log10_Ar,0.05,0.0007413447042553534,-0.9618735858135694,0.05412641418643054,descriptive_secondary
C_full_CN,C_beta_CN,479,representative,log10_Ar,0.5,-0.0023840267355967892,-0.5452938638877844,0.4867061361122156,descriptive_secondary
C_full_CN,C_beta_CN,479,representative,log10_Ar,0.9,-0.0005701519931035071,-0.15957493956167312,0.8644250604383269,descriptive_secondary
C_full_CN,C_beta_CN,479,representative,log10_Ar,0.95,-0.00037658042501365063,-0.09831038787821711,0.9176896121217829,descriptive_secondary
C_full_CN,C_beta_CN,479,representative,log10_EFAC,0.05,-2.3982866236796352e-05,-0.9718065287992486,0.03819347120075146,descriptive_secondary
C_full_CN,C_beta_CN,479,representative,log10_EFAC,0.5,-0.0003507801933874677,-0.783563093732729,0.226436906267271,descriptive_secondary
C_full_CN,C_beta_CN,479,representative,log10_EFAC,0.9,-0.000539037890173566,-0.619335179826414,0.396664820173586,descriptive_secondary
C_full_CN,C_beta_CN,479,representative,log10_EFAC,0.95,-0.0007473649613109479,-0.5715182508246777,0.45248174917532236,descriptive_secondary
C_full_CN,C_beta_CN,489,representative,u,0.05,-0.0014882428474082138,-0.9126327490337758,0.11936725096622428,descriptive_secondary
C_full_CN,C_beta_CN,489,representative,u,0.5,0.0023552643788561367,-0.39538129284783297,0.6286187071521671,descriptive_secondary
C_full_CN,C_beta_CN,489,representative,u,0.9,-0.0005637538884105675,-0.083549467592957,0.932450532407043,descriptive_secondary
C_full_CN,C_beta_CN,489,representative,u,0.95,-0.0006368604371326247,-0.045414513833244796,0.9665854861667552,inconclusive
C_full_CN,C_beta_CN,489,representative,log10_Agw,0.05,0.0008840720227060173,-0.33456179419334575,0.6774382058066543,descriptive_secondary
C_full_CN,C_beta_CN,489,representative,log10_Agw,0.5,0.001187902698915777,-0.17014203299955133,0.8398579670004487,descriptive_secondary
C_full_CN,C_beta_CN,489,representative,log10_Agw,0.9,0.0003499220763355515,-0.04055529823346571,0.9674447017665343,descriptive_secondary
C_full_CN,C_beta_CN,489,representative,log10_Agw,0.95,4.628438101927923e-05,-0.022887419225595784,0.9851125807744042,descriptive_secondary
C_full_CN,C_beta_CN,489,representative,gamma_gw,0.05,0.00015821330538298706,-0.8967175715977751,0.14328242840222494,descriptive_secondary
C_full_CN,C_beta_CN,489,representative,gamma_gw,0.5,-0.002060856069213801,-0.4453682879268236,0.5746317120731764,descriptive_secondary
C_full_CN,C_beta_CN,489,representative,gamma_gw,0.9,-0.0009441278632775774,-0.098291500991734,0.921708499008266,descriptive_secondary
C_full_CN,C_beta_CN,489,representative,gamma_gw,0.95,-0.0022501831900801905,-0.05737012721859214,0.9626298727814079,descriptive_secondary
C_full_CN,C_beta_CN,489,representative,log10_Ar,0.05,-0.0009825807576038584,-0.9650644913258627,0.05093550867413733,descriptive_secondary
C_full_CN,C_beta_CN,489,representative,log10_Ar,0.5,0.00027290505225818773,-0.5791523951695979,0.4528476048304021,descriptive_secondary
C_full_CN,C_beta_CN,489,representative,log10_Ar,0.9,-0.00026459906557241286,-0.2063885206260554,0.8176114793739446,descriptive_secondary
C_full_CN,C_beta_CN,489,representative,log10_Ar,0.95,0.00043732003964935817,-0.14157688269938695,0.8824231173006131,descriptive_secondary
C_full_CN,C_beta_CN,489,representative,log10_EFAC,0.05,0.0003155178269119742,-0.9909591020727376,0.013040897927262391,descriptive_secondary
C_full_CN,C_beta_CN,489,representative,log10_EFAC,0.5,-0.0002159319452968711,-0.8833892274661447,0.12661077253385536,descriptive_secondary
C_full_CN,C_beta_CN,489,representative,log10_EFAC,0.9,0.0001778612458177009,-0.7056397759511801,0.31036022404881997,descriptive_secondary
C_full_CN,C_beta_CN,489,representative,log10_EFAC,0.95,-0.0010958370107220783,-0.6518051003055869,0.38019489969441306,descriptive_secondary
C_full_G,C_beta_G,25,representative,u,0.05,0.00032033564330204156,-0.9501681378420219,0.06183186215797808,descriptive_secondary
C_full_G,C_beta_G,25,representative,u,0.5,0.0011743103663152121,-0.4953447390121727,0.5366552609878273,descriptive_secondary
C_full_G,C_beta_G,25,representative,u,0.9,-0.0004679566209203623,-0.0978142835290674,0.9141857164709326,descriptive_secondary
C_full_G,C_beta_G,25,representative,u,0.95,0.0001622337455509104,-0.050879829528465814,0.9611201704715342,inconclusive
C_full_G,C_beta_G,25,representative,log10_Agw,0.05,0.00026884588736758586,-0.9730453091304463,0.04295469086955372,descriptive_secondary
C_full_G,C_beta_G,25,representative,log10_Agw,0.5,0.0006931092826018559,-0.6614688544612031,0.354531145538797,descriptive_secondary
C_full_G,C_beta_G,25,representative,log10_Agw,0.9,0.0006850755837715106,-0.33236611431882657,0.6916338856811735,descriptive_secondary
C_full_G,C_beta_G,25,representative,log10_Agw,0.95,0.0027692063258222266,-0.2651990434662921,0.782800956533708,descriptive_secondary
C_full_G,C_beta_G,25,representative,gamma_gw,0.05,0.0004999182186919415,-0.9637384144461275,0.04826158555387249,descriptive_secondary
C_full_G,C_beta_G,25,representative,gamma_gw,0.5,0.0009756318995324809,-0.5761480156980291,0.45585198430197094,descriptive_secondary
C_full_G,C_beta_G,25,representative,gamma_gw,0.9,0.00043863442337355174,-0.1357843344414268,0.8802156655585732,descriptive_secondary
C_full_G,C_beta_G,25,representative,gamma_gw,0.95,0.0001344229391996299,-0.07347618137149281,0.9425238186285072,descriptive_secondary
C_full_G,C_beta_G,25,representative,log10_Ar,0.05,0.0014352045694341203,-0.9582913549226523,0.053708645077347746,descriptive_secondary
C_full_G,C_beta_G,25,representative,log10_Ar,0.5,-0.0015493189532058138,-0.5545747805131667,0.4694252194868333,descriptive_secondary
C_full_G,C_beta_G,25,representative,log10_Ar,0.9,-0.0012020789908616658,-0.17292786976121965,0.8430721302387804,descriptive_secondary
C_full_G,C_beta_G,25,representative,log10_Ar,0.95,-0.0007338459654785412,-0.11243184548936258,0.9115681545106374,descriptive_secondary
C_full_G,C_beta_G,25,representative,log10_EFAC,0.05,-0.001394163150967076,-0.3944623127089567,0.6175376872910433,descriptive_secondary
C_full_G,C_beta_G,25,representative,log10_EFAC,0.5,0.00013392502592868283,-0.28905997915755055,0.7139400208424495,descriptive_secondary
C_full_G,C_beta_G,25,representative,log10_EFAC,0.9,-0.0002652201192157033,-0.21294258066973393,0.7930574193302661,descriptive_secondary
C_full_G,C_beta_G,25,representative,log10_EFAC,0.95,-7.56095588095862e-05,-0.19088399709703185,0.8171160029029682,descriptive_secondary
C_full_G,C_beta_G,26,representative,u,0.05,0.0009117298410512564,-0.9582734866966645,0.05772651330333559,descriptive_secondary
C_full_G,C_beta_G,26,representative,u,0.5,-0.00020460842504765875,-0.5101439364813851,0.5218560635186149,descriptive_secondary
C_full_G,C_beta_G,26,representative,u,0.9,0.0004585544931473562,-0.10535656167085905,0.910643438329141,descriptive_secondary
C_full_G,C_beta_G,26,representative,u,0.95,-0.000200845226960511,-0.05709275516878953,0.9589072448312105,inconclusive
C_full_G,C_beta_G,26,representative,log10_Agw,0.05,-0.00031888262703347325,-0.9535952769840176,0.07040472301598241,descriptive_secondary
C_full_G,C_beta_G,26,representative,log10_Agw,0.5,-0.0019113163222259089,-0.5559008603092801,0.46809913969071987,descriptive_secondary
C_full_G,C_beta_G,26,representative,log10_Agw,0.9,-0.0008273672273263477,-0.30726064090163163,0.7167393590983684,descriptive_secondary
C_full_G,C_beta_G,26,representative,log10_Agw,0.95,-0.0019507418165889412,-0.25807748384854534,0.7659225161514547,descriptive_secondary
C_full_G,C_beta_G,26,representative,gamma_gw,0.05,-0.001143388212671688,-0.9604631485611583,0.05153685143884165,descriptive_secondary
C_full_G,C_beta_G,26,representative,gamma_gw,0.5,-0.0022538181850387806,-0.5533749440941329,0.47062505590586706,descriptive_secondary
C_full_G,C_beta_G,26,representative,gamma_gw,0.9,-0.0004554135365902878,-0.13158740754351494,0.8924125924564851,descriptive_secondary
C_full_G,C_beta_G,26,representative,gamma_gw,0.95,0.0002463203512106382,-0.06673251163979077,0.9492674883602092,descriptive_secondary
C_full_G,C_beta_G,26,representative,log10_Ar,0.05,0.000932233887700723,-0.9415459906629805,0.07445400933701951,descriptive_secondary
C_full_G,C_beta_G,26,representative,log10_Ar,0.5,-0.0011129995133754012,-0.3615931149705037,0.6784068850294963,descriptive_secondary
C_full_G,C_beta_G,26,representative,log10_Ar,0.9,0.0009363671216343628,-0.0932167152247193,0.9127832847752807,descriptive_secondary
C_full_G,C_beta_G,26,representative,log10_Ar,0.95,0.0005921067516612144,-0.07372404757989526,0.9322759524201047,descriptive_secondary
C_full_G,C_beta_G,26,representative,log10_EFAC,0.05,-0.0018772377598328394,-0.9378497508907239,0.08615024910927616,descriptive_secondary
C_full_G,C_beta_G,26,representative,log10_EFAC,0.5,0.0013871192043568015,-0.7385707832579494,0.26742921674205056,descriptive_secondary
C_full_G,C_beta_G,26,representative,log10_EFAC,0.9,-3.0002865661293843e-05,-0.6236055195740784,0.38439448042592167,descriptive_secondary
C_full_G,C_beta_G,26,representative,log10_EFAC,0.95,8.346235863276874e-05,-0.5962738991072232,0.4157261008927769,descriptive_secondary
C_full_G,C_beta_G,30,stress,u,0.05,-0.00039334584728817346,-0.9677873852946076,0.04021261470539235,descriptive_secondary
C_full_G,C_beta_G,30,stress,u,0.5,-0.0012656579787901912,-0.6493368521097067,0.37466314789029326,descriptive_secondary
C_full_G,C_beta_G,30,stress,u,0.9,-0.0014033660415984084,-0.21135566210608459,0.8126443378939154,descriptive_secondary
C_full_G,C_beta_G,30,stress,u,0.95,0.0017965564008216584,-0.12001331275511873,0.9039866872448813,inconclusive
C_full_G,C_beta_G,30,stress,log10_Agw,0.05,0.0011039013826413813,-0.2524469677974305,0.7635530322025695,descriptive_secondary
C_full_G,C_beta_G,30,stress,log10_Agw,0.5,-0.0004918272483628305,-0.10720815336865563,0.8987918466313444,descriptive_secondary
C_full_G,C_beta_G,30,stress,log10_Agw,0.9,7.912257202347117e-05,-0.021395908572207634,0.9831040914277923,descriptive_secondary
C_full_G,C_beta_G,30,stress,log10_Agw,0.95,-3.857607050161693e-05,-0.012071106358106598,0.9924288936418934,descriptive_secondary
C_full_G,C_beta_G,30,stress,gamma_gw,0.05,-0.0007259663305344,-0.7022527840004713,0.3297472159995287,descriptive_secondary
C_full_G,C_beta_G,30,stress,gamma_gw,0.5,0.0005341653442535454,-0.3695291422624598,0.6504708577375402,descriptive_secondary
C_full_G,C_beta_G,30,stress,gamma_gw,0.9,-0.0014290281153657158,-0.08761070619079847,0.9283892938092015,descriptive_secondary
C_full_G,C_beta_G,30,stress,gamma_gw,0.95,-0.0014484946265247434,-0.04860417496553404,0.967395825034466,descriptive_secondary
C_full_G,C_beta_G,30,stress,log10_Ar,0.05,0.0001345001956358574,-0.9580792110076466,0.05792078899235338,descriptive_secondary
C_full_G,C_beta_G,30,stress,log10_Ar,0.5,0.0007749504163693244,-0.5103086930570465,0.5136913069429535,descriptive_secondary
C_full_G,C_beta_G,30,stress,log10_Ar,0.9,-0.0002136002307272511,-0.10759241966905353,0.9164075803309465,descriptive_secondary
C_full_G,C_beta_G,30,stress,log10_Ar,0.95,0.0006694961143873801,-0.05734673108587074,0.9546532689141293,descriptive_secondary
C_full_G,C_beta_G,30,stress,log10_EFAC,0.05,0.0017060276229955568,-0.9477179105886004,0.0682820894113995,descriptive_secondary
C_full_G,C_beta_G,30,stress,log10_EFAC,0.5,0.0011800403182232744,-0.5916128869600701,0.4323871130399299,descriptive_secondary
C_full_G,C_beta_G,30,stress,log10_EFAC,0.9,-0.0021573848280397323,-0.33179824465243524,0.6842017553475648,descriptive_secondary
C_full_G,C_beta_G,30,stress,log10_EFAC,0.95,-0.00037208865543059133,-0.274490807147845,0.749509192852155,descriptive_secondary
C_full_G,C_beta_G,44,representative,u,0.05,0.0007779842189806208,-0.9552316754183682,0.06076832458163179,descriptive_secondary
C_full_G,C_beta_G,44,representative,u,0.5,0.00151730361674407,-0.4935708239848001,0.5304291760151999,descriptive_secondary
C_full_G,C_beta_G,44,representative,u,0.9,-4.778881567357729e-05,-0.10380750134986438,0.9121924986501356,descriptive_secondary
C_full_G,C_beta_G,44,representative,u,0.95,-0.0005020873997821917,-0.05553327605491076,0.9564667239450892,inconclusive
C_full_G,C_beta_G,44,representative,log10_Agw,0.05,0.000268829180456176,-0.9693155072272496,0.038684492772750434,descriptive_secondary
C_full_G,C_beta_G,44,representative,log10_Agw,0.5,-0.0007974583552947667,-0.6676161732275777,0.3483838267724223,descriptive_secondary
C_full_G,C_beta_G,44,representative,log10_Agw,0.9,-0.001715624043330366,-0.3534580833491958,0.6665419166508042,descriptive_secondary
C_full_G,C_beta_G,44,representative,log10_Agw,0.95,-3.656445927757712e-05,-0.28116815737972645,0.7428318426202736,descriptive_secondary
C_full_G,C_beta_G,44,representative,gamma_gw,0.05,0.00016634185194863704,-0.963765251965895,0.04823474803410502,descriptive_secondary
C_full_G,C_beta_G,44,representative,gamma_gw,0.5,0.0011998788801638183,-0.5714501876294533,0.45254981237054664,descriptive_secondary
C_full_G,C_beta_G,44,representative,gamma_gw,0.9,0.0011738288478212455,-0.13798921707828538,0.8860107829217146,descriptive_secondary
C_full_G,C_beta_G,44,representative,gamma_gw,0.95,0.0010175729994180704,-0.07573486699717757,0.9482651330028224,descriptive_secondary
C_full_G,C_beta_G,44,representative,log10_Ar,0.05,0.00025448766622009067,-0.9601294815989374,0.05187051840106255,descriptive_secondary
C_full_G,C_beta_G,44,representative,log10_Ar,0.5,0.0019608513953618956,-0.5447350313624477,0.48726496863755225,descriptive_secondary
C_full_G,C_beta_G,44,representative,log10_Ar,0.9,-0.0007168037154976492,-0.1619015549495565,0.8620984450504435,descriptive_secondary
C_full_G,C_beta_G,44,representative,log10_Ar,0.95,6.929996861859689e-05,-0.09729535688515423,0.9187046431148458,descriptive_secondary
C_full_G,C_beta_G,44,representative,log10_EFAC,0.05,0.0005521127990871788,-0.3350544026609912,0.6729455973390088,descriptive_secondary
C_full_G,C_beta_G,44,representative,log10_EFAC,0.5,-5.937073091433209e-05,-0.24296288821034617,0.7600371117896538,descriptive_secondary
C_full_G,C_beta_G,44,representative,log10_EFAC,0.9,0.00033577644441262766,-0.16881986231457724,0.8371801376854228,descriptive_secondary
C_full_G,C_beta_G,44,representative,log10_EFAC,0.95,0.0001879741206148866,-0.14742990672030598,0.860570093279694,descriptive_secondary
C_full_G,C_beta_G,48,representative,u,0.05,0.0016483639038195677,-0.9502619772061655,0.06173802279383458,descriptive_secondary
C_full_G,C_beta_G,48,representative,u,0.5,0.0021419618650653227,-0.4899994117060903,0.5420005882939097,descriptive_secondary
C_full_G,C_beta_G,48,representative,u,0.9,0.0011782985920099076,-0.1000136594635096,0.9159863405364904,descriptive_secondary
C_full_G,C_beta_G,48,representative,u,0.95,0.0008028189729830659,-0.049624432241153094,0.9623755677588469,inconclusive
C_full_G,C_beta_G,48,representative,log10_Agw,0.05,-0.00018798608607208805,-0.9798663500469068,0.0281336499530932,descriptive_secondary
C_full_G,C_beta_G,48,representative,log10_Agw,0.5,-0.0004060922574042891,-0.763489732640536,0.26051026735946403,descriptive_secondary
C_full_G,C_beta_G,48,representative,log10_Agw,0.9,-0.0016569309883422978,-0.5152482357237251,0.5007517642762748,descriptive_secondary
C_full_G,C_beta_G,48,representative,log10_Agw,0.95,-0.0005506320515324958,-0.46254678961449447,0.5614532103855056,descriptive_secondary
C_full_G,C_beta_G,48,representative,gamma_gw,0.05,-2.042853269148409e-05,-0.9690795340034843,0.042920465996515694,descriptive_secondary
C_full_G,C_beta_G,48,representative,gamma_gw,0.5,0.00154098130317043,-0.5883943907031519,0.43560560929684816,descriptive_secondary
C_full_G,C_beta_G,48,representative,gamma_gw,0.9,-0.0010205617998475525,-0.1501211473952,0.8658788526048,descriptive_secondary
C_full_G,C_beta_G,48,representative,gamma_gw,0.95,-7.989042846234806e-05,-0.08984194354368435,0.9341580564563157,descriptive_secondary
C_full_G,C_beta_G,48,representative,log10_Ar,0.05,0.0011112779072584497,-0.963939190328511,0.04806080967148889,descriptive_secondary
C_full_G,C_beta_G,48,representative,log10_Ar,0.5,-0.00012363864819159298,-0.6164059597230473,0.40359404027695267,descriptive_secondary
C_full_G,C_beta_G,48,representative,log10_Ar,0.9,0.0002352154131031181,-0.2964404605375841,0.7155595394624159,descriptive_secondary
C_full_G,C_beta_G,48,representative,log10_Ar,0.95,7.422724631533928e-05,-0.2514408517732496,0.7645591482267504,descriptive_secondary
C_full_G,C_beta_G,48,representative,log10_EFAC,0.05,0.00014936671142730222,-0.9929320964033641,0.010067903596635907,descriptive_secondary
C_full_G,C_beta_G,48,representative,log10_EFAC,0.5,0.00029156394057813784,-0.9368517311121786,0.06614826888782141,descriptive_secondary
C_full_G,C_beta_G,48,representative,log10_EFAC,0.9,0.00036878640637486026,-0.8710710161722515,0.13492898382774854,descriptive_secondary
C_full_G,C_beta_G,48,representative,log10_EFAC,0.95,9.442849353058502e-06,-0.8494107141336439,0.15858928586635612,descriptive_secondary
C_full_G,C_beta_G,102,representative,u,0.05,0.0013614145961926907,-1.0,1.0,descriptive_secondary
C_full_G,C_beta_G,102,representative,u,0.5,0.003233177553681743,-1.0,1.0,descriptive_secondary
C_full_G,C_beta_G,102,representative,u,0.9,0.0008480275116312663,-1.0,1.0,descriptive_secondary
C_full_G,C_beta_G,102,representative,u,0.95,0.001065923370207611,-1.0,1.0,inconclusive
C_full_G,C_beta_G,102,representative,log10_Agw,0.05,-0.0006726503349042054,-1.0,1.0,descriptive_secondary
C_full_G,C_beta_G,102,representative,log10_Agw,0.5,-0.0009100741904041199,-1.0,1.0,descriptive_secondary
C_full_G,C_beta_G,102,representative,log10_Agw,0.9,0.0010382751076343233,-1.0,1.0,descriptive_secondary
C_full_G,C_beta_G,102,representative,log10_Agw,0.95,0.000738286248103126,-1.0,1.0,descriptive_secondary
C_full_G,C_beta_G,102,representative,gamma_gw,0.05,-9.997768147267799e-05,-1.0,1.0,descriptive_secondary
C_full_G,C_beta_G,102,representative,gamma_gw,0.5,-0.0027682508648967374,-1.0,1.0,descriptive_secondary
C_full_G,C_beta_G,102,representative,gamma_gw,0.9,-0.000895023665598127,-1.0,1.0,descriptive_secondary
C_full_G,C_beta_G,102,representative,gamma_gw,0.95,0.00035064049079625015,-1.0,1.0,descriptive_secondary
C_full_G,C_beta_G,102,representative,log10_Ar,0.05,0.0005970911815190855,-1.0,1.0,descriptive_secondary
C_full_G,C_beta_G,102,representative,log10_Ar,0.5,0.002077513182435542,-1.0,1.0,descriptive_secondary
C_full_G,C_beta_G,102,representative,log10_Ar,0.9,0.00043953835096888216,-1.0,1.0,descriptive_secondary
C_full_G,C_beta_G,102,representative,log10_Ar,0.95,0.0003984140213358911,-1.0,1.0,descriptive_secondary
C_full_G,C_beta_G,102,representative,log10_EFAC,0.05,0.0020213006809513545,-1.0,1.0,descriptive_secondary
C_full_G,C_beta_G,102,representative,log10_EFAC,0.5,0.00032924169683101745,-1.0,1.0,descriptive_secondary
C_full_G,C_beta_G,102,representative,log10_EFAC,0.9,2.2219237778564604e-06,-1.0,1.0,descriptive_secondary
C_full_G,C_beta_G,102,representative,log10_EFAC,0.95,-0.0006466401911046082,-1.0,1.0,descriptive_secondary
C_full_G,C_beta_G,138,stress,u,0.05,-6.6780894575319e-05,-0.01428861897065839,0.013711381029341607,descriptive_secondary
C_full_G,C_beta_G,138,stress,u,0.5,-0.0032673153096886565,-0.02594875193228119,0.01805124806771885,descriptive_secondary
C_full_G,C_beta_G,138,stress,u,0.9,-0.003443314988436197,-0.0276300259291421,0.01636997407085794,descriptive_secondary
C_full_G,C_beta_G,138,stress,u,0.95,-0.0012545840551297927,-0.02365286937758626,0.016347130622413775,inconclusive
C_full_G,C_beta_G,138,stress,log10_Agw,0.05,0.00012225025340317774,-0.02168638579162352,0.026313614208376523,descriptive_secondary
C_full_G,C_beta_G,138,stress,log10_Agw,0.5,0.0002987635207903905,-0.008648198610239466,0.015351801389760555,descriptive_secondary
C_full_G,C_beta_G,138,stress,log10_Agw,0.9,0.0004895359733777527,-0.007724210093037254,0.00827578990696276,descriptive_secondary
C_full_G,C_beta_G,138,stress,log10_Agw,0.95,0.0004593802336472219,-0.00676129699570982,0.007238703004290192,descriptive_secondary
C_full_G,C_beta_G,138,stress,gamma_gw,0.05,-0.0025706928450231065,-0.03141366739613634,0.024586332603863656,descriptive_secondary
C_full_G,C_beta_G,138,stress,gamma_gw,0.5,-0.0019384927970658161,-0.025571210707501013,0.018428789292499026,descriptive_secondary
C_full_G,C_beta_G,138,stress,gamma_gw,0.9,-0.0007776657676901166,-0.015675187340735364,0.016324812659264665,descriptive_secondary
C_full_G,C_beta_G,138,stress,gamma_gw,0.95,-0.001047430925831816,-0.01564500804386748,0.012354991956132544,descriptive_secondary
C_full_G,C_beta_G,138,stress,log10_Ar,0.05,-0.00136626500010896,-0.013855544331840872,0.014144455668159125,descriptive_secondary
C_full_G,C_beta_G,138,stress,log10_Ar,0.5,0.002805067671278416,-0.03636142151274957,0.059638578487250515,descriptive_secondary
C_full_G,C_beta_G,138,stress,log10_Ar,0.9,0.0005599019072913825,-0.008334679869253514,0.015665320130746507,descriptive_secondary
C_full_G,C_beta_G,138,stress,log10_Ar,0.95,0.0004407560960292267,-0.008202879717965517,0.011797120282034501,descriptive_secondary
C_full_G,C_beta_G,138,stress,log10_EFAC,0.05,-0.0014734859209581952,-0.03436480510646156,0.029635194893538497,descriptive_secondary
C_full_G,C_beta_G,138,stress,log10_EFAC,0.5,-0.00011251986667060176,-0.005571601281076699,0.00442839871892331,descriptive_secondary
C_full_G,C_beta_G,138,stress,log10_EFAC,0.9,-0.0004311804409360409,-0.003445608200593253,0.002554391799406752,descriptive_secondary
C_full_G,C_beta_G,138,stress,log10_EFAC,0.95,-0.00014969596653080508,-0.0032876398324915845,0.002712360167508421,descriptive_secondary
C_full_G,C_beta_G,142,representative,u,0.05,0.0011259047595952726,-0.9527890772271024,0.07121092277289758,descriptive_secondary
C_full_G,C_beta_G,142,representative,u,0.5,-0.000699633246545095,-0.48147561862420307,0.542524381375797,descriptive_secondary
C_full_G,C_beta_G,142,representative,u,0.9,0.00013270601098103185,-0.09988954591868349,0.9241104540813165,descriptive_secondary
C_full_G,C_beta_G,142,representative,u,0.95,-0.0011492419050161962,-0.04977847746316599,0.962221522536834,inconclusive
C_full_G,C_beta_G,142,representative,log10_Agw,0.05,0.00013204831805718048,-0.9637530087232322,0.05624699127676776,descriptive_secondary
C_full_G,C_beta_G,142,representative,log10_Agw,0.5,-0.000750020091685677,-0.6125626764105911,0.4114373235894088,descriptive_secondary
C_full_G,C_beta_G,142,representative,log10_Agw,0.9,0.00019316542373581935,-0.3202737167296633,0.7037262832703367,descriptive_secondary
C_full_G,C_beta_G,142,representative,log10_Agw,0.95,0.0014705310956523165,-0.26016364689254223,0.7638363531074578,descriptive_secondary
C_full_G,C_beta_G,142,representative,gamma_gw,0.05,-0.00028420973836992824,-0.9630582675684648,0.048941732431535184,descriptive_secondary
C_full_G,C_beta_G,142,representative,gamma_gw,0.5,-0.00046492653412061324,-0.5692424387956223,0.4627575612043777,descriptive_secondary
C_full_G,C_beta_G,142,representative,gamma_gw,0.9,0.00024138620124347643,-0.13795020590142248,0.8860497940985775,descriptive_secondary
C_full_G,C_beta_G,142,representative,gamma_gw,0.95,-0.000477440283398467,-0.07662342497166486,0.9433765750283352,descriptive_secondary
C_full_G,C_beta_G,142,representative,log10_Ar,0.05,-0.0007466687064727334,-0.9589288598712132,0.05707114012878675,descriptive_secondary
C_full_G,C_beta_G,142,representative,log10_Ar,0.5,0.0010525486518767058,-0.5177680388554927,0.5142319611445073,descriptive_secondary
C_full_G,C_beta_G,142,representative,log10_Ar,0.9,0.001936497302139517,-0.12852479772479808,0.903475202275202,descriptive_secondary
C_full_G,C_beta_G,142,representative,log10_Ar,0.95,0.0003520770270396545,-0.0699034661575949,0.9460965338424051,descriptive_secondary
C_full_G,C_beta_G,142,representative,log10_EFAC,0.05,0.0003737285683056979,-0.8857308711551212,0.1782691288448788,descriptive_secondary
C_full_G,C_beta_G,142,representative,log10_EFAC,0.5,-0.0008478257297763747,-0.6168921724440284,0.38910782755597156,descriptive_secondary
C_full_G,C_beta_G,142,representative,log10_EFAC,0.9,-0.0001487843049391424,-0.525392498240191,0.48060750175980904,descriptive_secondary
C_full_G,C_beta_G,142,representative,log10_EFAC,0.95,0.00010900179471506899,-0.5011425148099522,0.5068574851900478,descriptive_secondary
C_full_G,C_beta_G,157,representative,u,0.05,-0.0003509260602932371,-0.9507203803042164,0.06527961969578361,descriptive_secondary
C_full_G,C_beta_G,157,representative,u,0.5,0.0007461819015147642,-0.4748892242397481,0.5571107757602519,descriptive_secondary
C_full_G,C_beta_G,157,representative,u,0.9,0.0012864127977429973,-0.09302760369966323,0.9189723963003368,descriptive_secondary
C_full_G,C_beta_G,157,representative,u,0.95,0.0005771233506407514,-0.04733386336580747,0.9626661366341925,inconclusive
C_full_G,C_beta_G,157,representative,log10_Agw,0.05,-1.9115497447305674e-05,-0.9609643602413571,0.05103563975864285,descriptive_secondary
C_full_G,C_beta_G,157,representative,log10_Agw,0.5,-0.0015593402981007864,-0.6120714984816834,0.4079285015183166,descriptive_secondary
C_full_G,C_beta_G,157,representative,log10_Agw,0.9,0.0007767763399262329,-0.3330184906065661,0.6829815093934339,descriptive_secondary
C_full_G,C_beta_G,157,representative,log10_Agw,0.95,0.0019235499107371767,-0.27691901626814996,0.73908098373185,descriptive_secondary
C_full_G,C_beta_G,157,representative,gamma_gw,0.05,-0.0010504234192492898,-0.9620833216959611,0.04991667830403891,descriptive_secondary
C_full_G,C_beta_G,157,representative,gamma_gw,0.5,0.0029835365762851396,-0.554698733167644,0.46530126683235606,descriptive_secondary
C_full_G,C_beta_G,157,representative,gamma_gw,0.9,0.0002857538082998712,-0.13054803414805605,0.893451965851944,descriptive_secondary
C_full_G,C_beta_G,157,representative,gamma_gw,0.95,0.0002088433693667735,-0.07140851668965387,0.9525914833103462,descriptive_secondary
C_full_G,C_beta_G,157,representative,log10_Ar,0.05,0.0007442415540572303,-0.9620647357519325,0.05393526424806752,descriptive_secondary
C_full_G,C_beta_G,157,representative,log10_Ar,0.5,-0.0026945051077963966,-0.5547484234552051,0.4692515765447949,descriptive_secondary
C_full_G,C_beta_G,157,representative,log10_Ar,0.9,0.0004082306374568745,-0.19119819062958765,0.8248018093704124,descriptive_secondary
C_full_G,C_beta_G,157,representative,log10_Ar,0.95,0.00027134171314713296,-0.14205507319158095,0.8739449268084191,descriptive_secondary
C_full_G,C_beta_G,157,representative,log10_EFAC,0.05,0.00028129630953921403,-0.8837087598411398,0.14029124015886016,descriptive_secondary
C_full_G,C_beta_G,157,representative,log10_EFAC,0.5,8.813044719224727e-06,-0.7237764417505788,0.2812235582494213,descriptive_secondary
C_full_G,C_beta_G,157,representative,log10_EFAC,0.9,0.00014766293315027212,-0.6403782578608336,0.36562174213916643,descriptive_secondary
C_full_G,C_beta_G,157,representative,log10_EFAC,0.95,-0.0003814233056094185,-0.6171164233407129,0.38888357665928713,descriptive_secondary
C_full_G,C_beta_G,184,stress,u,0.05,-3.2556025931981813e-06,-0.9533424872565225,0.06265751274347751,descriptive_secondary
C_full_G,C_beta_G,184,stress,u,0.5,0.002489296031438215,-0.48935937907708593,0.5346406209229141,descriptive_secondary
C_full_G,C_beta_G,184,stress,u,0.9,-0.00038087318943313964,-0.09901283507706304,0.912987164922937,descriptive_secondary
C_full_G,C_beta_G,184,stress,u,0.95,-0.0009965546521534252,-0.051621336348008806,0.9603786636519912,inconclusive
C_full_G,C_beta_G,184,stress,log10_Agw,0.05,-0.00015504979736359267,-0.9785245431717161,0.029475456828283893,descriptive_secondary
C_full_G,C_beta_G,184,stress,log10_Agw,0.5,0.0007796754234188352,-0.7532250457882618,0.26377495421173824,descriptive_secondary
C_full_G,C_beta_G,184,stress,log10_Agw,0.9,-0.0014435114554660622,-0.4821750739899766,0.5418249260100234,descriptive_secondary
C_full_G,C_beta_G,184,stress,log10_Agw,0.95,-0.00039787351071940424,-0.4136702213303375,0.6103297786696625,descriptive_secondary
C_full_G,C_beta_G,184,stress,gamma_gw,0.05,-0.0006369336707662265,-0.9673262490284467,0.04467375097155333,descriptive_secondary
C_full_G,C_beta_G,184,stress,gamma_gw,0.5,-0.00040149299029956786,-0.5981261324747985,0.4258738675252015,descriptive_secondary
C_full_G,C_beta_G,184,stress,gamma_gw,0.9,0.0006587037607018731,-0.15814234204788336,0.8738576579521167,descriptive_secondary
C_full_G,C_beta_G,184,stress,gamma_gw,0.95,0.00021474337762983353,-0.09043946714837992,0.9415605328516201,descriptive_secondary
C_full_G,C_beta_G,184,stress,log10_Ar,0.05,-0.00036107977656203716,-0.9658093841145731,0.04619061588542693,descriptive_secondary
C_full_G,C_beta_G,184,stress,log10_Ar,0.5,0.002000188204445419,-0.5876690235379609,0.4283309764620391,descriptive_secondary
C_full_G,C_beta_G,184,stress,log10_Ar,0.9,0.0015590503793400101,-0.22979965479455045,0.7862003452054496,descriptive_secondary
C_full_G,C_beta_G,184,stress,log10_Ar,0.95,0.0020106615606831912,-0.16151907384462072,0.8544809261553793,descriptive_secondary
C_full_G,C_beta_G,184,stress,log10_EFAC,0.05,0.00028091953947684267,-0.7094982806596184,0.3065017193403817,descriptive_secondary
C_full_G,C_beta_G,184,stress,log10_EFAC,0.5,-0.0006573439571200268,-0.6136835964266162,0.3903164035733838,descriptive_secondary
C_full_G,C_beta_G,184,stress,log10_EFAC,0.9,-0.00018422498039250002,-0.5402290780720882,0.46377092192791186,descriptive_secondary
C_full_G,C_beta_G,184,stress,log10_EFAC,0.95,4.877358605093196e-05,-0.5187689463745048,0.48923105362549524,descriptive_secondary
C_full_G,C_beta_G,189,representative,u,0.05,5.4887874091399946e-05,-0.9500701180221397,0.06592988197786029,descriptive_secondary
C_full_G,C_beta_G,189,representative,u,0.5,0.00014591873329672378,-0.4780702903313795,0.5539297096686205,descriptive_secondary
C_full_G,C_beta_G,189,representative,u,0.9,0.000455130835182449,-0.0965957928969794,0.9194042071030206,descriptive_secondary
C_full_G,C_beta_G,189,representative,u,0.95,0.0006819264821548154,-0.047835109253133834,0.9601648907468662,inconclusive
C_full_G,C_beta_G,189,representative,log10_Agw,0.05,0.0004102181611527547,-0.9626709998069573,0.04932900019304272,descriptive_secondary
C_full_G,C_beta_G,189,representative,log10_Agw,0.5,-0.0001279947732449327,-0.6146382006367606,0.4013617993632395,descriptive_secondary
C_full_G,C_beta_G,189,representative,log10_Agw,0.9,0.0002748761642088482,-0.36439009066210015,0.6516099093378999,descriptive_secondary
C_full_G,C_beta_G,189,representative,log10_Agw,0.95,0.0006285549752901298,-0.3226589266109605,0.7093410733890395,descriptive_secondary
C_full_G,C_beta_G,189,representative,gamma_gw,0.05,-0.0010296380409208217,-0.9655136709046118,0.046486329095388204,descriptive_secondary
C_full_G,C_beta_G,189,representative,gamma_gw,0.5,-0.0017804434843722294,-0.56328418172614,0.46871581827385994,descriptive_secondary
C_full_G,C_beta_G,189,representative,gamma_gw,0.9,0.0002548253924355981,-0.12967772682967205,0.886322273170328,descriptive_secondary
C_full_G,C_beta_G,189,representative,gamma_gw,0.95,0.00047649421516371415,-0.06846049697346868,0.9515395030265313,descriptive_secondary
C_full_G,C_beta_G,189,representative,log10_Ar,0.05,-0.0004850817199581192,-0.9709953600660179,0.05300463993398203,descriptive_secondary
C_full_G,C_beta_G,189,representative,log10_Ar,0.5,0.00035768348664960703,-0.586777288008564,0.437222711991436,descriptive_secondary
C_full_G,C_beta_G,189,representative,log10_Ar,0.9,-0.00045881179807882866,-0.2482660419970456,0.7837339580029544,descriptive_secondary
C_full_G,C_beta_G,189,representative,log10_Ar,0.95,-0.0002745841901755641,-0.19875204171190963,0.8252479582880904,descriptive_secondary
C_full_G,C_beta_G,189,representative,log10_EFAC,0.05,0.0002728509432435751,-0.974331327561768,0.03766867243823198,descriptive_secondary
C_full_G,C_beta_G,189,representative,log10_EFAC,0.5,9.238812859524437e-06,-0.8539960664161794,0.15200393358382056,descriptive_secondary
C_full_G,C_beta_G,189,representative,log10_EFAC,0.9,-0.0005480368768647492,-0.7698639728272147,0.2381360271727853,descriptive_secondary
C_full_G,C_beta_G,189,representative,log10_EFAC,0.95,-0.0002788121800529342,-0.7451023107916919,0.2628976892083081,descriptive_secondary
C_full_G,C_beta_G,191,representative,u,0.05,-0.0002862507210828341,-0.015869943488856772,0.012130056511143232,descriptive_secondary
C_full_G,C_beta_G,191,representative,u,0.5,0.0018921537040222924,-0.018381516944304788,0.029618483055695255,descriptive_secondary
C_full_G,C_beta_G,191,representative,u,0.9,0.000780290261984562,-0.0115163533903343,0.02048364660966573,descriptive_secondary
C_full_G,C_beta_G,191,representative,u,0.95,0.0005051203411089444,-0.008601790215054916,0.013398209784945103,inconclusive
C_full_G,C_beta_G,191,representative,log10_Agw,0.05,-0.00022648926615992382,-0.00872631411622421,0.011273685883775801,descriptive_secondary
C_full_G,C_beta_G,191,representative,log10_Agw,0.5,-0.0009840138579083058,-0.016668370594470572,0.01933162940552946,descriptive_secondary
C_full_G,C_beta_G,191,representative,log10_Agw,0.9,-0.0003685460303544108,-0.015256906541983861,0.024743093458016174,descriptive_secondary
C_full_G,C_beta_G,191,representative,log10_Agw,0.95,0.0008004068091006511,-0.03356242237155871,0.030437577628441348,descriptive_secondary
C_full_G,C_beta_G,191,representative,gamma_gw,0.05,-0.0006919132763657798,-0.01605281835070896,0.015947181649291042,descriptive_secondary
C_full_G,C_beta_G,191,representative,gamma_gw,0.5,-0.0012915114441233722,-0.0206091579787403,0.027390842021259743,descriptive_secondary
C_full_G,C_beta_G,191,representative,gamma_gw,0.9,-7.543554986666479e-06,-0.024551338832416114,0.027448661167583932,descriptive_secondary
C_full_G,C_beta_G,191,representative,gamma_gw,0.95,0.00036216846358938515,-0.018343562203576247,0.013656437796423782,descriptive_secondary
C_full_G,C_beta_G,191,representative,log10_Ar,0.05,0.001237310751586923,-0.012624298494025077,0.01537570150597492,descriptive_secondary
C_full_G,C_beta_G,191,representative,log10_Ar,0.5,-0.00091014329901562,-0.034037590070137735,0.021962409929862314,descriptive_secondary
C_full_G,C_beta_G,191,representative,log10_Ar,0.9,-0.0013405481911952233,-0.022551265457633085,0.013448734542366947,descriptive_secondary
C_full_G,C_beta_G,191,representative,log10_Ar,0.95,-0.0006077377734293732,-0.010351063916866132,0.009648936083133886,descriptive_secondary
C_full_G,C_beta_G,191,representative,log10_EFAC,0.05,0.0008877453960327575,-0.010911806266006407,0.013088193733993614,descriptive_secondary
C_full_G,C_beta_G,191,representative,log10_EFAC,0.5,0.0004156099622103504,-0.0033334897340563385,0.0036665102659436677,descriptive_secondary
C_full_G,C_beta_G,191,representative,log10_EFAC,0.9,4.554856870486734e-05,-0.008467790341574966,0.007532209658425049,descriptive_secondary
C_full_G,C_beta_G,191,representative,log10_EFAC,0.95,-0.0002999715611409215,-0.0083082031691053,0.007691796830894715,descriptive_secondary
C_full_G,C_beta_G,197,representative,u,0.05,0.0007392516530590892,-0.9515179411055512,0.06448205889444875,descriptive_secondary
C_full_G,C_beta_G,197,representative,u,0.5,-0.0018989724969338262,-0.47918254820103146,0.5448174517989686,descriptive_secondary
C_full_G,C_beta_G,197,representative,u,0.9,-0.0002678390781135631,-0.09487371322301008,0.9171262867769899,descriptive_secondary
C_full_G,C_beta_G,197,representative,u,0.95,0.0002392953203419479,-0.04850270450857064,0.9614972954914294,inconclusive
C_full_G,C_beta_G,197,representative,log10_Agw,0.05,-0.0003531359791236581,-0.9846243116522834,0.021375688347716658,descriptive_secondary
C_full_G,C_beta_G,197,representative,log10_Agw,0.5,-0.00020467170447402427,-0.8092725962942237,0.20272740370577633,descriptive_secondary
C_full_G,C_beta_G,197,representative,log10_Agw,0.9,0.0013942538638145319,-0.5827771956911538,0.4332228043088462,descriptive_secondary
C_full_G,C_beta_G,197,representative,log10_Agw,0.95,0.0016671850272040323,-0.5258549698590453,0.4981450301409546,descriptive_secondary
C_full_G,C_beta_G,197,representative,gamma_gw,0.05,1.3451867380810667e-05,-0.9678448308704145,0.04015516912958553,descriptive_secondary
C_full_G,C_beta_G,197,representative,gamma_gw,0.5,-0.00021745447025556253,-0.6178540209152079,0.40614597908479205,descriptive_secondary
C_full_G,C_beta_G,197,representative,gamma_gw,0.9,-0.00048310815220775627,-0.17595413099641,0.84804586900359,descriptive_secondary
C_full_G,C_beta_G,197,representative,gamma_gw,0.95,0.0006824510990105503,-0.09989207035171221,0.9241079296482878,descriptive_secondary
C_full_G,C_beta_G,197,representative,log10_Ar,0.05,-9.507664295097668e-05,-0.9710900776556324,0.040909922344367584,descriptive_secondary
C_full_G,C_beta_G,197,representative,log10_Ar,0.5,8.858971665015591e-05,-0.674156273873606,0.341843726126394,descriptive_secondary
C_full_G,C_beta_G,197,representative,log10_Ar,0.9,0.0006925839558111768,-0.38653142368505466,0.6294685763149453,descriptive_secondary
C_full_G,C_beta_G,197,representative,log10_Ar,0.95,0.0004993536349687799,-0.33358785125462986,0.6824121487453702,descriptive_secondary
C_full_G,C_beta_G,197,representative,log10_EFAC,0.05,1.9733043454014552e-05,-0.9990745348155565,0.0019254651844434778,descriptive_secondary
C_full_G,C_beta_G,197,representative,log10_EFAC,0.5,-2.9781106951717873e-05,-0.9820367488775309,0.019963251122469095,descriptive_secondary
C_full_G,C_beta_G,197,representative,log10_EFAC,0.9,-0.00015655043334531632,-0.9447860848465404,0.0632139151534596,descriptive_secondary
C_full_G,C_beta_G,197,representative,log10_EFAC,0.95,3.912316924815917e-05,-0.9287004518795874,0.07929954812041258,descriptive_secondary
C_full_G,C_beta_G,249,representative,u,0.05,-0.0005248654733157054,-0.9508019458042526,0.061198054195747434,descriptive_secondary
C_full_G,C_beta_G,249,representative,u,0.5,-0.0017151983799819082,-0.48603837566883423,0.5459616243311658,descriptive_secondary
C_full_G,C_beta_G,249,representative,u,0.9,-0.0006386549547681142,-0.09953396204833309,0.9164660379516669,descriptive_secondary
C_full_G,C_beta_G,249,representative,u,0.95,-0.0005160955028146175,-0.05325724583104974,0.9587427541689503,inconclusive
C_full_G,C_beta_G,249,representative,log10_Agw,0.05,0.0004789252397305113,-0.9805028458828803,0.027497154117119765,descriptive_secondary
C_full_G,C_beta_G,249,representative,log10_Agw,0.5,0.0006425407805171479,-0.7619339556710593,0.24706604432894075,descriptive_secondary
C_full_G,C_beta_G,249,representative,log10_Agw,0.9,-0.0004407001942651201,-0.5030443504648497,0.5169556495351503,descriptive_secondary
C_full_G,C_beta_G,249,representative,log10_Agw,0.95,-0.0009047395683303705,-0.44857842226992395,0.5834215777300761,descriptive_secondary
C_full_G,C_beta_G,249,representative,gamma_gw,0.05,-0.00033619390822417494,-0.9699569965976809,0.04204300340231917,descriptive_secondary
C_full_G,C_beta_G,249,representative,gamma_gw,0.5,0.00215574047888073,-0.596358867702344,0.427641132297656,descriptive_secondary
C_full_G,C_beta_G,249,representative,gamma_gw,0.9,-0.00195296501415132,-0.16019503790995382,0.8638049620900462,descriptive_secondary
C_full_G,C_beta_G,249,representative,gamma_gw,0.95,-0.0017402253443505877,-0.08979090621942976,0.9302090937805703,descriptive_secondary
C_full_G,C_beta_G,249,representative,log10_Ar,0.05,0.0005368132191355054,-0.9647908627372848,0.0472091372627153,descriptive_secondary
C_full_G,C_beta_G,249,representative,log10_Ar,0.5,0.0006298010430733081,-0.6173543772610057,0.3986456227389943,descriptive_secondary
C_full_G,C_beta_G,249,representative,log10_Ar,0.9,0.002288522254007219,-0.29614337611334207,0.735856623886658,descriptive_secondary
C_full_G,C_beta_G,249,representative,log10_Ar,0.95,0.0031980472088709577,-0.2381473978252968,0.8098526021747032,descriptive_secondary
C_full_G,C_beta_G,249,representative,log10_EFAC,0.05,-0.001200772546336687,-0.9349253730116783,0.07707462698832171,descriptive_secondary
C_full_G,C_beta_G,249,representative,log10_EFAC,0.5,-0.00029478274962402296,-0.8424333169359925,0.16056668306400745,descriptive_secondary
C_full_G,C_beta_G,249,representative,log10_EFAC,0.9,0.00039892594838036866,-0.7691479511822737,0.23685204881772623,descriptive_secondary
C_full_G,C_beta_G,249,representative,log10_EFAC,0.95,0.00019328071436136574,-0.7482769281922312,0.25972307180776877,descriptive_secondary
C_full_G,C_beta_G,272,representative,u,0.05,0.0013535562754879854,-0.9519078212664602,0.06809217873353979,descriptive_secondary
C_full_G,C_beta_G,272,representative,u,0.5,0.00273782480784579,-0.49054089625313047,0.5334591037468696,descriptive_secondary
C_full_G,C_beta_G,272,representative,u,0.9,-0.0006385777397115433,-0.10274930040181707,0.913250699598183,descriptive_secondary
C_full_G,C_beta_G,272,representative,u,0.95,0.000175874385210939,-0.054245386735590984,0.957754613264409,inconclusive
C_full_G,C_beta_G,272,representative,log10_Agw,0.05,0.00020320054546674182,-0.9569475910002041,0.05905240899979588,descriptive_secondary
C_full_G,C_beta_G,272,representative,log10_Agw,0.5,0.0026501174044728515,-0.5367766261460287,0.49522337385397136,descriptive_secondary
C_full_G,C_beta_G,272,representative,log10_Agw,0.9,4.8239563079643943e-05,-0.21949534358494593,0.8045046564150541,descriptive_secondary
C_full_G,C_beta_G,272,representative,log10_Agw,0.95,-0.00015647692795062174,-0.16818004808602927,0.8638199519139708,descriptive_secondary
C_full_G,C_beta_G,272,representative,gamma_gw,0.05,-0.0008833917983949169,-0.9608518154612772,0.05114818453872282,descriptive_secondary
C_full_G,C_beta_G,272,representative,gamma_gw,0.5,0.002799611561558668,-0.5578576408109734,0.47414235918902653,descriptive_secondary
C_full_G,C_beta_G,272,representative,gamma_gw,0.9,7.678621834839028e-05,-0.1339971382959836,0.8900028617040164,descriptive_secondary
C_full_G,C_beta_G,272,representative,gamma_gw,0.95,-0.0002998766336925751,-0.06657304485445592,0.9454269551455441,descriptive_secondary
C_full_G,C_beta_G,272,representative,log10_Ar,0.05,-0.0010671550108688269,-0.9557416340984408,0.05425836590155918,descriptive_secondary
C_full_G,C_beta_G,272,representative,log10_Ar,0.5,0.001976166905241772,-0.5293177128218334,0.5106822871781667,descriptive_secondary
C_full_G,C_beta_G,272,representative,log10_Ar,0.9,-0.0001454447916501289,-0.11764993663573131,0.8983500633642687,descriptive_secondary
C_full_G,C_beta_G,272,representative,log10_Ar,0.95,0.0013506811183792156,-0.06816338809367817,0.9478366119063218,descriptive_secondary
C_full_G,C_beta_G,272,representative,log10_EFAC,0.05,-0.001115555714726657,-0.5060669906940729,0.5259330093059271,descriptive_secondary
C_full_G,C_beta_G,272,representative,log10_EFAC,0.5,-0.00021344178400628522,-0.3228091189206238,0.6831908810793762,descriptive_secondary
C_full_G,C_beta_G,272,representative,log10_EFAC,0.9,-0.00014744289491230855,-0.23553531454371324,0.7704646854562868,descriptive_secondary
C_full_G,C_beta_G,272,representative,log10_EFAC,0.95,-0.0005383551689456256,-0.21279655977868295,0.7952034402213171,descriptive_secondary
C_full_G,C_beta_G,285,representative,u,0.05,-0.0002841924299688686,-0.952783944769826,0.06321605523017404,descriptive_secondary
C_full_G,C_beta_G,285,representative,u,0.5,0.0027152212424129685,-0.4954098092183591,0.5285901907816409,descriptive_secondary
C_full_G,C_beta_G,285,representative,u,0.9,-0.0009825174912844181,-0.10735854974138426,0.9086414502586158,descriptive_secondary
C_full_G,C_beta_G,285,representative,u,0.95,-0.0009022871926764875,-0.057073381552577684,0.9549266184474223,inconclusive
C_full_G,C_beta_G,285,representative,log10_Agw,0.05,0.005897268400092859,-0.7091691474925441,0.38683085250745597,descriptive_secondary
C_full_G,C_beta_G,285,representative,log10_Agw,0.5,-0.0003212027035284226,-0.20102228678822864,0.8069777132117714,descriptive_secondary
C_full_G,C_beta_G,285,representative,log10_Agw,0.9,0.0010517371000731135,-0.051940758837636936,0.9560592411623631,descriptive_secondary
C_full_G,C_beta_G,285,representative,log10_Agw,0.95,0.00022633030039942437,-0.029510618042571157,0.9784893819574288,descriptive_secondary
C_full_G,C_beta_G,285,representative,gamma_gw,0.05,0.00027879423728263686,-0.9346302169823122,0.08936978301768776,descriptive_secondary
C_full_G,C_beta_G,285,representative,gamma_gw,0.5,-0.0004567312298688897,-0.4711207392397023,0.5528792607602977,descriptive_secondary
C_full_G,C_beta_G,285,representative,gamma_gw,0.9,0.0002929723600908485,-0.10261448592367273,0.9213855140763273,descriptive_secondary
C_full_G,C_beta_G,285,representative,gamma_gw,0.95,0.0006628792660766658,-0.05622718394505877,0.9597728160549412,descriptive_secondary
C_full_G,C_beta_G,285,representative,log10_Ar,0.05,0.0006851510123512469,-0.9552050412947356,0.060794958705264406,descriptive_secondary
C_full_G,C_beta_G,285,representative,log10_Ar,0.5,0.003280016861396784,-0.47938231215145566,0.5446176878485444,descriptive_secondary
C_full_G,C_beta_G,285,representative,log10_Ar,0.9,0.0006178765647797402,-0.07384688700630704,0.938153112993693,descriptive_secondary
C_full_G,C_beta_G,285,representative,log10_Ar,0.95,0.0002262816999335504,-0.03602339574386759,0.9759766042561324,descriptive_secondary
C_full_G,C_beta_G,285,representative,log10_EFAC,0.05,-0.0005686730810379181,-0.2301321123444453,0.8018678876555547,descriptive_secondary
C_full_G,C_beta_G,285,representative,log10_EFAC,0.5,1.587687487158984e-05,-0.056607035196044375,0.9473929648039556,descriptive_secondary
C_full_G,C_beta_G,285,representative,log10_EFAC,0.9,7.432381744498784e-06,-0.00977905083590136,0.9922209491640986,descriptive_secondary
C_full_G,C_beta_G,285,representative,log10_EFAC,0.95,-1.5734371100917244e-05,-0.004793066488590791,0.9962069335114091,descriptive_secondary
C_full_G,C_beta_G,313,representative,u,0.05,-0.0022259039085148827,-0.9600721049535861,0.051927895046413874,descriptive_secondary
C_full_G,C_beta_G,313,representative,u,0.5,-0.00065694774559516,-0.5279954483363722,0.4960045516636278,descriptive_secondary
C_full_G,C_beta_G,313,representative,u,0.9,0.00012579996464567866,-0.1194632283487922,0.9045367716512078,descriptive_secondary
C_full_G,C_beta_G,313,representative,u,0.95,-0.00010820949593060014,-0.060335611002909184,0.9556643889970908,inconclusive
C_full_G,C_beta_G,313,representative,log10_Agw,0.05,0.00045224096223937804,-0.957731554564353,0.058268445435647014,descriptive_secondary
C_full_G,C_beta_G,313,representative,log10_Agw,0.5,-0.001458956480998863,-0.5617663991301285,0.45423360086987147,descriptive_secondary
C_full_G,C_beta_G,313,representative,log10_Agw,0.9,-0.001464587757731839,-0.3016519412609566,0.7103480587390434,descriptive_secondary
C_full_G,C_beta_G,313,representative,log10_Agw,0.95,-0.0011494388159637436,-0.2570647304385504,0.7629352695614496,descriptive_secondary
C_full_G,C_beta_G,313,representative,gamma_gw,0.05,-0.0006573842195722046,-0.9640232723371202,0.04797672766287983,descriptive_secondary
C_full_G,C_beta_G,313,representative,gamma_gw,0.5,0.002264822542041356,-0.5594750086508686,0.47252499134913134,descriptive_secondary
C_full_G,C_beta_G,313,representative,gamma_gw,0.9,0.0030933692856596195,-0.12826847914008677,0.8957315208599133,descriptive_secondary
C_full_G,C_beta_G,313,representative,gamma_gw,0.95,0.0015188791447805494,-0.0762236805872335,0.9477763194127665,descriptive_secondary
C_full_G,C_beta_G,313,representative,log10_Ar,0.05,0.001051994540693879,-0.9355930168355889,0.0844069831644111,descriptive_secondary
C_full_G,C_beta_G,313,representative,log10_Ar,0.5,0.003677897936249397,-0.3141427504894083,0.7258572495105917,descriptive_secondary
C_full_G,C_beta_G,313,representative,log10_Ar,0.9,-8.56552712891201e-05,-0.08968457033638755,0.9143154296636125,descriptive_secondary
C_full_G,C_beta_G,313,representative,log10_Ar,0.95,-0.0003241836207487081,-0.0732202100762408,0.9307797899237592,descriptive_secondary
C_full_G,C_beta_G,313,representative,log10_EFAC,0.05,-0.000258395487879412,-0.9605866345769992,0.05141336542300075,descriptive_secondary
C_full_G,C_beta_G,313,representative,log10_EFAC,0.5,-0.0011287300702315928,-0.7720218823886639,0.2369781176113361,descriptive_secondary
C_full_G,C_beta_G,313,representative,log10_EFAC,0.9,-0.0012054563223377612,-0.6429741573326011,0.36902584266739896,descriptive_secondary
C_full_G,C_beta_G,313,representative,log10_EFAC,0.95,-0.0009025283658634642,-0.6142353424393812,0.39776465756061885,descriptive_secondary
C_full_G,C_beta_G,327,representative,u,0.05,0.002438544496848022,-1.0,1.0,descriptive_secondary
C_full_G,C_beta_G,327,representative,u,0.5,0.0024628908754719125,-1.0,1.0,descriptive_secondary
C_full_G,C_beta_G,327,representative,u,0.9,0.0007440482898272149,-1.0,1.0,descriptive_secondary
C_full_G,C_beta_G,327,representative,u,0.95,-1.762263769544692e-05,-1.0,1.0,inconclusive
C_full_G,C_beta_G,327,representative,log10_Agw,0.05,0.0004750240605096989,-1.0,1.0,descriptive_secondary
C_full_G,C_beta_G,327,representative,log10_Agw,0.5,1.6766839681436885e-05,-1.0,1.0,descriptive_secondary
C_full_G,C_beta_G,327,representative,log10_Agw,0.9,-3.9311921887996704e-05,-1.0,1.0,descriptive_secondary
C_full_G,C_beta_G,327,representative,log10_Agw,0.95,-0.00012254654612520177,-1.0,1.0,descriptive_secondary
C_full_G,C_beta_G,327,representative,gamma_gw,0.05,0.0016426625142731965,-1.0,1.0,descriptive_secondary
C_full_G,C_beta_G,327,representative,gamma_gw,0.5,0.0008882482203750319,-1.0,1.0,descriptive_secondary
C_full_G,C_beta_G,327,representative,gamma_gw,0.9,0.0006324092753512423,-1.0,1.0,descriptive_secondary
C_full_G,C_beta_G,327,representative,gamma_gw,0.95,-0.0004422585211319996,-1.0,1.0,descriptive_secondary
C_full_G,C_beta_G,327,representative,log10_Ar,0.05,0.0011164321658989201,-1.0,1.0,descriptive_secondary
C_full_G,C_beta_G,327,representative,log10_Ar,0.5,-8.489058796656845e-05,-1.0,1.0,descriptive_secondary
C_full_G,C_beta_G,327,representative,log10_Ar,0.9,-0.001237186837223847,-1.0,1.0,descriptive_secondary
C_full_G,C_beta_G,327,representative,log10_Ar,0.95,-0.000640553252430176,-1.0,1.0,descriptive_secondary
C_full_G,C_beta_G,327,representative,log10_EFAC,0.05,-0.0003807216064729835,-1.0,1.0,descriptive_secondary
C_full_G,C_beta_G,327,representative,log10_EFAC,0.5,-0.0017541133946558651,-1.0,1.0,descriptive_secondary
C_full_G,C_beta_G,327,representative,log10_EFAC,0.9,-0.0021640628973487175,-1.0,1.0,descriptive_secondary
C_full_G,C_beta_G,327,representative,log10_EFAC,0.95,-0.0019154246501728034,-1.0,1.0,descriptive_secondary
C_full_G,C_beta_G,333,stress,u,0.05,-0.0002978889980225184,-0.9751090933072699,0.036890906692730055,descriptive_secondary
C_full_G,C_beta_G,333,stress,u,0.5,0.0043733993987499775,-0.6656483831826994,0.3583516168173006,descriptive_secondary
C_full_G,C_beta_G,333,stress,u,0.9,0.0006205557237711767,-0.19934618367055468,0.8326538163294454,descriptive_secondary
C_full_G,C_beta_G,333,stress,u,0.95,0.0019102609537998694,-0.11205949893319189,0.9199405010668081,inconclusive
C_full_G,C_beta_G,333,stress,log10_Agw,0.05,0.0003539370154305166,-0.27550075628350146,0.7344992437164986,descriptive_secondary
C_full_G,C_beta_G,333,stress,log10_Agw,0.5,0.0008049328009732681,-0.12266037247403938,0.8873396275259606,descriptive_secondary
C_full_G,C_beta_G,333,stress,log10_Agw,0.9,0.00044414360603428626,-0.024626766028331915,0.9793732339716681,descriptive_secondary
C_full_G,C_beta_G,333,stress,log10_Agw,0.95,0.0003767471464228844,-0.013431749222695855,0.9905682507773041,descriptive_secondary
C_full_G,C_beta_G,333,stress,gamma_gw,0.05,-0.0014243466546367267,-0.781561770600004,0.250438229399996,descriptive_secondary
C_full_G,C_beta_G,333,stress,gamma_gw,0.5,-0.0012368774022004647,-0.37767422774176995,0.6543257722582301,descriptive_secondary
C_full_G,C_beta_G,333,stress,gamma_gw,0.9,0.0004546485693821545,-0.08323720671253576,0.9327627932874643,descriptive_secondary
C_full_G,C_beta_G,333,stress,gamma_gw,0.95,-0.0005456866323674259,-0.04561232164565798,0.970387678354342,descriptive_secondary
C_full_G,C_beta_G,333,stress,log10_Ar,0.05,-0.0007741363401290724,-0.9536686143869476,0.07033138561305241,descriptive_secondary
C_full_G,C_beta_G,333,stress,log10_Ar,0.5,-0.0020776467887471117,-0.46806106935417413,0.5639389306458259,descriptive_secondary
C_full_G,C_beta_G,333,stress,log10_Ar,0.9,-0.0006422185519091572,-0.06218163814963418,0.9538183618503658,descriptive_secondary
C_full_G,C_beta_G,333,stress,log10_Ar,0.95,-6.972302819618914e-05,-0.028367256590263734,0.9796327434097363,descriptive_secondary
C_full_G,C_beta_G,333,stress,log10_EFAC,0.05,-0.0004447838184135078,-0.2333829130903311,0.7826170869096689,descriptive_secondary
C_full_G,C_beta_G,333,stress,log10_EFAC,0.5,-0.00021673434805369318,-0.07002798656010767,0.9349720134398923,descriptive_secondary
C_full_G,C_beta_G,333,stress,log10_EFAC,0.9,-0.00024975951932948437,-0.014009226596070956,0.988990773403929,descriptive_secondary
C_full_G,C_beta_G,333,stress,log10_EFAC,0.95,-0.0002600910666968881,-0.00787443801427179,0.9946255619857282,descriptive_secondary
C_full_G,C_beta_G,346,representative,u,0.05,0.001027017527712143,-0.9541094756938926,0.061890524306107426,descriptive_secondary
C_full_G,C_beta_G,346,representative,u,0.5,0.0006671985386842438,-0.4867973916326812,0.5332026083673188,descriptive_secondary
C_full_G,C_beta_G,346,representative,u,0.9,0.0005137688465427503,-0.09771539356802006,0.91428460643198,descriptive_secondary
C_full_G,C_beta_G,346,representative,u,0.95,-0.00020008748050481806,-0.05036175389864661,0.9616382461013534,inconclusive
C_full_G,C_beta_G,346,representative,log10_Agw,0.05,-0.0004759780402614905,-0.9692020709876977,0.04279792901230231,descriptive_secondary
C_full_G,C_beta_G,346,representative,log10_Agw,0.5,-0.0006903137441698903,-0.6535095238817908,0.36249047611820917,descriptive_secondary
C_full_G,C_beta_G,346,representative,log10_Agw,0.9,-0.00042839687650397806,-0.3533056434928765,0.6706943565071235,descriptive_secondary
C_full_G,C_beta_G,346,representative,log10_Agw,0.95,-0.0007463747297216106,-0.2930550120504799,0.7309449879495201,descriptive_secondary
C_full_G,C_beta_G,346,representative,gamma_gw,0.05,0.0009680482214735886,-0.9664711275489755,0.04552887245102458,descriptive_secondary
C_full_G,C_beta_G,346,representative,gamma_gw,0.5,0.004320784499528496,-0.5735022545846435,0.45849774541535654,descriptive_secondary
C_full_G,C_beta_G,346,representative,gamma_gw,0.9,0.0023383739229043687,-0.13591380832641076,0.8880861916735893,descriptive_secondary
C_full_G,C_beta_G,346,representative,gamma_gw,0.95,0.0017173339494658268,-0.07011060778057043,0.9498893922194296,descriptive_secondary
C_full_G,C_beta_G,346,representative,log10_Ar,0.05,-0.0013938365400902944,-0.9569285075265571,0.05507149247344292,descriptive_secondary
C_full_G,C_beta_G,346,representative,log10_Ar,0.5,-0.000785193552412522,-0.5218279684285918,0.5101720315714082,descriptive_secondary
C_full_G,C_beta_G,346,representative,log10_Ar,0.9,-0.0011414176791235686,-0.1452325400168587,0.8787674599831413,descriptive_secondary
C_full_G,C_beta_G,346,representative,log10_Ar,0.95,-0.001039195842007845,-0.09233391444933226,0.9316660855506678,descriptive_secondary
C_full_G,C_beta_G,346,representative,log10_EFAC,0.05,0.001265623302716845,-0.6826842664298596,0.3413157335701405,descriptive_secondary
C_full_G,C_beta_G,346,representative,log10_EFAC,0.5,-9.790857929381502e-05,-0.5340230156605991,0.46997698433940094,descriptive_secondary
C_full_G,C_beta_G,346,representative,log10_EFAC,0.9,-2.678189568416922e-05,-0.45608949733570936,0.5499105026642906,descriptive_secondary
C_full_G,C_beta_G,346,representative,log10_EFAC,0.95,-9.804899957666091e-05,-0.43303118829004206,0.574968811709958,descriptive_secondary
C_full_G,C_beta_G,355,representative,u,0.05,-0.00016887327123828177,-0.9532847725015285,0.0587152274984714,descriptive_secondary
C_full_G,C_beta_G,355,representative,u,0.5,-0.001655648726289649,-0.49784055578622854,0.5261594442137715,descriptive_secondary
C_full_G,C_beta_G,355,representative,u,0.9,-0.0017604967988844589,-0.10182982531023588,0.9181701746897641,descriptive_secondary
C_full_G,C_beta_G,355,representative,u,0.95,-0.0009484365420363572,-0.053383634116917156,0.9586163658830829,inconclusive
C_full_G,C_beta_G,355,representative,log10_Agw,0.05,-0.00043079390608087575,-0.9626438128484863,0.061356187151513655,descriptive_secondary
C_full_G,C_beta_G,355,representative,log10_Agw,0.5,-0.0002810225689774959,-0.5679905746779914,0.44800942532200855,descriptive_secondary
C_full_G,C_beta_G,355,representative,log10_Agw,0.9,-0.001060246759930883,-0.3221750448400126,0.6938249551599874,descriptive_secondary
C_full_G,C_beta_G,355,representative,log10_Agw,0.95,-0.00043272448198228286,-0.2756493601067008,0.7403506398932992,descriptive_secondary
C_full_G,C_beta_G,355,representative,gamma_gw,0.05,0.0012254201595725892,-0.9634451416759013,0.048554858324098615,descriptive_secondary
C_full_G,C_beta_G,355,representative,gamma_gw,0.5,-0.0019976213457860714,-0.5741684551623256,0.4738315448376743,descriptive_secondary
C_full_G,C_beta_G,355,representative,gamma_gw,0.9,-0.0009649975820724688,-0.13124550979848426,0.8847544902015158,descriptive_secondary
C_full_G,C_beta_G,355,representative,gamma_gw,0.95,-0.0003419805078301863,-0.0759865910255042,0.9440134089744958,descriptive_secondary
C_full_G,C_beta_G,355,representative,log10_Ar,0.05,0.0008161614461794642,-0.9601817941717283,0.0558182058282717,descriptive_secondary
C_full_G,C_beta_G,355,representative,log10_Ar,0.5,0.002890921409332281,-0.5320793724246704,0.49992062757532957,descriptive_secondary
C_full_G,C_beta_G,355,representative,log10_Ar,0.9,0.000514733018354363,-0.16939718095103073,0.8466028190489693,descriptive_secondary
C_full_G,C_beta_G,355,representative,log10_Ar,0.95,0.0008384841300805856,-0.1314592717341353,0.8805407282658647,descriptive_secondary
C_full_G,C_beta_G,355,representative,log10_EFAC,0.05,0.00010729702488244258,-0.9779808211824457,0.03001917881755432,descriptive_secondary
C_full_G,C_beta_G,355,representative,log10_EFAC,0.5,-0.00033752372040657397,-0.8019446434157258,0.2060553565842742,descriptive_secondary
C_full_G,C_beta_G,355,representative,log10_EFAC,0.9,-0.00016343215499659003,-0.6793372860341462,0.32866271396585384,descriptive_secondary
C_full_G,C_beta_G,355,representative,log10_EFAC,0.95,7.137315845179293e-05,-0.6490182289439718,0.35898177105602824,descriptive_secondary
C_full_G,C_beta_G,359,stress,u,0.05,0.0008559495040637438,-0.9708552550548288,0.0371447449451712,descriptive_secondary
C_full_G,C_beta_G,359,stress,u,0.5,3.9139533893339795e-05,-0.6604114498816817,0.36358855011831837,descriptive_secondary
C_full_G,C_beta_G,359,stress,u,0.9,0.001474165239504388,-0.21521445332614098,0.816785546673859,descriptive_secondary
C_full_G,C_beta_G,359,stress,u,0.95,0.0025884748577981176,-0.11565962703119048,0.9083403729688095,inconclusive
C_full_G,C_beta_G,359,stress,log10_Agw,0.05,-0.00013371855651644893,-0.3124486108486545,0.6995513891513455,descriptive_secondary
C_full_G,C_beta_G,359,stress,log10_Agw,0.5,0.0004700476359372763,-0.14295706353310744,0.8650429364668926,descriptive_secondary
C_full_G,C_beta_G,359,stress,log10_Agw,0.9,0.0002727695727767765,-0.031486478312719,0.976513521687281,descriptive_secondary
C_full_G,C_beta_G,359,stress,log10_Agw,0.95,0.0001758833955586292,-0.017995476306721048,0.990004523693279,descriptive_secondary
C_full_G,C_beta_G,359,stress,gamma_gw,0.05,0.0027744501970500546,-0.8391910596072489,0.20080894039275113,descriptive_secondary
C_full_G,C_beta_G,359,stress,gamma_gw,0.5,-0.0021293533791305608,-0.3930754208747408,0.6269245791252592,descriptive_secondary
C_full_G,C_beta_G,359,stress,gamma_gw,0.9,-0.0015178862309334074,-0.09064514113398059,0.9293548588660194,descriptive_secondary
C_full_G,C_beta_G,359,stress,gamma_gw,0.95,-0.00016452198146299502,-0.04758753260869575,0.9684124673913043,descriptive_secondary
C_full_G,C_beta_G,359,stress,log10_Ar,0.05,-0.0011390835304069882,-0.9532418703886438,0.06275812961135623,descriptive_secondary
C_full_G,C_beta_G,359,stress,log10_Ar,0.5,-0.0016546392326285408,-0.48195072841676634,0.5500492715832337,descriptive_secondary
C_full_G,C_beta_G,359,stress,log10_Ar,0.9,0.0007150284047492406,-0.07048368849580922,0.9415163115041908,descriptive_secondary
C_full_G,C_beta_G,359,stress,log10_Ar,0.95,0.00039477665788123506,-0.035978569696400786,0.9760214303035992,descriptive_secondary
C_full_G,C_beta_G,359,stress,log10_EFAC,0.05,0.0010644848223455017,-0.8723752276871513,0.19162477231284872,descriptive_secondary
C_full_G,C_beta_G,359,stress,log10_EFAC,0.5,0.00019786581039060724,-0.3744853972898261,0.6415146027101739,descriptive_secondary
C_full_G,C_beta_G,359,stress,log10_EFAC,0.9,-0.0007270041175233555,-0.12719047982304443,0.8888095201769556,descriptive_secondary
C_full_G,C_beta_G,359,stress,log10_EFAC,0.95,-0.000545096575573889,-0.07616973590059939,0.9398302640994006,descriptive_secondary
C_full_G,C_beta_G,380,representative,u,0.05,-0.0007508583454934326,-0.958697863787563,0.05730213621243699,descriptive_secondary
C_full_G,C_beta_G,380,representative,u,0.5,-0.0007074147723307167,-0.5141329484094215,0.5178670515905786,descriptive_secondary
C_full_G,C_beta_G,380,representative,u,0.9,-0.0006322339179779535,-0.11318601824424446,0.9108139817557556,descriptive_secondary
C_full_G,C_beta_G,380,representative,u,0.95,-0.00018446803997484995,-0.05743321242244337,0.9585667875775566,inconclusive
C_full_G,C_beta_G,380,representative,log10_Agw,0.05,-0.00014087753998871105,-0.9571500166571797,0.06684998334282036,descriptive_secondary
C_full_G,C_beta_G,380,representative,log10_Agw,0.5,-6.873065895507402e-05,-0.5520567310634105,0.46394326893658955,descriptive_secondary
C_full_G,C_beta_G,380,representative,log10_Agw,0.9,5.84903382031543e-05,-0.2931035961266244,0.7228964038733756,descriptive_secondary
C_full_G,C_beta_G,380,representative,log10_Agw,0.95,-0.0005540900214265898,-0.24223678195187404,0.773763218048126,descriptive_secondary
C_full_G,C_beta_G,380,representative,gamma_gw,0.05,0.000668062135672845,-0.9632693363632578,0.05273066363674218,descriptive_secondary
C_full_G,C_beta_G,380,representative,gamma_gw,0.5,0.004852380443344573,-0.5534750338469457,0.4705249661530543,descriptive_secondary
C_full_G,C_beta_G,380,representative,gamma_gw,0.9,0.0002576892108792084,-0.12916660238449096,0.8948333976155091,descriptive_secondary
C_full_G,C_beta_G,380,representative,gamma_gw,0.95,0.00032351233038718785,-0.06840037892882844,0.9475996210711716,descriptive_secondary
C_full_G,C_beta_G,380,representative,log10_Ar,0.05,0.0014958548042967035,-0.9363382643296042,0.08766173567039583,descriptive_secondary
C_full_G,C_beta_G,380,representative,log10_Ar,0.5,-0.002014584556080501,-0.3078466797232473,0.7161533202767527,descriptive_secondary
C_full_G,C_beta_G,380,representative,log10_Ar,0.9,-9.96827665654676e-05,-0.06737116604651638,0.9386288339534836,descriptive_secondary
C_full_G,C_beta_G,380,representative,log10_Ar,0.95,-9.039932162946407e-05,-0.051251154882440364,0.9567488451175596,descriptive_secondary
C_full_G,C_beta_G,380,representative,log10_EFAC,0.05,-0.00016899746438973906,-0.9068144055297633,0.11718559447023663,descriptive_secondary
C_full_G,C_beta_G,380,representative,log10_EFAC,0.5,0.0004098718280937108,-0.6809105216242548,0.3280894783757452,descriptive_secondary
C_full_G,C_beta_G,380,representative,log10_EFAC,0.9,-0.0003758857737198307,-0.561892738507787,0.4471072614922131,descriptive_secondary
C_full_G,C_beta_G,380,representative,log10_EFAC,0.95,0.0009063382959498267,-0.5302834702024746,0.4777165297975255,descriptive_secondary
C_full_G,C_beta_G,409,representative,u,0.05,-0.0007838449723468824,-0.9516594147374162,0.06034058526258379,descriptive_secondary
C_full_G,C_beta_G,409,representative,u,0.5,-0.0012654176141130291,-0.4879388957847155,0.5360611042152845,descriptive_secondary
C_full_G,C_beta_G,409,representative,u,0.9,-0.0007812884441470436,-0.10013440592697798,0.915865594073022,descriptive_secondary
C_full_G,C_beta_G,409,representative,u,0.95,-0.00013157277958142366,-0.05013314474512742,0.9618668552548726,inconclusive
C_full_G,C_beta_G,409,representative,log10_Agw,0.05,0.0006109778795035624,-0.9739754476379511,0.034024552362048904,descriptive_secondary
C_full_G,C_beta_G,409,representative,log10_Agw,0.5,0.0020154664092788543,-0.7094596458143483,0.3065403541856517,descriptive_secondary
C_full_G,C_beta_G,409,representative,log10_Agw,0.9,0.0016717981205306431,-0.41024270153483544,0.6057572984651646,descriptive_secondary
C_full_G,C_beta_G,409,representative,log10_Agw,0.95,0.0013198438186569073,-0.34451055046650336,0.6794894495334967,descriptive_secondary
C_full_G,C_beta_G,409,representative,gamma_gw,0.05,-0.00021881337080573854,-0.9649548520340075,0.047045147965992434,descriptive_secondary
C_full_G,C_beta_G,409,representative,gamma_gw,0.5,-0.0012753664561435674,-0.5797513637786941,0.44424863622130595,descriptive_secondary
C_full_G,C_beta_G,409,representative,gamma_gw,0.9,0.0007401282469442494,-0.14240079300391517,0.8775992069960848,descriptive_secondary
C_full_G,C_beta_G,409,representative,gamma_gw,0.95,-0.00038329825667637873,-0.07974734042838194,0.9442526595716181,descriptive_secondary
C_full_G,C_beta_G,409,representative,log10_Ar,0.05,0.00018417249806676472,-0.9640898349876136,0.05191016501238637,descriptive_secondary
C_full_G,C_beta_G,409,representative,log10_Ar,0.5,-0.0006668248772220275,-0.5714233379673215,0.4525766620326785,descriptive_secondary
C_full_G,C_beta_G,409,representative,log10_Ar,0.9,0.0015440098113080891,-0.1951470389523574,0.8248529610476426,descriptive_secondary
C_full_G,C_beta_G,409,representative,log10_Ar,0.95,0.001766876324864386,-0.1348730682545788,0.8811269317454212,descriptive_secondary
C_full_G,C_beta_G,409,representative,log10_EFAC,0.05,7.780908831200861e-05,-0.44611741412071426,0.5598825858792857,descriptive_secondary
C_full_G,C_beta_G,409,representative,log10_EFAC,0.5,0.00019280140075705887,-0.36110838883506835,0.6418916111649317,descriptive_secondary
C_full_G,C_beta_G,409,representative,log10_EFAC,0.9,0.0003424739244627384,-0.2894152837385513,0.7145847162614487,descriptive_secondary
C_full_G,C_beta_G,409,representative,log10_EFAC,0.95,0.00021318827862293332,-0.2688727627202001,0.7391272372797999,descriptive_secondary
C_full_G,C_beta_G,424,stress,u,0.05,-0.0022635221976001485,-0.9161328283720735,0.10786717162792644,descriptive_secondary
C_full_G,C_beta_G,424,stress,u,0.5,-0.00034867592765197575,-0.370303311683002,0.669696688316998,descriptive_secondary
C_full_G,C_beta_G,424,stress,u,0.9,1.4268349747048603e-05,-0.06881590125001036,0.9431840987499897,descriptive_secondary
C_full_G,C_beta_G,424,stress,u,0.95,7.75265538274228e-05,-0.03754346019744115,0.9724565398025589,inconclusive
C_full_G,C_beta_G,424,stress,log10_Agw,0.05,-0.0005261904954664276,-0.34182823476097257,0.6981717652390275,descriptive_secondary
C_full_G,C_beta_G,424,stress,log10_Agw,0.5,-0.0008034802682200803,-0.15020973167257323,0.8577902683274268,descriptive_secondary
C_full_G,C_beta_G,424,stress,log10_Agw,0.9,0.0006209223263913266,-0.033218120516581906,0.9727818794834181,descriptive_secondary
C_full_G,C_beta_G,424,stress,log10_Agw,0.95,-7.903109803097941e-05,-0.01773470347336037,0.9862652965266396,descriptive_secondary
C_full_G,C_beta_G,424,stress,gamma_gw,0.05,-0.0027664992678927414,-0.8075420822768381,0.22445791772316193,descriptive_secondary
C_full_G,C_beta_G,424,stress,gamma_gw,0.5,0.0015354815364598817,-0.3690859756608337,0.6549140243391663,descriptive_secondary
C_full_G,C_beta_G,424,stress,gamma_gw,0.9,0.0022900474747868937,-0.07981139147062777,0.9361886085293722,descriptive_secondary
C_full_G,C_beta_G,424,stress,gamma_gw,0.95,0.001705559968439907,-0.03966454290645238,0.9723354570935476,descriptive_secondary
C_full_G,C_beta_G,424,stress,log10_Ar,0.05,-0.00033839248885773887,-0.9588175293649775,0.05718247063502248,descriptive_secondary
C_full_G,C_beta_G,424,stress,log10_Ar,0.5,-0.0011400694336191064,-0.5105627929284725,0.5134372070715275,descriptive_secondary
C_full_G,C_beta_G,424,stress,log10_Ar,0.9,-0.0008549607342767107,-0.10645706011966682,0.9175429398803332,descriptive_secondary
C_full_G,C_beta_G,424,stress,log10_Ar,0.95,-0.0007301506713999206,-0.05739203192524145,0.9586079680747586,descriptive_secondary
C_full_G,C_beta_G,424,stress,log10_EFAC,0.05,0.0017592578725373759,-0.9542699490449841,0.06173005095501592,descriptive_secondary
C_full_G,C_beta_G,424,stress,log10_EFAC,0.5,-0.0010285742671419795,-0.6187456371554755,0.41325436284452455,descriptive_secondary
C_full_G,C_beta_G,424,stress,log10_EFAC,0.9,0.0028571468305611525,-0.2506926606311285,0.7813073393688715,descriptive_secondary
C_full_G,C_beta_G,424,stress,log10_EFAC,0.95,0.0008035160043631251,-0.1523094977775864,0.8876905022224136,descriptive_secondary
C_full_G,C_beta_G,446,representative,u,0.05,-0.0006416333286848597,-0.9525968383890195,0.05940316161098045,descriptive_secondary
C_full_G,C_beta_G,446,representative,u,0.5,-0.00132344248371552,-0.4944237098319313,0.5295762901680687,descriptive_secondary
C_full_G,C_beta_G,446,representative,u,0.9,0.00014635775027749265,-0.1008110702945284,0.9111889297054716,descriptive_secondary
C_full_G,C_beta_G,446,representative,u,0.95,0.0002892657886790495,-0.05294938094169688,0.9590506190583031,inconclusive
C_full_G,C_beta_G,446,representative,log10_Agw,0.05,-0.0007961248253232009,-0.9693810626052781,0.0386189373947219,descriptive_secondary
C_full_G,C_beta_G,446,representative,log10_Agw,0.5,-0.0006317808953519854,-0.6637009807234664,0.36029901927653357,descriptive_secondary
C_full_G,C_beta_G,446,representative,log10_Agw,0.9,-0.0005622894071064533,-0.3414567621485979,0.6825432378514021,descriptive_secondary
C_full_G,C_beta_G,446,representative,log10_Agw,0.95,0.0010186975789980846,-0.2740507493119655,0.7579492506880345,descriptive_secondary
C_full_G,C_beta_G,446,representative,gamma_gw,0.05,0.0007856614943876489,-0.9641008172648203,0.047899182735179645,descriptive_secondary
C_full_G,C_beta_G,446,representative,gamma_gw,0.5,0.0002171170581130033,-0.5736544418500731,0.450345558149927,descriptive_secondary
C_full_G,C_beta_G,446,representative,gamma_gw,0.9,0.0007981516190355142,-0.14152793675097064,0.8824720632490294,descriptive_secondary
C_full_G,C_beta_G,446,representative,gamma_gw,0.95,-0.0006279481234520157,-0.07255175951101156,0.9434482404889885,descriptive_secondary
C_full_G,C_beta_G,446,representative,log10_Ar,0.05,-0.00041796533624451765,-0.9555485771911856,0.05445142280881446,descriptive_secondary
C_full_G,C_beta_G,446,representative,log10_Ar,0.5,-0.0017885424510915016,-0.5283545808590969,0.5116454191409031,descriptive_secondary
C_full_G,C_beta_G,446,representative,log10_Ar,0.9,0.0006576451427120489,-0.11661109812713033,0.8993889018728697,descriptive_secondary
C_full_G,C_beta_G,446,representative,log10_Ar,0.95,0.0007334946937216369,-0.06903728434267775,0.9469627156573223,descriptive_secondary
C_full_G,C_beta_G,446,representative,log10_EFAC,0.05,-0.0006957014815117679,-0.34904927129842134,0.6629507287015787,descriptive_secondary
C_full_G,C_beta_G,446,representative,log10_EFAC,0.5,-1.800760142312008e-05,-0.24957180582285254,0.7544281941771475,descriptive_secondary
C_full_G,C_beta_G,446,representative,log10_EFAC,0.9,0.00042439834568841484,-0.17701567908012394,0.8289843209198761,descriptive_secondary
C_full_G,C_beta_G,446,representative,log10_EFAC,0.95,0.0002956592997450658,-0.15421176429742223,0.8517882357025778,descriptive_secondary
C_full_G,C_beta_G,453,stress,u,0.05,0.001539406012379188,-0.9401695015436133,0.09183049845638666,descriptive_secondary
C_full_G,C_beta_G,453,stress,u,0.5,0.0017487813009656739,-0.4378039006587199,0.5861960993412801,descriptive_secondary
C_full_G,C_beta_G,453,stress,u,0.9,0.0008404735359486271,-0.0932571226927914,0.9227428773072086,descriptive_secondary
C_full_G,C_beta_G,453,stress,u,0.95,0.0008282245945295807,-0.051066075588641735,0.9649339244113583,inconclusive
C_full_G,C_beta_G,453,stress,log10_Agw,0.05,0.000997629716737336,-0.3774920176337855,0.6385079823662145,descriptive_secondary
C_full_G,C_beta_G,453,stress,log10_Agw,0.5,0.0006812213816191903,-0.17932868618488962,0.8326713138151104,descriptive_secondary
C_full_G,C_beta_G,453,stress,log10_Agw,0.9,-0.0006849850175001393,-0.05007851844883049,0.9559214815511695,descriptive_secondary
C_full_G,C_beta_G,453,stress,log10_Agw,0.95,-5.0344194528983977e-05,-0.03055481880341826,0.9754451811965817,descriptive_secondary
C_full_G,C_beta_G,453,stress,gamma_gw,0.05,-0.00014320414337080228,-0.9540211094826994,0.05797889051730058,descriptive_secondary
C_full_G,C_beta_G,453,stress,gamma_gw,0.5,-0.0008881351880174471,-0.5676083065092603,0.45639169349073977,descriptive_secondary
C_full_G,C_beta_G,453,stress,gamma_gw,0.9,-0.001287284616729445,-0.15726903068048814,0.9067309693195119,descriptive_secondary
C_full_G,C_beta_G,453,stress,gamma_gw,0.95,-0.00036860703106178505,-0.09585099363890914,0.9681490063610909,descriptive_secondary
C_full_G,C_beta_G,453,stress,log10_Ar,0.05,-0.000625973502376441,-0.9629717059070645,0.05302829409293549,descriptive_secondary
C_full_G,C_beta_G,453,stress,log10_Ar,0.5,-0.0023971179589654112,-0.5508550669352248,0.4731449330647752,descriptive_secondary
C_full_G,C_beta_G,453,stress,log10_Ar,0.9,0.0008347206663729123,-0.16332881738960725,0.8606711826103928,descriptive_secondary
C_full_G,C_beta_G,453,stress,log10_Ar,0.95,0.0007915020302089459,-0.10488796106289078,0.9111120389371092,descriptive_secondary
C_full_G,C_beta_G,453,stress,log10_EFAC,0.05,-0.0002124456654478725,-0.9783835348415902,0.029616465158409787,descriptive_secondary
C_full_G,C_beta_G,453,stress,log10_EFAC,0.5,0.00018074443641946658,-0.812518450779407,0.19948154922059305,descriptive_secondary
C_full_G,C_beta_G,453,stress,log10_EFAC,0.9,-0.0002524610464982313,-0.64865753196876,0.3673424680312401,descriptive_secondary
C_full_G,C_beta_G,453,stress,log10_EFAC,0.95,-0.0005287889965208126,-0.599802505447689,0.41619749455231103,descriptive_secondary
C_full_G,C_beta_G,458,stress,u,0.05,-0.0012117335528548656,-0.9420976249921139,0.08190237500788614,descriptive_secondary
C_full_G,C_beta_G,458,stress,u,0.5,-0.006765734788126698,-0.44530219764308043,0.5866978023569196,descriptive_secondary
C_full_G,C_beta_G,458,stress,u,0.9,-0.00015974692300058102,-0.08592817586502288,0.9300718241349771,descriptive_secondary
C_full_G,C_beta_G,458,stress,u,0.95,-0.00027486476081595157,-0.04376694286482585,0.9682330571351742,inconclusive
C_full_G,C_beta_G,458,stress,log10_Agw,0.05,-0.0015652441985313792,-0.8954652677964541,0.13653473220354595,descriptive_secondary
C_full_G,C_beta_G,458,stress,log10_Agw,0.5,-0.0018416266756436928,-0.30482466872902925,0.7071753312709708,descriptive_secondary
C_full_G,C_beta_G,458,stress,log10_Agw,0.9,-0.001732517598877048,-0.10726113574754159,0.9087388642524584,descriptive_secondary
C_full_G,C_beta_G,458,stress,log10_Agw,0.95,-0.0009986955540400855,-0.06938422922758236,0.9426157707724176,descriptive_secondary
C_full_G,C_beta_G,458,stress,gamma_gw,0.05,0.0013289116174597798,-0.9522271226259412,0.06377287737405882,descriptive_secondary
C_full_G,C_beta_G,458,stress,gamma_gw,0.5,-0.0006770259892779906,-0.5097057249437221,0.5142942750562779,descriptive_secondary
C_full_G,C_beta_G,458,stress,gamma_gw,0.9,0.0001665624831782564,-0.1182340764043186,0.9057659235956814,descriptive_secondary
C_full_G,C_beta_G,458,stress,gamma_gw,0.95,-0.0007442614668417002,-0.06541213394934597,0.958587866050654,descriptive_secondary
C_full_G,C_beta_G,458,stress,log10_Ar,0.05,-0.000245398163744491,-0.9586929518911675,0.05730704810883249,descriptive_secondary
C_full_G,C_beta_G,458,stress,log10_Ar,0.5,0.00118461431450545,-0.5060687081440262,0.5179312918559739,descriptive_secondary
C_full_G,C_beta_G,458,stress,log10_Ar,0.9,0.0007722765443777257,-0.1050646155504198,0.9109353844495802,descriptive_secondary
C_full_G,C_beta_G,458,stress,log10_Ar,0.95,-0.0001865018206421709,-0.05323796599569519,0.9587620340043048,descriptive_secondary
C_full_G,C_beta_G,458,stress,log10_EFAC,0.05,0.0008780024048448687,-0.7969086228729768,0.24309137712702317,descriptive_secondary
C_full_G,C_beta_G,458,stress,log10_EFAC,0.5,0.00042477435614018955,-0.4328139791299921,0.5791860208700079,descriptive_secondary
C_full_G,C_beta_G,458,stress,log10_EFAC,0.9,0.00018562572098679286,-0.26265968337954293,0.7453403166204571,descriptive_secondary
C_full_G,C_beta_G,458,stress,log10_EFAC,0.95,-6.749842510478388e-06,-0.23186636999683996,0.77613363000316,descriptive_secondary
C_full_G,C_beta_G,461,representative,u,0.05,0.0004922545736848437,-1.0,1.0,descriptive_secondary
C_full_G,C_beta_G,461,representative,u,0.5,-0.0020309329004762344,-1.0,1.0,descriptive_secondary
C_full_G,C_beta_G,461,representative,u,0.9,-0.0001529043182485479,-1.0,1.0,descriptive_secondary
C_full_G,C_beta_G,461,representative,u,0.95,0.0013903287598345804,-1.0,1.0,inconclusive
C_full_G,C_beta_G,461,representative,log10_Agw,0.05,-0.00022494270817952078,-1.0,1.0,descriptive_secondary
C_full_G,C_beta_G,461,representative,log10_Agw,0.5,-0.00031955603668465393,-1.0,1.0,descriptive_secondary
C_full_G,C_beta_G,461,representative,log10_Agw,0.9,-0.00028307977291242015,-1.0,1.0,descriptive_secondary
C_full_G,C_beta_G,461,representative,log10_Agw,0.95,-0.0002599124541845521,-1.0,1.0,descriptive_secondary
C_full_G,C_beta_G,461,representative,gamma_gw,0.05,0.001957394655444339,-1.0,1.0,descriptive_secondary
C_full_G,C_beta_G,461,representative,gamma_gw,0.5,0.002886514138095486,-1.0,1.0,descriptive_secondary
C_full_G,C_beta_G,461,representative,gamma_gw,0.9,0.0014298157009906554,-1.0,1.0,descriptive_secondary
C_full_G,C_beta_G,461,representative,gamma_gw,0.95,0.0010779774756562999,-1.0,1.0,descriptive_secondary
C_full_G,C_beta_G,461,representative,log10_Ar,0.05,0.0003749078552049076,-1.0,1.0,descriptive_secondary
C_full_G,C_beta_G,461,representative,log10_Ar,0.5,-0.003215073017972303,-1.0,1.0,descriptive_secondary
C_full_G,C_beta_G,461,representative,log10_Ar,0.9,-0.0012182022729483322,-1.0,1.0,descriptive_secondary
C_full_G,C_beta_G,461,representative,log10_Ar,0.95,-0.0005214894448449803,-1.0,1.0,descriptive_secondary
C_full_G,C_beta_G,461,representative,log10_EFAC,0.05,-0.0028181561990497928,-1.0,1.0,descriptive_secondary
C_full_G,C_beta_G,461,representative,log10_EFAC,0.5,-0.001494361057473248,-1.0,1.0,descriptive_secondary
C_full_G,C_beta_G,461,representative,log10_EFAC,0.9,-0.0008212849813636902,-1.0,1.0,descriptive_secondary
C_full_G,C_beta_G,461,representative,log10_EFAC,0.95,-0.00032574966681775397,-1.0,1.0,descriptive_secondary
C_full_G,C_beta_G,463,representative,u,0.05,-0.002317474016478187,-0.015030812537075756,0.01296918746292424,descriptive_secondary
C_full_G,C_beta_G,463,representative,u,0.5,-0.0028946443863770988,-0.03268887199016901,0.031311128009831046,descriptive_secondary
C_full_G,C_beta_G,463,representative,u,0.9,0.0005471852610562378,-0.020376923723663176,0.015623076276336856,descriptive_secondary
C_full_G,C_beta_G,463,representative,u,0.95,0.0005332804265747448,-0.013982023027101054,0.014017976972898971,inconclusive
C_full_G,C_beta_G,463,representative,log10_Agw,0.05,-0.0005089691738398086,-0.014949883582264248,0.011050116417735754,descriptive_secondary
C_full_G,C_beta_G,463,representative,log10_Agw,0.5,0.0003123920057093166,-0.021873046917093186,0.014126953082906846,descriptive_secondary
C_full_G,C_beta_G,463,representative,log10_Agw,0.9,-0.0005018413581221459,-0.02032878069801325,0.015671219301986783,descriptive_secondary
C_full_G,C_beta_G,463,representative,log10_Agw,0.95,-0.00011811608909872984,-0.02911827914880949,0.02688172085119056,descriptive_secondary
C_full_G,C_beta_G,463,representative,gamma_gw,0.05,-0.0002461933195103405,-0.014755022483092371,0.00924497751690763,descriptive_secondary
C_full_G,C_beta_G,463,representative,gamma_gw,0.5,-0.0012199377618410945,-0.023055170872013253,0.02494482912798679,descriptive_secondary
C_full_G,C_beta_G,463,representative,gamma_gw,0.9,0.00039235476002041914,-0.01484681289340195,0.017153187106598078,descriptive_secondary
C_full_G,C_beta_G,463,representative,gamma_gw,0.95,-3.0062951524967296e-05,-0.021516395898199425,0.014483604101800607,descriptive_secondary
C_full_G,C_beta_G,463,representative,log10_Ar,0.05,-0.0002819325731249281,-0.00975346787048055,0.014246532129519457,descriptive_secondary
C_full_G,C_beta_G,463,representative,log10_Ar,0.5,0.0012270627694408454,-0.023082095205263498,0.024917904794736545,descriptive_secondary
C_full_G,C_beta_G,463,representative,log10_Ar,0.9,0.0009526093263033664,-0.014142180244843372,0.017857819755156656,descriptive_secondary
C_full_G,C_beta_G,463,representative,log10_Ar,0.95,0.0004900864785060133,-0.016799397833729413,0.015200602166270616,descriptive_secondary
C_full_G,C_beta_G,463,representative,log10_EFAC,0.05,-0.0004498359406398533,-0.007912732594922534,0.006087267405077479,descriptive_secondary
C_full_G,C_beta_G,463,representative,log10_EFAC,0.5,0.00017765807831382485,-0.003494038082412776,0.0035059619175872303,descriptive_secondary
C_full_G,C_beta_G,463,representative,log10_EFAC,0.9,-3.4218561747567655e-05,-0.002699143352184241,0.0023008566478157633,descriptive_secondary
C_full_G,C_beta_G,463,representative,log10_EFAC,0.95,-4.7688335620854616e-05,-0.0019824922838067582,0.0020175077161932453,descriptive_secondary
C_full_G,C_beta_G,479,representative,u,0.05,-0.00045045538671135976,-0.9557473818642431,0.06825261813575687,descriptive_secondary
C_full_G,C_beta_G,479,representative,u,0.5,0.0008473807271137668,-0.4803981360191061,0.5436018639808939,descriptive_secondary
C_full_G,C_beta_G,479,representative,u,0.9,0.0027125286345270894,-0.10101091013430652,0.9149890898656935,descriptive_secondary
C_full_G,C_beta_G,479,representative,u,0.95,0.001050210597615231,-0.05444439296047299,0.961555607039527,inconclusive
C_full_G,C_beta_G,479,representative,log10_Agw,0.05,0.0006290924129623843,-0.3959340632145929,0.6200659367854071,descriptive_secondary
C_full_G,C_beta_G,479,representative,log10_Agw,0.5,0.0016176536720813317,-0.20240318700844584,0.8095968129915542,descriptive_secondary
C_full_G,C_beta_G,479,representative,log10_Agw,0.9,0.0006246567569169192,-0.06209738465553705,0.949902615344463,descriptive_secondary
C_full_G,C_beta_G,479,representative,log10_Agw,0.95,-1.80902873206934e-05,-0.04045481377922955,0.9715451862207705,descriptive_secondary
C_full_G,C_beta_G,479,representative,gamma_gw,0.05,-0.0009755269156985769,-0.941371909722021,0.07462809027797901,descriptive_secondary
C_full_G,C_beta_G,479,representative,gamma_gw,0.5,-0.004288831700513973,-0.5066050189529909,0.5253949810470091,descriptive_secondary
C_full_G,C_beta_G,479,representative,gamma_gw,0.9,0.00045352949979104995,-0.1061106639398458,0.9138893360601542,descriptive_secondary
C_full_G,C_beta_G,479,representative,gamma_gw,0.95,0.0008231312991427986,-0.056111044160680246,0.9638889558393198,descriptive_secondary
C_full_G,C_beta_G,479,representative,log10_Ar,0.05,-0.0011642393145688476,-0.9583246368234876,0.0576753631765124,descriptive_secondary
C_full_G,C_beta_G,479,representative,log10_Ar,0.5,0.0022823174155115478,-0.511708879289162,0.512291120710838,descriptive_secondary
C_full_G,C_beta_G,479,representative,log10_Ar,0.9,-0.0010422757049530773,-0.1252710781158206,0.8987289218841794,descriptive_secondary
C_full_G,C_beta_G,479,representative,log10_Ar,0.95,-0.0011458974849298809,-0.07043378377336085,0.9455662162266392,descriptive_secondary
C_full_G,C_beta_G,479,representative,log10_EFAC,0.05,-0.0008781948852472771,-0.9675981508348513,0.04840184916514861,descriptive_secondary
C_full_G,C_beta_G,479,representative,log10_EFAC,0.5,-2.0346009321159375e-05,-0.7446158213992533,0.27138417860074676,descriptive_secondary
C_full_G,C_beta_G,479,representative,log10_EFAC,0.9,0.00015149374493128587,-0.5440895841291609,0.4799104158708391,descriptive_secondary
C_full_G,C_beta_G,479,representative,log10_EFAC,0.95,0.0006484650855906882,-0.48708450015126303,0.544915499848737,descriptive_secondary
C_full_G,C_beta_G,489,representative,u,0.05,0.0005043038989232737,-0.9572436127023067,0.06675638729769331,descriptive_secondary
C_full_G,C_beta_G,489,representative,u,0.5,0.0022390768306813635,-0.5072506610929381,0.5247493389070619,descriptive_secondary
C_full_G,C_beta_G,489,representative,u,0.9,0.00012011903990760686,-0.11362481729980167,0.9103751827001983,descriptive_secondary
C_full_G,C_beta_G,489,representative,u,0.95,-0.000292897134281489,-0.06293589473728411,0.9610641052627159,inconclusive
C_full_G,C_beta_G,489,representative,log10_Agw,0.05,0.0004996351484549688,-0.335226551882707,0.680773448117293,descriptive_secondary
C_full_G,C_beta_G,489,representative,log10_Agw,0.5,0.0002198858714121954,-0.1622279326112369,0.8457720673887631,descriptive_secondary
C_full_G,C_beta_G,489,representative,log10_Agw,0.9,-0.0007568456483344477,-0.03747910143217992,0.9705208985678201,descriptive_secondary
C_full_G,C_beta_G,489,representative,log10_Agw,0.95,-0.0005735416822041373,-0.021673581143799803,0.9863264188562002,descriptive_secondary
C_full_G,C_beta_G,489,representative,gamma_gw,0.05,0.00010930131308538316,-0.9000588946094326,0.12394110539056744,descriptive_secondary
C_full_G,C_beta_G,489,representative,gamma_gw,0.5,0.0014862746785300196,-0.46328152961701663,0.5607184703829834,descriptive_secondary
C_full_G,C_beta_G,489,representative,gamma_gw,0.9,-0.0017682625583745892,-0.10274545523980361,0.9212545447601964,descriptive_secondary
C_full_G,C_beta_G,489,representative,gamma_gw,0.95,-0.0011734252352084695,-0.05555558332315136,0.9684444166768487,descriptive_secondary
C_full_G,C_beta_G,489,representative,log10_Ar,0.05,0.0002862293481711159,-0.9613779056840278,0.05462209431597224,descriptive_secondary
C_full_G,C_beta_G,489,representative,log10_Ar,0.5,-0.000428174448453722,-0.5468755483562551,0.477124451643745,descriptive_secondary
C_full_G,C_beta_G,489,representative,log10_Ar,0.9,0.001443546022678266,-0.162202977186103,0.861797022813897,descriptive_secondary
C_full_G,C_beta_G,489,representative,log10_Ar,0.95,0.0019816280759070715,-0.09459079068940401,0.921409209310596,descriptive_secondary
C_full_G,C_beta_G,489,representative,log10_EFAC,0.05,-0.00016281819579914286,-0.9896479049825015,0.0153520950174984,descriptive_secondary
C_full_G,C_beta_G,489,representative,log10_EFAC,0.5,-0.0008020785316420198,-0.8721295893511165,0.13587041064888344,descriptive_secondary
C_full_G,C_beta_G,489,representative,log10_EFAC,0.9,0.0021202189037276,-0.6888967984218417,0.3431032015781584,descriptive_secondary
C_full_G,C_beta_G,489,representative,log10_EFAC,0.95,0.0020657946238943903,-0.6277450226653043,0.4042549773346958,descriptive_secondary
